-9.00 -9.00 0 0
-8.90 -9.00 0 0
-8.80 -9.00 0 0
-8.70 -9.00 0 0
-8.60 -9.00 0 0
-8.50 -9.00 0 0
-8.40 -9.00 0 0
-8.30 -9.00 0 0
-8.20 -9.00 0 0
-8.10 -9.00 0 0
-8.00 -9.00 0 0
-7.90 -9.00 0 0
-7.80 -9.00 0 0
-7.70 -9.00 0 0
-7.60 -9.00 0 0
-7.50 -9.00 0 0
-7.40 -9.00 0 0
-7.30 -9.00 0 0
-7.20 -9.00 0 0
-7.10 -9.00 0 0
-7.00 -9.00 0 0
-6.90 -9.00 0 0
-6.80 -9.00 0 0
-6.70 -9.00 0 0
-6.60 -9.00 0 0
-6.50 -9.00 0 0
-6.40 -9.00 0 0
-6.30 -9.00 0 0
-6.20 -9.00 0 0
-6.10 -9.00 0 0
-6.00 -9.00 0 0
-5.90 -9.00 0 0
-5.80 -9.00 0 0
-5.70 -9.00 0 0
-5.60 -9.00 0 0
-5.50 -9.00 0 0
-5.40 -9.00 0 0
-5.30 -9.00 0 0
-5.20 -9.00 0 0
-5.10 -9.00 0 0
-5.00 -9.00 0 0
-4.90 -9.00 3 150
-4.80 -9.00 5 149
-4.70 -9.00 6 148
-4.60 -9.00 8 147
-4.50 -9.00 12 145
-4.40 -9.00 14 145
-4.30 -9.00 17 143
-4.20 -9.00 19 142
-4.10 -9.00 22 141
-4.00 -9.00 25 140
-3.90 -9.00 28 139
-3.80 -9.00 30 138
-3.70 -9.00 33 137
-3.60 -9.00 36 136
-3.50 -9.00 38 135
-3.40 -9.00 41 134
-3.30 -9.00 43 133
-3.20 -9.00 46 132
-3.10 -9.00 48 130
-3.00 -9.00 52 129
-2.90 -9.00 54 128
-2.80 -9.00 57 127
-2.70 -9.00 59 126
-2.60 -9.00 62 124
-2.50 -9.00 64 124
-2.40 -9.00 67 122
-2.30 -9.00 70 121
-2.20 -9.00 72 120
-2.10 -9.00 75 119
-2.00 -9.00 77 118
-1.90 -9.00 80 117
-1.80 -9.00 82 116
-1.70 -9.00 85 115
-1.60 -9.00 88 114
-1.50 -9.00 89 113
-1.40 -9.00 92 112
-1.30 -9.00 94 110
-1.20 -9.00 97 109
-1.10 -9.00 99 108
-1.00 -9.00 102 107
-0.90 -9.00 104 106
-0.80 -9.00 107 105
-0.70 -9.00 109 105
-0.60 -9.00 111 103
-0.50 -9.00 113 102
-0.40 -9.00 116 101
-0.30 -9.00 118 100
-0.20 -9.00 121 100
-0.10 -9.00 124 98
-0.00 -9.00 127 97
0.10 -9.00 129 96
0.20 -9.00 131 96
0.30 -9.00 133 95
0.40 -9.00 135 94
0.50 -9.00 138 93
0.60 -9.00 141 92
0.70 -9.00 144 90
0.80 -9.00 146 90
0.90 -9.00 148 89
1.00 -9.00 151 88
1.10 -9.00 153 87
1.20 -9.00 156 86
1.30 -9.00 158 85
1.40 -9.00 160 84
1.50 -9.00 163 83
1.60 -9.00 165 82
1.70 -9.00 168 81
1.80 -9.00 170 80
1.90 -9.00 173 79
2.00 -9.00 175 78
2.10 -9.00 177 77
2.20 -9.00 181 76
2.30 -9.00 182 75
2.40 -9.00 185 74
2.50 -9.00 187 73
2.60 -9.00 189 72
2.70 -9.00 192 71
2.80 -9.00 194 69
2.90 -9.00 197 69
3.00 -9.00 199 67
3.10 -9.00 201 66
3.20 -9.00 204 65
3.30 -9.00 206 64
3.40 -9.00 208 63
3.50 -9.00 211 62
3.60 -9.00 213 61
3.70 -9.00 215 60
3.80 -9.00 217 58
3.90 -9.00 220 58
4.00 -9.00 223 57
4.10 -9.00 226 56
4.20 -9.00 228 55
4.30 -9.00 230 54
4.40 -9.00 232 52
4.50 -9.00 234 51
4.60 -9.00 236 51
4.70 -9.00 239 50
4.80 -9.00 241 49
4.90 -9.00 243 48
5.00 -9.00 246 47
5.10 -9.00 248 45
5.20 -9.00 251 45
5.30 -9.00 253 43
5.40 -9.00 255 43
5.50 -9.00 257 42
5.60 -9.00 260 41
5.70 -9.00 262 40
5.80 -9.00 265 39
5.90 -9.00 267 38
6.00 -9.00 269 37
6.10 -9.00 272 36
6.20 -9.00 274 35
6.30 -9.00 275 34
6.40 -9.00 278 34
6.50 -9.00 280 33
6.60 -9.00 282 32
6.70 -9.00 285 31
6.80 -9.00 287 30
6.90 -9.00 289 29
7.00 -9.00 292 28
7.10 -9.00 294 27
7.20 -9.00 296 27
7.30 -9.00 298 26
7.40 -9.00 300 25
7.50 -9.00 304 24
7.60 -9.00 306 23
7.70 -9.00 308 22
7.80 -9.00 310 21
7.90 -9.00 313 20
8.00 -9.00 314 19
8.10 -9.00 317 18
8.20 -9.00 320 17
8.30 -9.00 322 16
8.40 -9.00 324 14
8.50 -9.00 326 14
8.60 -9.00 328 13
8.70 -9.00 331 12
8.80 -9.00 333 11
8.90 -9.00 335 10
9.00 -9.00 338 9
9.10 -9.00 340 8
-9.00 -8.90 0 0
-8.90 -8.90 0 0
-8.80 -8.90 0 0
-8.70 -8.90 0 0
-8.60 -8.90 0 0
-8.50 -8.90 0 0
-8.40 -8.90 0 0
-8.30 -8.90 0 0
-8.20 -8.90 0 0
-8.10 -8.90 0 0
-8.00 -8.90 0 0
-7.90 -8.90 0 0
-7.80 -8.90 0 0
-7.70 -8.90 0 0
-7.60 -8.90 0 0
-7.50 -8.90 0 0
-7.40 -8.90 0 0
-7.30 -8.90 0 0
-7.20 -8.90 0 0
-7.10 -8.90 0 0
-7.00 -8.90 0 0
-6.90 -8.90 0 0
-6.80 -8.90 0 0
-6.70 -8.90 0 0
-6.60 -8.90 0 0
-6.50 -8.90 0 0
-6.40 -8.90 0 0
-6.30 -8.90 0 0
-6.20 -8.90 0 0
-6.10 -8.90 0 0
-6.00 -8.90 0 0
-5.90 -8.90 0 0
-5.80 -8.90 0 0
-5.70 -8.90 0 0
-5.60 -8.90 0 0
-5.50 -8.90 0 0
-5.40 -8.90 0 0
-5.30 -8.90 0 0
-5.20 -8.90 0 0
-5.10 -8.90 0 0
-5.00 -8.90 0 0
-4.90 -8.90 4 151
-4.80 -8.90 6 150
-4.70 -8.90 7 149
-4.60 -8.90 10 148
-4.50 -8.90 13 146
-4.40 -8.90 16 145
-4.30 -8.90 18 144
-4.20 -8.90 20 143
-4.10 -8.90 24 142
-4.00 -8.90 27 141
-3.90 -8.90 29 140
-3.80 -8.90 32 139
-3.70 -8.90 34 138
-3.60 -8.90 37 137
-3.50 -8.90 40 136
-3.40 -8.90 43 135
-3.30 -8.90 45 134
-3.20 -8.90 48 133
-3.10 -8.90 51 132
-3.00 -8.90 53 131
-2.90 -8.90 56 129
-2.80 -8.90 58 128
-2.70 -8.90 61 127
-2.60 -8.90 64 126
-2.50 -8.90 67 125
-2.40 -8.90 69 123
-2.30 -8.90 72 122
-2.20 -8.90 74 121
-2.10 -8.90 76 120
-2.00 -8.90 78 119
-1.90 -8.90 81 118
-1.80 -8.90 83 116
-1.70 -8.90 86 116
-1.60 -8.90 89 114
-1.50 -8.90 91 114
-1.40 -8.90 92 113
-1.30 -8.90 94 112
-1.20 -8.90 97 110
-1.10 -8.90 100 109
-1.00 -8.90 103 107
-0.90 -8.90 105 107
-0.80 -8.90 107 106
-0.70 -8.90 110 105
-0.60 -8.90 112 104
-0.50 -8.90 114 103
-0.40 -8.90 116 102
-0.30 -8.90 119 101
-0.20 -8.90 122 100
-0.10 -8.90 125 99
-0.00 -8.90 128 98
0.10 -8.90 129 97
0.20 -8.90 132 97
0.30 -8.90 134 96
0.40 -8.90 136 95
0.50 -8.90 139 94
0.60 -8.90 142 92
0.70 -8.90 144 91
0.80 -8.90 147 90
0.90 -8.90 149 90
1.00 -8.90 152 89
1.10 -8.90 154 87
1.20 -8.90 156 87
1.30 -8.90 159 86
1.40 -8.90 161 85
1.50 -8.90 164 84
1.60 -8.90 167 83
1.70 -8.90 168 82
1.80 -8.90 171 81
1.90 -8.90 173 80
2.00 -8.90 177 79
2.10 -8.90 179 78
2.20 -8.90 181 77
2.30 -8.90 184 76
2.40 -8.90 186 75
2.50 -8.90 188 75
2.60 -8.90 191 73
2.70 -8.90 193 72
2.80 -8.90 195 71
2.90 -8.90 198 70
3.00 -8.90 200 68
3.10 -8.90 202 68
3.20 -8.90 206 66
3.30 -8.90 208 65
3.40 -8.90 210 64
3.50 -8.90 212 63
3.60 -8.90 214 63
3.70 -8.90 217 61
3.80 -8.90 220 60
3.90 -8.90 222 59
4.00 -8.90 224 58
4.10 -8.90 226 57
4.20 -8.90 229 56
4.30 -8.90 231 55
4.40 -8.90 233 54
4.50 -8.90 235 53
4.60 -8.90 238 52
4.70 -8.90 241 51
4.80 -8.90 243 50
4.90 -8.90 245 49
5.00 -8.90 248 48
5.10 -8.90 250 47
5.20 -8.90 252 46
5.30 -8.90 255 45
5.40 -8.90 257 44
5.50 -8.90 259 43
5.60 -8.90 261 42
5.70 -8.90 264 41
5.80 -8.90 266 40
5.90 -8.90 267 39
6.00 -8.90 270 38
6.10 -8.90 272 37
6.20 -8.90 275 37
6.30 -8.90 277 35
6.40 -8.90 280 34
6.50 -8.90 282 34
6.60 -8.90 284 33
6.70 -8.90 286 32
6.80 -8.90 289 31
6.90 -8.90 291 30
7.00 -8.90 293 29
7.10 -8.90 296 29
7.20 -8.90 297 27
7.30 -8.90 300 26
7.40 -8.90 302 26
7.50 -8.90 305 25
7.60 -8.90 307 24
7.70 -8.90 309 23
7.80 -8.90 312 22
7.90 -8.90 314 21
8.00 -8.90 317 19
8.10 -8.90 319 19
8.20 -8.90 321 18
8.30 -8.90 323 17
8.40 -8.90 325 16
8.50 -8.90 328 15
8.60 -8.90 330 14
8.70 -8.90 332 13
8.80 -8.90 335 12
8.90 -8.90 337 11
9.00 -8.90 339 11
9.10 -8.90 342 10
-9.00 -8.80 0 0
-8.90 -8.80 0 0
-8.80 -8.80 0 0
-8.70 -8.80 0 0
-8.60 -8.80 0 0
-8.50 -8.80 0 0
-8.40 -8.80 0 0
-8.30 -8.80 0 0
-8.20 -8.80 0 0
-8.10 -8.80 0 0
-8.00 -8.80 0 0
-7.90 -8.80 0 0
-7.80 -8.80 0 0
-7.70 -8.80 0 0
-7.60 -8.80 0 0
-7.50 -8.80 0 0
-7.40 -8.80 0 0
-7.30 -8.80 0 0
-7.20 -8.80 0 0
-7.10 -8.80 0 0
-7.00 -8.80 0 0
-6.90 -8.80 0 0
-6.80 -8.80 0 0
-6.70 -8.80 0 0
-6.60 -8.80 0 0
-6.50 -8.80 0 0
-6.40 -8.80 0 0
-6.30 -8.80 0 0
-6.20 -8.80 0 0
-6.10 -8.80 0 0
-6.00 -8.80 0 0
-5.90 -8.80 0 0
-5.80 -8.80 0 0
-5.70 -8.80 0 0
-5.60 -8.80 0 0
-5.50 -8.80 0 0
-5.40 -8.80 0 0
-5.30 -8.80 0 0
-5.20 -8.80 0 0
-5.10 -8.80 0 0
-5.00 -8.80 4 154
-4.90 -8.80 5 153
-4.80 -8.80 7 151
-4.70 -8.80 9 150
-4.60 -8.80 12 149
-4.50 -8.80 15 147
-4.40 -8.80 17 147
-4.30 -8.80 20 146
-4.20 -8.80 23 144
-4.10 -8.80 26 143
-4.00 -8.80 28 142
-3.90 -8.80 31 141
-3.80 -8.80 34 140
-3.70 -8.80 36 139
-3.60 -8.80 39 138
-3.50 -8.80 42 137
-3.40 -8.80 44 135
-3.30 -8.80 46 135
-3.20 -8.80 49 134
-3.10 -8.80 52 132
-3.00 -8.80 55 132
-2.90 -8.80 57 130
-2.80 -8.80 59 129
-2.70 -8.80 62 128
-2.60 -8.80 65 127
-2.50 -8.80 68 126
-2.40 -8.80 70 124
-2.30 -8.80 73 123
-2.20 -8.80 75 122
-2.10 -8.80 77 122
-2.00 -8.80 79 120
-1.90 -8.80 82 119
-1.80 -8.80 84 118
-1.70 -8.80 86 116
-1.60 -8.80 88 115
-1.50 -8.80 91 115
-1.40 -8.80 92 114
-1.30 -8.80 95 113
-1.20 -8.80 71 171
-1.10 -8.80 0 0
-1.00 -8.80 0 0
-0.90 -8.80 80 168
-0.80 -8.80 0 0
-0.70 -8.80 86 165
-0.60 -8.80 88 164
-0.50 -8.80 90 163
-0.40 -8.80 94 162
-0.30 -8.80 96 160
-0.20 -8.80 99 160
-0.10 -8.80 102 158
-0.00 -8.80 104 157
0.10 -8.80 0 0
0.20 -8.80 0 0
0.30 -8.80 134 97
0.40 -8.80 137 95
0.50 -8.80 139 94
0.60 -8.80 142 93
0.70 -8.80 0 0
0.80 -8.80 0 0
0.90 -8.80 149 90
1.00 -8.80 152 89
1.10 -8.80 155 88
1.20 -8.80 157 87
1.30 -8.80 159 86
1.40 -8.80 162 86
1.50 -8.80 164 84
1.60 -8.80 167 84
1.70 -8.80 169 83
1.80 -8.80 171 82
1.90 -8.80 174 81
2.00 -8.80 177 79
2.10 -8.80 180 78
2.20 -8.80 182 78
2.30 -8.80 185 77
2.40 -8.80 187 76
2.50 -8.80 190 75
2.60 -8.80 192 74
2.70 -8.80 195 73
2.80 -8.80 197 72
2.90 -8.80 200 70
3.00 -8.80 202 70
3.10 -8.80 205 69
3.20 -8.80 207 68
3.30 -8.80 209 67
3.40 -8.80 211 65
3.50 -8.80 214 64
3.60 -8.80 216 63
3.70 -8.80 218 62
3.80 -8.80 221 61
3.90 -8.80 224 60
4.00 -8.80 225 59
4.10 -8.80 228 58
4.20 -8.80 230 57
4.30 -8.80 232 56
4.40 -8.80 235 55
4.50 -8.80 237 54
4.60 -8.80 239 53
4.70 -8.80 241 52
4.80 -8.80 244 51
4.90 -8.80 246 50
5.00 -8.80 248 49
5.10 -8.80 251 48
5.20 -8.80 253 47
5.30 -8.80 256 46
5.40 -8.80 257 45
5.50 -8.80 260 44
5.60 -8.80 263 43
5.70 -8.80 265 42
5.80 -8.80 267 41
5.90 -8.80 269 40
6.00 -8.80 272 39
6.10 -8.80 274 38
6.20 -8.80 276 38
6.30 -8.80 278 37
6.40 -8.80 281 36
6.50 -8.80 284 35
6.60 -8.80 286 34
6.70 -8.80 287 33
6.80 -8.80 290 32
6.90 -8.80 292 32
7.00 -8.80 294 30
7.10 -8.80 297 29
7.20 -8.80 299 29
7.30 -8.80 301 28
7.40 -8.80 304 27
7.50 -8.80 305 26
7.60 -8.80 309 24
7.70 -8.80 311 24
7.80 -8.80 312 23
7.90 -8.80 315 22
8.00 -8.80 318 21
8.10 -8.80 320 20
8.20 -8.80 322 19
8.30 -8.80 324 17
8.40 -8.80 326 17
8.50 -8.80 329 16
8.60 -8.80 331 15
8.70 -8.80 333 14
8.80 -8.80 336 13
8.90 -8.80 338 12
9.00 -8.80 340 11
9.10 -8.80 343 10
-9.00 -8.70 0 0
-8.90 -8.70 0 0
-8.80 -8.70 0 0
-8.70 -8.70 0 0
-8.60 -8.70 0 0
-8.50 -8.70 0 0
-8.40 -8.70 0 0
-8.30 -8.70 0 0
-8.20 -8.70 0 0
-8.10 -8.70 0 0
-8.00 -8.70 0 0
-7.90 -8.70 0 0
-7.80 -8.70 0 0
-7.70 -8.70 0 0
-7.60 -8.70 0 0
-7.50 -8.70 0 0
-7.40 -8.70 0 0
-7.30 -8.70 0 0
-7.20 -8.70 0 0
-7.10 -8.70 0 0
-7.00 -8.70 0 0
-6.90 -8.70 0 0
-6.80 -8.70 0 0
-6.70 -8.70 0 0
-6.60 -8.70 0 0
-6.50 -8.70 0 0
-6.40 -8.70 0 0
-6.30 -8.70 0 0
-6.20 -8.70 0 0
-6.10 -8.70 0 0
-6.00 -8.70 0 0
-5.90 -8.70 0 0
-5.80 -8.70 0 0
-5.70 -8.70 0 0
-5.60 -8.70 0 0
-5.50 -8.70 0 0
-5.40 -8.70 0 0
-5.30 -8.70 0 0
-5.20 -8.70 0 0
-5.10 -8.70 0 0
-5.00 -8.70 4 155
-4.90 -8.70 6 154
-4.80 -8.70 8 152
-4.70 -8.70 10 151
-4.60 -8.70 13 150
-4.50 -8.70 17 149
-4.40 -8.70 19 147
-4.30 -8.70 22 146
-4.20 -8.70 24 145
-4.10 -8.70 27 144
-4.00 -8.70 30 143
-3.90 -8.70 33 142
-3.80 -8.70 36 140
-3.70 -8.70 38 140
-3.60 -8.70 41 139
-3.50 -8.70 43 138
-3.40 -8.70 45 137
-3.30 -8.70 48 136
-3.20 -8.70 51 134
-3.10 -8.70 53 134
-3.00 -8.70 56 132
-2.90 -8.70 58 132
-2.80 -8.70 61 130
-2.70 -8.70 64 129
-2.60 -8.70 66 128
-2.50 -8.70 69 126
-2.40 -8.70 71 126
-2.30 -8.70 73 124
-2.20 -8.70 75 123
-2.10 -8.70 77 122
-2.00 -8.70 79 121
-1.90 -8.70 0 0
-1.80 -8.70 57 180
-1.70 -8.70 61 179
-1.60 -8.70 63 177
-1.50 -8.70 65 176
-1.40 -8.70 68 175
-1.30 -8.70 70 174
-1.20 -8.70 73 172
-1.10 -8.70 76 171
-1.00 -8.70 78 169
-0.90 -8.70 82 168
-0.80 -8.70 84 167
-0.70 -8.70 87 166
-0.60 -8.70 90 165
-0.50 -8.70 91 164
-0.40 -8.70 96 162
-0.30 -8.70 97 162
-0.20 -8.70 100 160
-0.10 -8.70 102 159
-0.00 -8.70 104 158
0.10 -8.70 107 156
0.20 -8.70 0 0
0.30 -8.70 0 0
0.40 -8.70 0 0
0.50 -8.70 0 0
0.60 -8.70 0 0
0.70 -8.70 0 0
0.80 -8.70 0 0
0.90 -8.70 0 0
1.00 -8.70 0 0
1.10 -8.70 0 0
1.20 -8.70 0 0
1.30 -8.70 0 0
1.40 -8.70 0 0
1.50 -8.70 0 0
1.60 -8.70 0 0
1.70 -8.70 0 0
1.80 -8.70 171 83
1.90 -8.70 0 0
2.00 -8.70 0 0
2.10 -8.70 181 78
2.20 -8.70 184 78
2.30 -8.70 186 77
2.40 -8.70 188 77
2.50 -8.70 190 76
2.60 -8.70 193 75
2.70 -8.70 196 74
2.80 -8.70 199 73
2.90 -8.70 201 72
3.00 -8.70 204 71
3.10 -8.70 205 70
3.20 -8.70 208 69
3.30 -8.70 210 68
3.40 -8.70 213 67
3.50 -8.70 215 66
3.60 -8.70 218 65
3.70 -8.70 220 63
3.80 -8.70 222 62
3.90 -8.70 224 61
4.00 -8.70 227 61
4.10 -8.70 229 59
4.20 -8.70 231 59
4.30 -8.70 234 57
4.40 -8.70 236 57
4.50 -8.70 239 56
4.60 -8.70 241 54
4.70 -8.70 243 53
4.80 -8.70 245 52
4.90 -8.70 248 52
5.00 -8.70 250 50
5.10 -8.70 252 49
5.20 -8.70 255 48
5.30 -8.70 257 47
5.40 -8.70 259 46
5.50 -8.70 261 45
5.60 -8.70 264 44
5.70 -8.70 266 43
5.80 -8.70 268 42
5.90 -8.70 271 41
6.00 -8.70 273 40
6.10 -8.70 276 39
6.20 -8.70 278 38
6.30 -8.70 280 38
6.40 -8.70 283 37
6.50 -8.70 285 36
6.60 -8.70 287 35
6.70 -8.70 289 34
6.80 -8.70 292 33
6.90 -8.70 294 32
7.00 -8.70 296 31
7.10 -8.70 298 30
7.20 -8.70 300 30
7.30 -8.70 303 28
7.40 -8.70 305 28
7.50 -8.70 308 27
7.60 -8.70 310 25
7.70 -8.70 313 25
7.80 -8.70 314 24
7.90 -8.70 316 23
8.00 -8.70 319 22
8.10 -8.70 321 21
8.20 -8.70 324 20
8.30 -8.70 326 19
8.40 -8.70 328 17
8.50 -8.70 331 17
8.60 -8.70 332 16
8.70 -8.70 335 15
8.80 -8.70 337 14
8.90 -8.70 340 13
9.00 -8.70 341 12
9.10 -8.70 344 11
-9.00 -8.60 0 0
-8.90 -8.60 0 0
-8.80 -8.60 0 0
-8.70 -8.60 0 0
-8.60 -8.60 0 0
-8.50 -8.60 0 0
-8.40 -8.60 0 0
-8.30 -8.60 0 0
-8.20 -8.60 0 0
-8.10 -8.60 0 0
-8.00 -8.60 0 0
-7.90 -8.60 0 0
-7.80 -8.60 0 0
-7.70 -8.60 0 0
-7.60 -8.60 0 0
-7.50 -8.60 0 0
-7.40 -8.60 0 0
-7.30 -8.60 0 0
-7.20 -8.60 0 0
-7.10 -8.60 0 0
-7.00 -8.60 0 0
-6.90 -8.60 0 0
-6.80 -8.60 0 0
-6.70 -8.60 0 0
-6.60 -8.60 0 0
-6.50 -8.60 0 0
-6.40 -8.60 0 0
-6.30 -8.60 0 0
-6.20 -8.60 0 0
-6.10 -8.60 0 0
-6.00 -8.60 0 0
-5.90 -8.60 0 0
-5.80 -8.60 0 0
-5.70 -8.60 0 0
-5.60 -8.60 0 0
-5.50 -8.60 0 0
-5.40 -8.60 0 0
-5.30 -8.60 0 0
-5.20 -8.60 0 0
-5.10 -8.60 3 157
-5.00 -8.60 5 156
-4.90 -8.60 7 155
-4.80 -8.60 9 154
-4.70 -8.60 12 152
-4.60 -8.60 15 150
-4.50 -8.60 19 149
-4.40 -8.60 21 148
-4.30 -8.60 23 147
-4.20 -8.60 26 146
-4.10 -8.60 28 145
-4.00 -8.60 32 144
-3.90 -8.60 34 142
-3.80 -8.60 37 142
-3.70 -8.60 40 141
-3.60 -8.60 42 140
-3.50 -8.60 45 139
-3.40 -8.60 48 138
-3.30 -8.60 50 137
-3.20 -8.60 53 135
-3.10 -8.60 55 135
-3.00 -8.60 57 133
-2.90 -8.60 60 132
-2.80 -8.60 63 132
-2.70 -8.60 65 130
-2.60 -8.60 67 129
-2.50 -8.60 69 128
-2.40 -8.60 71 127
-2.30 -8.60 74 125
-2.20 -8.60 76 124
-2.10 -8.60 51 185
-2.00 -8.60 54 184
-1.90 -8.60 55 183
-1.80 -8.60 59 181
-1.70 -8.60 60 180
-1.60 -8.60 63 178
-1.50 -8.60 66 177
-1.40 -8.60 69 176
-1.30 -8.60 71 175
-1.20 -8.60 74 174
-1.10 -8.60 77 172
-1.00 -8.60 81 171
-0.90 -8.60 82 170
-0.80 -8.60 85 169
-0.70 -8.60 88 167
-0.60 -8.60 90 166
-0.50 -8.60 93 165
-0.40 -8.60 95 164
-0.30 -8.60 98 163
-0.20 -8.60 101 161
-0.10 -8.60 103 160
-0.00 -8.60 106 158
0.10 -8.60 0 0
0.20 -8.60 0 0
0.30 -8.60 0 0
0.40 -8.60 0 0
0.50 -8.60 0 0
0.60 -8.60 0 0
0.70 -8.60 0 0
0.80 -8.60 0 0
0.90 -8.60 0 0
1.00 -8.60 0 0
1.10 -8.60 0 0
1.20 -8.60 0 0
1.30 -8.60 0 0
1.40 -8.60 0 0
1.50 -8.60 0 0
1.60 -8.60 0 0
1.70 -8.60 0 0
1.80 -8.60 0 0
1.90 -8.60 0 0
2.00 -8.60 0 0
2.10 -8.60 0 0
2.20 -8.60 0 0
2.30 -8.60 0 0
2.40 -8.60 189 77
2.50 -8.60 192 77
2.60 -8.60 194 76
2.70 -8.60 197 75
2.80 -8.60 199 75
2.90 -8.60 202 73
3.00 -8.60 205 72
3.10 -8.60 207 72
3.20 -8.60 209 70
3.30 -8.60 212 69
3.40 -8.60 214 68
3.50 -8.60 216 68
3.60 -8.60 219 66
3.70 -8.60 221 65
3.80 -8.60 224 64
3.90 -8.60 226 63
4.00 -8.60 228 62
4.10 -8.60 230 61
4.20 -8.60 233 60
4.30 -8.60 235 59
4.40 -8.60 238 58
4.50 -8.60 240 57
4.60 -8.60 242 56
4.70 -8.60 244 54
4.80 -8.60 246 53
4.90 -8.60 249 52
5.00 -8.60 251 51
5.10 -8.60 253 50
5.20 -8.60 256 49
5.30 -8.60 259 48
5.40 -8.60 261 47
5.50 -8.60 263 46
5.60 -8.60 266 45
5.70 -8.60 268 44
5.80 -8.60 270 43
5.90 -8.60 272 42
6.00 -8.60 274 41
6.10 -8.60 277 40
6.20 -8.60 279 39
6.30 -8.60 282 38
6.40 -8.60 284 38
6.50 -8.60 287 37
6.60 -8.60 288 36
6.70 -8.60 291 35
6.80 -8.60 293 34
6.90 -8.60 295 33
7.00 -8.60 297 33
7.10 -8.60 300 31
7.20 -8.60 302 30
7.30 -8.60 304 29
7.40 -8.60 306 28
7.50 -8.60 308 28
7.60 -8.60 311 27
7.70 -8.60 314 26
7.80 -8.60 316 25
7.90 -8.60 318 24
8.00 -8.60 320 23
8.10 -8.60 323 22
8.20 -8.60 325 20
8.30 -8.60 327 19
8.40 -8.60 330 19
8.50 -8.60 331 18
8.60 -8.60 334 16
8.70 -8.60 337 16
8.80 -8.60 339 16
8.90 -8.60 341 15
9.00 -8.60 343 13
9.10 -8.60 345 13
-9.00 -8.50 0 0
-8.90 -8.50 0 0
-8.80 -8.50 0 0
-8.70 -8.50 0 0
-8.60 -8.50 0 0
-8.50 -8.50 0 0
-8.40 -8.50 0 0
-8.30 -8.50 0 0
-8.20 -8.50 0 0
-8.10 -8.50 0 0
-8.00 -8.50 0 0
-7.90 -8.50 0 0
-7.80 -8.50 0 0
-7.70 -8.50 0 0
-7.60 -8.50 0 0
-7.50 -8.50 0 0
-7.40 -8.50 0 0
-7.30 -8.50 0 0
-7.20 -8.50 0 0
-7.10 -8.50 0 0
-7.00 -8.50 0 0
-6.90 -8.50 0 0
-6.80 -8.50 0 0
-6.70 -8.50 0 0
-6.60 -8.50 0 0
-6.50 -8.50 0 0
-6.40 -8.50 0 0
-6.30 -8.50 0 0
-6.20 -8.50 0 0
-6.10 -8.50 0 0
-6.00 -8.50 0 0
-5.90 -8.50 0 0
-5.80 -8.50 0 0
-5.70 -8.50 0 0
-5.60 -8.50 0 0
-5.50 -8.50 0 0
-5.40 -8.50 0 0
-5.30 -8.50 0 0
-5.20 -8.50 3 160
-5.10 -8.50 4 159
-5.00 -8.50 6 157
-4.90 -8.50 8 156
-4.80 -8.50 11 154
-4.70 -8.50 14 153
-4.60 -8.50 17 152
-4.50 -8.50 20 150
-4.40 -8.50 22 149
-4.30 -8.50 25 148
-4.20 -8.50 28 147
-4.10 -8.50 31 146
-4.00 -8.50 33 145
-3.90 -8.50 36 144
-3.80 -8.50 38 143
-3.70 -8.50 41 142
-3.60 -8.50 44 141
-3.50 -8.50 46 140
-3.40 -8.50 49 138
-3.30 -8.50 52 138
-3.20 -8.50 54 137
-3.10 -8.50 57 136
-3.00 -8.50 59 135
-2.90 -8.50 62 133
-2.80 -8.50 63 132
-2.70 -8.50 66 131
-2.60 -8.50 68 130
-2.50 -8.50 69 129
-2.40 -8.50 44 191
-2.30 -8.50 46 189
-2.20 -8.50 50 187
-2.10 -8.50 52 186
-2.00 -8.50 55 185
-1.90 -8.50 57 184
-1.80 -8.50 59 183
-1.70 -8.50 62 181
-1.60 -8.50 64 179
-1.50 -8.50 67 178
-1.40 -8.50 70 177
-1.30 -8.50 73 176
-1.20 -8.50 75 174
-1.10 -8.50 79 174
-1.00 -8.50 81 172
-0.90 -8.50 84 171
-0.80 -8.50 87 169
-0.70 -8.50 90 168
-0.60 -8.50 92 167
-0.50 -8.50 94 167
-0.40 -8.50 96 164
-0.30 -8.50 99 163
-0.20 -8.50 102 162
-0.10 -8.50 105 161
-0.00 -8.50 0 0
0.10 -8.50 0 0
0.20 -8.50 0 0
0.30 -8.50 0 0
0.40 -8.50 0 0
0.50 -8.50 0 0
0.60 -8.50 0 0
0.70 -8.50 0 0
0.80 -8.50 0 0
0.90 -8.50 0 0
1.00 -8.50 0 0
1.10 -8.50 0 0
1.20 -8.50 0 0
1.30 -8.50 0 0
1.40 -8.50 0 0
1.50 -8.50 0 0
1.60 -8.50 0 0
1.70 -8.50 0 0
1.80 -8.50 0 0
1.90 -8.50 0 0
2.00 -8.50 0 0
2.10 -8.50 0 0
2.20 -8.50 0 0
2.30 -8.50 0 0
2.40 -8.50 0 0
2.50 -8.50 0 0
2.60 -8.50 194 76
2.70 -8.50 198 76
2.80 -8.50 200 76
2.90 -8.50 203 74
3.00 -8.50 206 74
3.10 -8.50 208 72
3.20 -8.50 211 71
3.30 -8.50 213 71
3.40 -8.50 216 70
3.50 -8.50 218 69
3.60 -8.50 221 68
3.70 -8.50 223 66
3.80 -8.50 225 65
3.90 -8.50 227 64
4.00 -8.50 230 63
4.10 -8.50 232 62
4.20 -8.50 234 61
4.30 -8.50 236 60
4.40 -8.50 238 59
4.50 -8.50 241 58
4.60 -8.50 243 57
4.70 -8.50 246 56
4.80 -8.50 248 54
4.90 -8.50 251 54
5.00 -8.50 252 52
5.10 -8.50 255 52
5.20 -8.50 258 51
5.30 -8.50 259 49
5.40 -8.50 262 49
5.50 -8.50 264 48
5.60 -8.50 267 46
5.70 -8.50 269 45
5.80 -8.50 272 45
5.90 -8.50 274 44
6.00 -8.50 276 43
6.10 -8.50 278 42
6.20 -8.50 280 40
6.30 -8.50 283 40
6.40 -8.50 285 39
6.50 -8.50 288 38
6.60 -8.50 290 37
6.70 -8.50 293 36
6.80 -8.50 294 35
6.90 -8.50 296 34
7.00 -8.50 299 34
7.10 -8.50 302 32
7.20 -8.50 304 31
7.30 -8.50 306 30
7.40 -8.50 308 30
7.50 -8.50 311 29
7.60 -8.50 312 28
7.70 -8.50 314 27
7.80 -8.50 317 26
7.90 -8.50 319 25
8.00 -8.50 322 24
8.10 -8.50 324 23
8.20 -8.50 326 22
8.30 -8.50 329 21
8.40 -8.50 330 19
8.50 -8.50 333 19
8.60 -8.50 336 18
8.70 -8.50 337 17
8.80 -8.50 340 16
8.90 -8.50 343 15
9.00 -8.50 344 15
9.10 -8.50 347 13
-9.00 -8.40 0 0
-8.90 -8.40 0 0
-8.80 -8.40 0 0
-8.70 -8.40 0 0
-8.60 -8.40 0 0
-8.50 -8.40 0 0
-8.40 -8.40 0 0
-8.30 -8.40 0 0
-8.20 -8.40 0 0
-8.10 -8.40 0 0
-8.00 -8.40 0 0
-7.90 -8.40 0 0
-7.80 -8.40 0 0
-7.70 -8.40 0 0
-7.60 -8.40 0 0
-7.50 -8.40 0 0
-7.40 -8.40 0 0
-7.30 -8.40 0 0
-7.20 -8.40 0 0
-7.10 -8.40 0 0
-7.00 -8.40 0 0
-6.90 -8.40 0 0
-6.80 -8.40 0 0
-6.70 -8.40 0 0
-6.60 -8.40 0 0
-6.50 -8.40 0 0
-6.40 -8.40 0 0
-6.30 -8.40 0 0
-6.20 -8.40 0 0
-6.10 -8.40 0 0
-6.00 -8.40 0 0
-5.90 -8.40 0 0
-5.80 -8.40 0 0
-5.70 -8.40 0 0
-5.60 -8.40 0 0
-5.50 -8.40 0 0
-5.40 -8.40 0 0
-5.30 -8.40 0 0
-5.20 -8.40 4 160
-5.10 -8.40 5 159
-5.00 -8.40 7 158
-4.90 -8.40 10 157
-4.80 -8.40 13 156
-4.70 -8.40 15 154
-4.60 -8.40 19 153
-4.50 -8.40 21 151
-4.40 -8.40 24 150
-4.30 -8.40 26 149
-4.20 -8.40 29 148
-4.10 -8.40 32 147
-4.00 -8.40 35 146
-3.90 -8.40 38 145
-3.80 -8.40 41 143
-3.70 -8.40 43 143
-3.60 -8.40 46 142
-3.50 -8.40 48 141
-3.40 -8.40 51 140
-3.30 -8.40 53 139
-3.20 -8.40 56 138
-3.10 -8.40 58 137
-3.00 -8.40 60 135
-2.90 -8.40 62 134
-2.80 -8.40 64 133
-2.70 -8.40 66 132
-2.60 -8.40 41 194
-2.50 -8.40 42 193
-2.40 -8.40 46 191
-2.30 -8.40 48 190
-2.20 -8.40 50 189
-2.10 -8.40 54 187
-2.00 -8.40 56 186
-1.90 -8.40 58 185
-1.80 -8.40 61 184
-1.70 -8.40 63 182
-1.60 -8.40 65 181
-1.50 -8.40 68 179
-1.40 -8.40 71 179
-1.30 -8.40 75 177
-1.20 -8.40 77 176
-1.10 -8.40 79 175
-1.00 -8.40 83 174
-0.90 -8.40 84 173
-0.80 -8.40 88 171
-0.70 -8.40 91 170
-0.60 -8.40 93 168
-0.50 -8.40 95 167
-0.40 -8.40 97 166
-0.30 -8.40 0 0
-0.20 -8.40 0 0
-0.10 -8.40 0 0
-0.00 -8.40 0 0
0.10 -8.40 0 0
0.20 -8.40 0 0
0.30 -8.40 0 0
0.40 -8.40 0 0
0.50 -8.40 0 0
0.60 -8.40 0 0
0.70 -8.40 0 0
0.80 -8.40 0 0
0.90 -8.40 0 0
1.00 -8.40 0 0
1.10 -8.40 0 0
1.20 -8.40 0 0
1.30 -8.40 0 0
1.40 -8.40 0 0
1.50 -8.40 0 0
1.60 -8.40 0 0
1.70 -8.40 0 0
1.80 -8.40 0 0
1.90 -8.40 0 0
2.00 -8.40 0 0
2.10 -8.40 0 0
2.20 -8.40 0 0
2.30 -8.40 0 0
2.40 -8.40 0 0
2.50 -8.40 0 0
2.60 -8.40 0 0
2.70 -8.40 0 0
2.80 -8.40 202 75
2.90 -8.40 205 75
3.00 -8.40 207 74
3.10 -8.40 210 73
3.20 -8.40 213 73
3.30 -8.40 215 72
3.40 -8.40 217 71
3.50 -8.40 219 70
3.60 -8.40 221 69
3.70 -8.40 224 68
3.80 -8.40 226 67
3.90 -8.40 229 65
4.00 -8.40 231 64
4.10 -8.40 233 63
4.20 -8.40 235 62
4.30 -8.40 238 61
4.40 -8.40 240 60
4.50 -8.40 242 59
4.60 -8.40 245 58
4.70 -8.40 247 57
4.80 -8.40 250 56
4.90 -8.40 251 55
5.00 -8.40 254 54
5.10 -8.40 256 53
5.20 -8.40 259 52
5.30 -8.40 261 50
5.40 -8.40 263 50
5.50 -8.40 266 49
5.60 -8.40 268 48
5.70 -8.40 271 46
5.80 -8.40 273 46
5.90 -8.40 275 44
6.00 -8.40 278 44
6.10 -8.40 280 42
6.20 -8.40 282 42
6.30 -8.40 285 41
6.40 -8.40 286 40
6.50 -8.40 288 39
6.60 -8.40 291 38
6.70 -8.40 294 37
6.80 -8.40 295 36
6.90 -8.40 298 35
7.00 -8.40 300 34
7.10 -8.40 302 33
7.20 -8.40 305 33
7.30 -8.40 307 31
7.40 -8.40 309 31
7.50 -8.40 311 30
7.60 -8.40 314 29
7.70 -8.40 317 28
7.80 -8.40 318 26
7.90 -8.40 320 26
8.00 -8.40 323 25
8.10 -8.40 325 24
8.20 -8.40 327 23
8.30 -8.40 330 22
8.40 -8.40 332 20
8.50 -8.40 335 19
8.60 -8.40 337 19
8.70 -8.40 339 18
8.80 -8.40 341 17
8.90 -8.40 344 17
9.00 -8.40 346 16
9.10 -8.40 348 14
-9.00 -8.30 0 0
-8.90 -8.30 0 0
-8.80 -8.30 0 0
-8.70 -8.30 0 0
-8.60 -8.30 0 0
-8.50 -8.30 0 0
-8.40 -8.30 0 0
-8.30 -8.30 0 0
-8.20 -8.30 0 0
-8.10 -8.30 0 0
-8.00 -8.30 0 0
-7.90 -8.30 0 0
-7.80 -8.30 0 0
-7.70 -8.30 0 0
-7.60 -8.30 0 0
-7.50 -8.30 0 0
-7.40 -8.30 0 0
-7.30 -8.30 0 0
-7.20 -8.30 0 0
-7.10 -8.30 0 0
-7.00 -8.30 0 0
-6.90 -8.30 0 0
-6.80 -8.30 0 0
-6.70 -8.30 0 0
-6.60 -8.30 0 0
-6.50 -8.30 0 0
-6.40 -8.30 0 0
-6.30 -8.30 0 0
-6.20 -8.30 0 0
-6.10 -8.30 0 0
-6.00 -8.30 0 0
-5.90 -8.30 0 0
-5.80 -8.30 0 0
-5.70 -8.30 0 0
-5.60 -8.30 0 0
-5.50 -8.30 0 0
-5.40 -8.30 0 0
-5.30 -8.30 3 162
-5.20 -8.30 5 161
-5.10 -8.30 6 160
-5.00 -8.30 8 159
-4.90 -8.30 11 158
-4.80 -8.30 14 157
-4.70 -8.30 17 156
-4.60 -8.30 20 154
-4.50 -8.30 23 152
-4.40 -8.30 26 151
-4.30 -8.30 28 150
-4.20 -8.30 31 149
-4.10 -8.30 33 148
-4.00 -8.30 37 147
-3.90 -8.30 39 145
-3.80 -8.30 42 144
-3.70 -8.30 45 143
-3.60 -8.30 47 142
-3.50 -8.30 50 141
-3.40 -8.30 52 141
-3.30 -8.30 54 140
-3.20 -8.30 57 139
-3.10 -8.30 59 138
-3.00 -8.30 60 137
-2.90 -8.30 0 0
-2.80 -8.30 36 198
-2.70 -8.30 39 196
-2.60 -8.30 42 195
-2.50 -8.30 44 194
-2.40 -8.30 46 192
-2.30 -8.30 49 191
-2.20 -8.30 52 190
-2.10 -8.30 54 188
-2.00 -8.30 57 187
-1.90 -8.30 59 186
-1.80 -8.30 62 185
-1.70 -8.30 65 184
-1.60 -8.30 67 183
-1.50 -8.30 70 182
-1.40 -8.30 73 180
-1.30 -8.30 77 178
-1.20 -8.30 80 177
-1.10 -8.30 82 176
-1.00 -8.30 84 175
-0.90 -8.30 86 173
-0.80 -8.30 90 172
-0.70 -8.30 91 171
-0.60 -8.30 0 0
-0.50 -8.30 0 0
-0.40 -8.30 0 0
-0.30 -8.30 0 0
-0.20 -8.30 0 0
-0.10 -8.30 0 0
-0.00 -8.30 0 0
0.10 -8.30 0 0
0.20 -8.30 0 0
0.30 -8.30 0 0
0.40 -8.30 0 0
0.50 -8.30 0 0
0.60 -8.30 0 0
0.70 -8.30 0 0
0.80 -8.30 0 0
0.90 -8.30 0 0
1.00 -8.30 0 0
1.10 -8.30 0 0
1.20 -8.30 0 0
1.30 -8.30 0 0
1.40 -8.30 0 0
1.50 -8.30 0 0
1.60 -8.30 0 0
1.70 -8.30 0 0
1.80 -8.30 0 0
1.90 -8.30 0 0
2.00 -8.30 0 0
2.10 -8.30 0 0
2.20 -8.30 0 0
2.30 -8.30 0 0
2.40 -8.30 0 0
2.50 -8.30 0 0
2.60 -8.30 0 0
2.70 -8.30 0 0
2.80 -8.30 0 0
2.90 -8.30 0 0
3.00 -8.30 209 74
3.10 -8.30 211 74
3.20 -8.30 213 74
3.30 -8.30 216 73
3.40 -8.30 219 72
3.50 -8.30 220 71
3.60 -8.30 223 70
3.70 -8.30 225 69
3.80 -8.30 227 68
3.90 -8.30 230 67
4.00 -8.30 232 66
4.10 -8.30 234 65
4.20 -8.30 236 63
4.30 -8.30 239 62
4.40 -8.30 242 61
4.50 -8.30 244 60
4.60 -8.30 247 59
4.70 -8.30 249 58
4.80 -8.30 251 57
4.90 -8.30 253 56
5.00 -8.30 256 55
5.10 -8.30 258 54
5.20 -8.30 260 53
5.30 -8.30 262 52
5.40 -8.30 265 51
5.50 -8.30 267 50
5.60 -8.30 269 49
5.70 -8.30 272 48
5.80 -8.30 274 47
5.90 -8.30 277 46
6.00 -8.30 278 45
6.10 -8.30 281 43
6.20 -8.30 283 43
6.30 -8.30 286 42
6.40 -8.30 288 41
6.50 -8.30 290 39
6.60 -8.30 293 38
6.70 -8.30 295 38
6.80 -8.30 297 37
6.90 -8.30 299 36
7.00 -8.30 301 35
7.10 -8.30 304 34
7.20 -8.30 306 33
7.30 -8.30 309 32
7.40 -8.30 311 31
7.50 -8.30 313 31
7.60 -8.30 315 30
7.70 -8.30 318 29
7.80 -8.30 320 28
7.90 -8.30 322 27
8.00 -8.30 324 26
8.10 -8.30 326 25
8.20 -8.30 329 23
8.30 -8.30 332 23
8.40 -8.30 333 22
8.50 -8.30 336 21
8.60 -8.30 338 20
8.70 -8.30 340 20
8.80 -8.30 342 18
8.90 -8.30 345 17
9.00 -8.30 347 17
9.10 -8.30 349 16
-9.00 -8.20 0 0
-8.90 -8.20 0 0
-8.80 -8.20 0 0
-8.70 -8.20 0 0
-8.60 -8.20 0 0
-8.50 -8.20 0 0
-8.40 -8.20 0 0
-8.30 -8.20 0 0
-8.20 -8.20 0 0
-8.10 -8.20 0 0
-8.00 -8.20 0 0
-7.90 -8.20 0 0
-7.80 -8.20 0 0
-7.70 -8.20 0 0
-7.60 -8.20 0 0
-7.50 -8.20 0 0
-7.40 -8.20 0 0
-7.30 -8.20 0 0
-7.20 -8.20 0 0
-7.10 -8.20 0 0
-7.00 -8.20 0 0
-6.90 -8.20 0 0
-6.80 -8.20 0 0
-6.70 -8.20 0 0
-6.60 -8.20 0 0
-6.50 -8.20 0 0
-6.40 -8.20 0 0
-6.30 -8.20 0 0
-6.20 -8.20 0 0
-6.10 -8.20 0 0
-6.00 -8.20 0 0
-5.90 -8.20 0 0
-5.80 -8.20 0 0
-5.70 -8.20 0 0
-5.60 -8.20 0 0
-5.50 -8.20 0 0
-5.40 -8.20 0 0
-5.30 -8.20 4 164
-5.20 -8.20 6 162
-5.10 -8.20 7 161
-5.00 -8.20 10 160
-4.90 -8.20 13 159
-4.80 -8.20 16 157
-4.70 -8.20 19 156
-4.60 -8.20 21 155
-4.50 -8.20 24 153
-4.40 -8.20 27 152
-4.30 -8.20 30 151
-4.20 -8.20 32 150
-4.10 -8.20 35 149
-4.00 -8.20 38 148
-3.90 -8.20 41 147
-3.80 -8.20 43 146
-3.70 -8.20 47 145
-3.60 -8.20 49 143
-3.50 -8.20 51 142
-3.40 -8.20 53 142
-3.30 -8.20 55 141
-3.20 -8.20 56 140
-3.10 -8.20 0 0
-3.00 -8.20 33 201
-2.90 -8.20 35 201
-2.80 -8.20 37 199
-2.70 -8.20 41 197
-2.60 -8.20 43 196
-2.50 -8.20 45 195
-2.40 -8.20 47 193
-2.30 -8.20 51 192
-2.20 -8.20 53 191
-2.10 -8.20 57 189
-2.00 -8.20 59 188
-1.90 -8.20 61 187
-1.80 -8.20 64 186
-1.70 -8.20 67 185
-1.60 -8.20 70 183
-1.50 -8.20 73 183
-1.40 -8.20 76 181
-1.30 -8.20 78 180
-1.20 -8.20 81 178
-1.10 -8.20 84 177
-1.00 -8.20 85 176
-0.90 -8.20 88 174
-0.80 -8.20 0 0
-0.70 -8.20 0 0
-0.60 -8.20 0 0
-0.50 -8.20 0 0
-0.40 -8.20 0 0
-0.30 -8.20 0 0
-0.20 -8.20 0 0
-0.10 -8.20 0 0
-0.00 -8.20 0 0
0.10 -8.20 0 0
0.20 -8.20 0 0
0.30 -8.20 0 0
0.40 -8.20 0 0
0.50 -8.20 0 0
0.60 -8.20 0 0
0.70 -8.20 0 0
0.80 -8.20 0 0
0.90 -8.20 0 0
1.00 -8.20 0 0
1.10 -8.20 0 0
1.20 -8.20 0 0
1.30 -8.20 0 0
1.40 -8.20 0 0
1.50 -8.20 0 0
1.60 -8.20 0 0
1.70 -8.20 0 0
1.80 -8.20 0 0
1.90 -8.20 0 0
2.00 -8.20 0 0
2.10 -8.20 0 0
2.20 -8.20 0 0
2.30 -8.20 0 0
2.40 -8.20 0 0
2.50 -8.20 0 0
2.60 -8.20 0 0
2.70 -8.20 0 0
2.80 -8.20 0 0
2.90 -8.20 0 0
3.00 -8.20 0 0
3.10 -8.20 213 75
3.20 -8.20 215 74
3.30 -8.20 218 73
3.40 -8.20 220 73
3.50 -8.20 222 72
3.60 -8.20 224 71
3.70 -8.20 227 70
3.80 -8.20 229 69
3.90 -8.20 231 68
4.00 -8.20 234 67
4.10 -8.20 236 66
4.20 -8.20 239 65
4.30 -8.20 240 64
4.40 -8.20 243 62
4.50 -8.20 245 61
4.60 -8.20 248 60
4.70 -8.20 250 59
4.80 -8.20 252 58
4.90 -8.20 254 57
5.00 -8.20 257 56
5.10 -8.20 259 55
5.20 -8.20 262 54
5.30 -8.20 264 53
5.40 -8.20 266 52
5.50 -8.20 268 51
5.60 -8.20 271 50
5.70 -8.20 272 49
5.80 -8.20 275 48
5.90 -8.20 278 47
6.00 -8.20 280 46
6.10 -8.20 282 45
6.20 -8.20 284 44
6.30 -8.20 287 43
6.40 -8.20 289 42
6.50 -8.20 291 41
6.60 -8.20 294 40
6.70 -8.20 296 39
6.80 -8.20 299 38
6.90 -8.20 301 37
7.00 -8.20 303 36
7.10 -8.20 305 35
7.20 -8.20 308 35
7.30 -8.20 310 34
7.40 -8.20 312 33
7.50 -8.20 314 32
7.60 -8.20 317 31
7.70 -8.20 319 29
7.80 -8.20 322 28
7.90 -8.20 324 27
8.00 -8.20 326 27
8.10 -8.20 328 26
8.20 -8.20 330 25
8.30 -8.20 332 24
8.40 -8.20 335 23
8.50 -8.20 337 22
8.60 -8.20 339 21
8.70 -8.20 342 20
8.80 -8.20 344 20
8.90 -8.20 346 19
9.00 -8.20 348 18
9.10 -8.20 351 17
-9.00 -8.10 0 0
-8.90 -8.10 0 0
-8.80 -8.10 0 0
-8.70 -8.10 0 0
-8.60 -8.10 0 0
-8.50 -8.10 0 0
-8.40 -8.10 0 0
-8.30 -8.10 0 0
-8.20 -8.10 0 0
-8.10 -8.10 0 0
-8.00 -8.10 0 0
-7.90 -8.10 0 0
-7.80 -8.10 0 0
-7.70 -8.10 0 0
-7.60 -8.10 0 0
-7.50 -8.10 0 0
-7.40 -8.10 0 0
-7.30 -8.10 0 0
-7.20 -8.10 0 0
-7.10 -8.10 0 0
-7.00 -8.10 0 0
-6.90 -8.10 0 0
-6.80 -8.10 0 0
-6.70 -8.10 0 0
-6.60 -8.10 0 0
-6.50 -8.10 0 0
-6.40 -8.10 0 0
-6.30 -8.10 0 0
-6.20 -8.10 0 0
-6.10 -8.10 0 0
-6.00 -8.10 0 0
-5.90 -8.10 0 0
-5.80 -8.10 0 0
-5.70 -8.10 0 0
-5.60 -8.10 0 0
-5.50 -8.10 0 0
-5.40 -8.10 3 166
-5.30 -8.10 5 165
-5.20 -8.10 6 164
-5.10 -8.10 9 162
-5.00 -8.10 12 161
-4.90 -8.10 15 160
-4.80 -8.10 18 158
-4.70 -8.10 21 157
-4.60 -8.10 23 156
-4.50 -8.10 26 155
-4.40 -8.10 28 153
-4.30 -8.10 31 152
-4.20 -8.10 34 150
-4.10 -8.10 37 149
-4.00 -8.10 40 149
-3.90 -8.10 42 148
-3.80 -8.10 45 147
-3.70 -8.10 47 146
-3.60 -8.10 49 145
-3.50 -8.10 52 144
-3.40 -8.10 53 143
-3.30 -8.10 0 0
-3.20 -8.10 29 205
-3.10 -8.10 31 204
-3.00 -8.10 33 203
-2.90 -8.10 36 202
-2.80 -8.10 38 200
-2.70 -8.10 41 199
-2.60 -8.10 45 197
-2.50 -8.10 47 196
-2.40 -8.10 49 195
-2.30 -8.10 52 193
-2.20 -8.10 54 192
-2.10 -8.10 58 191
-2.00 -8.10 60 190
-1.90 -8.10 63 189
-1.80 -8.10 66 188
-1.70 -8.10 68 187
-1.60 -8.10 71 185
-1.50 -8.10 74 184
-1.40 -8.10 77 182
-1.30 -8.10 80 181
-1.20 -8.10 81 180
-1.10 -8.10 83 178
-1.00 -8.10 85 177
-0.90 -8.10 0 0
-0.80 -8.10 0 0
-0.70 -8.10 0 0
-0.60 -8.10 0 0
-0.50 -8.10 0 0
-0.40 -8.10 0 0
-0.30 -8.10 0 0
-0.20 -8.10 0 0
-0.10 -8.10 0 0
-0.00 -8.10 0 0
0.10 -8.10 0 0
0.20 -8.10 0 0
0.30 -8.10 0 0
0.40 -8.10 0 0
0.50 -8.10 0 0
0.60 -8.10 0 0
0.70 -8.10 0 0
0.80 -8.10 0 0
0.90 -8.10 0 0
1.00 -8.10 0 0
1.10 -8.10 0 0
1.20 -8.10 0 0
1.30 -8.10 0 0
1.40 -8.10 0 0
1.50 -8.10 0 0
1.60 -8.10 0 0
1.70 -8.10 0 0
1.80 -8.10 0 0
1.90 -8.10 0 0
2.00 -8.10 0 0
2.10 -8.10 0 0
2.20 -8.10 0 0
2.30 -8.10 0 0
2.40 -8.10 0 0
2.50 -8.10 0 0
2.60 -8.10 0 0
2.70 -8.10 0 0
2.80 -8.10 0 0
2.90 -8.10 0 0
3.00 -8.10 0 0
3.10 -8.10 0 0
3.20 -8.10 216 74
3.30 -8.10 219 74
3.40 -8.10 221 74
3.50 -8.10 223 73
3.60 -8.10 226 73
3.70 -8.10 227 72
3.80 -8.10 230 70
3.90 -8.10 232 70
4.00 -8.10 235 68
4.10 -8.10 238 68
4.20 -8.10 240 66
4.30 -8.10 242 65
4.40 -8.10 245 64
4.50 -8.10 246 63
4.60 -8.10 249 62
4.70 -8.10 251 61
4.80 -8.10 253 60
4.90 -8.10 256 58
5.00 -8.10 258 57
5.10 -8.10 261 56
5.20 -8.10 263 55
5.30 -8.10 265 54
5.40 -8.10 267 53
5.50 -8.10 270 52
5.60 -8.10 272 51
5.70 -8.10 274 50
5.80 -8.10 276 49
5.90 -8.10 279 48
6.00 -8.10 281 47
6.10 -8.10 284 46
6.20 -8.10 286 45
6.30 -8.10 288 44
6.40 -8.10 291 43
6.50 -8.10 293 42
6.60 -8.10 295 41
6.70 -8.10 297 40
6.80 -8.10 300 39
6.90 -8.10 302 38
7.00 -8.10 304 37
7.10 -8.10 306 36
7.20 -8.10 309 35
7.30 -8.10 311 35
7.40 -8.10 314 34
7.50 -8.10 316 33
7.60 -8.10 318 32
7.70 -8.10 321 31
7.80 -8.10 322 30
7.90 -8.10 325 29
8.00 -8.10 327 27
8.10 -8.10 330 27
8.20 -8.10 331 26
8.30 -8.10 334 25
8.40 -8.10 336 24
8.50 -8.10 339 23
8.60 -8.10 341 22
8.70 -8.10 343 21
8.80 -8.10 345 20
8.90 -8.10 348 20
9.00 -8.10 350 19
9.10 -8.10 352 18
-9.00 -8.00 0 0
-8.90 -8.00 0 0
-8.80 -8.00 0 0
-8.70 -8.00 0 0
-8.60 -8.00 0 0
-8.50 -8.00 0 0
-8.40 -8.00 0 0
-8.30 -8.00 0 0
-8.20 -8.00 0 0
-8.10 -8.00 0 0
-8.00 -8.00 0 0
-7.90 -8.00 0 0
-7.80 -8.00 0 0
-7.70 -8.00 0 0
-7.60 -8.00 0 0
-7.50 -8.00 0 0
-7.40 -8.00 0 0
-7.30 -8.00 0 0
-7.20 -8.00 0 0
-7.10 -8.00 0 0
-7.00 -8.00 0 0
-6.90 -8.00 0 0
-6.80 -8.00 0 0
-6.70 -8.00 0 0
-6.60 -8.00 0 0
-6.50 -8.00 0 0
-6.40 -8.00 0 0
-6.30 -8.00 0 0
-6.20 -8.00 0 0
-6.10 -8.00 0 0
-6.00 -8.00 0 0
-5.90 -8.00 0 0
-5.80 -8.00 0 0
-5.70 -8.00 0 0
-5.60 -8.00 0 0
-5.50 -8.00 0 0
-5.40 -8.00 4 167
-5.30 -8.00 5 166
-5.20 -8.00 7 165
-5.10 -8.00 11 163
-5.00 -8.00 13 162
-4.90 -8.00 16 161
-4.80 -8.00 19 159
-4.70 -8.00 22 158
-4.60 -8.00 24 157
-4.50 -8.00 27 156
-4.40 -8.00 30 154
-4.30 -8.00 33 153
-4.20 -8.00 36 152
-4.10 -8.00 38 151
-4.00 -8.00 41 149
-3.90 -8.00 43 149
-3.80 -8.00 45 148
-3.70 -8.00 47 147
-3.60 -8.00 50 146
-3.50 -8.00 0 0
-3.40 -8.00 0 0
-3.30 -8.00 27 207
-3.20 -8.00 29 206
-3.10 -8.00 32 205
-3.00 -8.00 35 204
-2.90 -8.00 38 203
-2.80 -8.00 40 201
-2.70 -8.00 43 200
-2.60 -8.00 45 198
-2.50 -8.00 48 197
-2.40 -8.00 51 196
-2.30 -8.00 54 194
-2.20 -8.00 56 194
-2.10 -8.00 59 192
-2.00 -8.00 62 191
-1.90 -8.00 65 190
-1.80 -8.00 68 189
-1.70 -8.00 70 188
-1.60 -8.00 72 187
-1.50 -8.00 76 185
-1.40 -8.00 78 183
-1.30 -8.00 81 182
-1.20 -8.00 82 181
-1.10 -8.00 0 0
-1.00 -8.00 0 0
-0.90 -8.00 0 0
-0.80 -8.00 0 0
-0.70 -8.00 0 0
-0.60 -8.00 0 0
-0.50 -8.00 0 0
-0.40 -8.00 0 0
-0.30 -8.00 0 0
-0.20 -8.00 0 0
-0.10 -8.00 0 0
-0.00 -8.00 0 0
0.10 -8.00 0 0
0.20 -8.00 0 0
0.30 -8.00 0 0
0.40 -8.00 0 0
0.50 -8.00 0 0
0.60 -8.00 0 0
0.70 -8.00 0 0
0.80 -8.00 0 0
0.90 -8.00 0 0
1.00 -8.00 0 0
1.10 -8.00 0 0
1.20 -8.00 0 0
1.30 -8.00 0 0
1.40 -8.00 0 0
1.50 -8.00 0 0
1.60 -8.00 0 0
1.70 -8.00 0 0
1.80 -8.00 0 0
1.90 -8.00 0 0
2.00 -8.00 0 0
2.10 -8.00 0 0
2.20 -8.00 0 0
2.30 -8.00 0 0
2.40 -8.00 0 0
2.50 -8.00 0 0
2.60 -8.00 0 0
2.70 -8.00 0 0
2.80 -8.00 0 0
2.90 -8.00 0 0
3.00 -8.00 0 0
3.10 -8.00 0 0
3.20 -8.00 0 0
3.30 -8.00 0 0
3.40 -8.00 221 73
3.50 -8.00 225 73
3.60 -8.00 226 73
3.70 -8.00 229 72
3.80 -8.00 232 71
3.90 -8.00 234 71
4.00 -8.00 237 70
4.10 -8.00 239 69
4.20 -8.00 241 68
4.30 -8.00 243 66
4.40 -8.00 246 65
4.50 -8.00 248 64
4.60 -8.00 250 63
4.70 -8.00 253 61
4.80 -8.00 255 61
4.90 -8.00 257 60
5.00 -8.00 259 58
5.10 -8.00 262 57
5.20 -8.00 264 56
5.30 -8.00 267 55
5.40 -8.00 269 54
5.50 -8.00 271 53
5.60 -8.00 273 52
5.70 -8.00 275 51
5.80 -8.00 278 50
5.90 -8.00 280 49
6.00 -8.00 283 48
6.10 -8.00 285 47
6.20 -8.00 288 46
6.30 -8.00 289 45
6.40 -8.00 292 44
6.50 -8.00 294 43
6.60 -8.00 297 42
6.70 -8.00 299 41
6.80 -8.00 301 40
6.90 -8.00 303 39
7.00 -8.00 306 38
7.10 -8.00 308 37
7.20 -8.00 310 36
7.30 -8.00 313 35
7.40 -8.00 315 35
7.50 -8.00 317 34
7.60 -8.00 319 33
7.70 -8.00 322 32
7.80 -8.00 324 30
7.90 -8.00 326 30
8.00 -8.00 328 29
8.10 -8.00 331 28
8.20 -8.00 333 27
8.30 -8.00 335 26
8.40 -8.00 337 25
8.50 -8.00 340 24
8.60 -8.00 342 23
8.70 -8.00 344 23
8.80 -8.00 346 22
8.90 -8.00 349 20
9.00 -8.00 351 20
9.10 -8.00 354 19
-9.00 -7.90 0 0
-8.90 -7.90 0 0
-8.80 -7.90 0 0
-8.70 -7.90 0 0
-8.60 -7.90 0 0
-8.50 -7.90 0 0
-8.40 -7.90 0 0
-8.30 -7.90 0 0
-8.20 -7.90 0 0
-8.10 -7.90 0 0
-8.00 -7.90 0 0
-7.90 -7.90 0 0
-7.80 -7.90 0 0
-7.70 -7.90 0 0
-7.60 -7.90 0 0
-7.50 -7.90 0 0
-7.40 -7.90 0 0
-7.30 -7.90 0 0
-7.20 -7.90 0 0
-7.10 -7.90 0 0
-7.00 -7.90 0 0
-6.90 -7.90 0 0
-6.80 -7.90 0 0
-6.70 -7.90 0 0
-6.60 -7.90 0 0
-6.50 -7.90 0 0
-6.40 -7.90 0 0
-6.30 -7.90 0 0
-6.20 -7.90 0 0
-6.10 -7.90 0 0
-6.00 -7.90 0 0
-5.90 -7.90 0 0
-5.80 -7.90 0 0
-5.70 -7.90 0 0
-5.60 -7.90 0 0
-5.50 -7.90 3 169
-5.40 -7.90 5 168
-5.30 -7.90 7 166
-5.20 -7.90 10 165
-5.10 -7.90 11 164
-5.00 -7.90 15 163
-4.90 -7.90 18 162
-4.80 -7.90 20 160
-4.70 -7.90 24 159
-4.60 -7.90 26 158
-4.50 -7.90 30 156
-4.40 -7.90 32 155
-4.30 -7.90 34 154
-4.20 -7.90 37 153
-4.10 -7.90 39 152
-4.00 -7.90 42 151
-3.90 -7.90 44 150
-3.80 -7.90 45 149
-3.70 -7.90 0 0
-3.60 -7.90 0 0
-3.50 -7.90 0 0
-3.40 -7.90 27 210
-3.30 -7.90 29 209
-3.20 -7.90 31 208
-3.10 -7.90 34 206
-3.00 -7.90 36 205
-2.90 -7.90 39 204
-2.80 -7.90 41 202
-2.70 -7.90 44 201
-2.60 -7.90 47 200
-2.50 -7.90 50 199
-2.40 -7.90 52 197
-2.30 -7.90 55 196
-2.20 -7.90 58 195
-2.10 -7.90 61 194
-2.00 -7.90 64 193
-1.90 -7.90 66 192
-1.80 -7.90 69 190
-1.70 -7.90 71 189
-1.60 -7.90 74 188
-1.50 -7.90 77 186
-1.40 -7.90 79 184
-1.30 -7.90 81 182
-1.20 -7.90 0 0
-1.10 -7.90 0 0
-1.00 -7.90 0 0
-0.90 -7.90 0 0
-0.80 -7.90 0 0
-0.70 -7.90 0 0
-0.60 -7.90 0 0
-0.50 -7.90 0 0
-0.40 -7.90 0 0
-0.30 -7.90 0 0
-0.20 -7.90 0 0
-0.10 -7.90 0 0
-0.00 -7.90 0 0
0.10 -7.90 0 0
0.20 -7.90 0 0
0.30 -7.90 0 0
0.40 -7.90 0 0
0.50 -7.90 0 0
0.60 -7.90 0 0
0.70 -7.90 0 0
0.80 -7.90 0 0
0.90 -7.90 0 0
1.00 -7.90 0 0
1.10 -7.90 0 0
1.20 -7.90 0 0
1.30 -7.90 0 0
1.40 -7.90 0 0
1.50 -7.90 0 0
1.60 -7.90 0 0
1.70 -7.90 0 0
1.80 -7.90 0 0
1.90 -7.90 0 0
2.00 -7.90 0 0
2.10 -7.90 0 0
2.20 -7.90 0 0
2.30 -7.90 0 0
2.40 -7.90 0 0
2.50 -7.90 0 0
2.60 -7.90 0 0
2.70 -7.90 0 0
2.80 -7.90 0 0
2.90 -7.90 0 0
3.00 -7.90 0 0
3.10 -7.90 0 0
3.20 -7.90 0 0
3.30 -7.90 0 0
3.40 -7.90 0 0
3.50 -7.90 226 73
3.60 -7.90 228 73
3.70 -7.90 231 73
3.80 -7.90 233 72
3.90 -7.90 235 72
4.00 -7.90 238 71
4.10 -7.90 240 70
4.20 -7.90 243 69
4.30 -7.90 244 68
4.40 -7.90 247 66
4.50 -7.90 250 65
4.60 -7.90 251 64
4.70 -7.90 254 63
4.80 -7.90 256 62
4.90 -7.90 258 61
5.00 -7.90 261 60
5.10 -7.90 263 58
5.20 -7.90 265 58
5.30 -7.90 268 57
5.40 -7.90 271 56
5.50 -7.90 272 55
5.60 -7.90 275 53
5.70 -7.90 277 53
5.80 -7.90 280 51
5.90 -7.90 282 51
6.00 -7.90 284 49
6.10 -7.90 286 48
6.20 -7.90 289 47
6.30 -7.90 291 46
6.40 -7.90 293 45
6.50 -7.90 295 44
6.60 -7.90 298 43
6.70 -7.90 300 42
6.80 -7.90 302 41
6.90 -7.90 305 40
7.00 -7.90 307 39
7.10 -7.90 309 39
7.20 -7.90 312 38
7.30 -7.90 314 36
7.40 -7.90 316 36
7.50 -7.90 318 35
7.60 -7.90 321 34
7.70 -7.90 323 33
7.80 -7.90 326 32
7.90 -7.90 328 31
8.00 -7.90 330 30
8.10 -7.90 332 28
8.20 -7.90 335 28
8.30 -7.90 337 27
8.40 -7.90 339 26
8.50 -7.90 341 26
8.60 -7.90 344 25
8.70 -7.90 346 24
8.80 -7.90 348 23
8.90 -7.90 351 22
9.00 -7.90 353 21
9.10 -7.90 355 20
-9.00 -7.80 0 0
-8.90 -7.80 0 0
-8.80 -7.80 0 0
-8.70 -7.80 0 0
-8.60 -7.80 0 0
-8.50 -7.80 0 0
-8.40 -7.80 0 0
-8.30 -7.80 0 0
-8.20 -7.80 0 0
-8.10 -7.80 0 0
-8.00 -7.80 0 0
-7.90 -7.80 0 0
-7.80 -7.80 0 0
-7.70 -7.80 0 0
-7.60 -7.80 0 0
-7.50 -7.80 0 0
-7.40 -7.80 0 0
-7.30 -7.80 0 0
-7.20 -7.80 0 0
-7.10 -7.80 0 0
-7.00 -7.80 0 0
-6.90 -7.80 0 0
-6.80 -7.80 0 0
-6.70 -7.80 0 0
-6.60 -7.80 0 0
-6.50 -7.80 0 0
-6.40 -7.80 0 0
-6.30 -7.80 0 0
-6.20 -7.80 0 0
-6.10 -7.80 0 0
-6.00 -7.80 0 0
-5.90 -7.80 0 0
-5.80 -7.80 0 0
-5.70 -7.80 0 0
-5.60 -7.80 0 0
-5.50 -7.80 4 169
-5.40 -7.80 6 169
-5.30 -7.80 8 168
-5.20 -7.80 11 166
-5.10 -7.80 14 165
-5.00 -7.80 17 164
-4.90 -7.80 20 163
-4.80 -7.80 22 161
-4.70 -7.80 25 160
-4.60 -7.80 28 159
-4.50 -7.80 31 158
-4.40 -7.80 34 157
-4.30 -7.80 36 155
-4.20 -7.80 38 154
-4.10 -7.80 40 153
-4.00 -7.80 42 152
-3.90 -7.80 44 151
-3.80 -7.80 0 0
-3.70 -7.80 0 0
-3.60 -7.80 0 0
-3.50 -7.80 27 212
-3.40 -7.80 28 211
-3.30 -7.80 29 210
-3.20 -7.80 32 209
-3.10 -7.80 35 208
-3.00 -7.80 38 206
-2.90 -7.80 41 205
-2.80 -7.80 44 203
-2.70 -7.80 46 203
-2.60 -7.80 49 201
-2.50 -7.80 52 200
-2.40 -7.80 54 199
-2.30 -7.80 57 197
-2.20 -7.80 59 197
-2.10 -7.80 63 195
-2.00 -7.80 66 193
-1.90 -7.80 69 192
-1.80 -7.80 70 192
-1.70 -7.80 73 190
-1.60 -7.80 75 188
-1.50 -7.80 77 187
-1.40 -7.80 0 0
-1.30 -7.80 0 0
-1.20 -7.80 0 0
-1.10 -7.80 0 0
-1.00 -7.80 0 0
-0.90 -7.80 0 0
-0.80 -7.80 0 0
-0.70 -7.80 0 0
-0.60 -7.80 0 0
-0.50 -7.80 0 0
-0.40 -7.80 0 0
-0.30 -7.80 0 0
-0.20 -7.80 0 0
-0.10 -7.80 0 0
-0.00 -7.80 0 0
0.10 -7.80 0 0
0.20 -7.80 0 0
0.30 -7.80 0 0
0.40 -7.80 0 0
0.50 -7.80 0 0
0.60 -7.80 0 0
0.70 -7.80 0 0
0.80 -7.80 0 0
0.90 -7.80 0 0
1.00 -7.80 0 0
1.10 -7.80 0 0
1.20 -7.80 0 0
1.30 -7.80 0 0
1.40 -7.80 0 0
1.50 -7.80 0 0
1.60 -7.80 0 0
1.70 -7.80 0 0
1.80 -7.80 0 0
1.90 -7.80 0 0
2.00 -7.80 0 0
2.10 -7.80 0 0
2.20 -7.80 0 0
2.30 -7.80 0 0
2.40 -7.80 0 0
2.50 -7.80 0 0
2.60 -7.80 0 0
2.70 -7.80 0 0
2.80 -7.80 0 0
2.90 -7.80 0 0
3.00 -7.80 0 0
3.10 -7.80 0 0
3.20 -7.80 0 0
3.30 -7.80 0 0
3.40 -7.80 0 0
3.50 -7.80 0 0
3.60 -7.80 230 74
3.70 -7.80 232 74
3.80 -7.80 234 73
3.90 -7.80 237 72
4.00 -7.80 239 72
4.10 -7.80 241 71
4.20 -7.80 244 70
4.30 -7.80 246 69
4.40 -7.80 248 68
4.50 -7.80 251 67
4.60 -7.80 253 65
4.70 -7.80 255 64
4.80 -7.80 258 63
4.90 -7.80 260 62
5.00 -7.80 262 61
5.10 -7.80 265 60
5.20 -7.80 267 59
5.30 -7.80 269 58
5.40 -7.80 272 56
5.50 -7.80 274 55
5.60 -7.80 276 54
5.70 -7.80 279 53
5.80 -7.80 281 52
5.90 -7.80 283 51
6.00 -7.80 285 50
6.10 -7.80 288 49
6.20 -7.80 290 48
6.30 -7.80 292 48
6.40 -7.80 295 46
6.50 -7.80 297 45
6.60 -7.80 299 44
6.70 -7.80 302 43
6.80 -7.80 304 42
6.90 -7.80 305 41
7.00 -7.80 308 40
7.10 -7.80 311 39
7.20 -7.80 313 39
7.30 -7.80 316 38
7.40 -7.80 318 36
7.50 -7.80 320 35
7.60 -7.80 322 34
7.70 -7.80 324 34
7.80 -7.80 327 33
7.90 -7.80 329 32
8.00 -7.80 331 31
8.10 -7.80 333 30
8.20 -7.80 336 29
8.30 -7.80 338 28
8.40 -7.80 340 27
8.50 -7.80 343 27
8.60 -7.80 345 26
8.70 -7.80 347 24
8.80 -7.80 350 23
8.90 -7.80 351 23
9.00 -7.80 354 21
9.10 -7.80 356 21
-9.00 -7.70 0 0
-8.90 -7.70 0 0
-8.80 -7.70 0 0
-8.70 -7.70 0 0
-8.60 -7.70 0 0
-8.50 -7.70 0 0
-8.40 -7.70 0 0
-8.30 -7.70 0 0
-8.20 -7.70 0 0
-8.10 -7.70 0 0
-8.00 -7.70 0 0
-7.90 -7.70 0 0
-7.80 -7.70 0 0
-7.70 -7.70 0 0
-7.60 -7.70 0 0
-7.50 -7.70 0 0
-7.40 -7.70 0 0
-7.30 -7.70 0 0
-7.20 -7.70 0 0
-7.10 -7.70 0 0
-7.00 -7.70 0 0
-6.90 -7.70 0 0
-6.80 -7.70 0 0
-6.70 -7.70 0 0
-6.60 -7.70 0 0
-6.50 -7.70 0 0
-6.40 -7.70 0 0
-6.30 -7.70 0 0
-6.20 -7.70 0 0
-6.10 -7.70 0 0
-6.00 -7.70 0 0
-5.90 -7.70 0 0
-5.80 -7.70 0 0
-5.70 -7.70 0 0
-5.60 -7.70 4 171
-5.50 -7.70 6 170
-5.40 -7.70 8 169
-5.30 -7.70 10 168
-5.20 -7.70 13 167
-5.10 -7.70 16 166
-5.00 -7.70 19 164
-4.90 -7.70 21 163
-4.80 -7.70 24 162
-4.70 -7.70 27 161
-4.60 -7.70 30 160
-4.50 -7.70 33 158
-4.40 -7.70 35 158
-4.30 -7.70 36 157
-4.20 -7.70 38 156
-4.10 -7.70 40 154
-4.00 -7.70 0 0
-3.90 -7.70 0 0
-3.80 -7.70 0 0
-3.70 -7.70 0 0
-3.60 -7.70 0 0
-3.50 -7.70 28 213
-3.40 -7.70 30 213
-3.30 -7.70 32 211
-3.20 -7.70 34 210
-3.10 -7.70 36 209
-3.00 -7.70 39 208
-2.90 -7.70 42 206
-2.80 -7.70 46 205
-2.70 -7.70 48 204
-2.60 -7.70 51 202
-2.50 -7.70 53 201
-2.40 -7.70 56 200
-2.30 -7.70 58 199
-2.20 -7.70 61 198
-2.10 -7.70 64 196
-2.00 -7.70 67 195
-1.90 -7.70 70 194
-1.80 -7.70 72 193
-1.70 -7.70 74 191
-1.60 -7.70 0 0
-1.50 -7.70 0 0
-1.40 -7.70 0 0
-1.30 -7.70 0 0
-1.20 -7.70 0 0
-1.10 -7.70 0 0
-1.00 -7.70 0 0
-0.90 -7.70 0 0
-0.80 -7.70 0 0
-0.70 -7.70 0 0
-0.60 -7.70 0 0
-0.50 -7.70 0 0
-0.40 -7.70 0 0
-0.30 -7.70 0 0
-0.20 -7.70 0 0
-0.10 -7.70 0 0
-0.00 -7.70 0 0
0.10 -7.70 0 0
0.20 -7.70 0 0
0.30 -7.70 0 0
0.40 -7.70 0 0
0.50 -7.70 0 0
0.60 -7.70 0 0
0.70 -7.70 0 0
0.80 -7.70 0 0
0.90 -7.70 0 0
1.00 -7.70 0 0
1.10 -7.70 0 0
1.20 -7.70 0 0
1.30 -7.70 0 0
1.40 -7.70 0 0
1.50 -7.70 0 0
1.60 -7.70 0 0
1.70 -7.70 0 0
1.80 -7.70 0 0
1.90 -7.70 0 0
2.00 -7.70 0 0
2.10 -7.70 0 0
2.20 -7.70 0 0
2.30 -7.70 0 0
2.40 -7.70 0 0
2.50 -7.70 0 0
2.60 -7.70 0 0
2.70 -7.70 0 0
2.80 -7.70 0 0
2.90 -7.70 0 0
3.00 -7.70 0 0
3.10 -7.70 0 0
3.20 -7.70 0 0
3.30 -7.70 0 0
3.40 -7.70 0 0
3.50 -7.70 0 0
3.60 -7.70 0 0
3.70 -7.70 234 74
3.80 -7.70 236 73
3.90 -7.70 238 73
4.00 -7.70 240 73
4.10 -7.70 243 72
4.20 -7.70 245 71
4.30 -7.70 248 70
4.40 -7.70 250 69
4.50 -7.70 252 68
4.60 -7.70 255 67
4.70 -7.70 257 65
4.80 -7.70 259 64
4.90 -7.70 261 64
5.00 -7.70 264 62
5.10 -7.70 266 61
5.20 -7.70 269 60
5.30 -7.70 271 59
5.40 -7.70 273 58
5.50 -7.70 275 57
5.60 -7.70 278 55
5.70 -7.70 280 55
5.80 -7.70 281 54
5.90 -7.70 284 52
6.00 -7.70 287 52
6.10 -7.70 289 51
6.20 -7.70 291 49
6.30 -7.70 294 48
6.40 -7.70 296 47
6.50 -7.70 298 46
6.60 -7.70 300 45
6.70 -7.70 303 44
6.80 -7.70 305 43
6.90 -7.70 308 42
7.00 -7.70 310 41
7.10 -7.70 312 40
7.20 -7.70 314 40
7.30 -7.70 317 39
7.40 -7.70 319 37
7.50 -7.70 322 37
7.60 -7.70 324 36
7.70 -7.70 326 35
7.80 -7.70 328 34
7.90 -7.70 330 33
8.00 -7.70 332 32
8.10 -7.70 334 31
8.20 -7.70 337 30
8.30 -7.70 339 29
8.40 -7.70 341 28
8.50 -7.70 343 27
8.60 -7.70 346 27
8.70 -7.70 349 26
8.80 -7.70 351 25
8.90 -7.70 353 24
9.00 -7.70 356 23
9.10 -7.70 358 22
-9.00 -7.60 0 0
-8.90 -7.60 0 0
-8.80 -7.60 0 0
-8.70 -7.60 0 0
-8.60 -7.60 0 0
-8.50 -7.60 0 0
-8.40 -7.60 0 0
-8.30 -7.60 0 0
-8.20 -7.60 0 0
-8.10 -7.60 0 0
-8.00 -7.60 0 0
-7.90 -7.60 0 0
-7.80 -7.60 0 0
-7.70 -7.60 0 0
-7.60 -7.60 0 0
-7.50 -7.60 0 0
-7.40 -7.60 0 0
-7.30 -7.60 0 0
-7.20 -7.60 0 0
-7.10 -7.60 0 0
-7.00 -7.60 0 0
-6.90 -7.60 0 0
-6.80 -7.60 0 0
-6.70 -7.60 0 0
-6.60 -7.60 0 0
-6.50 -7.60 0 0
-6.40 -7.60 0 0
-6.30 -7.60 0 0
-6.20 -7.60 0 0
-6.10 -7.60 0 0
-6.00 -7.60 0 0
-5.90 -7.60 0 0
-5.80 -7.60 0 0
-5.70 -7.60 0 0
-5.60 -7.60 5 172
-5.50 -7.60 6 171
-5.40 -7.60 9 170
-5.30 -7.60 12 169
-5.20 -7.60 15 168
-5.10 -7.60 17 167
-5.00 -7.60 21 166
-4.90 -7.60 23 165
-4.80 -7.60 26 163
-4.70 -7.60 29 162
-4.60 -7.60 31 161
-4.50 -7.60 33 160
-4.40 -7.60 36 159
-4.30 -7.60 37 158
-4.20 -7.60 38 157
-4.10 -7.60 40 156
-4.00 -7.60 0 0
-3.90 -7.60 0 0
-3.80 -7.60 0 0
-3.70 -7.60 0 0
-3.60 -7.60 28 216
-3.50 -7.60 29 215
-3.40 -7.60 30 214
-3.30 -7.60 33 213
-3.20 -7.60 35 212
-3.10 -7.60 38 211
-3.00 -7.60 41 209
-2.90 -7.60 44 208
-2.80 -7.60 46 206
-2.70 -7.60 49 205
-2.60 -7.60 52 204
-2.50 -7.60 54 202
-2.40 -7.60 57 201
-2.30 -7.60 59 200
-2.20 -7.60 63 199
-2.10 -7.60 66 197
-2.00 -7.60 69 196
-1.90 -7.60 71 195
-1.80 -7.60 73 194
-1.70 -7.60 75 192
-1.60 -7.60 0 0
-1.50 -7.60 0 0
-1.40 -7.60 0 0
-1.30 -7.60 0 0
-1.20 -7.60 0 0
-1.10 -7.60 0 0
-1.00 -7.60 0 0
-0.90 -7.60 0 0
-0.80 -7.60 0 0
-0.70 -7.60 0 0
-0.60 -7.60 0 0
-0.50 -7.60 0 0
-0.40 -7.60 0 0
-0.30 -7.60 0 0
-0.20 -7.60 0 0
-0.10 -7.60 0 0
-0.00 -7.60 0 0
0.10 -7.60 0 0
0.20 -7.60 0 0
0.30 -7.60 0 0
0.40 -7.60 0 0
0.50 -7.60 0 0
0.60 -7.60 0 0
0.70 -7.60 0 0
0.80 -7.60 0 0
0.90 -7.60 0 0
1.00 -7.60 0 0
1.10 -7.60 0 0
1.20 -7.60 0 0
1.30 -7.60 0 0
1.40 -7.60 0 0
1.50 -7.60 0 0
1.60 -7.60 0 0
1.70 -7.60 0 0
1.80 -7.60 0 0
1.90 -7.60 0 0
2.00 -7.60 0 0
2.10 -7.60 0 0
2.20 -7.60 0 0
2.30 -7.60 0 0
2.40 -7.60 0 0
2.50 -7.60 0 0
2.60 -7.60 0 0
2.70 -7.60 0 0
2.80 -7.60 0 0
2.90 -7.60 0 0
3.00 -7.60 0 0
3.10 -7.60 0 0
3.20 -7.60 0 0
3.30 -7.60 0 0
3.40 -7.60 0 0
3.50 -7.60 0 0
3.60 -7.60 0 0
3.70 -7.60 0 0
3.80 -7.60 0 0
3.90 -7.60 238 74
4.00 -7.60 241 73
4.10 -7.60 244 73
4.20 -7.60 246 72
4.30 -7.60 249 71
4.40 -7.60 251 70
4.50 -7.60 254 69
4.60 -7.60 256 68
4.70 -7.60 258 67
4.80 -7.60 260 65
4.90 -7.60 263 65
5.00 -7.60 265 64
5.10 -7.60 268 62
5.20 -7.60 270 61
5.30 -7.60 272 60
5.40 -7.60 275 59
5.50 -7.60 277 58
5.60 -7.60 279 57
5.70 -7.60 282 56
5.80 -7.60 283 55
5.90 -7.60 286 54
6.00 -7.60 288 53
6.10 -7.60 291 51
6.20 -7.60 293 50
6.30 -7.60 296 49
6.40 -7.60 297 48
6.50 -7.60 300 47
6.60 -7.60 302 46
6.70 -7.60 304 45
6.80 -7.60 307 44
6.90 -7.60 309 43
7.00 -7.60 311 42
7.10 -7.60 314 42
7.20 -7.60 316 41
7.30 -7.60 318 40
7.40 -7.60 321 39
7.50 -7.60 323 38
7.60 -7.60 325 37
7.70 -7.60 327 36
7.80 -7.60 329 35
7.90 -7.60 331 34
8.00 -7.60 333 34
8.10 -7.60 336 32
8.20 -7.60 338 31
8.30 -7.60 341 30
8.40 -7.60 342 29
8.50 -7.60 345 28
8.60 -7.60 348 27
8.70 -7.60 349 26
8.80 -7.60 352 26
8.90 -7.60 354 25
9.00 -7.60 357 24
9.10 -7.60 359 23
-9.00 -7.50 0 0
-8.90 -7.50 0 0
-8.80 -7.50 0 0
-8.70 -7.50 0 0
-8.60 -7.50 0 0
-8.50 -7.50 0 0
-8.40 -7.50 0 0
-8.30 -7.50 0 0
-8.20 -7.50 0 0
-8.10 -7.50 0 0
-8.00 -7.50 0 0
-7.90 -7.50 0 0
-7.80 -7.50 0 0
-7.70 -7.50 0 0
-7.60 -7.50 0 0
-7.50 -7.50 0 0
-7.40 -7.50 0 0
-7.30 -7.50 0 0
-7.20 -7.50 0 0
-7.10 -7.50 0 0
-7.00 -7.50 0 0
-6.90 -7.50 0 0
-6.80 -7.50 0 0
-6.70 -7.50 0 0
-6.60 -7.50 0 0
-6.50 -7.50 0 0
-6.40 -7.50 0 0
-6.30 -7.50 0 0
-6.20 -7.50 0 0
-6.10 -7.50 0 0
-6.00 -7.50 0 0
-5.90 -7.50 0 0
-5.80 -7.50 0 0
-5.70 -7.50 4 174
-5.60 -7.50 6 173
-5.50 -7.50 8 172
-5.40 -7.50 11 171
-5.30 -7.50 14 169
-5.20 -7.50 17 169
-5.10 -7.50 20 168
-5.00 -7.50 22 166
-4.90 -7.50 25 165
-4.80 -7.50 28 164
-4.70 -7.50 30 163
-4.60 -7.50 32 162
-4.50 -7.50 34 161
-4.40 -7.50 36 160
-4.30 -7.50 37 160
-4.20 -7.50 0 0
-4.10 -7.50 0 0
-4.00 -7.50 0 0
-3.90 -7.50 0 0
-3.80 -7.50 0 0
-3.70 -7.50 0 0
-3.60 -7.50 29 218
-3.50 -7.50 30 216
-3.40 -7.50 32 215
-3.30 -7.50 34 214
-3.20 -7.50 37 213
-3.10 -7.50 40 211
-3.00 -7.50 43 210
-2.90 -7.50 45 209
-2.80 -7.50 47 208
-2.70 -7.50 51 206
-2.60 -7.50 53 205
-2.50 -7.50 56 204
-2.40 -7.50 58 203
-2.30 -7.50 62 201
-2.20 -7.50 64 200
-2.10 -7.50 67 199
-2.00 -7.50 70 198
-1.90 -7.50 72 196
-1.80 -7.50 0 0
-1.70 -7.50 0 0
-1.60 -7.50 0 0
-1.50 -7.50 0 0
-1.40 -7.50 0 0
-1.30 -7.50 0 0
-1.20 -7.50 0 0
-1.10 -7.50 0 0
-1.00 -7.50 0 0
-0.90 -7.50 0 0
-0.80 -7.50 0 0
-0.70 -7.50 126 150
-0.60 -7.50 128 149
-0.50 -7.50 130 148
-0.40 -7.50 132 147
-0.30 -7.50 134 147
-0.20 -7.50 137 145
-0.10 -7.50 139 144
-0.00 -7.50 142 143
0.10 -7.50 144 142
0.20 -7.50 147 140
0.30 -7.50 150 139
0.40 -7.50 0 0
0.50 -7.50 156 136
0.60 -7.50 0 0
0.70 -7.50 0 0
0.80 -7.50 0 0
0.90 -7.50 0 0
1.00 -7.50 0 0
1.10 -7.50 0 0
1.20 -7.50 0 0
1.30 -7.50 0 0
1.40 -7.50 0 0
1.50 -7.50 0 0
1.60 -7.50 0 0
1.70 -7.50 0 0
1.80 -7.50 0 0
1.90 -7.50 0 0
2.00 -7.50 0 0
2.10 -7.50 0 0
2.20 -7.50 0 0
2.30 -7.50 0 0
2.40 -7.50 0 0
2.50 -7.50 0 0
2.60 -7.50 0 0
2.70 -7.50 0 0
2.80 -7.50 0 0
2.90 -7.50 0 0
3.00 -7.50 0 0
3.10 -7.50 0 0
3.20 -7.50 0 0
3.30 -7.50 0 0
3.40 -7.50 0 0
3.50 -7.50 0 0
3.60 -7.50 0 0
3.70 -7.50 0 0
3.80 -7.50 0 0
3.90 -7.50 0 0
4.00 -7.50 243 74
4.10 -7.50 245 74
4.20 -7.50 248 73
4.30 -7.50 251 72
4.40 -7.50 253 72
4.50 -7.50 255 71
4.60 -7.50 257 70
4.70 -7.50 260 69
4.80 -7.50 262 67
4.90 -7.50 264 66
5.00 -7.50 267 64
5.10 -7.50 269 63
5.20 -7.50 271 62
5.30 -7.50 274 61
5.40 -7.50 277 60
5.50 -7.50 278 59
5.60 -7.50 281 58
5.70 -7.50 282 57
5.80 -7.50 285 56
5.90 -7.50 288 55
6.00 -7.50 290 54
6.10 -7.50 292 52
6.20 -7.50 294 51
6.30 -7.50 296 50
6.40 -7.50 299 50
6.50 -7.50 301 48
6.60 -7.50 303 48
6.70 -7.50 306 46
6.80 -7.50 308 45
6.90 -7.50 310 45
7.00 -7.50 312 43
7.10 -7.50 314 42
7.20 -7.50 317 41
7.30 -7.50 319 41
7.40 -7.50 322 39
7.50 -7.50 325 39
7.60 -7.50 326 37
7.70 -7.50 328 37
7.80 -7.50 330 36
7.90 -7.50 333 35
8.00 -7.50 335 34
8.10 -7.50 337 33
8.20 -7.50 340 33
8.30 -7.50 342 31
8.40 -7.50 344 31
8.50 -7.50 346 30
8.60 -7.50 349 29
8.70 -7.50 351 28
8.80 -7.50 354 27
8.90 -7.50 356 26
9.00 -7.50 357 25
9.10 -7.50 359 24
-9.00 -7.40 0 0
-8.90 -7.40 0 0
-8.80 -7.40 0 0
-8.70 -7.40 0 0
-8.60 -7.40 0 0
-8.50 -7.40 0 0
-8.40 -7.40 0 0
-8.30 -7.40 0 0
-8.20 -7.40 0 0
-8.10 -7.40 0 0
-8.00 -7.40 0 0
-7.90 -7.40 0 0
-7.80 -7.40 0 0
-7.70 -7.40 0 0
-7.60 -7.40 0 0
-7.50 -7.40 0 0
-7.40 -7.40 0 0
-7.30 -7.40 0 0
-7.20 -7.40 0 0
-7.10 -7.40 0 0
-7.00 -7.40 0 0
-6.90 -7.40 0 0
-6.80 -7.40 0 0
-6.70 -7.40 0 0
-6.60 -7.40 0 0
-6.50 -7.40 0 0
-6.40 -7.40 0 0
-6.30 -7.40 0 0
-6.20 -7.40 0 0
-6.10 -7.40 0 0
-6.00 -7.40 0 0
-5.90 -7.40 0 0
-5.80 -7.40 4 176
-5.70 -7.40 6 175
-5.60 -7.40 7 174
-5.50 -7.40 10 172
-5.40 -7.40 13 172
-5.30 -7.40 15 170
-5.20 -7.40 18 170
-5.10 -7.40 21 169
-5.00 -7.40 24 167
-4.90 -7.40 27 166
-4.80 -7.40 29 165
-4.70 -7.40 31 164
-4.60 -7.40 33 164
-4.50 -7.40 34 162
-4.40 -7.40 36 161
-4.30 -7.40 0 0
-4.20 -7.40 0 0
-4.10 -7.40 0 0
-4.00 -7.40 0 0
-3.90 -7.40 0 0
-3.80 -7.40 0 0
-3.70 -7.40 0 0
-3.60 -7.40 30 219
-3.50 -7.40 32 218
-3.40 -7.40 34 216
-3.30 -7.40 36 215
-3.20 -7.40 38 214
-3.10 -7.40 41 212
-3.00 -7.40 44 212
-2.90 -7.40 47 210
-2.80 -7.40 50 209
-2.70 -7.40 52 208
-2.60 -7.40 56 206
-2.50 -7.40 58 205
-2.40 -7.40 61 204
-2.30 -7.40 64 203
-2.20 -7.40 67 201
-2.10 -7.40 69 200
-2.00 -7.40 70 199
-1.90 -7.40 72 197
-1.80 -7.40 0 0
-1.70 -7.40 0 0
-1.60 -7.40 0 0
-1.50 -7.40 0 0
-1.40 -7.40 0 0
-1.30 -7.40 0 0
-1.20 -7.40 0 0
-1.10 -7.40 0 0
-1.00 -7.40 119 155
-0.90 -7.40 122 154
-0.80 -7.40 123 152
-0.70 -7.40 126 151
-0.60 -7.40 129 150
-0.50 -7.40 130 149
-0.40 -7.40 132 148
-0.30 -7.40 135 147
-0.20 -7.40 137 146
-0.10 -7.40 140 145
-0.00 -7.40 143 144
0.10 -7.40 146 143
0.20 -7.40 148 141
0.30 -7.40 151 139
0.40 -7.40 154 138
0.50 -7.40 157 137
0.60 -7.40 159 135
0.70 -7.40 161 134
0.80 -7.40 163 134
0.90 -7.40 165 133
1.00 -7.40 0 0
1.10 -7.40 0 0
1.20 -7.40 0 0
1.30 -7.40 0 0
1.40 -7.40 0 0
1.50 -7.40 0 0
1.60 -7.40 0 0
1.70 -7.40 0 0
1.80 -7.40 0 0
1.90 -7.40 0 0
2.00 -7.40 0 0
2.10 -7.40 0 0
2.20 -7.40 0 0
2.30 -7.40 0 0
2.40 -7.40 0 0
2.50 -7.40 0 0
2.60 -7.40 0 0
2.70 -7.40 0 0
2.80 -7.40 0 0
2.90 -7.40 0 0
3.00 -7.40 0 0
3.10 -7.40 0 0
3.20 -7.40 0 0
3.30 -7.40 0 0
3.40 -7.40 0 0
3.50 -7.40 0 0
3.60 -7.40 0 0
3.70 -7.40 0 0
3.80 -7.40 0 0
3.90 -7.40 0 0
4.00 -7.40 0 0
4.10 -7.40 247 74
4.20 -7.40 250 73
4.30 -7.40 252 73
4.40 -7.40 254 73
4.50 -7.40 256 72
4.60 -7.40 258 71
4.70 -7.40 260 70
4.80 -7.40 263 68
4.90 -7.40 265 67
5.00 -7.40 268 65
5.10 -7.40 270 64
5.20 -7.40 272 63
5.30 -7.40 275 63
5.40 -7.40 277 61
5.50 -7.40 279 60
5.60 -7.40 282 59
5.70 -7.40 284 58
5.80 -7.40 287 57
5.90 -7.40 289 56
6.00 -7.40 292 55
6.10 -7.40 294 54
6.20 -7.40 296 53
6.30 -7.40 297 52
6.40 -7.40 300 50
6.50 -7.40 303 49
6.60 -7.40 305 48
6.70 -7.40 307 48
6.80 -7.40 309 47
6.90 -7.40 312 46
7.00 -7.40 313 45
7.10 -7.40 316 44
7.20 -7.40 318 43
7.30 -7.40 320 42
7.40 -7.40 323 40
7.50 -7.40 325 39
7.60 -7.40 327 39
7.70 -7.40 329 38
7.80 -7.40 331 37
7.90 -7.40 334 36
8.00 -7.40 337 35
8.10 -7.40 339 34
8.20 -7.40 341 34
8.30 -7.40 343 33
8.40 -7.40 345 32
8.50 -7.40 347 31
8.60 -7.40 350 30
8.70 -7.40 352 29
8.80 -7.40 355 28
8.90 -7.40 357 27
9.00 -7.40 359 26
9.10 -7.40 361 25
-9.00 -7.30 0 0
-8.90 -7.30 0 0
-8.80 -7.30 0 0
-8.70 -7.30 0 0
-8.60 -7.30 0 0
-8.50 -7.30 0 0
-8.40 -7.30 0 0
-8.30 -7.30 0 0
-8.20 -7.30 0 0
-8.10 -7.30 0 0
-8.00 -7.30 0 0
-7.90 -7.30 0 0
-7.80 -7.30 0 0
-7.70 -7.30 0 0
-7.60 -7.30 0 0
-7.50 -7.30 0 0
-7.40 -7.30 0 0
-7.30 -7.30 0 0
-7.20 -7.30 0 0
-7.10 -7.30 0 0
-7.00 -7.30 0 0
-6.90 -7.30 0 0
-6.80 -7.30 0 0
-6.70 -7.30 0 0
-6.60 -7.30 0 0
-6.50 -7.30 0 0
-6.40 -7.30 0 0
-6.30 -7.30 0 0
-6.20 -7.30 0 0
-6.10 -7.30 0 0
-6.00 -7.30 0 0
-5.90 -7.30 4 178
-5.80 -7.30 5 177
-5.70 -7.30 6 176
-5.60 -7.30 9 175
-5.50 -7.30 12 174
-5.40 -7.30 14 172
-5.30 -7.30 17 172
-5.20 -7.30 20 170
-5.10 -7.30 23 169
-5.00 -7.30 26 169
-4.90 -7.30 28 168
-4.80 -7.30 30 167
-4.70 -7.30 33 166
-4.60 -7.30 34 165
-4.50 -7.30 35 164
-4.40 -7.30 0 0
-4.30 -7.30 0 0
-4.20 -7.30 0 0
-4.10 -7.30 0 0
-4.00 -7.30 0 0
-3.90 -7.30 0 0
-3.80 -7.30 0 0
-3.70 -7.30 30 222
-3.60 -7.30 31 221
-3.50 -7.30 33 219
-3.40 -7.30 35 218
-3.30 -7.30 38 216
-3.20 -7.30 40 215
-3.10 -7.30 43 214
-3.00 -7.30 45 213
-2.90 -7.30 48 211
-2.80 -7.30 51 210
-2.70 -7.30 54 209
-2.60 -7.30 57 208
-2.50 -7.30 60 206
-2.40 -7.30 63 205
-2.30 -7.30 65 204
-2.20 -7.30 68 203
-2.10 -7.30 70 202
-2.00 -7.30 72 200
-1.90 -7.30 0 0
-1.80 -7.30 0 0
-1.70 -7.30 0 0
-1.60 -7.30 0 0
-1.50 -7.30 0 0
-1.40 -7.30 0 0
-1.30 -7.30 115 160
-1.20 -7.30 116 158
-1.10 -7.30 118 157
-1.00 -7.30 120 156
-0.90 -7.30 122 155
-0.80 -7.30 124 153
-0.70 -7.30 127 152
-0.60 -7.30 129 151
-0.50 -7.30 131 150
-0.40 -7.30 133 149
-0.30 -7.30 136 148
-0.20 -7.30 138 147
-0.10 -7.30 141 146
-0.00 -7.30 143 145
0.10 -7.30 146 143
0.20 -7.30 149 142
0.30 -7.30 151 141
0.40 -7.30 155 139
0.50 -7.30 157 137
0.60 -7.30 159 136
0.70 -7.30 162 135
0.80 -7.30 164 134
0.90 -7.30 166 133
1.00 -7.30 169 133
1.10 -7.30 173 132
1.20 -7.30 0 0
1.30 -7.30 0 0
1.40 -7.30 0 0
1.50 -7.30 0 0
1.60 -7.30 0 0
1.70 -7.30 0 0
1.80 -7.30 0 0
1.90 -7.30 0 0
2.00 -7.30 0 0
2.10 -7.30 0 0
2.20 -7.30 0 0
2.30 -7.30 0 0
2.40 -7.30 0 0
2.50 -7.30 0 0
2.60 -7.30 0 0
2.70 -7.30 0 0
2.80 -7.30 0 0
2.90 -7.30 0 0
3.00 -7.30 0 0
3.10 -7.30 0 0
3.20 -7.30 0 0
3.30 -7.30 0 0
3.40 -7.30 0 0
3.50 -7.30 0 0
3.60 -7.30 0 0
3.70 -7.30 0 0
3.80 -7.30 0 0
3.90 -7.30 0 0
4.00 -7.30 0 0
4.10 -7.30 0 0
4.20 -7.30 251 74
4.30 -7.30 254 73
4.40 -7.30 255 73
4.50 -7.30 258 73
4.60 -7.30 260 72
4.70 -7.30 262 71
4.80 -7.30 265 69
4.90 -7.30 267 68
5.00 -7.30 269 67
5.10 -7.30 272 66
5.20 -7.30 274 65
5.30 -7.30 276 64
5.40 -7.30 278 62
5.50 -7.30 281 61
5.60 -7.30 283 60
5.70 -7.30 285 59
5.80 -7.30 287 58
5.90 -7.30 290 57
6.00 -7.30 292 56
6.10 -7.30 295 55
6.20 -7.30 297 54
6.30 -7.30 299 53
6.40 -7.30 301 52
6.50 -7.30 304 51
6.60 -7.30 306 50
6.70 -7.30 308 48
6.80 -7.30 310 47
6.90 -7.30 312 46
7.00 -7.30 315 45
7.10 -7.30 318 45
7.20 -7.30 320 44
7.30 -7.30 322 42
7.40 -7.30 324 41
7.50 -7.30 326 41
7.60 -7.30 329 40
7.70 -7.30 331 39
7.80 -7.30 333 38
7.90 -7.30 336 37
8.00 -7.30 338 36
8.10 -7.30 340 35
8.20 -7.30 342 34
8.30 -7.30 345 34
8.40 -7.30 347 33
8.50 -7.30 350 32
8.60 -7.30 351 31
8.70 -7.30 354 30
8.80 -7.30 356 29
8.90 -7.30 358 28
9.00 -7.30 360 27
9.10 -7.30 363 26
-9.00 -7.20 0 0
-8.90 -7.20 0 0
-8.80 -7.20 0 0
-8.70 -7.20 0 0
-8.60 -7.20 0 0
-8.50 -7.20 0 0
-8.40 -7.20 0 0
-8.30 -7.20 0 0
-8.20 -7.20 0 0
-8.10 -7.20 0 0
-8.00 -7.20 0 0
-7.90 -7.20 0 0
-7.80 -7.20 0 0
-7.70 -7.20 0 0
-7.60 -7.20 0 0
-7.50 -7.20 0 0
-7.40 -7.20 0 0
-7.30 -7.20 0 0
-7.20 -7.20 0 0
-7.10 -7.20 0 0
-7.00 -7.20 0 0
-6.90 -7.20 0 0
-6.80 -7.20 0 0
-6.70 -7.20 0 0
-6.60 -7.20 0 0
-6.50 -7.20 0 0
-6.40 -7.20 0 0
-6.30 -7.20 0 0
-6.20 -7.20 0 0
-6.10 -7.20 0 0
-6.00 -7.20 0 0
-5.90 -7.20 4 179
-5.80 -7.20 6 177
-5.70 -7.20 8 176
-5.60 -7.20 11 175
-5.50 -7.20 13 174
-5.40 -7.20 16 173
-5.30 -7.20 19 172
-5.20 -7.20 22 171
-5.10 -7.20 24 170
-5.00 -7.20 27 170
-4.90 -7.20 29 169
-4.80 -7.20 31 168
-4.70 -7.20 33 167
-4.60 -7.20 0 0
-4.50 -7.20 0 0
-4.40 -7.20 0 0
-4.30 -7.20 0 0
-4.20 -7.20 0 0
-4.10 -7.20 0 0
-4.00 -7.20 0 0
-3.90 -7.20 0 0
-3.80 -7.20 0 0
-3.70 -7.20 31 223
-3.60 -7.20 32 222
-3.50 -7.20 34 220
-3.40 -7.20 36 220
-3.30 -7.20 38 218
-3.20 -7.20 41 217
-3.10 -7.20 44 215
-3.00 -7.20 47 214
-2.90 -7.20 50 213
-2.80 -7.20 52 212
-2.70 -7.20 55 210
-2.60 -7.20 59 209
-2.50 -7.20 62 208
-2.40 -7.20 64 206
-2.30 -7.20 67 204
-2.20 -7.20 69 203
-2.10 -7.20 70 203
-2.00 -7.20 0 0
-1.90 -7.20 0 0
-1.80 -7.20 0 0
-1.70 -7.20 0 0
-1.60 -7.20 0 0
-1.50 -7.20 0 0
-1.40 -7.20 112 162
-1.30 -7.20 114 160
-1.20 -7.20 116 159
-1.10 -7.20 118 157
-1.00 -7.20 120 157
-0.90 -7.20 122 156
-0.80 -7.20 124 154
-0.70 -7.20 127 154
-0.60 -7.20 129 152
-0.50 -7.20 132 151
-0.40 -7.20 134 150
-0.30 -7.20 137 149
-0.20 -7.20 140 148
-0.10 -7.20 142 147
-0.00 -7.20 145 146
0.10 -7.20 147 144
0.20 -7.20 150 143
0.30 -7.20 153 142
0.40 -7.20 156 140
0.50 -7.20 158 138
0.60 -7.20 160 137
0.70 -7.20 163 136
0.80 -7.20 165 135
0.90 -7.20 168 134
1.00 -7.20 171 133
1.10 -7.20 174 132
1.20 -7.20 176 132
1.30 -7.20 179 131
1.40 -7.20 181 130
1.50 -7.20 184 129
1.60 -7.20 187 129
1.70 -7.20 189 128
1.80 -7.20 0 0
1.90 -7.20 0 0
2.00 -7.20 0 0
2.10 -7.20 0 0
2.20 -7.20 0 0
2.30 -7.20 0 0
2.40 -7.20 0 0
2.50 -7.20 0 0
2.60 -7.20 0 0
2.70 -7.20 0 0
2.80 -7.20 0 0
2.90 -7.20 0 0
3.00 -7.20 0 0
3.10 -7.20 0 0
3.20 -7.20 0 0
3.30 -7.20 0 0
3.40 -7.20 0 0
3.50 -7.20 0 0
3.60 -7.20 0 0
3.70 -7.20 0 0
3.80 -7.20 0 0
3.90 -7.20 0 0
4.00 -7.20 0 0
4.10 -7.20 0 0
4.20 -7.20 0 0
4.30 -7.20 255 74
4.40 -7.20 257 73
4.50 -7.20 258 73
4.60 -7.20 261 72
4.70 -7.20 263 72
4.80 -7.20 266 71
4.90 -7.20 268 70
5.00 -7.20 271 68
5.10 -7.20 273 67
5.20 -7.20 276 66
5.30 -7.20 278 65
5.40 -7.20 280 64
5.50 -7.20 282 63
5.60 -7.20 284 61
5.70 -7.20 287 60
5.80 -7.20 289 59
5.90 -7.20 292 58
6.00 -7.20 294 57
6.10 -7.20 297 56
6.20 -7.20 299 55
6.30 -7.20 301 54
6.40 -7.20 303 53
6.50 -7.20 306 52
6.60 -7.20 307 50
6.70 -7.20 310 49
6.80 -7.20 312 48
6.90 -7.20 315 48
7.00 -7.20 317 47
7.10 -7.20 319 46
7.20 -7.20 321 45
7.30 -7.20 324 43
7.40 -7.20 325 42
7.50 -7.20 328 42
7.60 -7.20 330 41
7.70 -7.20 332 40
7.80 -7.20 335 39
7.90 -7.20 337 38
8.00 -7.20 339 37
8.10 -7.20 342 36
8.20 -7.20 343 36
8.30 -7.20 346 34
8.40 -7.20 349 34
8.50 -7.20 351 32
8.60 -7.20 353 32
8.70 -7.20 355 31
8.80 -7.20 358 29
8.90 -7.20 359 29
9.00 -7.20 362 28
9.10 -7.20 364 27
-9.00 -7.10 0 0
-8.90 -7.10 0 0
-8.80 -7.10 0 0
-8.70 -7.10 0 0
-8.60 -7.10 0 0
-8.50 -7.10 0 0
-8.40 -7.10 0 0
-8.30 -7.10 0 0
-8.20 -7.10 0 0
-8.10 -7.10 0 0
-8.00 -7.10 0 0
-7.90 -7.10 0 0
-7.80 -7.10 0 0
-7.70 -7.10 0 0
-7.60 -7.10 0 0
-7.50 -7.10 0 0
-7.40 -7.10 0 0
-7.30 -7.10 0 0
-7.20 -7.10 0 0
-7.10 -7.10 0 0
-7.00 -7.10 0 0
-6.90 -7.10 0 0
-6.80 -7.10 0 0
-6.70 -7.10 0 0
-6.60 -7.10 0 0
-6.50 -7.10 0 0
-6.40 -7.10 0 0
-6.30 -7.10 0 0
-6.20 -7.10 0 0
-6.10 -7.10 0 0
-6.00 -7.10 4 181
-5.90 -7.10 5 180
-5.80 -7.10 7 178
-5.70 -7.10 9 177
-5.60 -7.10 12 176
-5.50 -7.10 15 175
-5.40 -7.10 18 174
-5.30 -7.10 21 173
-5.20 -7.10 24 172
-5.10 -7.10 26 171
-5.00 -7.10 28 171
-4.90 -7.10 30 170
-4.80 -7.10 31 170
-4.70 -7.10 0 0
-4.60 -7.10 0 0
-4.50 -7.10 0 0
-4.40 -7.10 0 0
-4.30 -7.10 0 0
-4.20 -7.10 0 0
-4.10 -7.10 0 0
-4.00 -7.10 0 0
-3.90 -7.10 0 0
-3.80 -7.10 31 225
-3.70 -7.10 32 224
-3.60 -7.10 33 223
-3.50 -7.10 36 221
-3.40 -7.10 37 220
-3.30 -7.10 40 219
-3.20 -7.10 43 218
-3.10 -7.10 46 216
-3.00 -7.10 49 215
-2.90 -7.10 52 214
-2.80 -7.10 55 213
-2.70 -7.10 58 211
-2.60 -7.10 61 210
-2.50 -7.10 63 209
-2.40 -7.10 66 207
-2.30 -7.10 68 207
-2.20 -7.10 69 205
-2.10 -7.10 0 0
-2.00 -7.10 0 0
-1.90 -7.10 0 0
-1.80 -7.10 0 0
-1.70 -7.10 0 0
-1.60 -7.10 109 165
-1.50 -7.10 110 163
-1.40 -7.10 113 162
-1.30 -7.10 115 161
-1.20 -7.10 116 160
-1.10 -7.10 119 159
-1.00 -7.10 121 158
-0.90 -7.10 123 157
-0.80 -7.10 126 156
-0.70 -7.10 128 155
-0.60 -7.10 131 154
-0.50 -7.10 133 153
-0.40 -7.10 136 151
-0.30 -7.10 138 151
-0.20 -7.10 141 149
-0.10 -7.10 144 148
-0.00 -7.10 145 147
0.10 -7.10 149 145
0.20 -7.10 152 144
0.30 -7.10 154 143
0.40 -7.10 157 141
0.50 -7.10 159 139
0.60 -7.10 161 138
0.70 -7.10 164 137
0.80 -7.10 167 136
0.90 -7.10 169 135
1.00 -7.10 172 134
1.10 -7.10 175 133
1.20 -7.10 177 132
1.30 -7.10 180 131
1.40 -7.10 183 131
1.50 -7.10 185 129
1.60 -7.10 187 129
1.70 -7.10 190 129
1.80 -7.10 192 128
1.90 -7.10 195 127
2.00 -7.10 198 126
2.10 -7.10 200 125
2.20 -7.10 202 125
2.30 -7.10 0 0
2.40 -7.10 0 0
2.50 -7.10 0 0
2.60 -7.10 0 0
2.70 -7.10 0 0
2.80 -7.10 0 0
2.90 -7.10 0 0
3.00 -7.10 0 0
3.10 -7.10 0 0
3.20 -7.10 0 0
3.30 -7.10 0 0
3.40 -7.10 0 0
3.50 -7.10 0 0
3.60 -7.10 0 0
3.70 -7.10 0 0
3.80 -7.10 0 0
3.90 -7.10 0 0
4.00 -7.10 0 0
4.10 -7.10 0 0
4.20 -7.10 0 0
4.30 -7.10 0 0
4.40 -7.10 258 74
4.50 -7.10 259 73
4.60 -7.10 262 73
4.70 -7.10 265 73
4.80 -7.10 268 72
4.90 -7.10 270 71
5.00 -7.10 272 70
5.10 -7.10 275 68
5.20 -7.10 276 67
5.30 -7.10 279 66
5.40 -7.10 281 64
5.50 -7.10 283 64
5.60 -7.10 286 63
5.70 -7.10 288 61
5.80 -7.10 291 60
5.90 -7.10 293 59
6.00 -7.10 296 58
6.10 -7.10 298 57
6.20 -7.10 300 56
6.30 -7.10 302 55
6.40 -7.10 304 54
6.50 -7.10 306 53
6.60 -7.10 309 52
6.70 -7.10 312 51
6.80 -7.10 313 50
6.90 -7.10 316 48
7.00 -7.10 317 47
7.10 -7.10 320 47
7.20 -7.10 323 46
7.30 -7.10 325 45
7.40 -7.10 327 43
7.50 -7.10 329 42
7.60 -7.10 332 41
7.70 -7.10 333 40
7.80 -7.10 336 40
7.90 -7.10 338 39
8.00 -7.10 340 38
8.10 -7.10 343 37
8.20 -7.10 345 36
8.30 -7.10 348 36
8.40 -7.10 350 35
8.50 -7.10 352 34
8.60 -7.10 354 33
8.70 -7.10 357 32
8.80 -7.10 359 31
8.90 -7.10 361 30
9.00 -7.10 363 29
9.10 -7.10 366 28
-9.00 -7.00 0 0
-8.90 -7.00 0 0
-8.80 -7.00 0 0
-8.70 -7.00 0 0
-8.60 -7.00 0 0
-8.50 -7.00 0 0
-8.40 -7.00 0 0
-8.30 -7.00 0 0
-8.20 -7.00 0 0
-8.10 -7.00 0 0
-8.00 -7.00 0 0
-7.90 -7.00 0 0
-7.80 -7.00 0 0
-7.70 -7.00 0 0
-7.60 -7.00 0 0
-7.50 -7.00 0 0
-7.40 -7.00 0 0
-7.30 -7.00 0 0
-7.20 -7.00 0 0
-7.10 -7.00 0 0
-7.00 -7.00 0 0
-6.90 -7.00 0 0
-6.80 -7.00 0 0
-6.70 -7.00 0 0
-6.60 -7.00 0 0
-6.50 -7.00 0 0
-6.40 -7.00 0 0
-6.30 -7.00 0 0
-6.20 -7.00 0 0
-6.10 -7.00 3 183
-6.00 -7.00 5 182
-5.90 -7.00 6 180
-5.80 -7.00 8 179
-5.70 -7.00 11 178
-5.60 -7.00 14 177
-5.50 -7.00 16 176
-5.40 -7.00 19 175
-5.30 -7.00 23 174
-5.20 -7.00 25 173
-5.10 -7.00 27 173
-5.00 -7.00 28 172
-4.90 -7.00 30 172
-4.80 -7.00 0 0
-4.70 -7.00 0 0
-4.60 -7.00 0 0
-4.50 -7.00 0 0
-4.40 -7.00 0 0
-4.30 -7.00 0 0
-4.20 -7.00 0 0
-4.10 -7.00 0 0
-4.00 -7.00 0 0
-3.90 -7.00 0 0
-3.80 -7.00 32 226
-3.70 -7.00 33 225
-3.60 -7.00 34 225
-3.50 -7.00 36 223
-3.40 -7.00 39 222
-3.30 -7.00 42 220
-3.20 -7.00 45 219
-3.10 -7.00 48 218
-3.00 -7.00 50 216
-2.90 -7.00 53 216
-2.80 -7.00 57 214
-2.70 -7.00 59 213
-2.60 -7.00 62 211
-2.50 -7.00 65 210
-2.40 -7.00 67 208
-2.30 -7.00 68 207
-2.20 -7.00 0 0
-2.10 -7.00 0 0
-2.00 -7.00 0 0
-1.90 -7.00 102 169
-1.80 -7.00 104 168
-1.70 -7.00 106 167
-1.60 -7.00 109 166
-1.50 -7.00 111 164
-1.40 -7.00 113 163
-1.30 -7.00 115 162
-1.20 -7.00 117 161
-1.10 -7.00 119 160
-1.00 -7.00 122 159
-0.90 -7.00 124 158
-0.80 -7.00 127 157
-0.70 -7.00 130 156
-0.60 -7.00 133 155
-0.50 -7.00 134 154
-0.40 -7.00 137 153
-0.30 -7.00 140 152
-0.20 -7.00 142 151
-0.10 -7.00 145 150
-0.00 -7.00 148 148
0.10 -7.00 149 147
0.20 -7.00 153 145
0.30 -7.00 155 144
0.40 -7.00 158 142
0.50 -7.00 160 141
0.60 -7.00 163 139
0.70 -7.00 165 138
0.80 -7.00 168 137
0.90 -7.00 170 136
1.00 -7.00 173 135
1.10 -7.00 176 134
1.20 -7.00 178 133
1.30 -7.00 181 132
1.40 -7.00 183 131
1.50 -7.00 186 131
1.60 -7.00 188 130
1.70 -7.00 191 129
1.80 -7.00 193 129
1.90 -7.00 196 128
2.00 -7.00 198 127
2.10 -7.00 201 127
2.20 -7.00 203 125
2.30 -7.00 206 124
2.40 -7.00 208 124
2.50 -7.00 209 123
2.60 -7.00 0 0
2.70 -7.00 0 0
2.80 -7.00 0 0
2.90 -7.00 0 0
3.00 -7.00 0 0
3.10 -7.00 0 0
3.20 -7.00 0 0
3.30 -7.00 0 0
3.40 -7.00 0 0
3.50 -7.00 0 0
3.60 -7.00 0 0
3.70 -7.00 0 0
3.80 -7.00 0 0
3.90 -7.00 0 0
4.00 -7.00 0 0
4.10 -7.00 0 0
4.20 -7.00 0 0
4.30 -7.00 0 0
4.40 -7.00 0 0
4.50 -7.00 261 74
4.60 -7.00 264 74
4.70 -7.00 267 73
4.80 -7.00 269 72
4.90 -7.00 271 72
5.00 -7.00 273 71
5.10 -7.00 275 70
5.20 -7.00 278 68
5.30 -7.00 281 67
5.40 -7.00 283 66
5.50 -7.00 285 65
5.60 -7.00 287 64
5.70 -7.00 290 62
5.80 -7.00 291 62
5.90 -7.00 294 61
6.00 -7.00 297 60
6.10 -7.00 299 58
6.20 -7.00 301 57
6.30 -7.00 303 56
6.40 -7.00 305 55
6.50 -7.00 307 54
6.60 -7.00 310 53
6.70 -7.00 312 52
6.80 -7.00 315 51
6.90 -7.00 317 49
7.00 -7.00 320 49
7.10 -7.00 322 48
7.20 -7.00 324 47
7.30 -7.00 326 46
7.40 -7.00 328 45
7.50 -7.00 331 43
7.60 -7.00 333 43
7.70 -7.00 335 42
7.80 -7.00 337 41
7.90 -7.00 339 40
8.00 -7.00 342 39
8.10 -7.00 345 39
8.20 -7.00 346 38
8.30 -7.00 349 37
8.40 -7.00 351 36
8.50 -7.00 353 35
8.60 -7.00 356 34
8.70 -7.00 358 33
8.80 -7.00 360 31
8.90 -7.00 363 31
9.00 -7.00 365 30
9.10 -7.00 367 29
-9.00 -6.90 0 0
-8.90 -6.90 0 0
-8.80 -6.90 0 0
-8.70 -6.90 0 0
-8.60 -6.90 0 0
-8.50 -6.90 0 0
-8.40 -6.90 0 0
-8.30 -6.90 0 0
-8.20 -6.90 0 0
-8.10 -6.90 0 0
-8.00 -6.90 0 0
-7.90 -6.90 0 0
-7.80 -6.90 0 0
-7.70 -6.90 0 0
-7.60 -6.90 0 0
-7.50 -6.90 0 0
-7.40 -6.90 0 0
-7.30 -6.90 0 0
-7.20 -6.90 0 0
-7.10 -6.90 0 0
-7.00 -6.90 0 0
-6.90 -6.90 0 0
-6.80 -6.90 0 0
-6.70 -6.90 0 0
-6.60 -6.90 0 0
-6.50 -6.90 0 0
-6.40 -6.90 0 0
-6.30 -6.90 0 0
-6.20 -6.90 0 0
-6.10 -6.90 4 184
-6.00 -6.90 5 183
-5.90 -6.90 8 181
-5.80 -6.90 10 180
-5.70 -6.90 13 179
-5.60 -6.90 16 178
-5.50 -6.90 18 177
-5.40 -6.90 21 176
-5.30 -6.90 24 175
-5.20 -6.90 26 175
-5.10 -6.90 28 174
-5.00 -6.90 29 173
-4.90 -6.90 0 0
-4.80 -6.90 0 0
-4.70 -6.90 0 0
-4.60 -6.90 0 0
-4.50 -6.90 0 0
-4.40 -6.90 0 0
-4.30 -6.90 0 0
-4.20 -6.90 0 0
-4.10 -6.90 0 0
-4.00 -6.90 0 0
-3.90 -6.90 0 0
-3.80 -6.90 33 228
-3.70 -6.90 34 226
-3.60 -6.90 36 225
-3.50 -6.90 38 225
-3.40 -6.90 40 224
-3.30 -6.90 43 222
-3.20 -6.90 46 220
-3.10 -6.90 49 219
-3.00 -6.90 52 218
-2.90 -6.90 55 217
-2.80 -6.90 59 215
-2.70 -6.90 61 215
-2.60 -6.90 64 213
-2.50 -6.90 66 211
-2.40 -6.90 67 210
-2.30 -6.90 0 0
-2.20 -6.90 0 0
-2.10 -6.90 99 172
-2.00 -6.90 101 171
-1.90 -6.90 103 170
-1.80 -6.90 105 169
-1.70 -6.90 107 168
-1.60 -6.90 109 167
-1.50 -6.90 112 166
-1.40 -6.90 114 164
-1.30 -6.90 116 163
-1.20 -6.90 118 162
-1.10 -6.90 120 161
-1.00 -6.90 123 161
-0.90 -6.90 125 160
-0.80 -6.90 128 159
-0.70 -6.90 131 158
-0.60 -6.90 133 156
-0.50 -6.90 136 156
-0.40 -6.90 139 155
-0.30 -6.90 141 154
-0.20 -6.90 144 153
-0.10 -6.90 146 151
-0.00 -6.90 149 150
0.10 -6.90 151 148
0.20 -6.90 154 147
0.30 -6.90 157 145
0.40 -6.90 159 144
0.50 -6.90 162 142
0.60 -6.90 164 141
0.70 -6.90 167 139
0.80 -6.90 169 138
0.90 -6.90 172 137
1.00 -6.90 175 136
1.10 -6.90 177 135
1.20 -6.90 179 134
1.30 -6.90 182 133
1.40 -6.90 184 132
1.50 -6.90 187 132
1.60 -6.90 189 131
1.70 -6.90 192 130
1.80 -6.90 194 129
1.90 -6.90 196 129
2.00 -6.90 199 128
2.10 -6.90 201 127
2.20 -6.90 204 126
2.30 -6.90 206 125
2.40 -6.90 208 125
2.50 -6.90 211 124
2.60 -6.90 214 123
2.70 -6.90 216 122
2.80 -6.90 0 0
2.90 -6.90 0 0
3.00 -6.90 0 0
3.10 -6.90 0 0
3.20 -6.90 0 0
3.30 -6.90 0 0
3.40 -6.90 0 0
3.50 -6.90 0 0
3.60 -6.90 0 0
3.70 -6.90 0 0
3.80 -6.90 0 0
3.90 -6.90 0 0
4.00 -6.90 0 0
4.10 -6.90 0 0
4.20 -6.90 0 0
4.30 -6.90 0 0
4.40 -6.90 0 0
4.50 -6.90 0 0
4.60 -6.90 266 74
4.70 -6.90 269 74
4.80 -6.90 270 73
4.90 -6.90 273 73
5.00 -6.90 274 72
5.10 -6.90 277 71
5.20 -6.90 279 69
5.30 -6.90 282 68
5.40 -6.90 284 67
5.50 -6.90 286 66
5.60 -6.90 289 65
5.70 -6.90 291 64
5.80 -6.90 293 63
5.90 -6.90 295 62
6.00 -6.90 298 60
6.10 -6.90 300 59
6.20 -6.90 302 58
6.30 -6.90 304 57
6.40 -6.90 306 56
6.50 -6.90 309 55
6.60 -6.90 312 54
6.70 -6.90 314 53
6.80 -6.90 317 52
6.90 -6.90 319 51
7.00 -6.90 321 50
7.10 -6.90 323 48
7.20 -6.90 325 47
7.30 -6.90 327 47
7.40 -6.90 330 45
7.50 -6.90 332 44
7.60 -6.90 334 44
7.70 -6.90 337 43
7.80 -6.90 339 42
7.90 -6.90 341 41
8.00 -6.90 343 41
8.10 -6.90 346 39
8.20 -6.90 348 38
8.30 -6.90 350 38
8.40 -6.90 353 37
8.50 -6.90 355 36
8.60 -6.90 357 35
8.70 -6.90 359 34
8.80 -6.90 362 33
8.90 -6.90 365 32
9.00 -6.90 366 31
9.10 -6.90 368 30
-9.00 -6.80 0 0
-8.90 -6.80 0 0
-8.80 -6.80 0 0
-8.70 -6.80 0 0
-8.60 -6.80 0 0
-8.50 -6.80 0 0
-8.40 -6.80 0 0
-8.30 -6.80 0 0
-8.20 -6.80 0 0
-8.10 -6.80 0 0
-8.00 -6.80 0 0
-7.90 -6.80 0 0
-7.80 -6.80 0 0
-7.70 -6.80 0 0
-7.60 -6.80 0 0
-7.50 -6.80 0 0
-7.40 -6.80 0 0
-7.30 -6.80 0 0
-7.20 -6.80 0 0
-7.10 -6.80 0 0
-7.00 -6.80 0 0
-6.90 -6.80 0 0
-6.80 -6.80 0 0
-6.70 -6.80 0 0
-6.60 -6.80 0 0
-6.50 -6.80 0 0
-6.40 -6.80 0 0
-6.30 -6.80 0 0
-6.20 -6.80 3 186
-6.10 -6.80 5 185
-6.00 -6.80 7 184
-5.90 -6.80 9 183
-5.80 -6.80 12 181
-5.70 -6.80 14 180
-5.60 -6.80 17 179
-5.50 -6.80 19 178
-5.40 -6.80 22 177
-5.30 -6.80 25 177
-5.20 -6.80 26 176
-5.10 -6.80 27 175
-5.00 -6.80 28 174
-4.90 -6.80 0 0
-4.80 -6.80 0 0
-4.70 -6.80 0 0
-4.60 -6.80 0 0
-4.50 -6.80 0 0
-4.40 -6.80 0 0
-4.30 -6.80 0 0
-4.20 -6.80 0 0
-4.10 -6.80 0 0
-4.00 -6.80 0 0
-3.90 -6.80 33 229
-3.80 -6.80 34 229
-3.70 -6.80 36 228
-3.60 -6.80 37 227
-3.50 -6.80 39 226
-3.40 -6.80 42 225
-3.30 -6.80 45 223
-3.20 -6.80 49 222
-3.10 -6.80 52 220
-3.00 -6.80 54 220
-2.90 -6.80 57 218
-2.80 -6.80 61 216
-2.70 -6.80 63 215
-2.60 -6.80 65 213
-2.50 -6.80 67 213
-2.40 -6.80 94 178
-2.30 -6.80 96 176
-2.20 -6.80 97 175
-2.10 -6.80 99 173
-2.00 -6.80 101 173
-1.90 -6.80 103 171
-1.80 -6.80 105 170
-1.70 -6.80 108 169
-1.60 -6.80 110 168
-1.50 -6.80 112 167
-1.40 -6.80 115 166
-1.30 -6.80 117 165
-1.20 -6.80 120 164
-1.10 -6.80 122 163
-1.00 -6.80 125 162
-0.90 -6.80 127 161
-0.80 -6.80 129 160
-0.70 -6.80 132 159
-0.60 -6.80 135 159
-0.50 -6.80 137 157
-0.40 -6.80 140 156
-0.30 -6.80 143 155
-0.20 -6.80 145 154
-0.10 -6.80 147 153
-0.00 -6.80 150 151
0.10 -6.80 152 150
0.20 -6.80 155 148
0.30 -6.80 158 147
0.40 -6.80 161 145
0.50 -6.80 164 144
0.60 -6.80 166 142
0.70 -6.80 168 141
0.80 -6.80 171 140
0.90 -6.80 173 138
1.00 -6.80 176 138
1.10 -6.80 179 137
1.20 -6.80 180 136
1.30 -6.80 183 135
1.40 -6.80 185 134
1.50 -6.80 188 133
1.60 -6.80 190 132
1.70 -6.80 193 132
1.80 -6.80 195 131
1.90 -6.80 198 130
2.00 -6.80 200 129
2.10 -6.80 203 128
2.20 -6.80 205 127
2.30 -6.80 207 127
2.40 -6.80 210 126
2.50 -6.80 212 124
2.60 -6.80 215 123
2.70 -6.80 218 122
2.80 -6.80 220 121
2.90 -6.80 223 121
3.00 -6.80 0 0
3.10 -6.80 0 0
3.20 -6.80 0 0
3.30 -6.80 0 0
3.40 -6.80 0 0
3.50 -6.80 0 0
3.60 -6.80 0 0
3.70 -6.80 0 0
3.80 -6.80 0 0
3.90 -6.80 0 0
4.00 -6.80 0 0
4.10 -6.80 0 0
4.20 -6.80 0 0
4.30 -6.80 0 0
4.40 -6.80 0 0
4.50 -6.80 0 0
4.60 -6.80 0 0
4.70 -6.80 271 74
4.80 -6.80 273 75
4.90 -6.80 274 74
5.00 -6.80 276 73
5.10 -6.80 278 72
5.20 -6.80 281 71
5.30 -6.80 283 70
5.40 -6.80 285 69
5.50 -6.80 288 67
5.60 -6.80 290 66
5.70 -6.80 292 65
5.80 -6.80 295 64
5.90 -6.80 296 63
6.00 -6.80 299 62
6.10 -6.80 302 61
6.20 -6.80 303 59
6.30 -6.80 306 58
6.40 -6.80 308 57
6.50 -6.80 311 56
6.60 -6.80 313 55
6.70 -6.80 315 54
6.80 -6.80 318 53
6.90 -6.80 320 52
7.00 -6.80 322 51
7.10 -6.80 324 50
7.20 -6.80 327 49
7.30 -6.80 329 48
7.40 -6.80 331 47
7.50 -6.80 334 46
7.60 -6.80 336 45
7.70 -6.80 338 44
7.80 -6.80 340 43
7.90 -6.80 342 42
8.00 -6.80 344 41
8.10 -6.80 347 40
8.20 -6.80 349 39
8.30 -6.80 351 38
8.40 -6.80 353 38
8.50 -6.80 356 37
8.60 -6.80 358 36
8.70 -6.80 360 35
8.80 -6.80 363 34
8.90 -6.80 365 33
9.00 -6.80 367 32
9.10 -6.80 370 31
-9.00 -6.70 0 0
-8.90 -6.70 0 0
-8.80 -6.70 0 0
-8.70 -6.70 0 0
-8.60 -6.70 0 0
-8.50 -6.70 0 0
-8.40 -6.70 0 0
-8.30 -6.70 0 0
-8.20 -6.70 0 0
-8.10 -6.70 0 0
-8.00 -6.70 0 0
-7.90 -6.70 0 0
-7.80 -6.70 0 0
-7.70 -6.70 0 0
-7.60 -6.70 0 0
-7.50 -6.70 0 0
-7.40 -6.70 0 0
-7.30 -6.70 0 0
-7.20 -6.70 0 0
-7.10 -6.70 0 0
-7.00 -6.70 0 0
-6.90 -6.70 0 0
-6.80 -6.70 0 0
-6.70 -6.70 0 0
-6.60 -6.70 0 0
-6.50 -6.70 0 0
-6.40 -6.70 0 0
-6.30 -6.70 0 0
-6.20 -6.70 5 187
-6.10 -6.70 6 186
-6.00 -6.70 8 185
-5.90 -6.70 11 184
-5.80 -6.70 13 182
-5.70 -6.70 16 181
-5.60 -6.70 19 180
-5.50 -6.70 21 179
-5.40 -6.70 23 179
-5.30 -6.70 25 178
-5.20 -6.70 26 177
-5.10 -6.70 0 0
-5.00 -6.70 0 0
-4.90 -6.70 0 0
-4.80 -6.70 0 0
-4.70 -6.70 0 0
-4.60 -6.70 0 0
-4.50 -6.70 0 0
-4.40 -6.70 0 0
-4.30 -6.70 0 0
-4.20 -6.70 0 0
-4.10 -6.70 0 0
-4.00 -6.70 0 0
-3.90 -6.70 34 231
-3.80 -6.70 35 230
-3.70 -6.70 37 229
-3.60 -6.70 38 228
-3.50 -6.70 41 227
-3.40 -6.70 44 226
-3.30 -6.70 47 224
-3.20 -6.70 50 223
-3.10 -6.70 53 222
-3.00 -6.70 55 221
-2.90 -6.70 59 219
-2.80 -6.70 61 218
-2.70 -6.70 64 217
-2.60 -6.70 66 215
-2.50 -6.70 92 180
-2.40 -6.70 94 178
-2.30 -6.70 96 177
-2.20 -6.70 98 176
-2.10 -6.70 100 175
-2.00 -6.70 102 174
-1.90 -6.70 104 173
-1.80 -6.70 106 171
-1.70 -6.70 109 171
-1.60 -6.70 112 170
-1.50 -6.70 114 169
-1.40 -6.70 116 168
-1.30 -6.70 119 167
-1.20 -6.70 121 165
-1.10 -6.70 124 165
-1.00 -6.70 126 164
-0.90 -6.70 128 163
-0.80 -6.70 131 162
-0.70 -6.70 133 161
-0.60 -6.70 136 160
-0.50 -6.70 139 159
-0.40 -6.70 141 158
-0.30 -6.70 144 157
-0.20 -6.70 147 155
-0.10 -6.70 149 154
-0.00 -6.70 152 153
0.10 -6.70 154 151
0.20 -6.70 157 150
0.30 -6.70 159 148
0.40 -6.70 162 146
0.50 -6.70 165 145
0.60 -6.70 168 144
0.70 -6.70 170 142
0.80 -6.70 172 141
0.90 -6.70 175 140
1.00 -6.70 177 139
1.10 -6.70 179 138
1.20 -6.70 182 137
1.30 -6.70 185 136
1.40 -6.70 187 135
1.50 -6.70 189 135
1.60 -6.70 191 134
1.70 -6.70 194 133
1.80 -6.70 197 133
1.90 -6.70 199 132
2.00 -6.70 202 130
2.10 -6.70 204 129
2.20 -6.70 206 129
2.30 -6.70 209 127
2.40 -6.70 211 126
2.50 -6.70 213 126
2.60 -6.70 216 124
2.70 -6.70 219 123
2.80 -6.70 221 122
2.90 -6.70 224 122
3.00 -6.70 226 121
3.10 -6.70 229 120
3.20 -6.70 0 0
3.30 -6.70 0 0
3.40 -6.70 0 0
3.50 -6.70 0 0
3.60 -6.70 0 0
3.70 -6.70 0 0
3.80 -6.70 0 0
3.90 -6.70 0 0
4.00 -6.70 0 0
4.10 -6.70 0 0
4.20 -6.70 0 0
4.30 -6.70 0 0
4.40 -6.70 0 0
4.50 -6.70 0 0
4.60 -6.70 0 0
4.70 -6.70 0 0
4.80 -6.70 273 74
4.90 -6.70 275 74
5.00 -6.70 277 74
5.10 -6.70 280 73
5.20 -6.70 283 72
5.30 -6.70 285 71
5.40 -6.70 287 70
5.50 -6.70 289 69
5.60 -6.70 292 68
5.70 -6.70 294 66
5.80 -6.70 296 65
5.90 -6.70 298 64
6.00 -6.70 300 62
6.10 -6.70 303 61
6.20 -6.70 305 61
6.30 -6.70 308 59
6.40 -6.70 309 58
6.50 -6.70 312 57
6.60 -6.70 315 56
6.70 -6.70 317 55
6.80 -6.70 319 54
6.90 -6.70 321 53
7.00 -6.70 324 52
7.10 -6.70 326 51
7.20 -6.70 328 50
7.30 -6.70 331 49
7.40 -6.70 332 48
7.50 -6.70 335 47
7.60 -6.70 337 46
7.70 -6.70 339 45
7.80 -6.70 341 44
7.90 -6.70 343 43
8.00 -6.70 346 42
8.10 -6.70 348 41
8.20 -6.70 351 40
8.30 -6.70 353 39
8.40 -6.70 355 39
8.50 -6.70 357 38
8.60 -6.70 359 37
8.70 -6.70 362 36
8.80 -6.70 365 35
8.90 -6.70 366 34
9.00 -6.70 369 33
9.10 -6.70 372 32
-9.00 -6.60 0 0
-8.90 -6.60 0 0
-8.80 -6.60 0 0
-8.70 -6.60 0 0
-8.60 -6.60 0 0
-8.50 -6.60 0 0
-8.40 -6.60 0 0
-8.30 -6.60 0 0
-8.20 -6.60 0 0
-8.10 -6.60 0 0
-8.00 -6.60 0 0
-7.90 -6.60 0 0
-7.80 -6.60 0 0
-7.70 -6.60 0 0
-7.60 -6.60 0 0
-7.50 -6.60 0 0
-7.40 -6.60 0 0
-7.30 -6.60 0 0
-7.20 -6.60 0 0
-7.10 -6.60 0 0
-7.00 -6.60 0 0
-6.90 -6.60 0 0
-6.80 -6.60 0 0
-6.70 -6.60 0 0
-6.60 -6.60 0 0
-6.50 -6.60 0 0
-6.40 -6.60 0 0
-6.30 -6.60 4 189
-6.20 -6.60 5 188
-6.10 -6.60 7 186
-6.00 -6.60 10 185
-5.90 -6.60 12 185
-5.80 -6.60 14 183
-5.70 -6.60 17 182
-5.60 -6.60 20 182
-5.50 -6.60 21 181
-5.40 -6.60 24 181
-5.30 -6.60 0 0
-5.20 -6.60 0 0
-5.10 -6.60 0 0
-5.00 -6.60 0 0
-4.90 -6.60 0 0
-4.80 -6.60 0 0
-4.70 -6.60 0 0
-4.60 -6.60 0 0
-4.50 -6.60 0 0
-4.40 -6.60 0 0
-4.30 -6.60 0 0
-4.20 -6.60 0 0
-4.10 -6.60 0 0
-4.00 -6.60 0 0
-3.90 -6.60 35 232
-3.80 -6.60 36 232
-3.70 -6.60 38 231
-3.60 -6.60 40 230
-3.50 -6.60 42 228
-3.40 -6.60 46 227
-3.30 -6.60 49 225
-3.20 -6.60 52 224
-3.10 -6.60 55 223
-3.00 -6.60 58 221
-2.90 -6.60 60 220
-2.80 -6.60 63 219
-2.70 -6.60 64 218
-2.60 -6.60 90 182
-2.50 -6.60 92 180
-2.40 -6.60 94 179
-2.30 -6.60 97 178
-2.20 -6.60 98 177
-2.10 -6.60 100 176
-2.00 -6.60 102 175
-1.90 -6.60 105 174
-1.80 -6.60 107 173
-1.70 -6.60 110 172
-1.60 -6.60 113 171
-1.50 -6.60 115 170
-1.40 -6.60 118 169
-1.30 -6.60 120 168
-1.20 -6.60 123 167
-1.10 -6.60 125 166
-1.00 -6.60 127 165
-0.90 -6.60 130 164
-0.80 -6.60 133 163
-0.70 -6.60 136 162
-0.60 -6.60 138 161
-0.50 -6.60 140 160
-0.40 -6.60 143 159
-0.30 -6.60 145 158
-0.20 -6.60 148 157
-0.10 -6.60 151 156
-0.00 -6.60 153 154
0.10 -6.60 156 152
0.20 -6.60 159 151
0.30 -6.60 161 150
0.40 -6.60 163 148
0.50 -6.60 166 147
0.60 -6.60 168 145
0.70 -6.60 171 144
0.80 -6.60 174 143
0.90 -6.60 177 142
1.00 -6.60 179 141
1.10 -6.60 181 139
1.20 -6.60 183 139
1.30 -6.60 185 138
1.40 -6.60 188 137
1.50 -6.60 191 136
1.60 -6.60 193 135
1.70 -6.60 195 134
1.80 -6.60 198 134
1.90 -6.60 201 133
2.00 -6.60 203 132
2.10 -6.60 205 131
2.20 -6.60 207 130
2.30 -6.60 210 129
2.40 -6.60 213 128
2.50 -6.60 215 126
2.60 -6.60 217 125
2.70 -6.60 220 124
2.80 -6.60 222 123
2.90 -6.60 225 123
3.00 -6.60 227 122
3.10 -6.60 230 121
3.20 -6.60 233 120
3.30 -6.60 0 0
3.40 -6.60 0 0
3.50 -6.60 0 0
3.60 -6.60 0 0
3.70 -6.60 0 0
3.80 -6.60 0 0
3.90 -6.60 0 0
4.00 -6.60 0 0
4.10 -6.60 0 0
4.20 -6.60 0 0
4.30 -6.60 0 0
4.40 -6.60 0 0
4.50 -6.60 0 0
4.60 -6.60 0 0
4.70 -6.60 0 0
4.80 -6.60 0 0
4.90 -6.60 277 75
5.00 -6.60 278 74
5.10 -6.60 281 74
5.20 -6.60 284 73
5.30 -6.60 287 72
5.40 -6.60 289 71
5.50 -6.60 291 70
5.60 -6.60 293 69
5.70 -6.60 295 67
5.80 -6.60 297 66
5.90 -6.60 300 65
6.00 -6.60 302 64
6.10 -6.60 304 63
6.20 -6.60 307 62
6.30 -6.60 309 60
6.40 -6.60 311 59
6.50 -6.60 314 59
6.60 -6.60 316 57
6.70 -6.60 318 56
6.80 -6.60 320 55
6.90 -6.60 322 54
7.00 -6.60 325 53
7.10 -6.60 327 52
7.20 -6.60 329 51
7.30 -6.60 333 50
7.40 -6.60 334 49
7.50 -6.60 336 48
7.60 -6.60 339 48
7.70 -6.60 341 46
7.80 -6.60 343 45
7.90 -6.60 345 44
8.00 -6.60 347 43
8.10 -6.60 350 42
8.20 -6.60 352 41
8.30 -6.60 354 40
8.40 -6.60 357 40
8.50 -6.60 359 38
8.60 -6.60 361 38
8.70 -6.60 364 37
8.80 -6.60 366 36
8.90 -6.60 368 35
9.00 -6.60 370 34
9.10 -6.60 373 33
-9.00 -6.50 0 0
-8.90 -6.50 0 0
-8.80 -6.50 0 0
-8.70 -6.50 0 0
-8.60 -6.50 0 0
-8.50 -6.50 0 0
-8.40 -6.50 0 0
-8.30 -6.50 0 0
-8.20 -6.50 0 0
-8.10 -6.50 0 0
-8.00 -6.50 0 0
-7.90 -6.50 0 0
-7.80 -6.50 0 0
-7.70 -6.50 0 0
-7.60 -6.50 0 0
-7.50 -6.50 0 0
-7.40 -6.50 0 0
-7.30 -6.50 0 0
-7.20 -6.50 0 0
-7.10 -6.50 0 0
-7.00 -6.50 0 0
-6.90 -6.50 0 0
-6.80 -6.50 0 0
-6.70 -6.50 0 0
-6.60 -6.50 0 0
-6.50 -6.50 0 0
-6.40 -6.50 3 191
-6.30 -6.50 5 190
-6.20 -6.50 6 189
-6.10 -6.50 8 188
-6.00 -6.50 11 187
-5.90 -6.50 13 186
-5.80 -6.50 16 185
-5.70 -6.50 18 184
-5.60 -6.50 20 184
-5.50 -6.50 22 183
-5.40 -6.50 0 0
-5.30 -6.50 0 0
-5.20 -6.50 0 0
-5.10 -6.50 0 0
-5.00 -6.50 0 0
-4.90 -6.50 0 0
-4.80 -6.50 0 0
-4.70 -6.50 0 0
-4.60 -6.50 0 0
-4.50 -6.50 0 0
-4.40 -6.50 0 0
-4.30 -6.50 0 0
-4.20 -6.50 0 0
-4.10 -6.50 0 0
-4.00 -6.50 0 0
-3.90 -6.50 36 234
-3.80 -6.50 37 233
-3.70 -6.50 39 232
-3.60 -6.50 42 231
-3.50 -6.50 45 230
-3.40 -6.50 48 228
-3.30 -6.50 50 227
-3.20 -6.50 54 225
-3.10 -6.50 56 224
-3.00 -6.50 58 222
-2.90 -6.50 62 221
-2.80 -6.50 87 185
-2.70 -6.50 88 184
-2.60 -6.50 91 183
-2.50 -6.50 92 182
-2.40 -6.50 95 180
-2.30 -6.50 97 179
-2.20 -6.50 99 178
-2.10 -6.50 101 177
-2.00 -6.50 103 176
-1.90 -6.50 106 175
-1.80 -6.50 109 174
-1.70 -6.50 111 173
-1.60 -6.50 114 173
-1.50 -6.50 116 171
-1.40 -6.50 119 171
-1.30 -6.50 122 170
-1.20 -6.50 124 169
-1.10 -6.50 127 168
-1.00 -6.50 129 167
-0.90 -6.50 131 166
-0.80 -6.50 134 165
-0.70 -6.50 136 164
-0.60 -6.50 139 163
-0.50 -6.50 141 162
-0.40 -6.50 144 161
-0.30 -6.50 147 160
-0.20 -6.50 149 158
-0.10 -6.50 152 157
-0.00 -6.50 154 155
0.10 -6.50 157 154
0.20 -6.50 160 153
0.30 -6.50 163 151
0.40 -6.50 165 150
0.50 -6.50 168 148
0.60 -6.50 170 147
0.70 -6.50 173 146
0.80 -6.50 175 145
0.90 -6.50 177 143
1.00 -6.50 180 142
1.10 -6.50 183 141
1.20 -6.50 185 140
1.30 -6.50 187 140
1.40 -6.50 189 138
1.50 -6.50 192 138
1.60 -6.50 195 137
1.70 -6.50 197 136
1.80 -6.50 200 135
1.90 -6.50 202 134
2.00 -6.50 204 133
2.10 -6.50 207 132
2.20 -6.50 209 131
2.30 -6.50 212 130
2.40 -6.50 213 129
2.50 -6.50 216 128
2.60 -6.50 219 127
2.70 -6.50 221 125
2.80 -6.50 223 124
2.90 -6.50 226 123
3.00 -6.50 229 122
3.10 -6.50 231 121
3.20 -6.50 234 120
3.30 -6.50 237 119
3.40 -6.50 238 119
3.50 -6.50 0 0
3.60 -6.50 0 0
3.70 -6.50 0 0
3.80 -6.50 0 0
3.90 -6.50 0 0
4.00 -6.50 0 0
4.10 -6.50 0 0
4.20 -6.50 0 0
4.30 -6.50 0 0
4.40 -6.50 0 0
4.50 -6.50 0 0
4.60 -6.50 0 0
4.70 -6.50 0 0
4.80 -6.50 0 0
4.90 -6.50 0 0
5.00 -6.50 281 75
5.10 -6.50 283 75
5.20 -6.50 285 74
5.30 -6.50 288 74
5.40 -6.50 290 73
5.50 -6.50 292 72
5.60 -6.50 294 70
5.70 -6.50 296 69
5.80 -6.50 299 67
5.90 -6.50 301 66
6.00 -6.50 304 66
6.10 -6.50 306 64
6.20 -6.50 308 63
6.30 -6.50 311 62
6.40 -6.50 313 61
6.50 -6.50 315 59
6.60 -6.50 317 59
6.70 -6.50 319 58
6.80 -6.50 322 56
6.90 -6.50 324 55
7.00 -6.50 326 54
7.10 -6.50 329 53
7.20 -6.50 331 52
7.30 -6.50 332 51
7.40 -6.50 335 50
7.50 -6.50 337 49
7.60 -6.50 340 48
7.70 -6.50 342 47
7.80 -6.50 344 46
7.90 -6.50 347 45
8.00 -6.50 349 44
8.10 -6.50 351 43
8.20 -6.50 354 42
8.30 -6.50 355 41
8.40 -6.50 357 40
8.50 -6.50 360 39
8.60 -6.50 362 38
8.70 -6.50 365 38
8.80 -6.50 367 36
8.90 -6.50 369 36
9.00 -6.50 371 35
9.10 -6.50 374 34
-9.00 -6.40 0 0
-8.90 -6.40 0 0
-8.80 -6.40 0 0
-8.70 -6.40 0 0
-8.60 -6.40 0 0
-8.50 -6.40 0 0
-8.40 -6.40 0 0
-8.30 -6.40 0 0
-8.20 -6.40 0 0
-8.10 -6.40 0 0
-8.00 -6.40 0 0
-7.90 -6.40 0 0
-7.80 -6.40 0 0
-7.70 -6.40 0 0
-7.60 -6.40 0 0
-7.50 -6.40 0 0
-7.40 -6.40 0 0
-7.30 -6.40 0 0
-7.20 -6.40 0 0
-7.10 -6.40 0 0
-7.00 -6.40 0 0
-6.90 -6.40 0 0
-6.80 -6.40 0 0
-6.70 -6.40 0 0
-6.60 -6.40 0 0
-6.50 -6.40 0 0
-6.40 -6.40 4 192
-6.30 -6.40 6 191
-6.20 -6.40 7 190
-6.10 -6.40 10 189
-6.00 -6.40 12 188
-5.90 -6.40 15 187
-5.80 -6.40 17 186
-5.70 -6.40 19 185
-5.60 -6.40 21 185
-5.50 -6.40 22 185
-5.40 -6.40 0 0
-5.30 -6.40 0 0
-5.20 -6.40 0 0
-5.10 -6.40 0 0
-5.00 -6.40 0 0
-4.90 -6.40 0 0
-4.80 -6.40 0 0
-4.70 -6.40 0 0
-4.60 -6.40 0 0
-4.50 -6.40 0 0
-4.40 -6.40 0 0
-4.30 -6.40 0 0
-4.20 -6.40 0 0
-4.10 -6.40 0 0
-4.00 -6.40 36 237
-3.90 -6.40 37 236
-3.80 -6.40 39 235
-3.70 -6.40 41 234
-3.60 -6.40 43 233
-3.50 -6.40 46 231
-3.40 -6.40 50 230
-3.30 -6.40 53 228
-3.20 -6.40 55 227
-3.10 -6.40 57 225
-3.00 -6.40 59 223
-2.90 -6.40 85 187
-2.80 -6.40 87 186
-2.70 -6.40 89 185
-2.60 -6.40 91 183
-2.50 -6.40 94 182
-2.40 -6.40 95 182
-2.30 -6.40 98 181
-2.20 -6.40 100 179
-2.10 -6.40 103 179
-2.00 -6.40 105 178
-1.90 -6.40 107 177
-1.80 -6.40 111 176
-1.70 -6.40 113 175
-1.60 -6.40 115 174
-1.50 -6.40 118 173
-1.40 -6.40 121 172
-1.30 -6.40 123 171
-1.20 -6.40 126 170
-1.10 -6.40 128 170
-1.00 -6.40 130 168
-0.90 -6.40 133 168
-0.80 -6.40 135 167
-0.70 -6.40 138 166
-0.60 -6.40 140 164
-0.50 -6.40 143 163
-0.40 -6.40 146 162
-0.30 -6.40 148 161
-0.20 -6.40 151 160
-0.10 -6.40 153 159
-0.00 -6.40 156 157
0.10 -6.40 159 156
0.20 -6.40 162 154
0.30 -6.40 164 153
0.40 -6.40 166 151
0.50 -6.40 169 150
0.60 -6.40 171 149
0.70 -6.40 174 148
0.80 -6.40 177 146
0.90 -6.40 179 145
1.00 -6.40 182 144
1.10 -6.40 184 143
1.20 -6.40 186 142
1.30 -6.40 188 141
1.40 -6.40 191 140
1.50 -6.40 194 139
1.60 -6.40 196 139
1.70 -6.40 199 138
1.80 -6.40 201 137
1.90 -6.40 203 136
2.00 -6.40 206 135
2.10 -6.40 208 133
2.20 -6.40 211 133
2.30 -6.40 213 131
2.40 -6.40 215 131
2.50 -6.40 217 129
2.60 -6.40 220 128
2.70 -6.40 223 127
2.80 -6.40 224 126
2.90 -6.40 228 124
3.00 -6.40 230 123
3.10 -6.40 232 122
3.20 -6.40 235 121
3.30 -6.40 237 120
3.40 -6.40 240 119
3.50 -6.40 242 119
3.60 -6.40 0 0
3.70 -6.40 0 0
3.80 -6.40 0 0
3.90 -6.40 0 0
4.00 -6.40 0 0
4.10 -6.40 0 0
4.20 -6.40 0 0
4.30 -6.40 0 0
4.40 -6.40 0 0
4.50 -6.40 0 0
4.60 -6.40 0 0
4.70 -6.40 0 0
4.80 -6.40 0 0
4.90 -6.40 0 0
5.00 -6.40 0 0
5.10 -6.40 285 76
5.20 -6.40 287 75
5.30 -6.40 289 75
5.40 -6.40 291 74
5.50 -6.40 293 73
5.60 -6.40 295 72
5.70 -6.40 298 70
5.80 -6.40 300 69
5.90 -6.40 302 67
6.00 -6.40 305 66
6.10 -6.40 307 65
6.20 -6.40 310 64
6.30 -6.40 311 63
6.40 -6.40 313 62
6.50 -6.40 316 61
6.60 -6.40 319 60
6.70 -6.40 321 58
6.80 -6.40 323 58
6.90 -6.40 326 56
7.00 -6.40 328 55
7.10 -6.40 329 54
7.20 -6.40 332 53
7.30 -6.40 334 52
7.40 -6.40 336 51
7.50 -6.40 339 50
7.60 -6.40 341 49
7.70 -6.40 343 48
7.80 -6.40 345 47
7.90 -6.40 348 46
8.00 -6.40 350 45
8.10 -6.40 352 44
8.20 -6.40 355 43
8.30 -6.40 357 43
8.40 -6.40 359 41
8.50 -6.40 361 41
8.60 -6.40 364 40
8.70 -6.40 367 39
8.80 -6.40 368 38
8.90 -6.40 370 37
9.00 -6.40 373 36
9.10 -6.40 375 35
-9.00 -6.30 0 0
-8.90 -6.30 0 0
-8.80 -6.30 0 0
-8.70 -6.30 0 0
-8.60 -6.30 0 0
-8.50 -6.30 0 0
-8.40 -6.30 0 0
-8.30 -6.30 0 0
-8.20 -6.30 0 0
-8.10 -6.30 0 0
-8.00 -6.30 0 0
-7.90 -6.30 0 0
-7.80 -6.30 0 0
-7.70 -6.30 0 0
-7.60 -6.30 0 0
-7.50 -6.30 0 0
-7.40 -6.30 0 0
-7.30 -6.30 0 0
-7.20 -6.30 0 0
-7.10 -6.30 0 0
-7.00 -6.30 0 0
-6.90 -6.30 0 0
-6.80 -6.30 0 0
-6.70 -6.30 0 0
-6.60 -6.30 0 0
-6.50 -6.30 3 195
-6.40 -6.30 5 193
-6.30 -6.30 6 192
-6.20 -6.30 8 191
-6.10 -6.30 11 190
-6.00 -6.30 14 189
-5.90 -6.30 16 188
-5.80 -6.30 18 188
-5.70 -6.30 19 187
-5.60 -6.30 21 187
-5.50 -6.30 0 0
-5.40 -6.30 0 0
-5.30 -6.30 0 0
-5.20 -6.30 0 0
-5.10 -6.30 0 0
-5.00 -6.30 0 0
-4.90 -6.30 0 0
-4.80 -6.30 0 0
-4.70 -6.30 0 0
-4.60 -6.30 0 0
-4.50 -6.30 0 0
-4.40 -6.30 0 0
-4.30 -6.30 0 0
-4.20 -6.30 0 0
-4.10 -6.30 0 0
-4.00 -6.30 37 238
-3.90 -6.30 39 237
-3.80 -6.30 40 236
-3.70 -6.30 43 236
-3.60 -6.30 45 234
-3.50 -6.30 49 232
-3.40 -6.30 52 231
-3.30 -6.30 54 229
-3.20 -6.30 56 228
-3.10 -6.30 58 226
-3.00 -6.30 84 188
-2.90 -6.30 85 188
-2.80 -6.30 87 187
-2.70 -6.30 89 186
-2.60 -6.30 92 185
-2.50 -6.30 94 184
-2.40 -6.30 97 183
-2.30 -6.30 99 182
-2.20 -6.30 101 181
-2.10 -6.30 104 180
-2.00 -6.30 106 180
-1.90 -6.30 109 179
-1.80 -6.30 111 178
-1.70 -6.30 114 177
-1.60 -6.30 117 176
-1.50 -6.30 120 175
-1.40 -6.30 122 174
-1.30 -6.30 124 173
-1.20 -6.30 126 172
-1.10 -6.30 129 171
-1.00 -6.30 132 170
-0.90 -6.30 134 169
-0.80 -6.30 137 168
-0.70 -6.30 139 167
-0.60 -6.30 142 166
-0.50 -6.30 145 165
-0.40 -6.30 147 164
-0.30 -6.30 150 163
-0.20 -6.30 152 161
-0.10 -6.30 155 160
-0.00 -6.30 158 158
0.10 -6.30 160 157
0.20 -6.30 162 156
0.30 -6.30 166 154
0.40 -6.30 168 153
0.50 -6.30 170 151
0.60 -6.30 173 150
0.70 -6.30 176 149
0.80 -6.30 178 147
0.90 -6.30 180 146
1.00 -6.30 183 145
1.10 -6.30 185 144
1.20 -6.30 187 143
1.30 -6.30 190 142
1.40 -6.30 193 142
1.50 -6.30 195 141
1.60 -6.30 198 140
1.70 -6.30 200 139
1.80 -6.30 202 139
1.90 -6.30 204 137
2.00 -6.30 207 136
2.10 -6.30 210 135
2.20 -6.30 212 134
2.30 -6.30 214 133
2.40 -6.30 216 131
2.50 -6.30 219 130
2.60 -6.30 221 129
2.70 -6.30 224 128
2.80 -6.30 227 127
2.90 -6.30 229 126
3.00 -6.30 232 124
3.10 -6.30 234 123
3.20 -6.30 236 122
3.30 -6.30 239 121
3.40 -6.30 241 120
3.50 -6.30 244 119
3.60 -6.30 246 119
3.70 -6.30 249 118
3.80 -6.30 0 0
3.90 -6.30 0 0
4.00 -6.30 0 0
4.10 -6.30 0 0
4.20 -6.30 0 0
4.30 -6.30 0 0
4.40 -6.30 0 0
4.50 -6.30 0 0
4.60 -6.30 0 0
4.70 -6.30 0 0
4.80 -6.30 0 0
4.90 -6.30 0 0
5.00 -6.30 0 0
5.10 -6.30 287 76
5.20 -6.30 289 76
5.30 -6.30 290 75
5.40 -6.30 292 75
5.50 -6.30 294 74
5.60 -6.30 297 72
5.70 -6.30 299 71
5.80 -6.30 301 70
5.90 -6.30 304 69
6.00 -6.30 306 67
6.10 -6.30 309 67
6.20 -6.30 311 65
6.30 -6.30 313 64
6.40 -6.30 315 63
6.50 -6.30 317 62
6.60 -6.30 320 61
6.70 -6.30 322 60
6.80 -6.30 324 59
6.90 -6.30 327 57
7.00 -6.30 329 56
7.10 -6.30 331 55
7.20 -6.30 333 54
7.30 -6.30 335 53
7.40 -6.30 338 52
7.50 -6.30 340 51
7.60 -6.30 342 50
7.70 -6.30 345 49
7.80 -6.30 347 48
7.90 -6.30 349 47
8.00 -6.30 352 46
8.10 -6.30 354 45
8.20 -6.30 356 44
8.30 -6.30 358 43
8.40 -6.30 360 43
8.50 -6.30 363 41
8.60 -6.30 365 41
8.70 -6.30 367 40
8.80 -6.30 369 39
8.90 -6.30 372 38
9.00 -6.30 374 37
9.10 -6.30 376 36
-9.00 -6.20 0 0
-8.90 -6.20 0 0
-8.80 -6.20 0 0
-8.70 -6.20 0 0
-8.60 -6.20 0 0
-8.50 -6.20 0 0
-8.40 -6.20 0 0
-8.30 -6.20 0 0
-8.20 -6.20 0 0
-8.10 -6.20 0 0
-8.00 -6.20 0 0
-7.90 -6.20 0 0
-7.80 -6.20 0 0
-7.70 -6.20 0 0
-7.60 -6.20 0 0
-7.50 -6.20 0 0
-7.40 -6.20 0 0
-7.30 -6.20 0 0
-7.20 -6.20 0 0
-7.10 -6.20 0 0
-7.00 -6.20 0 0
-6.90 -6.20 0 0
-6.80 -6.20 0 0
-6.70 -6.20 0 0
-6.60 -6.20 3 197
-6.50 -6.20 4 196
-6.40 -6.20 6 195
-6.30 -6.20 7 194
-6.20 -6.20 9 192
-6.10 -6.20 12 191
-6.00 -6.20 15 190
-5.90 -6.20 17 190
-5.80 -6.20 18 189
-5.70 -6.20 20 189
-5.60 -6.20 0 0
-5.50 -6.20 0 0
-5.40 -6.20 0 0
-5.30 -6.20 0 0
-5.20 -6.20 0 0
-5.10 -6.20 0 0
-5.00 -6.20 0 0
-4.90 -6.20 0 0
-4.80 -6.20 0 0
-4.70 -6.20 0 0
-4.60 -6.20 0 0
-4.50 -6.20 0 0
-4.40 -6.20 0 0
-4.30 -6.20 0 0
-4.20 -6.20 0 0
-4.10 -6.20 37 240
-4.00 -6.20 38 240
-3.90 -6.20 40 239
-3.80 -6.20 42 238
-3.70 -6.20 44 237
-3.60 -6.20 47 235
-3.50 -6.20 50 233
-3.40 -6.20 53 232
-3.30 -6.20 55 231
-3.20 -6.20 57 230
-3.10 -6.20 83 191
-3.00 -6.20 85 190
-2.90 -6.20 86 189
-2.80 -6.20 88 188
-2.70 -6.20 90 187
-2.60 -6.20 93 186
-2.50 -6.20 96 185
-2.40 -6.20 98 184
-2.30 -6.20 100 183
-2.20 -6.20 103 183
-2.10 -6.20 105 182
-2.00 -6.20 108 181
-1.90 -6.20 110 180
-1.80 -6.20 113 179
-1.70 -6.20 116 179
-1.60 -6.20 118 177
-1.50 -6.20 120 177
-1.40 -6.20 123 175
-1.30 -6.20 126 174
-1.20 -6.20 128 174
-1.10 -6.20 131 172
-1.00 -6.20 133 172
-0.90 -6.20 136 171
-0.80 -6.20 138 170
-0.70 -6.20 141 169
-0.60 -6.20 144 168
-0.50 -6.20 147 167
-0.40 -6.20 149 165
-0.30 -6.20 151 164
-0.20 -6.20 154 163
-0.10 -6.20 157 161
-0.00 -6.20 159 160
0.10 -6.20 162 159
0.20 -6.20 164 157
0.30 -6.20 167 156
0.40 -6.20 169 154
0.50 -6.20 172 153
0.60 -6.20 175 151
0.70 -6.20 177 150
0.80 -6.20 179 149
0.90 -6.20 182 148
1.00 -6.20 184 147
1.10 -6.20 187 146
1.20 -6.20 189 145
1.30 -6.20 191 144
1.40 -6.20 193 143
1.50 -6.20 196 143
1.60 -6.20 199 142
1.70 -6.20 201 141
1.80 -6.20 203 140
1.90 -6.20 206 139
2.00 -6.20 209 138
2.10 -6.20 211 137
2.20 -6.20 213 135
2.30 -6.20 216 134
2.40 -6.20 218 133
2.50 -6.20 220 132
2.60 -6.20 223 131
2.70 -6.20 225 129
2.80 -6.20 228 128
2.90 -6.20 231 127
3.00 -6.20 233 126
3.10 -6.20 235 125
3.20 -6.20 237 123
3.30 -6.20 240 122
3.40 -6.20 243 121
3.50 -6.20 245 120
3.60 -6.20 247 119
3.70 -6.20 250 118
3.80 -6.20 252 118
3.90 -6.20 0 0
4.00 -6.20 0 0
4.10 -6.20 0 0
4.20 -6.20 0 0
4.30 -6.20 0 0
4.40 -6.20 0 0
4.50 -6.20 0 0
4.60 -6.20 0 0
4.70 -6.20 0 0
4.80 -6.20 0 0
4.90 -6.20 0 0
5.00 -6.20 0 0
5.10 -6.20 0 0
5.20 -6.20 290 77
5.30 -6.20 291 76
5.40 -6.20 293 76
5.50 -6.20 295 75
5.60 -6.20 297 74
5.70 -6.20 300 72
5.80 -6.20 303 71
5.90 -6.20 305 70
6.00 -6.20 307 69
6.10 -6.20 310 67
6.20 -6.20 312 66
6.30 -6.20 314 65
6.40 -6.20 316 64
6.50 -6.20 319 63
6.60 -6.20 321 62
6.70 -6.20 323 61
6.80 -6.20 326 60
6.90 -6.20 328 58
7.00 -6.20 330 57
7.10 -6.20 332 56
7.20 -6.20 335 56
7.30 -6.20 337 54
7.40 -6.20 339 53
7.50 -6.20 341 52
7.60 -6.20 344 51
7.70 -6.20 346 51
7.80 -6.20 348 49
7.90 -6.20 351 48
8.00 -6.20 353 47
8.10 -6.20 355 46
8.20 -6.20 357 45
8.30 -6.20 359 44
8.40 -6.20 362 43
8.50 -6.20 364 42
8.60 -6.20 367 41
8.70 -6.20 369 41
8.80 -6.20 371 40
8.90 -6.20 374 39
9.00 -6.20 376 38
9.10 -6.20 378 37
-9.00 -6.10 0 0
-8.90 -6.10 0 0
-8.80 -6.10 0 0
-8.70 -6.10 0 0
-8.60 -6.10 0 0
-8.50 -6.10 0 0
-8.40 -6.10 0 0
-8.30 -6.10 0 0
-8.20 -6.10 0 0
-8.10 -6.10 0 0
-8.00 -6.10 0 0
-7.90 -6.10 0 0
-7.80 -6.10 0 0
-7.70 -6.10 0 0
-7.60 -6.10 0 0
-7.50 -6.10 0 0
-7.40 -6.10 0 0
-7.30 -6.10 0 0
-7.20 -6.10 0 0
-7.10 -6.10 0 0
-7.00 -6.10 0 0
-6.90 -6.10 0 0
-6.80 -6.10 0 0
-6.70 -6.10 0 0
-6.60 -6.10 4 198
-6.50 -6.10 5 197
-6.40 -6.10 7 196
-6.30 -6.10 8 195
-6.20 -6.10 11 194
-6.10 -6.10 13 192
-6.00 -6.10 16 191
-5.90 -6.10 17 190
-5.80 -6.10 19 190
-5.70 -6.10 20 189
-5.60 -6.10 0 0
-5.50 -6.10 0 0
-5.40 -6.10 0 0
-5.30 -6.10 0 0
-5.20 -6.10 0 0
-5.10 -6.10 0 0
-5.00 -6.10 0 0
-4.90 -6.10 0 0
-4.80 -6.10 0 0
-4.70 -6.10 0 0
-4.60 -6.10 0 0
-4.50 -6.10 0 0
-4.40 -6.10 0 0
-4.30 -6.10 0 0
-4.20 -6.10 0 0
-4.10 -6.10 38 241
-4.00 -6.10 39 241
-3.90 -6.10 41 240
-3.80 -6.10 44 239
-3.70 -6.10 45 238
-3.60 -6.10 48 236
-3.50 -6.10 51 235
-3.40 -6.10 54 233
-3.30 -6.10 55 232
-3.20 -6.10 82 193
-3.10 -6.10 83 192
-3.00 -6.10 85 191
-2.90 -6.10 87 190
-2.80 -6.10 89 189
-2.70 -6.10 91 188
-2.60 -6.10 94 188
-2.50 -6.10 97 187
-2.40 -6.10 99 186
-2.30 -6.10 102 185
-2.20 -6.10 104 184
-2.10 -6.10 106 183
-2.00 -6.10 110 183
-1.90 -6.10 112 182
-1.80 -6.10 114 181
-1.70 -6.10 117 180
-1.60 -6.10 119 180
-1.50 -6.10 121 178
-1.40 -6.10 124 177
-1.30 -6.10 127 175
-1.20 -6.10 130 175
-1.10 -6.10 132 174
-1.00 -6.10 134 173
-0.90 -6.10 137 172
-0.80 -6.10 139 171
-0.70 -6.10 142 170
-0.60 -6.10 145 169
-0.50 -6.10 148 168
-0.40 -6.10 150 167
-0.30 -6.10 152 166
-0.20 -6.10 155 164
-0.10 -6.10 158 163
-0.00 -6.10 161 162
0.10 -6.10 163 160
0.20 -6.10 165 159
0.30 -6.10 168 157
0.40 -6.10 171 156
0.50 -6.10 173 154
0.60 -6.10 176 153
0.70 -6.10 178 152
0.80 -6.10 180 151
0.90 -6.10 183 150
1.00 -6.10 186 149
1.10 -6.10 188 148
1.20 -6.10 191 147
1.30 -6.10 193 146
1.40 -6.10 195 145
1.50 -6.10 198 144
1.60 -6.10 200 143
1.70 -6.10 203 142
1.80 -6.10 205 141
1.90 -6.10 207 140
2.00 -6.10 210 139
2.10 -6.10 212 138
2.20 -6.10 214 137
2.30 -6.10 216 136
2.40 -6.10 220 134
2.50 -6.10 222 133
2.60 -6.10 225 132
2.70 -6.10 227 130
2.80 -6.10 229 130
2.90 -6.10 232 129
3.00 -6.10 234 127
3.10 -6.10 237 126
3.20 -6.10 239 125
3.30 -6.10 241 123
3.40 -6.10 244 122
3.50 -6.10 246 121
3.60 -6.10 249 120
3.70 -6.10 251 119
3.80 -6.10 254 118
3.90 -6.10 255 118
4.00 -6.10 0 0
4.10 -6.10 0 0
4.20 -6.10 0 0
4.30 -6.10 0 0
4.40 -6.10 0 0
4.50 -6.10 0 0
4.60 -6.10 0 0
4.70 -6.10 0 0
4.80 -6.10 0 0
4.90 -6.10 0 0
5.00 -6.10 0 0
5.10 -6.10 0 0
5.20 -6.10 0 0
5.30 -6.10 292 77
5.40 -6.10 294 76
5.50 -6.10 296 76
5.60 -6.10 299 75
5.70 -6.10 302 73
5.80 -6.10 304 72
5.90 -6.10 306 71
6.00 -6.10 309 70
6.10 -6.10 311 69
6.20 -6.10 313 67
6.30 -6.10 315 66
6.40 -6.10 318 65
6.50 -6.10 320 64
6.60 -6.10 323 63
6.70 -6.10 325 62
6.80 -6.10 327 61
6.90 -6.10 329 60
7.00 -6.10 331 59
7.10 -6.10 334 58
7.20 -6.10 336 56
7.30 -6.10 338 55
7.40 -6.10 341 54
7.50 -6.10 343 53
7.60 -6.10 345 52
7.70 -6.10 347 51
7.80 -6.10 350 50
7.90 -6.10 352 49
8.00 -6.10 354 48
8.10 -6.10 357 47
8.20 -6.10 359 46
8.30 -6.10 362 45
8.40 -6.10 363 44
8.50 -6.10 366 44
8.60 -6.10 368 43
8.70 -6.10 371 42
8.80 -6.10 373 41
8.90 -6.10 375 40
9.00 -6.10 377 39
9.10 -6.10 380 38
-9.00 -6.00 0 0
-8.90 -6.00 0 0
-8.80 -6.00 0 0
-8.70 -6.00 0 0
-8.60 -6.00 0 0
-8.50 -6.00 0 0
-8.40 -6.00 0 0
-8.30 -6.00 0 0
-8.20 -6.00 0 0
-8.10 -6.00 0 0
-8.00 -6.00 0 0
-7.90 -6.00 0 0
-7.80 -6.00 0 0
-7.70 -6.00 0 0
-7.60 -6.00 0 0
-7.50 -6.00 0 0
-7.40 -6.00 0 0
-7.30 -6.00 0 0
-7.20 -6.00 0 0
-7.10 -6.00 0 0
-7.00 -6.00 0 0
-6.90 -6.00 0 0
-6.80 -6.00 0 0
-6.70 -6.00 3 201
-6.60 -6.00 4 199
-6.50 -6.00 5 198
-6.40 -6.00 7 197
-6.30 -6.00 9 196
-6.20 -6.00 12 195
-6.10 -6.00 14 194
-6.00 -6.00 16 193
-5.90 -6.00 17 193
-5.80 -6.00 19 191
-5.70 -6.00 0 0
-5.60 -6.00 0 0
-5.50 -6.00 0 0
-5.40 -6.00 0 0
-5.30 -6.00 0 0
-5.20 -6.00 0 0
-5.10 -6.00 0 0
-5.00 -6.00 0 0
-4.90 -6.00 0 0
-4.80 -6.00 0 0
-4.70 -6.00 0 0
-4.60 -6.00 0 0
-4.50 -6.00 0 0
-4.40 -6.00 0 0
-4.30 -6.00 0 0
-4.20 -6.00 0 0
-4.10 -6.00 39 243
-4.00 -6.00 41 242
-3.90 -6.00 42 241
-3.80 -6.00 45 240
-3.70 -6.00 47 238
-3.60 -6.00 50 237
-3.50 -6.00 52 236
-3.40 -6.00 54 235
-3.30 -6.00 56 233
-3.20 -6.00 82 195
-3.10 -6.00 84 194
-3.00 -6.00 86 193
-2.90 -6.00 88 192
-2.80 -6.00 91 191
-2.70 -6.00 93 190
-2.60 -6.00 95 189
-2.50 -6.00 98 188
-2.40 -6.00 101 187
-2.30 -6.00 104 186
-2.20 -6.00 106 186
-2.10 -6.00 108 185
-2.00 -6.00 111 184
-1.90 -6.00 113 183
-1.80 -6.00 116 182
-1.70 -6.00 118 182
-1.60 -6.00 121 180
-1.50 -6.00 124 180
-1.40 -6.00 126 179
-1.30 -6.00 128 177
-1.20 -6.00 131 176
-1.10 -6.00 134 176
-1.00 -6.00 136 175
-0.90 -6.00 139 173
-0.80 -6.00 141 172
-0.70 -6.00 145 171
-0.60 -6.00 147 171
-0.50 -6.00 149 169
-0.40 -6.00 151 169
-0.30 -6.00 154 167
-0.20 -6.00 157 166
-0.10 -6.00 159 164
-0.00 -6.00 162 163
0.10 -6.00 164 161
0.20 -6.00 167 160
0.30 -6.00 169 158
0.40 -6.00 172 157
0.50 -6.00 175 156
0.60 -6.00 177 155
0.70 -6.00 180 153
0.80 -6.00 182 153
0.90 -6.00 184 152
1.00 -6.00 187 151
1.10 -6.00 189 150
1.20 -6.00 192 148
1.30 -6.00 194 148
1.40 -6.00 197 146
1.50 -6.00 199 146
1.60 -6.00 202 145
1.70 -6.00 204 144
1.80 -6.00 206 143
1.90 -6.00 209 142
2.00 -6.00 211 141
2.10 -6.00 214 140
2.20 -6.00 216 138
2.30 -6.00 219 137
2.40 -6.00 221 136
2.50 -6.00 223 135
2.60 -6.00 225 134
2.70 -6.00 228 132
2.80 -6.00 230 131
2.90 -6.00 233 130
3.00 -6.00 236 128
3.10 -6.00 238 127
3.20 -6.00 240 126
3.30 -6.00 243 125
3.40 -6.00 245 123
3.50 -6.00 248 122
3.60 -6.00 250 121
3.70 -6.00 253 120
3.80 -6.00 255 119
3.90 -6.00 257 119
4.00 -6.00 259 118
4.10 -6.00 0 0
4.20 -6.00 0 0
4.30 -6.00 0 0
4.40 -6.00 0 0
4.50 -6.00 0 0
4.60 -6.00 0 0
4.70 -6.00 0 0
4.80 -6.00 0 0
4.90 -6.00 0 0
5.00 -6.00 0 0
5.10 -6.00 0 0
5.20 -6.00 0 0
5.30 -6.00 0 0
5.40 -6.00 295 77
5.50 -6.00 298 77
5.60 -6.00 301 76
5.70 -6.00 303 75
5.80 -6.00 305 73
5.90 -6.00 308 72
6.00 -6.00 310 71
6.10 -6.00 312 70
6.20 -6.00 315 69
6.30 -6.00 316 67
6.40 -6.00 319 66
6.50 -6.00 321 66
6.60 -6.00 324 64
6.70 -6.00 326 63
6.80 -6.00 329 62
6.90 -6.00 331 61
7.00 -6.00 333 60
7.10 -6.00 336 59
7.20 -6.00 337 58
7.30 -6.00 340 56
7.40 -6.00 342 55
7.50 -6.00 344 54
7.60 -6.00 347 53
7.70 -6.00 349 52
7.80 -6.00 351 51
7.90 -6.00 354 51
8.00 -6.00 356 49
8.10 -6.00 358 48
8.20 -6.00 360 47
8.30 -6.00 363 46
8.40 -6.00 365 45
8.50 -6.00 367 44
8.60 -6.00 369 44
8.70 -6.00 372 43
8.80 -6.00 374 42
8.90 -6.00 376 41
9.00 -6.00 378 40
9.10 -6.00 381 39
-9.00 -5.90 0 0
-8.90 -5.90 0 0
-8.80 -5.90 0 0
-8.70 -5.90 0 0
-8.60 -5.90 0 0
-8.50 -5.90 0 0
-8.40 -5.90 0 0
-8.30 -5.90 0 0
-8.20 -5.90 0 0
-8.10 -5.90 0 0
-8.00 -5.90 0 0
-7.90 -5.90 0 0
-7.80 -5.90 0 0
-7.70 -5.90 0 0
-7.60 -5.90 0 0
-7.50 -5.90 0 0
-7.40 -5.90 0 0
-7.30 -5.90 0 0
-7.20 -5.90 0 0
-7.10 -5.90 0 0
-7.00 -5.90 0 0
-6.90 -5.90 0 0
-6.80 -5.90 0 0
-6.70 -5.90 3 202
-6.60 -5.90 4 201
-6.50 -5.90 6 200
-6.40 -5.90 8 199
-6.30 -5.90 11 198
-6.20 -5.90 13 197
-6.10 -5.90 15 195
-6.00 -5.90 16 194
-5.90 -5.90 18 193
-5.80 -5.90 0 0
-5.70 -5.90 0 0
-5.60 -5.90 0 0
-5.50 -5.90 0 0
-5.40 -5.90 0 0
-5.30 -5.90 0 0
-5.20 -5.90 0 0
-5.10 -5.90 0 0
-5.00 -5.90 0 0
-4.90 -5.90 0 0
-4.80 -5.90 0 0
-4.70 -5.90 0 0
-4.60 -5.90 0 0
-4.50 -5.90 0 0
-4.40 -5.90 0 0
-4.30 -5.90 0 0
-4.20 -5.90 0 0
-4.10 -5.90 40 245
-4.00 -5.90 42 244
-3.90 -5.90 44 243
-3.80 -5.90 46 242
-3.70 -5.90 49 240
-3.60 -5.90 51 238
-3.50 -5.90 53 237
-3.40 -5.90 54 235
-3.30 -5.90 81 196
-3.20 -5.90 83 196
-3.10 -5.90 84 195
-3.00 -5.90 87 194
-2.90 -5.90 90 193
-2.80 -5.90 92 193
-2.70 -5.90 94 192
-2.60 -5.90 97 191
-2.50 -5.90 100 190
-2.40 -5.90 102 189
-2.30 -5.90 105 188
-2.20 -5.90 107 187
-2.10 -5.90 110 186
-2.00 -5.90 112 185
-1.90 -5.90 114 185
-1.80 -5.90 117 184
-1.70 -5.90 119 183
-1.60 -5.90 122 182
-1.50 -5.90 125 181
-1.40 -5.90 127 180
-1.30 -5.90 130 179
-1.20 -5.90 132 178
-1.10 -5.90 135 177
-1.00 -5.90 137 176
-0.90 -5.90 139 175
-0.80 -5.90 143 174
-0.70 -5.90 146 173
-0.60 -5.90 148 172
-0.50 -5.90 150 171
-0.40 -5.90 153 170
-0.30 -5.90 155 169
-0.20 -5.90 158 168
-0.10 -5.90 161 166
-0.00 -5.90 163 165
0.10 -5.90 166 163
0.20 -5.90 168 161
0.30 -5.90 171 161
0.40 -5.90 174 159
0.50 -5.90 176 157
0.60 -5.90 179 156
0.70 -5.90 181 155
0.80 -5.90 183 154
0.90 -5.90 185 153
1.00 -5.90 188 152
1.10 -5.90 191 151
1.20 -5.90 193 150
1.30 -5.90 196 149
1.40 -5.90 198 148
1.50 -5.90 201 146
1.60 -5.90 203 146
1.70 -5.90 206 145
1.80 -5.90 208 144
1.90 -5.90 210 144
2.00 -5.90 212 142
2.10 -5.90 215 141
2.20 -5.90 217 140
2.30 -5.90 220 139
2.40 -5.90 222 137
2.50 -5.90 225 136
2.60 -5.90 227 136
2.70 -5.90 230 134
2.80 -5.90 232 132
2.90 -5.90 235 131
3.00 -5.90 237 130
3.10 -5.90 240 128
3.20 -5.90 241 127
3.30 -5.90 244 126
3.40 -5.90 247 125
3.50 -5.90 249 124
3.60 -5.90 252 122
3.70 -5.90 254 121
3.80 -5.90 257 120
3.90 -5.90 259 119
4.00 -5.90 261 119
4.10 -5.90 264 118
4.20 -5.90 0 0
4.30 -5.90 0 0
4.40 -5.90 0 0
4.50 -5.90 0 0
4.60 -5.90 0 0
4.70 -5.90 0 0
4.80 -5.90 0 0
4.90 -5.90 0 0
5.00 -5.90 0 0
5.10 -5.90 0 0
5.20 -5.90 0 0
5.30 -5.90 0 0
5.40 -5.90 0 0
5.50 -5.90 0 0
5.60 -5.90 302 77
5.70 -5.90 305 76
5.80 -5.90 307 75
5.90 -5.90 309 74
6.00 -5.90 311 72
6.10 -5.90 313 71
6.20 -5.90 316 70
6.30 -5.90 318 68
6.40 -5.90 321 68
6.50 -5.90 323 66
6.60 -5.90 325 65
6.70 -5.90 327 64
6.80 -5.90 330 63
6.90 -5.90 333 62
7.00 -5.90 335 61
7.10 -5.90 337 60
7.20 -5.90 338 59
7.30 -5.90 341 58
7.40 -5.90 343 56
7.50 -5.90 345 55
7.60 -5.90 348 54
7.70 -5.90 350 53
7.80 -5.90 352 52
7.90 -5.90 354 51
8.00 -5.90 357 50
8.10 -5.90 359 49
8.20 -5.90 362 48
8.30 -5.90 364 47
8.40 -5.90 366 46
8.50 -5.90 369 45
8.60 -5.90 371 45
8.70 -5.90 373 44
8.80 -5.90 375 42
8.90 -5.90 377 42
9.00 -5.90 380 41
9.10 -5.90 382 40
-9.00 -5.80 0 0
-8.90 -5.80 0 0
-8.80 -5.80 0 0
-8.70 -5.80 0 0
-8.60 -5.80 0 0
-8.50 -5.80 0 0
-8.40 -5.80 0 0
-8.30 -5.80 0 0
-8.20 -5.80 0 0
-8.10 -5.80 0 0
-8.00 -5.80 0 0
-7.90 -5.80 0 0
-7.80 -5.80 0 0
-7.70 -5.80 0 0
-7.60 -5.80 0 0
-7.50 -5.80 0 0
-7.40 -5.80 0 0
-7.30 -5.80 0 0
-7.20 -5.80 0 0
-7.10 -5.80 0 0
-7.00 -5.80 0 0
-6.90 -5.80 0 0
-6.80 -5.80 3 205
-6.70 -5.80 4 203
-6.60 -5.80 5 202
-6.50 -5.80 7 201
-6.40 -5.80 9 200
-6.30 -5.80 12 199
-6.20 -5.80 14 198
-6.10 -5.80 15 197
-6.00 -5.80 17 196
-5.90 -5.80 0 0
-5.80 -5.80 0 0
-5.70 -5.80 0 0
-5.60 -5.80 0 0
-5.50 -5.80 0 0
-5.40 -5.80 0 0
-5.30 -5.80 0 0
-5.20 -5.80 0 0
-5.10 -5.80 0 0
-5.00 -5.80 0 0
-4.90 -5.80 0 0
-4.80 -5.80 0 0
-4.70 -5.80 0 0
-4.60 -5.80 0 0
-4.50 -5.80 0 0
-4.40 -5.80 0 0
-4.30 -5.80 0 0
-4.20 -5.80 40 247
-4.10 -5.80 41 246
-4.00 -5.80 43 246
-3.90 -5.80 45 244
-3.80 -5.80 47 243
-3.70 -5.80 49 242
-3.60 -5.80 52 240
-3.50 -5.80 53 238
-3.40 -5.80 80 198
-3.30 -5.80 82 198
-3.20 -5.80 84 197
-3.10 -5.80 86 197
-3.00 -5.80 89 196
-2.90 -5.80 91 195
-2.80 -5.80 94 194
-2.70 -5.80 96 194
-2.60 -5.80 98 193
-2.50 -5.80 101 192
-2.40 -5.80 104 191
-2.30 -5.80 106 190
-2.20 -5.80 109 189
-2.10 -5.80 111 188
-2.00 -5.80 113 187
-1.90 -5.80 116 186
-1.80 -5.80 118 185
-1.70 -5.80 121 184
-1.60 -5.80 124 184
-1.50 -5.80 126 183
-1.40 -5.80 129 182
-1.30 -5.80 131 181
-1.20 -5.80 134 180
-1.10 -5.80 136 178
-1.00 -5.80 139 178
-0.90 -5.80 141 176
-0.80 -5.80 144 175
-0.70 -5.80 147 175
-0.60 -5.80 149 174
-0.50 -5.80 152 172
-0.40 -5.80 154 171
-0.30 -5.80 157 170
-0.20 -5.80 159 169
-0.10 -5.80 162 168
-0.00 -5.80 165 166
0.10 -5.80 167 165
0.20 -5.80 170 163
0.30 -5.80 172 162
0.40 -5.80 175 161
0.50 -5.80 178 159
0.60 -5.80 180 158
0.70 -5.80 183 157
0.80 -5.80 185 156
0.90 -5.80 187 155
1.00 -5.80 189 153
1.10 -5.80 192 153
1.20 -5.80 194 152
1.30 -5.80 197 151
1.40 -5.80 199 150
1.50 -5.80 202 148
1.60 -5.80 205 148
1.70 -5.80 207 147
1.80 -5.80 209 146
1.90 -5.80 212 145
2.00 -5.80 214 144
2.10 -5.80 216 143
2.20 -5.80 219 141
2.30 -5.80 221 140
2.40 -5.80 224 139
2.50 -5.80 226 138
2.60 -5.80 229 136
2.70 -5.80 231 135
2.80 -5.80 234 134
2.90 -5.80 236 132
3.00 -5.80 238 131
3.10 -5.80 241 130
3.20 -5.80 244 128
3.30 -5.80 246 127
3.40 -5.80 248 126
3.50 -5.80 251 125
3.60 -5.80 254 124
3.70 -5.80 256 122
3.80 -5.80 258 121
3.90 -5.80 261 120
4.00 -5.80 262 119
4.10 -5.80 266 118
4.20 -5.80 0 0
4.30 -5.80 0 0
4.40 -5.80 0 0
4.50 -5.80 0 0
4.60 -5.80 0 0
4.70 -5.80 0 0
4.80 -5.80 0 0
4.90 -5.80 0 0
5.00 -5.80 0 0
5.10 -5.80 0 0
5.20 -5.80 0 0
5.30 -5.80 0 0
5.40 -5.80 0 0
5.50 -5.80 0 0
5.60 -5.80 0 0
5.70 -5.80 305 76
5.80 -5.80 308 75
5.90 -5.80 311 74
6.00 -5.80 313 73
6.10 -5.80 315 72
6.20 -5.80 318 71
6.30 -5.80 320 69
6.40 -5.80 322 69
6.50 -5.80 324 68
6.60 -5.80 327 66
6.70 -5.80 329 65
6.80 -5.80 331 64
6.90 -5.80 334 63
7.00 -5.80 335 62
7.10 -5.80 338 61
7.20 -5.80 340 60
7.30 -5.80 343 59
7.40 -5.80 345 57
7.50 -5.80 347 56
7.60 -5.80 349 55
7.70 -5.80 352 54
7.80 -5.80 354 53
7.90 -5.80 356 52
8.00 -5.80 358 51
8.10 -5.80 361 50
8.20 -5.80 363 49
8.30 -5.80 365 48
8.40 -5.80 367 47
8.50 -5.80 370 46
8.60 -5.80 372 45
8.70 -5.80 374 44
8.80 -5.80 376 43
8.90 -5.80 379 43
9.00 -5.80 380 42
9.10 -5.80 382 41
-9.00 -5.70 0 0
-8.90 -5.70 0 0
-8.80 -5.70 0 0
-8.70 -5.70 0 0
-8.60 -5.70 0 0
-8.50 -5.70 0 0
-8.40 -5.70 0 0
-8.30 -5.70 0 0
-8.20 -5.70 0 0
-8.10 -5.70 0 0
-8.00 -5.70 0 0
-7.90 -5.70 0 0
-7.80 -5.70 0 0
-7.70 -5.70 0 0
-7.60 -5.70 0 0
-7.50 -5.70 0 0
-7.40 -5.70 0 0
-7.30 -5.70 0 0
-7.20 -5.70 0 0
-7.10 -5.70 0 0
-7.00 -5.70 0 0
-6.90 -5.70 0 0
-6.80 -5.70 3 206
-6.70 -5.70 5 205
-6.60 -5.70 6 204
-6.50 -5.70 8 202
-6.40 -5.70 11 201
-6.30 -5.70 13 200
-6.20 -5.70 15 199
-6.10 -5.70 16 198
-6.00 -5.70 0 0
-5.90 -5.70 0 0
-5.80 -5.70 0 0
-5.70 -5.70 0 0
-5.60 -5.70 0 0
-5.50 -5.70 0 0
-5.40 -5.70 0 0
-5.30 -5.70 0 0
-5.20 -5.70 0 0
-5.10 -5.70 0 0
-5.00 -5.70 0 0
-4.90 -5.70 0 0
-4.80 -5.70 0 0
-4.70 -5.70 0 0
-4.60 -5.70 0 0
-4.50 -5.70 0 0
-4.40 -5.70 0 0
-4.30 -5.70 0 0
-4.20 -5.70 41 248
-4.10 -5.70 42 248
-4.00 -5.70 45 247
-3.90 -5.70 46 245
-3.80 -5.70 48 244
-3.70 -5.70 50 243
-3.60 -5.70 52 241
-3.50 -5.70 0 0
-3.40 -5.70 81 199
-3.30 -5.70 83 199
-3.20 -5.70 85 198
-3.10 -5.70 88 197
-3.00 -5.70 90 197
-2.90 -5.70 93 196
-2.80 -5.70 96 195
-2.70 -5.70 98 195
-2.60 -5.70 100 194
-2.50 -5.70 102 193
-2.40 -5.70 105 192
-2.30 -5.70 107 191
-2.20 -5.70 110 191
-2.10 -5.70 112 189
-2.00 -5.70 115 188
-1.90 -5.70 118 188
-1.80 -5.70 120 186
-1.70 -5.70 122 186
-1.60 -5.70 125 185
-1.50 -5.70 128 185
-1.40 -5.70 130 183
-1.30 -5.70 133 182
-1.20 -5.70 135 182
-1.10 -5.70 138 180
-1.00 -5.70 141 179
-0.90 -5.70 143 178
-0.80 -5.70 146 177
-0.70 -5.70 148 176
-0.60 -5.70 151 175
-0.50 -5.70 153 174
-0.40 -5.70 156 172
-0.30 -5.70 159 172
-0.20 -5.70 161 171
-0.10 -5.70 164 169
-0.00 -5.70 166 168
0.10 -5.70 169 166
0.20 -5.70 172 164
0.30 -5.70 174 163
0.40 -5.70 177 162
0.50 -5.70 179 160
0.60 -5.70 181 160
0.70 -5.70 184 158
0.80 -5.70 186 157
0.90 -5.70 188 156
1.00 -5.70 191 155
1.10 -5.70 193 154
1.20 -5.70 196 153
1.30 -5.70 198 153
1.40 -5.70 201 151
1.50 -5.70 204 151
1.60 -5.70 206 150
1.70 -5.70 208 149
1.80 -5.70 210 148
1.90 -5.70 213 147
2.00 -5.70 215 145
2.10 -5.70 218 144
2.20 -5.70 220 143
2.30 -5.70 223 142
2.40 -5.70 225 140
2.50 -5.70 228 139
2.60 -5.70 230 138
2.70 -5.70 232 137
2.80 -5.70 235 135
2.90 -5.70 237 134
3.00 -5.70 240 132
3.10 -5.70 243 131
3.20 -5.70 245 130
3.30 -5.70 248 129
3.40 -5.70 250 127
3.50 -5.70 252 126
3.60 -5.70 255 125
3.70 -5.70 257 124
3.80 -5.70 259 122
3.90 -5.70 262 121
4.00 -5.70 264 120
4.10 -5.70 267 119
4.20 -5.70 269 119
4.30 -5.70 0 0
4.40 -5.70 0 0
4.50 -5.70 0 0
4.60 -5.70 0 0
4.70 -5.70 0 0
4.80 -5.70 0 0
4.90 -5.70 0 0
5.00 -5.70 0 0
5.10 -5.70 0 0
5.20 -5.70 0 0
5.30 -5.70 0 0
5.40 -5.70 0 0
5.50 -5.70 0 0
5.60 -5.70 0 0
5.70 -5.70 0 0
5.80 -5.70 309 76
5.90 -5.70 312 75
6.00 -5.70 314 74
6.10 -5.70 316 73
6.20 -5.70 319 72
6.30 -5.70 321 70
6.40 -5.70 323 70
6.50 -5.70 326 69
6.60 -5.70 328 67
6.70 -5.70 330 66
6.80 -5.70 333 65
6.90 -5.70 334 64
7.00 -5.70 337 63
7.10 -5.70 339 62
7.20 -5.70 341 61
7.30 -5.70 344 60
7.40 -5.70 346 58
7.50 -5.70 348 57
7.60 -5.70 350 56
7.70 -5.70 353 55
7.80 -5.70 355 54
7.90 -5.70 357 53
8.00 -5.70 360 52
8.10 -5.70 362 51
8.20 -5.70 365 50
8.30 -5.70 366 48
8.40 -5.70 369 48
8.50 -5.70 371 47
8.60 -5.70 374 46
8.70 -5.70 376 46
8.80 -5.70 378 44
8.90 -5.70 379 43
9.00 -5.70 382 42
9.10 -5.70 385 42
-9.00 -5.60 0 0
-8.90 -5.60 0 0
-8.80 -5.60 0 0
-8.70 -5.60 0 0
-8.60 -5.60 0 0
-8.50 -5.60 0 0
-8.40 -5.60 0 0
-8.30 -5.60 0 0
-8.20 -5.60 0 0
-8.10 -5.60 0 0
-8.00 -5.60 0 0
-7.90 -5.60 0 0
-7.80 -5.60 0 0
-7.70 -5.60 0 0
-7.60 -5.60 0 0
-7.50 -5.60 0 0
-7.40 -5.60 0 0
-7.30 -5.60 0 0
-7.20 -5.60 0 0
-7.10 -5.60 0 0
-7.00 -5.60 0 0
-6.90 -5.60 3 209
-6.80 -5.60 4 208
-6.70 -5.60 5 206
-6.60 -5.60 7 205
-6.50 -5.60 9 204
-6.40 -5.60 12 203
-6.30 -5.60 14 202
-6.20 -5.60 15 201
-6.10 -5.60 17 200
-6.00 -5.60 0 0
-5.90 -5.60 0 0
-5.80 -5.60 0 0
-5.70 -5.60 0 0
-5.60 -5.60 0 0
-5.50 -5.60 0 0
-5.40 -5.60 0 0
-5.30 -5.60 0 0
-5.20 -5.60 0 0
-5.10 -5.60 0 0
-5.00 -5.60 0 0
-4.90 -5.60 0 0
-4.80 -5.60 0 0
-4.70 -5.60 0 0
-4.60 -5.60 0 0
-4.50 -5.60 0 0
-4.40 -5.60 0 0
-4.30 -5.60 0 0
-4.20 -5.60 42 250
-4.10 -5.60 44 249
-4.00 -5.60 46 248
-3.90 -5.60 47 247
-3.80 -5.60 49 245
-3.70 -5.60 51 244
-3.60 -5.60 0 0
-3.50 -5.60 81 201
-3.40 -5.60 83 200
-3.30 -5.60 84 200
-3.20 -5.60 86 199
-3.10 -5.60 89 199
-3.00 -5.60 92 198
-2.90 -5.60 94 197
-2.80 -5.60 97 197
-2.70 -5.60 99 196
-2.60 -5.60 102 196
-2.50 -5.60 103 195
-2.40 -5.60 106 194
-2.30 -5.60 109 193
-2.20 -5.60 111 192
-2.10 -5.60 114 191
-2.00 -5.60 116 190
-1.90 -5.60 119 189
-1.80 -5.60 122 188
-1.70 -5.60 124 187
-1.60 -5.60 127 187
-1.50 -5.60 129 186
-1.40 -5.60 132 185
-1.30 -5.60 134 184
-1.20 -5.60 137 183
-1.10 -5.60 139 182
-1.00 -5.60 142 181
-0.90 -5.60 144 180
-0.80 -5.60 147 179
-0.70 -5.60 149 177
-0.60 -5.60 152 177
-0.50 -5.60 155 175
-0.40 -5.60 157 174
-0.30 -5.60 160 173
-0.20 -5.60 163 172
-0.10 -5.60 165 171
-0.00 -5.60 168 169
0.10 -5.60 170 168
0.20 -5.60 172 166
0.30 -5.60 176 165
0.40 -5.60 179 164
0.50 -5.60 181 162
0.60 -5.60 183 161
0.70 -5.60 185 160
0.80 -5.60 187 159
0.90 -5.60 190 158
1.00 -5.60 192 157
1.10 -5.60 195 156
1.20 -5.60 198 155
1.30 -5.60 200 154
1.40 -5.60 202 153
1.50 -5.60 205 152
1.60 -5.60 207 151
1.70 -5.60 210 150
1.80 -5.60 212 149
1.90 -5.60 214 148
2.00 -5.60 216 147
2.10 -5.60 219 145
2.20 -5.60 221 145
2.30 -5.60 224 143
2.40 -5.60 226 142
2.50 -5.60 229 141
2.60 -5.60 232 139
2.70 -5.60 234 138
2.80 -5.60 237 137
2.90 -5.60 239 135
3.00 -5.60 242 134
3.10 -5.60 244 133
3.20 -5.60 247 132
3.30 -5.60 249 130
3.40 -5.60 252 129
3.50 -5.60 254 128
3.60 -5.60 257 126
3.70 -5.60 259 125
3.80 -5.60 261 124
3.90 -5.60 263 123
4.00 -5.60 266 122
4.10 -5.60 268 121
4.20 -5.60 270 119
4.30 -5.60 274 119
4.40 -5.60 0 0
4.50 -5.60 0 0
4.60 -5.60 0 0
4.70 -5.60 0 0
4.80 -5.60 0 0
4.90 -5.60 0 0
5.00 -5.60 0 0
5.10 -5.60 0 0
5.20 -5.60 0 0
5.30 -5.60 0 0
5.40 -5.60 0 0
5.50 -5.60 0 0
5.60 -5.60 0 0
5.70 -5.60 0 0
5.80 -5.60 0 0
5.90 -5.60 314 76
6.00 -5.60 316 75
6.10 -5.60 318 75
6.20 -5.60 321 73
6.30 -5.60 323 72
6.40 -5.60 325 71
6.50 -5.60 328 70
6.60 -5.60 330 68
6.70 -5.60 332 68
6.80 -5.60 334 67
6.90 -5.60 336 65
7.00 -5.60 338 64
7.10 -5.60 341 63
7.20 -5.60 343 62
7.30 -5.60 346 61
7.40 -5.60 348 60
7.50 -5.60 350 58
7.60 -5.60 352 57
7.70 -5.60 354 56
7.80 -5.60 357 55
7.90 -5.60 359 54
8.00 -5.60 361 53
8.10 -5.60 363 52
8.20 -5.60 366 51
8.30 -5.60 368 50
8.40 -5.60 370 49
8.50 -5.60 372 48
8.60 -5.60 374 47
8.70 -5.60 377 46
8.80 -5.60 379 45
8.90 -5.60 381 45
9.00 -5.60 384 44
9.10 -5.60 386 43
-9.00 -5.50 0 0
-8.90 -5.50 0 0
-8.80 -5.50 0 0
-8.70 -5.50 0 0
-8.60 -5.50 0 0
-8.50 -5.50 0 0
-8.40 -5.50 0 0
-8.30 -5.50 0 0
-8.20 -5.50 0 0
-8.10 -5.50 0 0
-8.00 -5.50 0 0
-7.90 -5.50 0 0
-7.80 -5.50 0 0
-7.70 -5.50 0 0
-7.60 -5.50 0 0
-7.50 -5.50 0 0
-7.40 -5.50 0 0
-7.30 -5.50 0 0
-7.20 -5.50 0 0
-7.10 -5.50 0 0
-7.00 -5.50 0 0
-6.90 -5.50 3 210
-6.80 -5.50 5 209
-6.70 -5.50 6 208
-6.60 -5.50 8 207
-6.50 -5.50 11 205
-6.40 -5.50 13 204
-6.30 -5.50 15 203
-6.20 -5.50 16 202
-6.10 -5.50 0 0
-6.00 -5.50 0 0
-5.90 -5.50 0 0
-5.80 -5.50 0 0
-5.70 -5.50 0 0
-5.60 -5.50 0 0
-5.50 -5.50 0 0
-5.40 -5.50 0 0
-5.30 -5.50 0 0
-5.20 -5.50 0 0
-5.10 -5.50 0 0
-5.00 -5.50 0 0
-4.90 -5.50 0 0
-4.80 -5.50 0 0
-4.70 -5.50 0 0
-4.60 -5.50 0 0
-4.50 -5.50 0 0
-4.40 -5.50 0 0
-4.30 -5.50 42 252
-4.20 -5.50 44 251
-4.10 -5.50 45 251
-4.00 -5.50 47 250
-3.90 -5.50 49 249
-3.80 -5.50 50 247
-3.70 -5.50 0 0
-3.60 -5.50 0 0
-3.50 -5.50 81 202
-3.40 -5.50 84 201
-3.30 -5.50 86 201
-3.20 -5.50 88 200
-3.10 -5.50 91 200
-3.00 -5.50 93 199
-2.90 -5.50 96 199
-2.80 -5.50 98 198
-2.70 -5.50 100 197
-2.60 -5.50 103 197
-2.50 -5.50 106 196
-2.40 -5.50 108 196
-2.30 -5.50 110 195
-2.20 -5.50 113 193
-2.10 -5.50 115 193
-2.00 -5.50 118 192
-1.90 -5.50 121 191
-1.80 -5.50 123 190
-1.70 -5.50 126 189
-1.60 -5.50 128 188
-1.50 -5.50 130 187
-1.40 -5.50 133 186
-1.30 -5.50 135 185
-1.20 -5.50 138 185
-1.10 -5.50 141 184
-1.00 -5.50 144 182
-0.90 -5.50 146 181
-0.80 -5.50 149 180
-0.70 -5.50 151 179
-0.60 -5.50 154 178
-0.50 -5.50 157 177
-0.40 -5.50 159 176
-0.30 -5.50 161 175
-0.20 -5.50 164 173
-0.10 -5.50 166 172
-0.00 -5.50 169 171
0.10 -5.50 172 169
0.20 -5.50 174 168
0.30 -5.50 177 166
0.40 -5.50 179 165
0.50 -5.50 182 164
0.60 -5.50 184 163
0.70 -5.50 186 162
0.80 -5.50 189 161
0.90 -5.50 191 160
1.00 -5.50 194 159
1.10 -5.50 196 158
1.20 -5.50 199 156
1.30 -5.50 201 156
1.40 -5.50 204 155
1.50 -5.50 206 153
1.60 -5.50 209 153
1.70 -5.50 211 152
1.80 -5.50 213 150
1.90 -5.50 216 149
2.00 -5.50 218 148
2.10 -5.50 221 147
2.20 -5.50 223 145
2.30 -5.50 226 144
2.40 -5.50 228 143
2.50 -5.50 230 142
2.60 -5.50 233 141
2.70 -5.50 236 139
2.80 -5.50 238 138
2.90 -5.50 240 137
3.00 -5.50 243 135
3.10 -5.50 245 134
3.20 -5.50 248 133
3.30 -5.50 250 131
3.40 -5.50 253 130
3.50 -5.50 255 129
3.60 -5.50 258 127
3.70 -5.50 260 126
3.80 -5.50 262 125
3.90 -5.50 264 124
4.00 -5.50 267 123
4.10 -5.50 269 122
4.20 -5.50 272 121
4.30 -5.50 275 120
4.40 -5.50 277 119
4.50 -5.50 0 0
4.60 -5.50 0 0
4.70 -5.50 0 0
4.80 -5.50 0 0
4.90 -5.50 0 0
5.00 -5.50 0 0
5.10 -5.50 0 0
5.20 -5.50 0 0
5.30 -5.50 0 0
5.40 -5.50 0 0
5.50 -5.50 0 0
5.60 -5.50 0 0
5.70 -5.50 0 0
5.80 -5.50 0 0
5.90 -5.50 0 0
6.00 -5.50 318 76
6.10 -5.50 319 76
6.20 -5.50 322 75
6.30 -5.50 325 73
6.40 -5.50 326 72
6.50 -5.50 329 71
6.60 -5.50 331 70
6.70 -5.50 333 69
6.80 -5.50 335 68
6.90 -5.50 337 67
7.00 -5.50 340 66
7.10 -5.50 342 64
7.20 -5.50 345 63
7.30 -5.50 347 62
7.40 -5.50 350 61
7.50 -5.50 351 59
7.60 -5.50 353 59
7.70 -5.50 356 57
7.80 -5.50 358 56
7.90 -5.50 360 55
8.00 -5.50 362 54
8.10 -5.50 364 53
8.20 -5.50 367 52
8.30 -5.50 370 51
8.40 -5.50 372 50
8.50 -5.50 374 49
8.60 -5.50 376 48
8.70 -5.50 378 48
8.80 -5.50 381 47
8.90 -5.50 383 45
9.00 -5.50 385 45
9.10 -5.50 388 44
-9.00 -5.40 0 0
-8.90 -5.40 0 0
-8.80 -5.40 0 0
-8.70 -5.40 0 0
-8.60 -5.40 0 0
-8.50 -5.40 0 0
-8.40 -5.40 0 0
-8.30 -5.40 0 0
-8.20 -5.40 0 0
-8.10 -5.40 0 0
-8.00 -5.40 0 0
-7.90 -5.40 0 0
-7.80 -5.40 0 0
-7.70 -5.40 0 0
-7.60 -5.40 0 0
-7.50 -5.40 0 0
-7.40 -5.40 0 0
-7.30 -5.40 0 0
-7.20 -5.40 0 0
-7.10 -5.40 0 0
-7.00 -5.40 3 213
-6.90 -5.40 4 211
-6.80 -5.40 6 210
-6.70 -5.40 7 209
-6.60 -5.40 9 208
-6.50 -5.40 12 207
-6.40 -5.40 14 206
-6.30 -5.40 16 205
-6.20 -5.40 17 204
-6.10 -5.40 0 0
-6.00 -5.40 0 0
-5.90 -5.40 0 0
-5.80 -5.40 0 0
-5.70 -5.40 0 0
-5.60 -5.40 0 0
-5.50 -5.40 0 0
-5.40 -5.40 0 0
-5.30 -5.40 0 0
-5.20 -5.40 0 0
-5.10 -5.40 0 0
-5.00 -5.40 0 0
-4.90 -5.40 0 0
-4.80 -5.40 0 0
-4.70 -5.40 0 0
-4.60 -5.40 0 0
-4.50 -5.40 0 0
-4.40 -5.40 0 0
-4.30 -5.40 43 253
-4.20 -5.40 45 253
-4.10 -5.40 47 253
-4.00 -5.40 48 251
-3.90 -5.40 50 250
-3.80 -5.40 0 0
-3.70 -5.40 79 204
-3.60 -5.40 81 203
-3.50 -5.40 83 203
-3.40 -5.40 85 202
-3.30 -5.40 87 202
-3.20 -5.40 90 201
-3.10 -5.40 93 201
-3.00 -5.40 95 201
-2.90 -5.40 97 200
-2.80 -5.40 100 200
-2.70 -5.40 102 199
-2.60 -5.40 105 198
-2.50 -5.40 107 198
-2.40 -5.40 109 197
-2.30 -5.40 112 196
-2.20 -5.40 114 195
-2.10 -5.40 117 194
-2.00 -5.40 119 193
-1.90 -5.40 122 192
-1.80 -5.40 125 192
-1.70 -5.40 127 191
-1.60 -5.40 129 189
-1.50 -5.40 132 189
-1.40 -5.40 134 188
-1.30 -5.40 137 187
-1.20 -5.40 140 186
-1.10 -5.40 142 185
-1.00 -5.40 145 184
-0.90 -5.40 148 183
-0.80 -5.40 150 182
-0.70 -5.40 152 181
-0.60 -5.40 155 180
-0.50 -5.40 157 178
-0.40 -5.40 160 177
-0.30 -5.40 163 176
-0.20 -5.40 165 175
-0.10 -5.40 168 173
-0.00 -5.40 171 172
0.10 -5.40 174 171
0.20 -5.40 176 170
0.30 -5.40 178 168
0.40 -5.40 181 167
0.50 -5.40 183 165
0.60 -5.40 185 165
0.70 -5.40 188 163
0.80 -5.40 190 162
0.90 -5.40 193 161
1.00 -5.40 195 160
1.10 -5.40 197 159
1.20 -5.40 200 158
1.30 -5.40 203 157
1.40 -5.40 205 156
1.50 -5.40 208 155
1.60 -5.40 210 154
1.70 -5.40 212 153
1.80 -5.40 215 152
1.90 -5.40 217 151
2.00 -5.40 219 150
2.10 -5.40 222 148
2.20 -5.40 225 147
2.30 -5.40 227 146
2.40 -5.40 230 144
2.50 -5.40 232 143
2.60 -5.40 234 142
2.70 -5.40 237 140
2.80 -5.40 239 139
2.90 -5.40 242 137
3.00 -5.40 245 137
3.10 -5.40 247 135
3.20 -5.40 249 134
3.30 -5.40 252 132
3.40 -5.40 254 131
3.50 -5.40 256 130
3.60 -5.40 259 129
3.70 -5.40 261 127
3.80 -5.40 264 126
3.90 -5.40 266 125
4.00 -5.40 268 124
4.10 -5.40 271 123
4.20 -5.40 274 122
4.30 -5.40 276 120
4.40 -5.40 278 119
4.50 -5.40 281 119
4.60 -5.40 283 118
4.70 -5.40 0 0
4.80 -5.40 0 0
4.90 -5.40 0 0
5.00 -5.40 0 0
5.10 -5.40 0 0
5.20 -5.40 0 0
5.30 -5.40 0 0
5.40 -5.40 0 0
5.50 -5.40 0 0
5.60 -5.40 0 0
5.70 -5.40 0 0
5.80 -5.40 0 0
5.90 -5.40 0 0
6.00 -5.40 0 0
6.10 -5.40 322 78
6.20 -5.40 324 76
6.30 -5.40 326 75
6.40 -5.40 328 73
6.50 -5.40 330 72
6.60 -5.40 332 71
6.70 -5.40 334 70
6.80 -5.40 337 69
6.90 -5.40 339 68
7.00 -5.40 342 66
7.10 -5.40 344 65
7.20 -5.40 346 64
7.30 -5.40 348 63
7.40 -5.40 350 62
7.50 -5.40 352 61
7.60 -5.40 355 60
7.70 -5.40 357 58
7.80 -5.40 359 57
7.90 -5.40 362 56
8.00 -5.40 364 55
8.10 -5.40 366 54
8.20 -5.40 368 53
8.30 -5.40 370 52
8.40 -5.40 373 51
8.50 -5.40 376 50
8.60 -5.40 377 49
8.70 -5.40 379 48
8.80 -5.40 382 47
8.90 -5.40 384 47
9.00 -5.40 386 46
9.10 -5.40 389 45
-9.00 -5.30 0 0
-8.90 -5.30 0 0
-8.80 -5.30 0 0
-8.70 -5.30 0 0
-8.60 -5.30 0 0
-8.50 -5.30 0 0
-8.40 -5.30 0 0
-8.30 -5.30 0 0
-8.20 -5.30 0 0
-8.10 -5.30 0 0
-8.00 -5.30 0 0
-7.90 -5.30 0 0
-7.80 -5.30 0 0
-7.70 -5.30 0 0
-7.60 -5.30 0 0
-7.50 -5.30 0 0
-7.40 -5.30 0 0
-7.30 -5.30 0 0
-7.20 -5.30 0 0
-7.10 -5.30 0 0
-7.00 -5.30 3 213
-6.90 -5.30 5 212
-6.80 -5.30 6 211
-6.70 -5.30 8 210
-6.60 -5.30 11 209
-6.50 -5.30 13 208
-6.40 -5.30 15 207
-6.30 -5.30 17 206
-6.20 -5.30 17 205
-6.10 -5.30 0 0
-6.00 -5.30 0 0
-5.90 -5.30 0 0
-5.80 -5.30 0 0
-5.70 -5.30 0 0
-5.60 -5.30 0 0
-5.50 -5.30 0 0
-5.40 -5.30 0 0
-5.30 -5.30 0 0
-5.20 -5.30 0 0
-5.10 -5.30 0 0
-5.00 -5.30 0 0
-4.90 -5.30 0 0
-4.80 -5.30 0 0
-4.70 -5.30 0 0
-4.60 -5.30 0 0
-4.50 -5.30 0 0
-4.40 -5.30 0 0
-4.30 -5.30 45 255
-4.20 -5.30 46 255
-4.10 -5.30 47 254
-4.00 -5.30 48 253
-3.90 -5.30 77 207
-3.80 -5.30 78 206
-3.70 -5.30 80 205
-3.60 -5.30 82 205
-3.50 -5.30 84 204
-3.40 -5.30 87 204
-3.30 -5.30 89 203
-3.20 -5.30 92 203
-3.10 -5.30 94 203
-3.00 -5.30 96 202
-2.90 -5.30 99 202
-2.80 -5.30 101 201
-2.70 -5.30 103 201
-2.60 -5.30 106 200
-2.50 -5.30 108 199
-2.40 -5.30 111 198
-2.30 -5.30 113 198
-2.20 -5.30 116 197
-2.10 -5.30 118 196
-2.00 -5.30 121 195
-1.90 -5.30 123 194
-1.80 -5.30 126 193
-1.70 -5.30 128 192
-1.60 -5.30 130 191
-1.50 -5.30 133 190
-1.40 -5.30 136 189
-1.30 -5.30 139 188
-1.20 -5.30 141 187
-1.10 -5.30 144 186
-1.00 -5.30 146 185
-0.90 -5.30 149 184
-0.80 -5.30 151 183
-0.70 -5.30 154 182
-0.60 -5.30 156 181
-0.50 -5.30 159 180
-0.40 -5.30 162 178
-0.30 -5.30 164 177
-0.20 -5.30 167 176
-0.10 -5.30 169 175
-0.00 -5.30 172 174
0.10 -5.30 174 172
0.20 -5.30 177 171
0.30 -5.30 180 170
0.40 -5.30 182 168
0.50 -5.30 184 167
0.60 -5.30 187 166
0.70 -5.30 189 165
0.80 -5.30 191 164
0.90 -5.30 195 163
1.00 -5.30 197 162
1.10 -5.30 199 161
1.20 -5.30 202 160
1.30 -5.30 204 159
1.40 -5.30 206 158
1.50 -5.30 209 157
1.60 -5.30 211 156
1.70 -5.30 213 155
1.80 -5.30 216 154
1.90 -5.30 219 152
2.00 -5.30 221 151
2.10 -5.30 223 150
2.20 -5.30 226 149
2.30 -5.30 228 147
2.40 -5.30 231 146
2.50 -5.30 234 145
2.60 -5.30 236 143
2.70 -5.30 238 142
2.80 -5.30 241 140
2.90 -5.30 243 139
3.00 -5.30 246 138
3.10 -5.30 248 136
3.20 -5.30 250 134
3.30 -5.30 253 134
3.40 -5.30 255 132
3.50 -5.30 258 131
3.60 -5.30 260 130
3.70 -5.30 263 128
3.80 -5.30 265 127
3.90 -5.30 267 126
4.00 -5.30 270 124
4.10 -5.30 272 124
4.20 -5.30 275 122
4.30 -5.30 277 121
4.40 -5.30 279 121
4.50 -5.30 282 120
4.60 -5.30 284 119
4.70 -5.30 287 118
4.80 -5.30 0 0
4.90 -5.30 0 0
5.00 -5.30 0 0
5.10 -5.30 0 0
5.20 -5.30 0 0
5.30 -5.30 0 0
5.40 -5.30 0 0
5.50 -5.30 0 0
5.60 -5.30 0 0
5.70 -5.30 0 0
5.80 -5.30 0 0
5.90 -5.30 0 0
6.00 -5.30 0 0
6.10 -5.30 323 79
6.20 -5.30 324 78
6.30 -5.30 327 76
6.40 -5.30 329 75
6.50 -5.30 331 73
6.60 -5.30 333 72
6.70 -5.30 336 71
6.80 -5.30 338 69
6.90 -5.30 340 68
7.00 -5.30 343 67
7.10 -5.30 345 66
7.20 -5.30 347 65
7.30 -5.30 349 64
7.40 -5.30 351 63
7.50 -5.30 354 62
7.60 -5.30 356 61
7.70 -5.30 359 59
7.80 -5.30 361 58
7.90 -5.30 363 57
8.00 -5.30 365 56
8.10 -5.30 368 55
8.20 -5.30 370 54
8.30 -5.30 372 53
8.40 -5.30 374 52
8.50 -5.30 377 51
8.60 -5.30 379 50
8.70 -5.30 381 49
8.80 -5.30 383 49
8.90 -5.30 386 48
9.00 -5.30 387 47
9.10 -5.30 390 46
-9.00 -5.20 0 0
-8.90 -5.20 0 0
-8.80 -5.20 0 0
-8.70 -5.20 0 0
-8.60 -5.20 0 0
-8.50 -5.20 0 0
-8.40 -5.20 0 0
-8.30 -5.20 0 0
-8.20 -5.20 0 0
-8.10 -5.20 0 0
-8.00 -5.20 0 0
-7.90 -5.20 0 0
-7.80 -5.20 0 0
-7.70 -5.20 0 0
-7.60 -5.20 0 0
-7.50 -5.20 0 0
-7.40 -5.20 0 0
-7.30 -5.20 0 0
-7.20 -5.20 0 0
-7.10 -5.20 3 216
-7.00 -5.20 4 215
-6.90 -5.20 5 214
-6.80 -5.20 7 213
-6.70 -5.20 9 212
-6.60 -5.20 12 211
-6.50 -5.20 14 210
-6.40 -5.20 16 208
-6.30 -5.20 17 208
-6.20 -5.20 18 207
-6.10 -5.20 0 0
-6.00 -5.20 0 0
-5.90 -5.20 0 0
-5.80 -5.20 0 0
-5.70 -5.20 0 0
-5.60 -5.20 0 0
-5.50 -5.20 0 0
-5.40 -5.20 0 0
-5.30 -5.20 0 0
-5.20 -5.20 0 0
-5.10 -5.20 0 0
-5.00 -5.20 0 0
-4.90 -5.20 0 0
-4.80 -5.20 0 0
-4.70 -5.20 0 0
-4.60 -5.20 0 0
-4.50 -5.20 0 0
-4.40 -5.20 44 257
-4.30 -5.20 46 257
-4.20 -5.20 47 256
-4.10 -5.20 48 255
-4.00 -5.20 48 254
-3.90 -5.20 77 208
-3.80 -5.20 79 207
-3.70 -5.20 81 207
-3.60 -5.20 83 206
-3.50 -5.20 86 205
-3.40 -5.20 88 205
-3.30 -5.20 91 204
-3.20 -5.20 93 204
-3.10 -5.20 96 204
-3.00 -5.20 98 203
-2.90 -5.20 101 204
-2.80 -5.20 103 203
-2.70 -5.20 105 202
-2.60 -5.20 108 201
-2.50 -5.20 110 200
-2.40 -5.20 112 200
-2.30 -5.20 115 199
-2.20 -5.20 117 198
-2.10 -5.20 120 197
-2.00 -5.20 122 196
-1.90 -5.20 125 195
-1.80 -5.20 128 195
-1.70 -5.20 130 194
-1.60 -5.20 132 193
-1.50 -5.20 135 192
-1.40 -5.20 137 191
-1.30 -5.20 140 190
-1.20 -5.20 143 189
-1.10 -5.20 145 188
-1.00 -5.20 148 187
-0.90 -5.20 150 186
-0.80 -5.20 153 185
-0.70 -5.20 155 184
-0.60 -5.20 158 182
-0.50 -5.20 161 181
-0.40 -5.20 163 180
-0.30 -5.20 165 179
-0.20 -5.20 169 178
-0.10 -5.20 170 177
-0.00 -5.20 174 175
0.10 -5.20 176 174
0.20 -5.20 179 172
0.30 -5.20 181 171
0.40 -5.20 184 170
0.50 -5.20 186 169
0.60 -5.20 188 168
0.70 -5.20 191 167
0.80 -5.20 193 165
0.90 -5.20 196 164
1.00 -5.20 198 163
1.10 -5.20 200 162
1.20 -5.20 203 161
1.30 -5.20 205 161
1.40 -5.20 208 160
1.50 -5.20 210 158
1.60 -5.20 213 157
1.70 -5.20 215 156
1.80 -5.20 218 155
1.90 -5.20 220 154
2.00 -5.20 222 152
2.10 -5.20 225 151
2.20 -5.20 227 150
2.30 -5.20 229 149
2.40 -5.20 233 147
2.50 -5.20 234 146
2.60 -5.20 237 145
2.70 -5.20 240 143
2.80 -5.20 242 142
2.90 -5.20 245 141
3.00 -5.20 247 139
3.10 -5.20 250 138
3.20 -5.20 252 136
3.30 -5.20 254 135
3.40 -5.20 257 133
3.50 -5.20 259 132
3.60 -5.20 262 131
3.70 -5.20 264 129
3.80 -5.20 266 128
3.90 -5.20 269 127
4.00 -5.20 271 126
4.10 -5.20 273 124
4.20 -5.20 276 123
4.30 -5.20 278 122
4.40 -5.20 281 121
4.50 -5.20 283 120
4.60 -5.20 286 119
4.70 -5.20 288 118
4.80 -5.20 0 0
4.90 -5.20 0 0
5.00 -5.20 0 0
5.10 -5.20 0 0
5.20 -5.20 0 0
5.30 -5.20 0 0
5.40 -5.20 0 0
5.50 -5.20 0 0
5.60 -5.20 0 0
5.70 -5.20 0 0
5.80 -5.20 0 0
5.90 -5.20 0 0
6.00 -5.20 0 0
6.10 -5.20 325 80
6.20 -5.20 327 78
6.30 -5.20 328 77
6.40 -5.20 331 76
6.50 -5.20 332 74
6.60 -5.20 335 73
6.70 -5.20 337 72
6.80 -5.20 339 70
6.90 -5.20 342 70
7.00 -5.20 344 68
7.10 -5.20 346 67
7.20 -5.20 349 66
7.30 -5.20 350 65
7.40 -5.20 352 64
7.50 -5.20 355 63
7.60 -5.20 357 62
7.70 -5.20 360 61
7.80 -5.20 362 59
7.90 -5.20 364 58
8.00 -5.20 366 57
8.10 -5.20 369 56
8.20 -5.20 371 55
8.30 -5.20 373 54
8.40 -5.20 375 53
8.50 -5.20 378 52
8.60 -5.20 380 51
8.70 -5.20 382 50
8.80 -5.20 385 49
8.90 -5.20 387 49
9.00 -5.20 389 48
9.10 -5.20 391 47
-9.00 -5.10 0 0
-8.90 -5.10 0 0
-8.80 -5.10 0 0
-8.70 -5.10 0 0
-8.60 -5.10 0 0
-8.50 -5.10 0 0
-8.40 -5.10 0 0
-8.30 -5.10 0 0
-8.20 -5.10 0 0
-8.10 -5.10 0 0
-8.00 -5.10 0 0
-7.90 -5.10 0 0
-7.80 -5.10 0 0
-7.70 -5.10 0 0
-7.60 -5.10 0 0
-7.50 -5.10 0 0
-7.40 -5.10 0 0
-7.30 -5.10 0 0
-7.20 -5.10 0 0
-7.10 -5.10 3 218
-7.00 -5.10 5 216
-6.90 -5.10 6 215
-6.80 -5.10 8 214
-6.70 -5.10 10 213
-6.60 -5.10 13 212
-6.50 -5.10 15 211
-6.40 -5.10 16 210
-6.30 -5.10 17 208
-6.20 -5.10 0 0
-6.10 -5.10 0 0
-6.00 -5.10 0 0
-5.90 -5.10 0 0
-5.80 -5.10 0 0
-5.70 -5.10 0 0
-5.60 -5.10 0 0
-5.50 -5.10 0 0
-5.40 -5.10 0 0
-5.30 -5.10 0 0
-5.20 -5.10 0 0
-5.10 -5.10 0 0
-5.00 -5.10 0 0
-4.90 -5.10 0 0
-4.80 -5.10 0 0
-4.70 -5.10 0 0
-4.60 -5.10 0 0
-4.50 -5.10 0 0
-4.40 -5.10 56 236
-4.30 -5.10 46 259
-4.20 -5.10 47 258
-4.10 -5.10 75 211
-4.00 -5.10 76 210
-3.90 -5.10 78 209
-3.80 -5.10 80 208
-3.70 -5.10 81 208
-3.60 -5.10 84 207
-3.50 -5.10 87 207
-3.40 -5.10 90 206
-3.30 -5.10 92 206
-3.20 -5.10 94 205
-3.10 -5.10 97 205
-3.00 -5.10 99 205
-2.90 -5.10 101 205
-2.80 -5.10 104 204
-2.70 -5.10 107 204
-2.60 -5.10 109 203
-2.50 -5.10 112 202
-2.40 -5.10 114 201
-2.30 -5.10 116 201
-2.20 -5.10 119 200
-2.10 -5.10 121 199
-2.00 -5.10 124 198
-1.90 -5.10 126 197
-1.80 -5.10 129 196
-1.70 -5.10 131 195
-1.60 -5.10 134 194
-1.50 -5.10 136 193
-1.40 -5.10 139 192
-1.30 -5.10 141 191
-1.20 -5.10 144 190
-1.10 -5.10 147 189
-1.00 -5.10 149 188
-0.90 -5.10 152 187
-0.80 -5.10 154 186
-0.70 -5.10 157 185
-0.60 -5.10 159 184
-0.50 -5.10 162 183
-0.40 -5.10 164 182
-0.30 -5.10 167 180
-0.20 -5.10 170 179
-0.10 -5.10 172 178
-0.00 -5.10 175 177
0.10 -5.10 178 175
0.20 -5.10 180 174
0.30 -5.10 182 173
0.40 -5.10 185 172
0.50 -5.10 187 170
0.60 -5.10 189 169
0.70 -5.10 192 168
0.80 -5.10 195 167
0.90 -5.10 197 166
1.00 -5.10 199 165
1.10 -5.10 202 164
1.20 -5.10 204 163
1.30 -5.10 206 162
1.40 -5.10 209 161
1.50 -5.10 211 160
1.60 -5.10 214 159
1.70 -5.10 216 158
1.80 -5.10 219 157
1.90 -5.10 221 155
2.00 -5.10 223 154
2.10 -5.10 227 153
2.20 -5.10 229 151
2.30 -5.10 231 150
2.40 -5.10 233 149
2.50 -5.10 236 148
2.60 -5.10 239 146
2.70 -5.10 241 144
2.80 -5.10 244 143
2.90 -5.10 246 141
3.00 -5.10 249 140
3.10 -5.10 251 139
3.20 -5.10 253 137
3.30 -5.10 255 136
3.40 -5.10 258 135
3.50 -5.10 260 133
3.60 -5.10 263 132
3.70 -5.10 265 131
3.80 -5.10 268 129
3.90 -5.10 270 128
4.00 -5.10 272 127
4.10 -5.10 275 126
4.20 -5.10 278 124
4.30 -5.10 280 123
4.40 -5.10 283 122
4.50 -5.10 284 121
4.60 -5.10 287 120
4.70 -5.10 290 119
4.80 -5.10 292 118
4.90 -5.10 0 0
5.00 -5.10 0 0
5.10 -5.10 0 0
5.20 -5.10 0 0
5.30 -5.10 0 0
5.40 -5.10 0 0
5.50 -5.10 0 0
5.60 -5.10 0 0
5.70 -5.10 0 0
5.80 -5.10 0 0
5.90 -5.10 0 0
6.00 -5.10 0 0
6.10 -5.10 0 0
6.20 -5.10 328 79
6.30 -5.10 329 79
6.40 -5.10 331 77
6.50 -5.10 334 75
6.60 -5.10 336 74
6.70 -5.10 338 73
6.80 -5.10 341 72
6.90 -5.10 343 71
7.00 -5.10 346 70
7.10 -5.10 348 68
7.20 -5.10 349 67
7.30 -5.10 352 66
7.40 -5.10 354 65
7.50 -5.10 356 64
7.60 -5.10 359 62
7.70 -5.10 361 61
7.80 -5.10 364 60
7.90 -5.10 365 59
8.00 -5.10 368 58
8.10 -5.10 370 57
8.20 -5.10 373 56
8.30 -5.10 375 55
8.40 -5.10 377 54
8.50 -5.10 379 53
8.60 -5.10 381 52
8.70 -5.10 384 51
8.80 -5.10 386 50
8.90 -5.10 388 50
9.00 -5.10 390 48
9.10 -5.10 392 47
-9.00 -5.00 0 0
-8.90 -5.00 0 0
-8.80 -5.00 0 0
-8.70 -5.00 0 0
-8.60 -5.00 0 0
-8.50 -5.00 0 0
-8.40 -5.00 0 0
-8.30 -5.00 0 0
-8.20 -5.00 0 0
-8.10 -5.00 0 0
-8.00 -5.00 0 0
-7.90 -5.00 0 0
-7.80 -5.00 0 0
-7.70 -5.00 0 0
-7.60 -5.00 0 0
-7.50 -5.00 0 0
-7.40 -5.00 0 0
-7.30 -5.00 0 0
-7.20 -5.00 3 220
-7.10 -5.00 4 219
-7.00 -5.00 5 218
-6.90 -5.00 7 217
-6.80 -5.00 9 216
-6.70 -5.00 12 214
-6.60 -5.00 14 213
-6.50 -5.00 16 212
-6.40 -5.00 17 211
-6.30 -5.00 18 210
-6.20 -5.00 0 0
-6.10 -5.00 0 0
-6.00 -5.00 0 0
-5.90 -5.00 0 0
-5.80 -5.00 0 0
-5.70 -5.00 0 0
-5.60 -5.00 0 0
-5.50 -5.00 0 0
-5.40 -5.00 0 0
-5.30 -5.00 0 0
-5.20 -5.00 0 0
-5.10 -5.00 0 0
-5.00 -5.00 0 0
-4.90 -5.00 0 0
-4.80 -5.00 0 0
-4.70 -5.00 0 0
-4.60 -5.00 0 0
-4.50 -5.00 0 0
-4.40 -5.00 58 238
-4.30 -5.00 48 260
-4.20 -5.00 48 259
-4.10 -5.00 76 212
-4.00 -5.00 77 211
-3.90 -5.00 79 210
-3.80 -5.00 81 210
-3.70 -5.00 84 209
-3.60 -5.00 86 209
-3.50 -5.00 89 208
-3.40 -5.00 92 208
-3.30 -5.00 94 207
-3.20 -5.00 96 207
-3.10 -5.00 98 206
-3.00 -5.00 101 206
-2.90 -5.00 103 206
-2.80 -5.00 106 205
-2.70 -5.00 108 205
-2.60 -5.00 110 204
-2.50 -5.00 113 203
-2.40 -5.00 115 203
-2.30 -5.00 118 202
-2.20 -5.00 120 201
-2.10 -5.00 123 200
-2.00 -5.00 125 199
-1.90 -5.00 128 199
-1.80 -5.00 131 198
-1.70 -5.00 133 197
-1.60 -5.00 136 196
-1.50 -5.00 138 195
-1.40 -5.00 141 194
-1.30 -5.00 143 192
-1.20 -5.00 145 191
-1.10 -5.00 148 190
-1.00 -5.00 150 190
-0.90 -5.00 152 189
-0.80 -5.00 156 188
-0.70 -5.00 158 187
-0.60 -5.00 161 186
-0.50 -5.00 164 185
-0.40 -5.00 166 183
-0.30 -5.00 169 182
-0.20 -5.00 171 181
-0.10 -5.00 174 180
-0.00 -5.00 176 179
0.10 -5.00 179 177
0.20 -5.00 181 176
0.30 -5.00 184 175
0.40 -5.00 186 173
0.50 -5.00 188 172
0.60 -5.00 191 171
0.70 -5.00 193 170
0.80 -5.00 196 169
0.90 -5.00 199 167
1.00 -5.00 201 166
1.10 -5.00 203 166
1.20 -5.00 205 165
1.30 -5.00 208 163
1.40 -5.00 210 163
1.50 -5.00 213 161
1.60 -5.00 215 160
1.70 -5.00 218 159
1.80 -5.00 220 158
1.90 -5.00 223 156
2.00 -5.00 225 155
2.10 -5.00 228 154
2.20 -5.00 230 153
2.30 -5.00 233 152
2.40 -5.00 235 150
2.50 -5.00 237 148
2.60 -5.00 240 147
2.70 -5.00 242 146
2.80 -5.00 245 144
2.90 -5.00 247 143
3.00 -5.00 250 141
3.10 -5.00 252 140
3.20 -5.00 255 139
3.30 -5.00 257 137
3.40 -5.00 260 136
3.50 -5.00 262 135
3.60 -5.00 265 133
3.70 -5.00 267 132
3.80 -5.00 269 131
3.90 -5.00 271 130
4.00 -5.00 275 128
4.10 -5.00 277 127
4.20 -5.00 279 126
4.30 -5.00 282 124
4.40 -5.00 283 123
4.50 -5.00 286 122
4.60 -5.00 289 121
4.70 -5.00 291 120
4.80 -5.00 294 119
4.90 -5.00 296 118
5.00 -5.00 0 0
5.10 -5.00 0 0
5.20 -5.00 0 0
5.30 -5.00 0 0
5.40 -5.00 0 0
5.50 -5.00 0 0
5.60 -5.00 0 0
5.70 -5.00 0 0
5.80 -5.00 0 0
5.90 -5.00 0 0
6.00 -5.00 0 0
6.10 -5.00 0 0
6.20 -5.00 0 0
6.30 -5.00 331 79
6.40 -5.00 333 78
6.50 -5.00 336 77
6.60 -5.00 338 75
6.70 -5.00 340 74
6.80 -5.00 342 73
6.90 -5.00 344 72
7.00 -5.00 347 71
7.10 -5.00 349 69
7.20 -5.00 351 68
7.30 -5.00 353 67
7.40 -5.00 355 66
7.50 -5.00 358 65
7.60 -5.00 361 64
7.70 -5.00 363 63
7.80 -5.00 365 61
7.90 -5.00 367 60
8.00 -5.00 369 59
8.10 -5.00 372 58
8.20 -5.00 374 57
8.30 -5.00 376 56
8.40 -5.00 378 55
8.50 -5.00 381 54
8.60 -5.00 383 53
8.70 -5.00 385 52
8.80 -5.00 387 51
8.90 -5.00 390 50
9.00 -5.00 391 49
9.10 -5.00 394 48
-9.00 -4.90 0 0
-8.90 -4.90 0 0
-8.80 -4.90 0 0
-8.70 -4.90 0 0
-8.60 -4.90 0 0
-8.50 -4.90 0 0
-8.40 -4.90 0 0
-8.30 -4.90 0 0
-8.20 -4.90 0 0
-8.10 -4.90 0 0
-8.00 -4.90 0 0
-7.90 -4.90 0 0
-7.80 -4.90 0 0
-7.70 -4.90 0 0
-7.60 -4.90 0 0
-7.50 -4.90 0 0
-7.40 -4.90 0 0
-7.30 -4.90 0 0
-7.20 -4.90 3 221
-7.10 -4.90 5 221
-7.00 -4.90 6 219
-6.90 -4.90 8 218
-6.80 -4.90 11 217
-6.70 -4.90 13 216
-6.60 -4.90 15 215
-6.50 -4.90 16 213
-6.40 -4.90 18 212
-6.30 -4.90 0 0
-6.20 -4.90 0 0
-6.10 -4.90 0 0
-6.00 -4.90 0 0
-5.90 -4.90 0 0
-5.80 -4.90 0 0
-5.70 -4.90 0 0
-5.60 -4.90 0 0
-5.50 -4.90 0 0
-5.40 -4.90 0 0
-5.30 -4.90 0 0
-5.20 -4.90 0 0
-5.10 -4.90 0 0
-5.00 -4.90 0 0
-4.90 -4.90 0 0
-4.80 -4.90 0 0
-4.70 -4.90 0 0
-4.60 -4.90 0 0
-4.50 -4.90 0 0
-4.40 -4.90 47 262
-4.30 -4.90 48 261
-4.20 -4.90 75 215
-4.10 -4.90 76 214
-4.00 -4.90 79 213
-3.90 -4.90 80 212
-3.80 -4.90 82 211
-3.70 -4.90 85 211
-3.60 -4.90 87 210
-3.50 -4.90 90 209
-3.40 -4.90 93 209
-3.30 -4.90 95 209
-3.20 -4.90 97 208
-3.10 -4.90 100 208
-3.00 -4.90 102 207
-2.90 -4.90 105 207
-2.80 -4.90 107 207
-2.70 -4.90 109 206
-2.60 -4.90 112 206
-2.50 -4.90 115 205
-2.40 -4.90 117 204
-2.30 -4.90 119 203
-2.20 -4.90 121 203
-2.10 -4.90 124 202
-2.00 -4.90 127 201
-1.90 -4.90 129 200
-1.80 -4.90 132 199
-1.70 -4.90 135 198
-1.60 -4.90 137 197
-1.50 -4.90 139 196
-1.40 -4.90 142 195
-1.30 -4.90 144 194
-1.20 -4.90 147 193
-1.10 -4.90 149 192
-1.00 -4.90 152 191
-0.90 -4.90 154 190
-0.80 -4.90 157 189
-0.70 -4.90 160 188
-0.60 -4.90 162 187
-0.50 -4.90 165 186
-0.40 -4.90 167 185
-0.30 -4.90 170 183
-0.20 -4.90 173 182
-0.10 -4.90 175 181
-0.00 -4.90 178 180
0.10 -4.90 180 179
0.20 -4.90 182 178
0.30 -4.90 185 176
0.40 -4.90 187 175
0.50 -4.90 190 174
0.60 -4.90 193 173
0.70 -4.90 195 171
0.80 -4.90 197 170
0.90 -4.90 200 169
1.00 -4.90 202 168
1.10 -4.90 204 167
1.20 -4.90 207 166
1.30 -4.90 209 165
1.40 -4.90 212 164
1.50 -4.90 215 163
1.60 -4.90 217 162
1.70 -4.90 220 160
1.80 -4.90 222 159
1.90 -4.90 225 158
2.00 -4.90 227 156
2.10 -4.90 229 155
2.20 -4.90 232 154
2.30 -4.90 234 153
2.40 -4.90 236 151
2.50 -4.90 239 150
2.60 -4.90 241 148
2.70 -4.90 244 147
2.80 -4.90 247 146
2.90 -4.90 249 144
3.00 -4.90 251 143
3.10 -4.90 254 141
3.20 -4.90 256 140
3.30 -4.90 259 139
3.40 -4.90 261 137
3.50 -4.90 264 136
3.60 -4.90 267 134
3.70 -4.90 269 133
3.80 -4.90 271 132
3.90 -4.90 274 131
4.00 -4.90 276 129
4.10 -4.90 278 128
4.20 -4.90 280 127
4.30 -4.90 283 126
4.40 -4.90 285 124
4.50 -4.90 288 123
4.60 -4.90 290 122
4.70 -4.90 292 120
4.80 -4.90 295 119
4.90 -4.90 298 118
5.00 -4.90 300 118
5.10 -4.90 0 0
5.20 -4.90 0 0
5.30 -4.90 0 0
5.40 -4.90 0 0
5.50 -4.90 0 0
5.60 -4.90 0 0
5.70 -4.90 0 0
5.80 -4.90 0 0
5.90 -4.90 0 0
6.00 -4.90 0 0
6.10 -4.90 0 0
6.20 -4.90 0 0
6.30 -4.90 334 80
6.40 -4.90 335 79
6.50 -4.90 338 78
6.60 -4.90 340 77
6.70 -4.90 341 75
6.80 -4.90 344 74
6.90 -4.90 346 73
7.00 -4.90 348 72
7.10 -4.90 350 71
7.20 -4.90 353 69
7.30 -4.90 355 68
7.40 -4.90 358 67
7.50 -4.90 360 66
7.60 -4.90 362 65
7.70 -4.90 364 63
7.80 -4.90 366 62
7.90 -4.90 368 61
8.00 -4.90 371 60
8.10 -4.90 373 59
8.20 -4.90 376 58
8.30 -4.90 378 58
8.40 -4.90 380 56
8.50 -4.90 381 54
8.60 -4.90 384 54
8.70 -4.90 386 53
8.80 -4.90 390 52
8.90 -4.90 391 51
9.00 -4.90 394 50
9.10 -4.90 396 49
-9.00 -4.80 0 0
-8.90 -4.80 0 0
-8.80 -4.80 0 0
-8.70 -4.80 0 0
-8.60 -4.80 0 0
-8.50 -4.80 0 0
-8.40 -4.80 0 0
-8.30 -4.80 0 0
-8.20 -4.80 0 0
-8.10 -4.80 0 0
-8.00 -4.80 0 0
-7.90 -4.80 0 0
-7.80 -4.80 0 0
-7.70 -4.80 0 0
-7.60 -4.80 0 0
-7.50 -4.80 0 0
-7.40 -4.80 0 0
-7.30 -4.80 0 0
-7.20 -4.80 4 222
-7.10 -4.80 6 222
-7.00 -4.80 7 220
-6.90 -4.80 9 220
-6.80 -4.80 12 218
-6.70 -4.80 15 217
-6.60 -4.80 16 216
-6.50 -4.80 18 215
-6.40 -4.80 0 0
-6.30 -4.80 0 0
-6.20 -4.80 0 0
-6.10 -4.80 0 0
-6.00 -4.80 0 0
-5.90 -4.80 0 0
-5.80 -4.80 0 0
-5.70 -4.80 0 0
-5.60 -4.80 0 0
-5.50 -4.80 0 0
-5.40 -4.80 0 0
-5.30 -4.80 0 0
-5.20 -4.80 0 0
-5.10 -4.80 0 0
-5.00 -4.80 0 0
-4.90 -4.80 0 0
-4.80 -4.80 0 0
-4.70 -4.80 0 0
-4.60 -4.80 0 0
-4.50 -4.80 58 241
-4.40 -4.80 74 219
-4.30 -4.80 74 218
-4.20 -4.80 76 217
-4.10 -4.80 77 216
-4.00 -4.80 79 215
-3.90 -4.80 81 214
-3.80 -4.80 83 213
-3.70 -4.80 86 212
-3.60 -4.80 89 211
-3.50 -4.80 92 211
-3.40 -4.80 94 211
-3.30 -4.80 97 210
-3.20 -4.80 98 210
-3.10 -4.80 101 209
-3.00 -4.80 104 209
-2.90 -4.80 107 208
-2.80 -4.80 109 208
-2.70 -4.80 110 207
-2.60 -4.80 113 207
-2.50 -4.80 115 207
-2.40 -4.80 118 206
-2.30 -4.80 120 205
-2.20 -4.80 123 204
-2.10 -4.80 126 203
-2.00 -4.80 128 202
-1.90 -4.80 130 201
-1.80 -4.80 133 200
-1.70 -4.80 136 200
-1.60 -4.80 138 199
-1.50 -4.80 141 198
-1.40 -4.80 143 197
-1.30 -4.80 146 196
-1.20 -4.80 148 195
-1.10 -4.80 150 194
-1.00 -4.80 154 193
-0.90 -4.80 156 191
-0.80 -4.80 159 190
-0.70 -4.80 161 189
-0.60 -4.80 164 188
-0.50 -4.80 167 187
-0.40 -4.80 169 186
-0.30 -4.80 171 184
-0.20 -4.80 174 183
-0.10 -4.80 177 183
-0.00 -4.80 179 181
0.10 -4.80 182 180
0.20 -4.80 184 179
0.30 -4.80 187 178
0.40 -4.80 189 177
0.50 -4.80 191 176
0.60 -4.80 193 174
0.70 -4.80 196 173
0.80 -4.80 199 172
0.90 -4.80 201 171
1.00 -4.80 203 170
1.10 -4.80 206 169
1.20 -4.80 208 168
1.30 -4.80 211 167
1.40 -4.80 213 165
1.50 -4.80 216 164
1.60 -4.80 218 163
1.70 -4.80 221 162
1.80 -4.80 223 161
1.90 -4.80 225 159
2.00 -4.80 228 158
2.10 -4.80 230 157
2.20 -4.80 233 155
2.30 -4.80 235 154
2.40 -4.80 238 153
2.50 -4.80 240 151
2.60 -4.80 243 149
2.70 -4.80 245 148
2.80 -4.80 248 147
2.90 -4.80 251 145
3.00 -4.80 253 144
3.10 -4.80 255 143
3.20 -4.80 258 141
3.30 -4.80 260 140
3.40 -4.80 263 139
3.50 -4.80 265 137
3.60 -4.80 268 136
3.70 -4.80 270 135
3.80 -4.80 273 133
3.90 -4.80 274 132
4.00 -4.80 277 131
4.10 -4.80 280 129
4.20 -4.80 282 128
4.30 -4.80 285 126
4.40 -4.80 287 125
4.50 -4.80 289 124
4.60 -4.80 292 123
4.70 -4.80 294 122
4.80 -4.80 297 120
4.90 -4.80 299 119
5.00 -4.80 301 118
5.10 -4.80 0 0
5.20 -4.80 0 0
5.30 -4.80 0 0
5.40 -4.80 0 0
5.50 -4.80 0 0
5.60 -4.80 0 0
5.70 -4.80 0 0
5.80 -4.80 0 0
5.90 -4.80 0 0
6.00 -4.80 0 0
6.10 -4.80 0 0
6.20 -4.80 0 0
6.30 -4.80 0 0
6.40 -4.80 337 81
6.50 -4.80 339 79
6.60 -4.80 341 79
6.70 -4.80 343 76
6.80 -4.80 345 75
6.90 -4.80 347 74
7.00 -4.80 350 73
7.10 -4.80 352 72
7.20 -4.80 354 70
7.30 -4.80 356 69
7.40 -4.80 359 68
7.50 -4.80 361 67
7.60 -4.80 364 66
7.70 -4.80 365 65
7.80 -4.80 368 63
7.90 -4.80 370 62
8.00 -4.80 372 61
8.10 -4.80 375 60
8.20 -4.80 377 59
8.30 -4.80 379 58
8.40 -4.80 381 57
8.50 -4.80 383 56
8.60 -4.80 386 55
8.70 -4.80 388 54
8.80 -4.80 391 53
8.90 -4.80 393 53
9.00 -4.80 395 51
9.10 -4.80 397 50
-9.00 -4.70 0 0
-8.90 -4.70 0 0
-8.80 -4.70 0 0
-8.70 -4.70 0 0
-8.60 -4.70 0 0
-8.50 -4.70 0 0
-8.40 -4.70 0 0
-8.30 -4.70 0 0
-8.20 -4.70 0 0
-8.10 -4.70 0 0
-8.00 -4.70 0 0
-7.90 -4.70 0 0
-7.80 -4.70 0 0
-7.70 -4.70 0 0
-7.60 -4.70 0 0
-7.50 -4.70 0 0
-7.40 -4.70 0 0
-7.30 -4.70 3 225
-7.20 -4.70 5 224
-7.10 -4.70 6 223
-7.00 -4.70 8 222
-6.90 -4.70 11 221
-6.80 -4.70 13 220
-6.70 -4.70 15 218
-6.60 -4.70 17 218
-6.50 -4.70 19 216
-6.40 -4.70 0 0
-6.30 -4.70 0 0
-6.20 -4.70 0 0
-6.10 -4.70 0 0
-6.00 -4.70 0 0
-5.90 -4.70 0 0
-5.80 -4.70 0 0
-5.70 -4.70 0 0
-5.60 -4.70 0 0
-5.50 -4.70 0 0
-5.40 -4.70 0 0
-5.30 -4.70 0 0
-5.20 -4.70 0 0
-5.10 -4.70 0 0
-5.00 -4.70 0 0
-4.90 -4.70 0 0
-4.80 -4.70 0 0
-4.70 -4.70 0 0
-4.60 -4.70 58 244
-4.50 -4.70 73 222
-4.40 -4.70 74 220
-4.30 -4.70 75 219
-4.20 -4.70 77 218
-4.10 -4.70 78 217
-4.00 -4.70 80 217
-3.90 -4.70 82 215
-3.80 -4.70 85 214
-3.70 -4.70 87 214
-3.60 -4.70 90 213
-3.50 -4.70 93 212
-3.40 -4.70 95 212
-3.30 -4.70 98 211
-3.20 -4.70 101 211
-3.10 -4.70 102 210
-3.00 -4.70 105 210
-2.90 -4.70 107 210
-2.80 -4.70 110 209
-2.70 -4.70 112 208
-2.60 -4.70 115 208
-2.50 -4.70 118 208
-2.40 -4.70 120 207
-2.30 -4.70 122 206
-2.20 -4.70 125 206
-2.10 -4.70 127 205
-2.00 -4.70 129 204
-1.90 -4.70 132 203
-1.80 -4.70 134 202
-1.70 -4.70 137 201
-1.60 -4.70 140 200
-1.50 -4.70 142 199
-1.40 -4.70 144 198
-1.30 -4.70 148 197
-1.20 -4.70 150 197
-1.10 -4.70 153 195
-1.00 -4.70 154 194
-0.90 -4.70 157 194
-0.80 -4.70 160 192
-0.70 -4.70 163 191
-0.60 -4.70 165 190
-0.50 -4.70 168 189
-0.40 -4.70 170 188
-0.30 -4.70 173 186
-0.20 -4.70 175 185
-0.10 -4.70 178 183
-0.00 -4.70 181 182
0.10 -4.70 183 181
0.20 -4.70 185 181
0.30 -4.70 188 180
0.40 -4.70 190 178
0.50 -4.70 192 177
0.60 -4.70 195 176
0.70 -4.70 198 174
0.80 -4.70 200 174
0.90 -4.70 202 172
1.00 -4.70 205 172
1.10 -4.70 207 170
1.20 -4.70 210 169
1.30 -4.70 212 168
1.40 -4.70 214 167
1.50 -4.70 217 166
1.60 -4.70 220 165
1.70 -4.70 222 163
1.80 -4.70 224 162
1.90 -4.70 227 161
2.00 -4.70 230 159
2.10 -4.70 232 158
2.20 -4.70 234 156
2.30 -4.70 237 155
2.40 -4.70 240 153
2.50 -4.70 242 152
2.60 -4.70 245 151
2.70 -4.70 247 150
2.80 -4.70 250 148
2.90 -4.70 252 147
3.00 -4.70 255 145
3.10 -4.70 257 144
3.20 -4.70 259 143
3.30 -4.70 262 141
3.40 -4.70 264 140
3.50 -4.70 267 138
3.60 -4.70 269 137
3.70 -4.70 272 136
3.80 -4.70 274 134
3.90 -4.70 277 133
4.00 -4.70 279 132
4.10 -4.70 281 130
4.20 -4.70 284 129
4.30 -4.70 286 128
4.40 -4.70 288 126
4.50 -4.70 291 125
4.60 -4.70 293 123
4.70 -4.70 296 122
4.80 -4.70 298 121
4.90 -4.70 300 120
5.00 -4.70 303 119
5.10 -4.70 305 118
5.20 -4.70 0 0
5.30 -4.70 0 0
5.40 -4.70 0 0
5.50 -4.70 0 0
5.60 -4.70 0 0
5.70 -4.70 0 0
5.80 -4.70 0 0
5.90 -4.70 0 0
6.00 -4.70 0 0
6.10 -4.70 0 0
6.20 -4.70 0 0
6.30 -4.70 0 0
6.40 -4.70 339 82
6.50 -4.70 340 80
6.60 -4.70 342 79
6.70 -4.70 345 78
6.80 -4.70 347 76
6.90 -4.70 349 75
7.00 -4.70 351 74
7.10 -4.70 353 73
7.20 -4.70 356 72
7.30 -4.70 358 71
7.40 -4.70 360 69
7.50 -4.70 363 68
7.60 -4.70 365 67
7.70 -4.70 367 65
7.80 -4.70 369 64
7.90 -4.70 371 63
8.00 -4.70 374 62
8.10 -4.70 376 61
8.20 -4.70 379 60
8.30 -4.70 380 59
8.40 -4.70 383 58
8.50 -4.70 385 57
8.60 -4.70 387 56
8.70 -4.70 390 55
8.80 -4.70 392 54
8.90 -4.70 394 53
9.00 -4.70 397 52
9.10 -4.70 399 51
-9.00 -4.60 0 0
-8.90 -4.60 0 0
-8.80 -4.60 0 0
-8.70 -4.60 0 0
-8.60 -4.60 0 0
-8.50 -4.60 0 0
-8.40 -4.60 0 0
-8.30 -4.60 0 0
-8.20 -4.60 0 0
-8.10 -4.60 0 0
-8.00 -4.60 0 0
-7.90 -4.60 0 0
-7.80 -4.60 0 0
-7.70 -4.60 0 0
-7.60 -4.60 0 0
-7.50 -4.60 0 0
-7.40 -4.60 2 227
-7.30 -4.60 4 226
-7.20 -4.60 5 225
-7.10 -4.60 7 224
-7.00 -4.60 9 223
-6.90 -4.60 12 222
-6.80 -4.60 15 221
-6.70 -4.60 17 220
-6.60 -4.60 18 219
-6.50 -4.60 20 217
-6.40 -4.60 0 0
-6.30 -4.60 0 0
-6.20 -4.60 0 0
-6.10 -4.60 0 0
-6.00 -4.60 0 0
-5.90 -4.60 0 0
-5.80 -4.60 0 0
-5.70 -4.60 0 0
-5.60 -4.60 0 0
-5.50 -4.60 0 0
-5.40 -4.60 0 0
-5.30 -4.60 0 0
-5.20 -4.60 0 0
-5.10 -4.60 0 0
-5.00 -4.60 0 0
-4.90 -4.60 0 0
-4.80 -4.60 53 248
-4.70 -4.60 55 247
-4.60 -4.60 58 245
-4.50 -4.60 73 222
-4.40 -4.60 75 222
-4.30 -4.60 76 220
-4.20 -4.60 77 220
-4.10 -4.60 79 219
-4.00 -4.60 81 218
-3.90 -4.60 84 218
-3.80 -4.60 86 216
-3.70 -4.60 89 215
-3.60 -4.60 91 214
-3.50 -4.60 94 214
-3.40 -4.60 97 213
-3.30 -4.60 100 213
-3.20 -4.60 102 213
-3.10 -4.60 104 212
-3.00 -4.60 106 211
-2.90 -4.60 109 211
-2.80 -4.60 111 210
-2.70 -4.60 114 210
-2.60 -4.60 116 210
-2.50 -4.60 118 209
-2.40 -4.60 121 208
-2.30 -4.60 124 208
-2.20 -4.60 127 207
-2.10 -4.60 129 206
-2.00 -4.60 131 205
-1.90 -4.60 133 205
-1.80 -4.60 135 204
-1.70 -4.60 138 203
-1.60 -4.60 141 202
-1.50 -4.60 143 201
-1.40 -4.60 146 200
-1.30 -4.60 148 199
-1.20 -4.60 151 198
-1.10 -4.60 154 196
-1.00 -4.60 157 196
-0.90 -4.60 159 195
-0.80 -4.60 161 194
-0.70 -4.60 164 192
-0.60 -4.60 166 191
-0.50 -4.60 169 190
-0.40 -4.60 172 189
-0.30 -4.60 175 188
-0.20 -4.60 178 186
-0.10 -4.60 180 185
-0.00 -4.60 182 184
0.10 -4.60 184 183
0.20 -4.60 187 182
0.30 -4.60 189 181
0.40 -4.60 191 180
0.50 -4.60 194 178
0.60 -4.60 196 177
0.70 -4.60 199 177
0.80 -4.60 201 176
0.90 -4.60 203 174
1.00 -4.60 206 173
1.10 -4.60 209 172
1.20 -4.60 211 171
1.30 -4.60 214 170
1.40 -4.60 216 169
1.50 -4.60 218 167
1.60 -4.60 221 166
1.70 -4.60 223 165
1.80 -4.60 226 164
1.90 -4.60 229 162
2.00 -4.60 231 160
2.10 -4.60 233 159
2.20 -4.60 237 158
2.30 -4.60 238 156
2.40 -4.60 241 155
2.50 -4.60 244 153
2.60 -4.60 247 152
2.70 -4.60 250 150
2.80 -4.60 252 149
2.90 -4.60 254 148
3.00 -4.60 256 146
3.10 -4.60 259 145
3.20 -4.60 261 143
3.30 -4.60 263 142
3.40 -4.60 266 141
3.50 -4.60 268 140
3.60 -4.60 271 138
3.70 -4.60 273 137
3.80 -4.60 276 135
3.90 -4.60 278 134
4.00 -4.60 281 133
4.10 -4.60 283 131
4.20 -4.60 285 130
4.30 -4.60 288 128
4.40 -4.60 290 127
4.50 -4.60 292 126
4.60 -4.60 295 125
4.70 -4.60 297 123
4.80 -4.60 300 122
4.90 -4.60 302 121
5.00 -4.60 304 120
5.10 -4.60 306 119
5.20 -4.60 309 118
5.30 -4.60 0 0
5.40 -4.60 0 0
5.50 -4.60 0 0
5.60 -4.60 0 0
5.70 -4.60 0 0
5.80 -4.60 0 0
5.90 -4.60 0 0
6.00 -4.60 0 0
6.10 -4.60 0 0
6.20 -4.60 0 0
6.30 -4.60 0 0
6.40 -4.60 0 0
6.50 -4.60 342 82
6.60 -4.60 344 80
6.70 -4.60 346 79
6.80 -4.60 348 77
6.90 -4.60 350 76
7.00 -4.60 352 74
7.10 -4.60 355 74
7.20 -4.60 357 73
7.30 -4.60 359 72
7.40 -4.60 362 70
7.50 -4.60 364 69
7.60 -4.60 366 68
7.70 -4.60 368 67
7.80 -4.60 370 66
7.90 -4.60 373 64
8.00 -4.60 375 63
8.10 -4.60 378 62
8.20 -4.60 379 61
8.30 -4.60 382 59
8.40 -4.60 383 59
8.50 -4.60 386 58
8.60 -4.60 388 57
8.70 -4.60 391 56
8.80 -4.60 393 55
8.90 -4.60 396 54
9.00 -4.60 397 53
9.10 -4.60 400 52
-9.00 -4.50 0 0
-8.90 -4.50 0 0
-8.80 -4.50 0 0
-8.70 -4.50 0 0
-8.60 -4.50 0 0
-8.50 -4.50 0 0
-8.40 -4.50 0 0
-8.30 -4.50 0 0
-8.20 -4.50 0 0
-8.10 -4.50 0 0
-8.00 -4.50 0 0
-7.90 -4.50 0 0
-7.80 -4.50 0 0
-7.70 -4.50 0 0
-7.60 -4.50 0 0
-7.50 -4.50 0 0
-7.40 -4.50 3 228
-7.30 -4.50 5 227
-7.20 -4.50 6 227
-7.10 -4.50 8 226
-7.00 -4.50 11 225
-6.90 -4.50 13 223
-6.80 -4.50 16 222
-6.70 -4.50 18 221
-6.60 -4.50 19 220
-6.50 -4.50 0 0
-6.40 -4.50 0 0
-6.30 -4.50 0 0
-6.20 -4.50 0 0
-6.10 -4.50 0 0
-6.00 -4.50 0 0
-5.90 -4.50 0 0
-5.80 -4.50 0 0
-5.70 -4.50 0 0
-5.60 -4.50 0 0
-5.50 -4.50 0 0
-5.40 -4.50 0 0
-5.30 -4.50 0 0
-5.20 -4.50 0 0
-5.10 -4.50 0 0
-5.00 -4.50 0 0
-4.90 -4.50 52 250
-4.80 -4.50 54 249
-4.70 -4.50 56 248
-4.60 -4.50 72 226
-4.50 -4.50 73 224
-4.40 -4.50 75 223
-4.30 -4.50 77 222
-4.20 -4.50 78 221
-4.10 -4.50 80 220
-4.00 -4.50 82 219
-3.90 -4.50 85 219
-3.80 -4.50 87 218
-3.70 -4.50 90 217
-3.60 -4.50 92 216
-3.50 -4.50 95 215
-3.40 -4.50 98 215
-3.30 -4.50 101 214
-3.20 -4.50 103 214
-3.10 -4.50 106 213
-3.00 -4.50 108 213
-2.90 -4.50 111 213
-2.80 -4.50 113 212
-2.70 -4.50 115 211
-2.60 -4.50 118 211
-2.50 -4.50 120 210
-2.40 -4.50 123 210
-2.30 -4.50 125 209
-2.20 -4.50 128 208
-2.10 -4.50 130 207
-2.00 -4.50 133 207
-1.90 -4.50 135 206
-1.80 -4.50 138 205
-1.70 -4.50 140 204
-1.60 -4.50 142 203
-1.50 -4.50 145 202
-1.40 -4.50 147 201
-1.30 -4.50 150 200
-1.20 -4.50 153 199
-1.10 -4.50 155 198
-1.00 -4.50 158 197
-0.90 -4.50 160 196
-0.80 -4.50 163 195
-0.70 -4.50 165 194
-0.60 -4.50 168 193
-0.50 -4.50 171 192
-0.40 -4.50 173 190
-0.30 -4.50 176 189
-0.20 -4.50 179 188
-0.10 -4.50 181 187
-0.00 -4.50 183 185
0.10 -4.50 185 184
0.20 -4.50 188 183
0.30 -4.50 190 182
0.40 -4.50 193 181
0.50 -4.50 195 180
0.60 -4.50 198 179
0.70 -4.50 200 178
0.80 -4.50 203 177
0.90 -4.50 205 176
1.00 -4.50 208 175
1.10 -4.50 210 173
1.20 -4.50 213 172
1.30 -4.50 215 171
1.40 -4.50 217 170
1.50 -4.50 220 168
1.60 -4.50 222 167
1.70 -4.50 225 166
1.80 -4.50 228 165
1.90 -4.50 230 163
2.00 -4.50 233 162
2.10 -4.50 235 160
2.20 -4.50 238 159
2.30 -4.50 240 158
2.40 -4.50 243 156
2.50 -4.50 246 154
2.60 -4.50 248 153
2.70 -4.50 251 152
2.80 -4.50 253 150
2.90 -4.50 255 149
3.00 -4.50 258 148
3.10 -4.50 260 146
3.20 -4.50 263 145
3.30 -4.50 265 144
3.40 -4.50 267 142
3.50 -4.50 270 140
3.60 -4.50 272 139
3.70 -4.50 275 138
3.80 -4.50 277 137
3.90 -4.50 280 135
4.00 -4.50 282 134
4.10 -4.50 284 132
4.20 -4.50 287 131
4.30 -4.50 289 129
4.40 -4.50 291 129
4.50 -4.50 294 127
4.60 -4.50 296 125
4.70 -4.50 298 124
4.80 -4.50 301 123
4.90 -4.50 304 122
5.00 -4.50 306 121
5.10 -4.50 307 119
5.20 -4.50 310 119
5.30 -4.50 313 117
5.40 -4.50 0 0
5.50 -4.50 0 0
5.60 -4.50 0 0
5.70 -4.50 0 0
5.80 -4.50 0 0
5.90 -4.50 0 0
6.00 -4.50 0 0
6.10 -4.50 0 0
6.20 -4.50 0 0
6.30 -4.50 0 0
6.40 -4.50 0 0
6.50 -4.50 343 83
6.60 -4.50 345 81
6.70 -4.50 347 81
6.80 -4.50 350 79
6.90 -4.50 352 77
7.00 -4.50 354 76
7.10 -4.50 356 75
7.20 -4.50 359 74
7.30 -4.50 361 73
7.40 -4.50 364 71
7.50 -4.50 365 70
7.60 -4.50 368 69
7.70 -4.50 370 68
7.80 -4.50 372 66
7.90 -4.50 374 65
8.00 -4.50 376 64
8.10 -4.50 379 63
8.20 -4.50 381 62
8.30 -4.50 383 61
8.40 -4.50 385 60
8.50 -4.50 387 59
8.60 -4.50 390 58
8.70 -4.50 392 57
8.80 -4.50 394 56
8.90 -4.50 397 55
9.00 -4.50 399 54
9.10 -4.50 401 53
-9.00 -4.40 0 0
-8.90 -4.40 0 0
-8.80 -4.40 0 0
-8.70 -4.40 0 0
-8.60 -4.40 0 0
-8.50 -4.40 0 0
-8.40 -4.40 0 0
-8.30 -4.40 0 0
-8.20 -4.40 0 0
-8.10 -4.40 0 0
-8.00 -4.40 0 0
-7.90 -4.40 0 0
-7.80 -4.40 0 0
-7.70 -4.40 0 0
-7.60 -4.40 0 0
-7.50 -4.40 0 0
-7.40 -4.40 4 230
-7.30 -4.40 5 229
-7.20 -4.40 7 228
-7.10 -4.40 9 227
-7.00 -4.40 12 226
-6.90 -4.40 14 225
-6.80 -4.40 17 224
-6.70 -4.40 19 222
-6.60 -4.40 20 221
-6.50 -4.40 0 0
-6.40 -4.40 0 0
-6.30 -4.40 0 0
-6.20 -4.40 0 0
-6.10 -4.40 0 0
-6.00 -4.40 0 0
-5.90 -4.40 0 0
-5.80 -4.40 0 0
-5.70 -4.40 0 0
-5.60 -4.40 0 0
-5.50 -4.40 0 0
-5.40 -4.40 0 0
-5.30 -4.40 0 0
-5.20 -4.40 0 0
-5.10 -4.40 0 0
-5.00 -4.40 51 252
-4.90 -4.40 53 252
-4.80 -4.40 55 250
-4.70 -4.40 70 229
-4.60 -4.40 72 228
-4.50 -4.40 73 226
-4.40 -4.40 75 225
-4.30 -4.40 77 224
-4.20 -4.40 79 222
-4.10 -4.40 81 222
-4.00 -4.40 84 221
-3.90 -4.40 86 220
-3.80 -4.40 89 220
-3.70 -4.40 91 219
-3.60 -4.40 94 218
-3.50 -4.40 97 217
-3.40 -4.40 99 216
-3.30 -4.40 102 215
-3.20 -4.40 105 215
-3.10 -4.40 107 215
-3.00 -4.40 110 214
-2.90 -4.40 112 214
-2.80 -4.40 114 213
-2.70 -4.40 117 213
-2.60 -4.40 120 212
-2.50 -4.40 122 212
-2.40 -4.40 124 211
-2.30 -4.40 127 210
-2.20 -4.40 129 210
-2.10 -4.40 132 209
-2.00 -4.40 134 208
-1.90 -4.40 137 208
-1.80 -4.40 139 206
-1.70 -4.40 141 206
-1.60 -4.40 144 205
-1.50 -4.40 146 204
-1.40 -4.40 149 202
-1.30 -4.40 152 202
-1.20 -4.40 154 201
-1.10 -4.40 157 200
-1.00 -4.40 159 199
-0.90 -4.40 162 198
-0.80 -4.40 164 196
-0.70 -4.40 167 196
-0.60 -4.40 169 195
-0.50 -4.40 172 194
-0.40 -4.40 174 192
-0.30 -4.40 177 191
-0.20 -4.40 180 189
-0.10 -4.40 182 188
-0.00 -4.40 185 187
0.10 -4.40 187 186
0.20 -4.40 189 184
0.30 -4.40 192 184
0.40 -4.40 194 182
0.50 -4.40 197 182
0.60 -4.40 199 180
0.70 -4.40 202 179
0.80 -4.40 204 178
0.90 -4.40 206 177
1.00 -4.40 209 176
1.10 -4.40 212 175
1.20 -4.40 214 174
1.30 -4.40 217 173
1.40 -4.40 219 171
1.50 -4.40 222 170
1.60 -4.40 225 169
1.70 -4.40 227 167
1.80 -4.40 229 166
1.90 -4.40 231 165
2.00 -4.40 234 163
2.10 -4.40 237 162
2.20 -4.40 239 160
2.30 -4.40 242 159
2.40 -4.40 245 157
2.50 -4.40 247 156
2.60 -4.40 250 154
2.70 -4.40 252 153
2.80 -4.40 254 152
2.90 -4.40 257 150
3.00 -4.40 259 149
3.10 -4.40 261 147
3.20 -4.40 264 146
3.30 -4.40 267 145
3.40 -4.40 269 143
3.50 -4.40 271 142
3.60 -4.40 274 140
3.70 -4.40 277 139
3.80 -4.40 279 137
3.90 -4.40 281 136
4.00 -4.40 283 135
4.10 -4.40 285 133
4.20 -4.40 288 132
4.30 -4.40 291 131
4.40 -4.40 293 130
4.50 -4.40 296 128
4.60 -4.40 297 126
4.70 -4.40 300 125
4.80 -4.40 302 124
4.90 -4.40 305 123
5.00 -4.40 307 122
5.10 -4.40 310 121
5.20 -4.40 312 120
5.30 -4.40 314 119
5.40 -4.40 316 118
5.50 -4.40 0 0
5.60 -4.40 0 0
5.70 -4.40 0 0
5.80 -4.40 0 0
5.90 -4.40 0 0
6.00 -4.40 0 0
6.10 -4.40 0 0
6.20 -4.40 0 0
6.30 -4.40 0 0
6.40 -4.40 0 0
6.50 -4.40 345 84
6.60 -4.40 347 83
6.70 -4.40 348 82
6.80 -4.40 350 80
6.90 -4.40 353 78
7.00 -4.40 356 77
7.10 -4.40 358 76
7.20 -4.40 360 75
7.30 -4.40 362 73
7.40 -4.40 364 72
7.50 -4.40 367 71
7.60 -4.40 369 70
7.70 -4.40 371 69
7.80 -4.40 373 67
7.90 -4.40 376 66
8.00 -4.40 378 65
8.10 -4.40 380 64
8.20 -4.40 382 63
8.30 -4.40 384 62
8.40 -4.40 386 61
8.50 -4.40 389 60
8.60 -4.40 391 59
8.70 -4.40 393 58
8.80 -4.40 396 57
8.90 -4.40 398 56
9.00 -4.40 400 55
9.10 -4.40 403 54
-9.00 -4.30 0 0
-8.90 -4.30 0 0
-8.80 -4.30 0 0
-8.70 -4.30 0 0
-8.60 -4.30 0 0
-8.50 -4.30 0 0
-8.40 -4.30 0 0
-8.30 -4.30 0 0
-8.20 -4.30 0 0
-8.10 -4.30 0 0
-8.00 -4.30 0 0
-7.90 -4.30 0 0
-7.80 -4.30 0 0
-7.70 -4.30 0 0
-7.60 -4.30 0 0
-7.50 -4.30 3 233
-7.40 -4.30 5 232
-7.30 -4.30 6 231
-7.20 -4.30 8 229
-7.10 -4.30 10 228
-7.00 -4.30 13 227
-6.90 -4.30 16 226
-6.80 -4.30 18 225
-6.70 -4.30 20 224
-6.60 -4.30 0 0
-6.50 -4.30 0 0
-6.40 -4.30 0 0
-6.30 -4.30 0 0
-6.20 -4.30 0 0
-6.10 -4.30 0 0
-6.00 -4.30 0 0
-5.90 -4.30 0 0
-5.80 -4.30 0 0
-5.70 -4.30 0 0
-5.60 -4.30 0 0
-5.50 -4.30 0 0
-5.40 -4.30 0 0
-5.30 -4.30 0 0
-5.20 -4.30 0 0
-5.10 -4.30 0 0
-5.00 -4.30 52 253
-4.90 -4.30 54 253
-4.80 -4.30 69 232
-4.70 -4.30 71 231
-4.60 -4.30 72 229
-4.50 -4.30 74 228
-4.40 -4.30 76 227
-4.30 -4.30 78 225
-4.20 -4.30 80 224
-4.10 -4.30 82 223
-4.00 -4.30 85 222
-3.90 -4.30 88 222
-3.80 -4.30 90 221
-3.70 -4.30 93 220
-3.60 -4.30 96 220
-3.50 -4.30 98 219
-3.40 -4.30 101 218
-3.30 -4.30 104 217
-3.20 -4.30 106 216
-3.10 -4.30 108 216
-3.00 -4.30 111 215
-2.90 -4.30 114 215
-2.80 -4.30 116 215
-2.70 -4.30 118 214
-2.60 -4.30 121 214
-2.50 -4.30 123 213
-2.40 -4.30 126 213
-2.30 -4.30 129 212
-2.20 -4.30 131 211
-2.10 -4.30 132 210
-2.00 -4.30 136 210
-1.90 -4.30 138 209
-1.80 -4.30 141 208
-1.70 -4.30 143 207
-1.60 -4.30 146 206
-1.50 -4.30 148 205
-1.40 -4.30 151 204
-1.30 -4.30 153 203
-1.20 -4.30 156 202
-1.10 -4.30 159 201
-1.00 -4.30 161 200
-0.90 -4.30 163 199
-0.80 -4.30 166 198
-0.70 -4.30 168 197
-0.60 -4.30 171 196
-0.50 -4.30 174 195
-0.40 -4.30 176 193
-0.30 -4.30 178 192
-0.20 -4.30 181 191
-0.10 -4.30 184 190
-0.00 -4.30 186 188
0.10 -4.30 189 187
0.20 -4.30 191 186
0.30 -4.30 193 185
0.40 -4.30 196 184
0.50 -4.30 198 183
0.60 -4.30 200 182
0.70 -4.30 203 181
0.80 -4.30 205 179
0.90 -4.30 208 179
1.00 -4.30 211 178
1.10 -4.30 213 177
1.20 -4.30 216 175
1.30 -4.30 218 174
1.40 -4.30 220 172
1.50 -4.30 223 172
1.60 -4.30 226 170
1.70 -4.30 228 168
1.80 -4.30 231 167
1.90 -4.30 233 166
2.00 -4.30 235 165
2.10 -4.30 238 163
2.20 -4.30 241 162
2.30 -4.30 244 160
2.40 -4.30 246 158
2.50 -4.30 249 157
2.60 -4.30 251 155
2.70 -4.30 253 154
2.80 -4.30 255 152
2.90 -4.30 258 151
3.00 -4.30 260 150
3.10 -4.30 264 148
3.20 -4.30 266 146
3.30 -4.30 268 145
3.40 -4.30 270 144
3.50 -4.30 273 143
3.60 -4.30 275 141
3.70 -4.30 278 140
3.80 -4.30 280 139
3.90 -4.30 282 137
4.00 -4.30 285 136
4.10 -4.30 288 135
4.20 -4.30 289 133
4.30 -4.30 292 132
4.40 -4.30 295 130
4.50 -4.30 297 129
4.60 -4.30 299 128
4.70 -4.30 302 126
4.80 -4.30 304 125
4.90 -4.30 306 123
5.00 -4.30 309 123
5.10 -4.30 311 121
5.20 -4.30 313 120
5.30 -4.30 316 119
5.40 -4.30 318 119
5.50 -4.30 0 0
5.60 -4.30 0 0
5.70 -4.30 0 0
5.80 -4.30 0 0
5.90 -4.30 0 0
6.00 -4.30 0 0
6.10 -4.30 0 0
6.20 -4.30 0 0
6.30 -4.30 0 0
6.40 -4.30 0 0
6.50 -4.30 347 85
6.60 -4.30 348 84
6.70 -4.30 350 82
6.80 -4.30 352 81
6.90 -4.30 354 79
7.00 -4.30 357 78
7.10 -4.30 359 77
7.20 -4.30 362 76
7.30 -4.30 363 75
7.40 -4.30 366 73
7.50 -4.30 367 72
7.60 -4.30 370 71
7.70 -4.30 372 70
7.80 -4.30 375 69
7.90 -4.30 377 67
8.00 -4.30 379 66
8.10 -4.30 381 65
8.20 -4.30 384 64
8.30 -4.30 386 63
8.40 -4.30 388 62
8.50 -4.30 390 61
8.60 -4.30 392 59
8.70 -4.30 395 58
8.80 -4.30 398 57
8.90 -4.30 400 57
9.00 -4.30 401 56
9.10 -4.30 404 55
-9.00 -4.20 0 0
-8.90 -4.20 0 0
-8.80 -4.20 0 0
-8.70 -4.20 0 0
-8.60 -4.20 0 0
-8.50 -4.20 0 0
-8.40 -4.20 0 0
-8.30 -4.20 0 0
-8.20 -4.20 0 0
-8.10 -4.20 0 0
-8.00 -4.20 0 0
-7.90 -4.20 0 0
-7.80 -4.20 0 0
-7.70 -4.20 0 0
-7.60 -4.20 0 0
-7.50 -4.20 4 234
-7.40 -4.20 5 233
-7.30 -4.20 7 232
-7.20 -4.20 9 230
-7.10 -4.20 12 229
-7.00 -4.20 14 228
-6.90 -4.20 17 227
-6.80 -4.20 19 226
-6.70 -4.20 21 224
-6.60 -4.20 0 0
-6.50 -4.20 0 0
-6.40 -4.20 0 0
-6.30 -4.20 0 0
-6.20 -4.20 0 0
-6.10 -4.20 0 0
-6.00 -4.20 0 0
-5.90 -4.20 0 0
-5.80 -4.20 0 0
-5.70 -4.20 0 0
-5.60 -4.20 0 0
-5.50 -4.20 0 0
-5.40 -4.20 0 0
-5.30 -4.20 0 0
-5.20 -4.20 0 0
-5.10 -4.20 51 256
-5.00 -4.20 53 255
-4.90 -4.20 69 234
-4.80 -4.20 70 233
-4.70 -4.20 72 232
-4.60 -4.20 73 231
-4.50 -4.20 75 230
-4.40 -4.20 76 229
-4.30 -4.20 79 227
-4.20 -4.20 81 226
-4.10 -4.20 83 225
-4.00 -4.20 86 224
-3.90 -4.20 89 223
-3.80 -4.20 92 222
-3.70 -4.20 95 222
-3.60 -4.20 97 221
-3.50 -4.20 99 221
-3.40 -4.20 102 219
-3.30 -4.20 105 219
-3.20 -4.20 107 218
-3.10 -4.20 111 217
-3.00 -4.20 112 217
-2.90 -4.20 115 216
-2.80 -4.20 118 216
-2.70 -4.20 120 216
-2.60 -4.20 122 215
-2.50 -4.20 125 215
-2.40 -4.20 127 214
-2.30 -4.20 130 213
-2.20 -4.20 132 213
-2.10 -4.20 134 212
-2.00 -4.20 137 211
-1.90 -4.20 139 211
-1.80 -4.20 142 210
-1.70 -4.20 145 209
-1.60 -4.20 147 208
-1.50 -4.20 150 206
-1.40 -4.20 152 206
-1.30 -4.20 155 205
-1.20 -4.20 157 203
-1.10 -4.20 159 203
-1.00 -4.20 162 202
-0.90 -4.20 165 201
-0.80 -4.20 167 200
-0.70 -4.20 170 198
-0.60 -4.20 172 197
-0.50 -4.20 175 196
-0.40 -4.20 178 195
-0.30 -4.20 180 194
-0.20 -4.20 182 193
-0.10 -4.20 185 191
-0.00 -4.20 188 190
0.10 -4.20 190 189
0.20 -4.20 193 188
0.30 -4.20 195 186
0.40 -4.20 197 186
0.50 -4.20 199 184
0.60 -4.20 202 183
0.70 -4.20 205 182
0.80 -4.20 207 181
0.90 -4.20 210 180
1.00 -4.20 212 179
1.10 -4.20 214 178
1.20 -4.20 217 177
1.30 -4.20 219 176
1.40 -4.20 222 174
1.50 -4.20 225 173
1.60 -4.20 228 171
1.70 -4.20 230 170
1.80 -4.20 232 168
1.90 -4.20 235 167
2.00 -4.20 237 166
2.10 -4.20 240 164
2.20 -4.20 242 163
2.30 -4.20 245 161
2.40 -4.20 248 159
2.50 -4.20 250 157
2.60 -4.20 253 156
2.70 -4.20 255 155
2.80 -4.20 257 153
2.90 -4.20 260 152
3.00 -4.20 262 150
3.10 -4.20 265 149
3.20 -4.20 268 148
3.30 -4.20 270 146
3.40 -4.20 272 145
3.50 -4.20 275 144
3.60 -4.20 277 142
3.70 -4.20 279 141
3.80 -4.20 282 140
3.90 -4.20 284 138
4.00 -4.20 287 137
4.10 -4.20 289 136
4.20 -4.20 292 134
4.30 -4.20 294 133
4.40 -4.20 296 131
4.50 -4.20 298 130
4.60 -4.20 301 129
4.70 -4.20 303 127
4.80 -4.20 305 126
4.90 -4.20 308 125
5.00 -4.20 311 123
5.10 -4.20 313 122
5.20 -4.20 316 121
5.30 -4.20 317 120
5.40 -4.20 319 119
5.50 -4.20 0 0
5.60 -4.20 0 0
5.70 -4.20 0 0
5.80 -4.20 0 0
5.90 -4.20 0 0
6.00 -4.20 0 0
6.10 -4.20 0 0
6.20 -4.20 0 0
6.30 -4.20 0 0
6.40 -4.20 0 0
6.50 -4.20 0 0
6.60 -4.20 350 85
6.70 -4.20 351 84
6.80 -4.20 353 82
6.90 -4.20 356 80
7.00 -4.20 358 79
7.10 -4.20 361 78
7.20 -4.20 362 77
7.30 -4.20 365 75
7.40 -4.20 367 74
7.50 -4.20 369 73
7.60 -4.20 371 72
7.70 -4.20 374 71
7.80 -4.20 376 70
7.90 -4.20 379 69
8.00 -4.20 381 67
8.10 -4.20 382 66
8.20 -4.20 385 65
8.30 -4.20 387 64
8.40 -4.20 389 63
8.50 -4.20 391 62
8.60 -4.20 394 60
8.70 -4.20 397 60
8.80 -4.20 399 59
8.90 -4.20 401 58
9.00 -4.20 403 57
9.10 -4.20 405 56
-9.00 -4.10 0 0
-8.90 -4.10 0 0
-8.80 -4.10 0 0
-8.70 -4.10 0 0
-8.60 -4.10 0 0
-8.50 -4.10 0 0
-8.40 -4.10 0 0
-8.30 -4.10 0 0
-8.20 -4.10 0 0
-8.10 -4.10 0 0
-8.00 -4.10 0 0
-7.90 -4.10 0 0
-7.80 -4.10 0 0
-7.70 -4.10 0 0
-7.60 -4.10 3 236
-7.50 -4.10 4 235
-7.40 -4.10 6 234
-7.30 -4.10 7 233
-7.20 -4.10 10 232
-7.10 -4.10 13 231
-7.00 -4.10 16 229
-6.90 -4.10 19 229
-6.80 -4.10 20 227
-6.70 -4.10 22 226
-6.60 -4.10 0 0
-6.50 -4.10 0 0
-6.40 -4.10 0 0
-6.30 -4.10 0 0
-6.20 -4.10 0 0
-6.10 -4.10 0 0
-6.00 -4.10 0 0
-5.90 -4.10 0 0
-5.80 -4.10 0 0
-5.70 -4.10 0 0
-5.60 -4.10 0 0
-5.50 -4.10 0 0
-5.40 -4.10 0 0
-5.30 -4.10 0 0
-5.20 -4.10 0 0
-5.10 -4.10 52 258
-5.00 -4.10 55 256
-4.90 -4.10 69 235
-4.80 -4.10 71 235
-4.70 -4.10 72 233
-4.60 -4.10 74 233
-4.50 -4.10 75 231
-4.40 -4.10 77 231
-4.30 -4.10 79 229
-4.20 -4.10 82 228
-4.10 -4.10 85 227
-4.00 -4.10 88 226
-3.90 -4.10 91 225
-3.80 -4.10 93 224
-3.70 -4.10 96 223
-3.60 -4.10 98 222
-3.50 -4.10 101 222
-3.40 -4.10 104 221
-3.30 -4.10 106 220
-3.20 -4.10 109 219
-3.10 -4.10 111 219
-3.00 -4.10 114 219
-2.90 -4.10 117 218
-2.80 -4.10 119 217
-2.70 -4.10 121 217
-2.60 -4.10 124 216
-2.50 -4.10 126 216
-2.40 -4.10 128 215
-2.30 -4.10 131 215
-2.20 -4.10 133 214
-2.10 -4.10 136 213
-2.00 -4.10 139 213
-1.90 -4.10 141 212
-1.80 -4.10 143 211
-1.70 -4.10 146 210
-1.60 -4.10 148 209
-1.50 -4.10 151 208
-1.40 -4.10 153 207
-1.30 -4.10 155 206
-1.20 -4.10 158 205
-1.10 -4.10 161 204
-1.00 -4.10 163 203
-0.90 -4.10 166 202
-0.80 -4.10 169 201
-0.70 -4.10 171 200
-0.60 -4.10 174 199
-0.50 -4.10 176 198
-0.40 -4.10 179 197
-0.30 -4.10 181 196
-0.20 -4.10 184 194
-0.10 -4.10 187 193
-0.00 -4.10 189 192
0.10 -4.10 192 190
0.20 -4.10 194 189
0.30 -4.10 196 188
0.40 -4.10 199 187
0.50 -4.10 201 186
0.60 -4.10 204 185
0.70 -4.10 206 184
0.80 -4.10 208 182
0.90 -4.10 211 182
1.00 -4.10 214 181
1.10 -4.10 216 180
1.20 -4.10 219 178
1.30 -4.10 221 177
1.40 -4.10 224 175
1.50 -4.10 226 174
1.60 -4.10 229 172
1.70 -4.10 232 171
1.80 -4.10 234 170
1.90 -4.10 236 168
2.00 -4.10 239 167
2.10 -4.10 242 165
2.20 -4.10 244 163
2.30 -4.10 247 162
2.40 -4.10 249 160
2.50 -4.10 252 159
2.60 -4.10 254 157
2.70 -4.10 256 156
2.80 -4.10 259 154
2.90 -4.10 261 153
3.00 -4.10 264 151
3.10 -4.10 267 150
3.20 -4.10 269 149
3.30 -4.10 271 147
3.40 -4.10 273 146
3.50 -4.10 276 145
3.60 -4.10 279 143
3.70 -4.10 281 142
3.80 -4.10 283 141
3.90 -4.10 286 139
4.00 -4.10 288 138
4.10 -4.10 291 137
4.20 -4.10 294 136
4.30 -4.10 296 134
4.40 -4.10 298 133
4.50 -4.10 300 132
4.60 -4.10 303 130
4.70 -4.10 305 129
4.80 -4.10 308 127
4.90 -4.10 309 126
5.00 -4.10 312 125
5.10 -4.10 315 123
5.20 -4.10 317 122
5.30 -4.10 319 121
5.40 -4.10 321 120
5.50 -4.10 324 119
5.60 -4.10 0 0
5.70 -4.10 0 0
5.80 -4.10 0 0
5.90 -4.10 0 0
6.00 -4.10 0 0
6.10 -4.10 0 0
6.20 -4.10 0 0
6.30 -4.10 0 0
6.40 -4.10 0 0
6.50 -4.10 0 0
6.60 -4.10 0 0
6.70 -4.10 353 85
6.80 -4.10 355 83
6.90 -4.10 358 82
7.00 -4.10 360 80
7.10 -4.10 362 79
7.20 -4.10 364 77
7.30 -4.10 366 77
7.40 -4.10 368 76
7.50 -4.10 371 74
7.60 -4.10 373 73
7.70 -4.10 376 72
7.80 -4.10 378 70
7.90 -4.10 380 70
8.00 -4.10 382 69
8.10 -4.10 384 67
8.20 -4.10 386 66
8.30 -4.10 388 65
8.40 -4.10 391 64
8.50 -4.10 393 63
8.60 -4.10 395 61
8.70 -4.10 397 61
8.80 -4.10 400 60
8.90 -4.10 402 59
9.00 -4.10 405 58
9.10 -4.10 407 57
-9.00 -4.00 0 0
-8.90 -4.00 0 0
-8.80 -4.00 0 0
-8.70 -4.00 0 0
-8.60 -4.00 0 0
-8.50 -4.00 0 0
-8.40 -4.00 0 0
-8.30 -4.00 0 0
-8.20 -4.00 0 0
-8.10 -4.00 0 0
-8.00 -4.00 0 0
-7.90 -4.00 0 0
-7.80 -4.00 0 0
-7.70 -4.00 0 0
-7.60 -4.00 4 237
-7.50 -4.00 5 237
-7.40 -4.00 7 236
-7.30 -4.00 8 235
-7.20 -4.00 12 233
-7.10 -4.00 14 232
-7.00 -4.00 17 231
-6.90 -4.00 20 230
-6.80 -4.00 21 228
-6.70 -4.00 0 0
-6.60 -4.00 0 0
-6.50 -4.00 0 0
-6.40 -4.00 0 0
-6.30 -4.00 0 0
-6.20 -4.00 0 0
-6.10 -4.00 0 0
-6.00 -4.00 0 0
-5.90 -4.00 0 0
-5.80 -4.00 0 0
-5.70 -4.00 0 0
-5.60 -4.00 0 0
-5.50 -4.00 0 0
-5.40 -4.00 0 0
-5.30 -4.00 0 0
-5.20 -4.00 51 260
-5.10 -4.00 54 258
-5.00 -4.00 55 257
-4.90 -4.00 70 237
-4.80 -4.00 71 235
-4.70 -4.00 73 235
-4.60 -4.00 75 234
-4.50 -4.00 76 233
-4.40 -4.00 78 232
-4.30 -4.00 81 231
-4.20 -4.00 83 230
-4.10 -4.00 86 229
-4.00 -4.00 89 228
-3.90 -4.00 92 226
-3.80 -4.00 95 226
-3.70 -4.00 97 225
-3.60 -4.00 100 224
-3.50 -4.00 102 224
-3.40 -4.00 105 223
-3.30 -4.00 107 222
-3.20 -4.00 110 221
-3.10 -4.00 113 220
-3.00 -4.00 115 220
-2.90 -4.00 118 219
-2.80 -4.00 120 219
-2.70 -4.00 122 218
-2.60 -4.00 125 218
-2.50 -4.00 128 217
-2.40 -4.00 130 217
-2.30 -4.00 133 216
-2.20 -4.00 135 216
-2.10 -4.00 138 215
-2.00 -4.00 140 214
-1.90 -4.00 143 213
-1.80 -4.00 145 212
-1.70 -4.00 147 211
-1.60 -4.00 150 210
-1.50 -4.00 152 209
-1.40 -4.00 155 209
-1.30 -4.00 157 208
-1.20 -4.00 160 206
-1.10 -4.00 163 206
-1.00 -4.00 165 204
-0.90 -4.00 168 203
-0.80 -4.00 170 202
-0.70 -4.00 172 201
-0.60 -4.00 175 200
-0.50 -4.00 178 199
-0.40 -4.00 181 198
-0.30 -4.00 183 197
-0.20 -4.00 186 196
-0.10 -4.00 188 195
-0.00 -4.00 191 194
0.10 -4.00 194 192
0.20 -4.00 196 191
0.30 -4.00 198 190
0.40 -4.00 200 189
0.50 -4.00 203 188
0.60 -4.00 205 186
0.70 -4.00 208 185
0.80 -4.00 210 184
0.90 -4.00 212 183
1.00 -4.00 215 182
1.10 -4.00 218 181
1.20 -4.00 220 179
1.30 -4.00 223 178
1.40 -4.00 225 177
1.50 -4.00 228 175
1.60 -4.00 230 174
1.70 -4.00 233 172
1.80 -4.00 236 171
1.90 -4.00 238 169
2.00 -4.00 241 168
2.10 -4.00 243 166
2.20 -4.00 246 165
2.30 -4.00 248 163
2.40 -4.00 251 161
2.50 -4.00 253 160
2.60 -4.00 255 158
2.70 -4.00 258 157
2.80 -4.00 261 156
2.90 -4.00 263 154
3.00 -4.00 266 153
3.10 -4.00 268 151
3.20 -4.00 270 150
3.30 -4.00 273 148
3.40 -4.00 275 147
3.50 -4.00 278 146
3.60 -4.00 280 145
3.70 -4.00 283 143
3.80 -4.00 285 142
3.90 -4.00 287 141
4.00 -4.00 290 139
4.10 -4.00 294 138
4.20 -4.00 296 136
4.30 -4.00 298 135
4.40 -4.00 300 134
4.50 -4.00 302 133
4.60 -4.00 305 131
4.70 -4.00 307 130
4.80 -4.00 309 129
4.90 -4.00 312 127
5.00 -4.00 314 126
5.10 -4.00 316 124
5.20 -4.00 319 123
5.30 -4.00 321 122
5.40 -4.00 323 121
5.50 -4.00 325 120
5.60 -4.00 328 119
5.70 -4.00 0 0
5.80 -4.00 0 0
5.90 -4.00 0 0
6.00 -4.00 0 0
6.10 -4.00 0 0
6.20 -4.00 0 0
6.30 -4.00 0 0
6.40 -4.00 0 0
6.50 -4.00 0 0
6.60 -4.00 0 0
6.70 -4.00 355 86
6.80 -4.00 357 85
6.90 -4.00 359 83
7.00 -4.00 361 82
7.10 -4.00 363 80
7.20 -4.00 366 79
7.30 -4.00 367 77
7.40 -4.00 370 76
7.50 -4.00 372 75
7.60 -4.00 374 74
7.70 -4.00 376 73
7.80 -4.00 379 71
7.90 -4.00 381 71
8.00 -4.00 384 69
8.10 -4.00 385 68
8.20 -4.00 388 67
8.30 -4.00 390 66
8.40 -4.00 392 65
8.50 -4.00 394 64
8.60 -4.00 397 63
8.70 -4.00 399 61
8.80 -4.00 401 60
8.90 -4.00 404 59
9.00 -4.00 406 59
9.10 -4.00 408 58
-9.00 -3.90 0 0
-8.90 -3.90 0 0
-8.80 -3.90 0 0
-8.70 -3.90 0 0
-8.60 -3.90 0 0
-8.50 -3.90 0 0
-8.40 -3.90 0 0
-8.30 -3.90 0 0
-8.20 -3.90 0 0
-8.10 -3.90 0 0
-8.00 -3.90 0 0
-7.90 -3.90 0 0
-7.80 -3.90 0 0
-7.70 -3.90 3 240
-7.60 -3.90 5 239
-7.50 -3.90 6 238
-7.40 -3.90 8 237
-7.30 -3.90 10 235
-7.20 -3.90 13 234
-7.10 -3.90 16 233
-7.00 -3.90 19 232
-6.90 -3.90 21 230
-6.80 -3.90 22 229
-6.70 -3.90 0 0
-6.60 -3.90 0 0
-6.50 -3.90 0 0
-6.40 -3.90 0 0
-6.30 -3.90 0 0
-6.20 -3.90 0 0
-6.10 -3.90 0 0
-6.00 -3.90 0 0
-5.90 -3.90 0 0
-5.80 -3.90 0 0
-5.70 -3.90 0 0
-5.60 -3.90 0 0
-5.50 -3.90 0 0
-5.40 -3.90 0 0
-5.30 -3.90 0 0
-5.20 -3.90 53 261
-5.10 -3.90 55 259
-5.00 -3.90 69 238
-4.90 -3.90 70 238
-4.80 -3.90 72 237
-4.70 -3.90 73 236
-4.60 -3.90 75 235
-4.50 -3.90 77 234
-4.40 -3.90 80 234
-4.30 -3.90 82 233
-4.20 -3.90 85 232
-4.10 -3.90 88 230
-4.00 -3.90 90 230
-3.90 -3.90 93 228
-3.80 -3.90 96 227
-3.70 -3.90 99 226
-3.60 -3.90 101 225
-3.50 -3.90 104 225
-3.40 -3.90 106 224
-3.30 -3.90 109 223
-3.20 -3.90 111 223
-3.10 -3.90 114 222
-3.00 -3.90 117 222
-2.90 -3.90 119 221
-2.80 -3.90 122 220
-2.70 -3.90 124 220
-2.60 -3.90 126 219
-2.50 -3.90 130 219
-2.40 -3.90 132 218
-2.30 -3.90 135 218
-2.20 -3.90 136 217
-2.10 -3.90 139 216
-2.00 -3.90 142 215
-1.90 -3.90 144 215
-1.80 -3.90 146 214
-1.70 -3.90 149 213
-1.60 -3.90 151 212
-1.50 -3.90 154 211
-1.40 -3.90 156 210
-1.30 -3.90 159 209
-1.20 -3.90 162 208
-1.10 -3.90 164 207
-1.00 -3.90 167 206
-0.90 -3.90 169 205
-0.80 -3.90 171 204
-0.70 -3.90 174 203
-0.60 -3.90 177 201
-0.50 -3.90 180 200
-0.40 -3.90 182 200
-0.30 -3.90 185 198
-0.20 -3.90 187 197
-0.10 -3.90 190 196
-0.00 -3.90 192 195
0.10 -3.90 194 194
0.20 -3.90 197 193
0.30 -3.90 199 191
0.40 -3.90 202 190
0.50 -3.90 205 189
0.60 -3.90 207 188
0.70 -3.90 209 187
0.80 -3.90 212 185
0.90 -3.90 215 184
1.00 -3.90 217 183
1.10 -3.90 219 182
1.20 -3.90 222 181
1.30 -3.90 224 179
1.40 -3.90 227 178
1.50 -3.90 230 177
1.60 -3.90 232 175
1.70 -3.90 234 174
1.80 -3.90 237 172
1.90 -3.90 240 170
2.00 -3.90 242 169
2.10 -3.90 245 167
2.20 -3.90 248 166
2.30 -3.90 250 164
2.40 -3.90 252 163
2.50 -3.90 255 161
2.60 -3.90 257 160
2.70 -3.90 260 158
2.80 -3.90 263 156
2.90 -3.90 265 155
3.00 -3.90 267 154
3.10 -3.90 270 153
3.20 -3.90 272 151
3.30 -3.90 275 150
3.40 -3.90 277 148
3.50 -3.90 280 147
3.60 -3.90 282 146
3.70 -3.90 285 144
3.80 -3.90 287 143
3.90 -3.90 290 142
4.00 -3.90 292 140
4.10 -3.90 295 139
4.20 -3.90 297 138
4.30 -3.90 299 136
4.40 -3.90 301 135
4.50 -3.90 304 134
4.60 -3.90 306 132
4.70 -3.90 309 132
4.80 -3.90 311 130
4.90 -3.90 314 129
5.00 -3.90 316 127
5.10 -3.90 318 126
5.20 -3.90 321 125
5.30 -3.90 323 124
5.40 -3.90 325 122
5.50 -3.90 328 121
5.60 -3.90 330 120
5.70 -3.90 333 119
5.80 -3.90 335 118
5.90 -3.90 0 0
6.00 -3.90 0 0
6.10 -3.90 0 0
6.20 -3.90 0 0
6.30 -3.90 0 0
6.40 -3.90 0 0
6.50 -3.90 0 0
6.60 -3.90 0 0
6.70 -3.90 357 88
6.80 -3.90 358 86
6.90 -3.90 361 85
7.00 -3.90 363 83
7.10 -3.90 365 81
7.20 -3.90 367 80
7.30 -3.90 369 79
7.40 -3.90 371 78
7.50 -3.90 374 76
7.60 -3.90 376 75
7.70 -3.90 378 74
7.80 -3.90 380 73
7.90 -3.90 383 72
8.00 -3.90 384 70
8.10 -3.90 386 69
8.20 -3.90 389 68
8.30 -3.90 391 67
8.40 -3.90 393 66
8.50 -3.90 396 65
8.60 -3.90 398 64
8.70 -3.90 401 62
8.80 -3.90 402 61
8.90 -3.90 405 61
9.00 -3.90 407 60
9.10 -3.90 410 59
-9.00 -3.80 0 0
-8.90 -3.80 0 0
-8.80 -3.80 0 0
-8.70 -3.80 0 0
-8.60 -3.80 0 0
-8.50 -3.80 0 0
-8.40 -3.80 0 0
-8.30 -3.80 0 0
-8.20 -3.80 0 0
-8.10 -3.80 0 0
-8.00 -3.80 0 0
-7.90 -3.80 0 0
-7.80 -3.80 0 0
-7.70 -3.80 4 241
-7.60 -3.80 5 240
-7.50 -3.80 7 239
-7.40 -3.80 9 238
-7.30 -3.80 12 237
-7.20 -3.80 15 236
-7.10 -3.80 18 235
-7.00 -3.80 21 233
-6.90 -3.80 22 232
-6.80 -3.80 23 230
-6.70 -3.80 0 0
-6.60 -3.80 0 0
-6.50 -3.80 0 0
-6.40 -3.80 0 0
-6.30 -3.80 0 0
-6.20 -3.80 0 0
-6.10 -3.80 0 0
-6.00 -3.80 0 0
-5.90 -3.80 0 0
-5.80 -3.80 0 0
-5.70 -3.80 0 0
-5.60 -3.80 0 0
-5.50 -3.80 0 0
-5.40 -3.80 0 0
-5.30 -3.80 52 264
-5.20 -3.80 54 263
-5.10 -3.80 56 261
-5.00 -3.80 70 240
-4.90 -3.80 71 239
-4.80 -3.80 72 238
-4.70 -3.80 74 237
-4.60 -3.80 76 237
-4.50 -3.80 78 235
-4.40 -3.80 81 235
-4.30 -3.80 84 234
-4.20 -3.80 86 233
-4.10 -3.80 89 232
-4.00 -3.80 91 232
-3.90 -3.80 94 230
-3.80 -3.80 97 229
-3.70 -3.80 100 228
-3.60 -3.80 102 227
-3.50 -3.80 105 226
-3.40 -3.80 108 225
-3.30 -3.80 111 225
-3.20 -3.80 113 224
-3.10 -3.80 115 224
-3.00 -3.80 118 223
-2.90 -3.80 121 222
-2.80 -3.80 123 222
-2.70 -3.80 125 221
-2.60 -3.80 128 221
-2.50 -3.80 131 220
-2.40 -3.80 133 220
-2.30 -3.80 136 219
-2.20 -3.80 138 218
-2.10 -3.80 140 218
-2.00 -3.80 144 217
-1.90 -3.80 146 216
-1.80 -3.80 148 215
-1.70 -3.80 150 214
-1.60 -3.80 153 213
-1.50 -3.80 155 212
-1.40 -3.80 158 211
-1.30 -3.80 161 210
-1.20 -3.80 163 209
-1.10 -3.80 166 208
-1.00 -3.80 168 207
-0.90 -3.80 171 206
-0.80 -3.80 173 205
-0.70 -3.80 176 204
-0.60 -3.80 178 203
-0.50 -3.80 181 202
-0.40 -3.80 184 201
-0.30 -3.80 186 200
-0.20 -3.80 188 199
-0.10 -3.80 191 198
-0.00 -3.80 194 196
0.10 -3.80 196 195
0.20 -3.80 198 194
0.30 -3.80 201 193
0.40 -3.80 204 192
0.50 -3.80 206 191
0.60 -3.80 208 190
0.70 -3.80 211 189
0.80 -3.80 214 187
0.90 -3.80 216 186
1.00 -3.80 218 185
1.10 -3.80 221 184
1.20 -3.80 223 182
1.30 -3.80 226 181
1.40 -3.80 229 179
1.50 -3.80 231 178
1.60 -3.80 233 176
1.70 -3.80 236 175
1.80 -3.80 239 173
1.90 -3.80 241 172
2.00 -3.80 244 170
2.10 -3.80 246 168
2.20 -3.80 249 167
2.30 -3.80 252 166
2.40 -3.80 254 164
2.50 -3.80 256 162
2.60 -3.80 259 161
2.70 -3.80 262 159
2.80 -3.80 264 158
2.90 -3.80 266 156
3.00 -3.80 269 155
3.10 -3.80 271 154
3.20 -3.80 274 152
3.30 -3.80 276 150
3.40 -3.80 279 149
3.50 -3.80 282 148
3.60 -3.80 284 147
3.70 -3.80 286 145
3.80 -3.80 288 144
3.90 -3.80 291 143
4.00 -3.80 294 141
4.10 -3.80 296 140
4.20 -3.80 298 139
4.30 -3.80 300 138
4.40 -3.80 303 136
4.50 -3.80 305 135
4.60 -3.80 307 134
4.70 -3.80 310 132
4.80 -3.80 313 131
4.90 -3.80 315 130
5.00 -3.80 317 129
5.10 -3.80 319 128
5.20 -3.80 322 126
5.30 -3.80 324 124
5.40 -3.80 327 123
5.50 -3.80 329 122
5.60 -3.80 332 121
5.70 -3.80 335 120
5.80 -3.80 336 119
5.90 -3.80 339 118
6.00 -3.80 0 0
6.10 -3.80 0 0
6.20 -3.80 0 0
6.30 -3.80 0 0
6.40 -3.80 0 0
6.50 -3.80 0 0
6.60 -3.80 0 0
6.70 -3.80 358 89
6.80 -3.80 360 88
6.90 -3.80 362 86
7.00 -3.80 364 84
7.10 -3.80 366 82
7.20 -3.80 368 81
7.30 -3.80 370 80
7.40 -3.80 373 78
7.50 -3.80 375 77
7.60 -3.80 377 76
7.70 -3.80 379 75
7.80 -3.80 382 74
7.90 -3.80 384 73
8.00 -3.80 386 72
8.10 -3.80 388 71
8.20 -3.80 390 69
8.30 -3.80 392 68
8.40 -3.80 395 67
8.50 -3.80 398 65
8.60 -3.80 399 65
8.70 -3.80 402 64
8.80 -3.80 403 62
8.90 -3.80 407 62
9.00 -3.80 409 61
9.10 -3.80 411 60
-9.00 -3.70 0 0
-8.90 -3.70 0 0
-8.80 -3.70 0 0
-8.70 -3.70 0 0
-8.60 -3.70 0 0
-8.50 -3.70 0 0
-8.40 -3.70 0 0
-8.30 -3.70 0 0
-8.20 -3.70 0 0
-8.10 -3.70 0 0
-8.00 -3.70 0 0
-7.90 -3.70 0 0
-7.80 -3.70 3 244
-7.70 -3.70 5 243
-7.60 -3.70 6 242
-7.50 -3.70 8 240
-7.40 -3.70 11 239
-7.30 -3.70 13 238
-7.20 -3.70 16 237
-7.10 -3.70 19 236
-7.00 -3.70 22 235
-6.90 -3.70 23 233
-6.80 -3.70 25 232
-6.70 -3.70 0 0
-6.60 -3.70 0 0
-6.50 -3.70 0 0
-6.40 -3.70 0 0
-6.30 -3.70 0 0
-6.20 -3.70 0 0
-6.10 -3.70 0 0
-6.00 -3.70 0 0
-5.90 -3.70 0 0
-5.80 -3.70 0 0
-5.70 -3.70 0 0
-5.60 -3.70 0 0
-5.50 -3.70 0 0
-5.40 -3.70 0 0
-5.30 -3.70 53 265
-5.20 -3.70 55 264
-5.10 -3.70 57 263
-5.00 -3.70 71 242
-4.90 -3.70 71 241
-4.80 -3.70 73 240
-4.70 -3.70 75 239
-4.60 -3.70 77 238
-4.50 -3.70 80 237
-4.40 -3.70 82 236
-4.30 -3.70 85 236
-4.20 -3.70 88 235
-4.10 -3.70 90 234
-4.00 -3.70 93 233
-3.90 -3.70 96 232
-3.80 -3.70 99 231
-3.70 -3.70 101 230
-3.60 -3.70 104 229
-3.50 -3.70 106 228
-3.40 -3.70 109 227
-3.30 -3.70 112 226
-3.20 -3.70 115 226
-3.10 -3.70 117 225
-3.00 -3.70 119 225
-2.90 -3.70 122 224
-2.80 -3.70 124 223
-2.70 -3.70 127 223
-2.60 -3.70 130 222
-2.50 -3.70 133 222
-2.40 -3.70 135 221
-2.30 -3.70 137 220
-2.20 -3.70 139 220
-2.10 -3.70 142 219
-2.00 -3.70 145 218
-1.90 -3.70 147 218
-1.80 -3.70 149 217
-1.70 -3.70 152 216
-1.60 -3.70 154 215
-1.50 -3.70 157 214
-1.40 -3.70 159 213
-1.30 -3.70 162 212
-1.20 -3.70 164 211
-1.10 -3.70 167 210
-1.00 -3.70 170 209
-0.90 -3.70 172 208
-0.80 -3.70 174 207
-0.70 -3.70 177 206
-0.60 -3.70 180 204
-0.50 -3.70 182 204
-0.40 -3.70 185 202
-0.30 -3.70 187 201
-0.20 -3.70 190 200
-0.10 -3.70 193 199
-0.00 -3.70 195 197
0.10 -3.70 198 197
0.20 -3.70 200 196
0.30 -3.70 202 195
0.40 -3.70 205 193
0.50 -3.70 207 192
0.60 -3.70 210 191
0.70 -3.70 212 190
0.80 -3.70 215 188
0.90 -3.70 218 188
1.00 -3.70 220 186
1.10 -3.70 223 185
1.20 -3.70 225 183
1.30 -3.70 227 182
1.40 -3.70 230 180
1.50 -3.70 233 179
1.60 -3.70 235 178
1.70 -3.70 238 176
1.80 -3.70 240 174
1.90 -3.70 243 172
2.00 -3.70 245 171
2.10 -3.70 248 169
2.20 -3.70 251 168
2.30 -3.70 253 166
2.40 -3.70 255 164
2.50 -3.70 258 163
2.60 -3.70 260 162
2.70 -3.70 263 160
2.80 -3.70 265 159
2.90 -3.70 268 158
3.00 -3.70 270 156
3.10 -3.70 273 155
3.20 -3.70 276 153
3.30 -3.70 278 152
3.40 -3.70 280 151
3.50 -3.70 282 150
3.60 -3.70 285 148
3.70 -3.70 287 146
3.80 -3.70 290 145
3.90 -3.70 293 143
4.00 -3.70 295 143
4.10 -3.70 297 141
4.20 -3.70 299 140
4.30 -3.70 301 139
4.40 -3.70 304 137
4.50 -3.70 307 136
4.60 -3.70 310 135
4.70 -3.70 312 133
4.80 -3.70 314 132
4.90 -3.70 316 131
5.00 -3.70 319 130
5.10 -3.70 320 128
5.20 -3.70 323 127
5.30 -3.70 326 126
5.40 -3.70 328 125
5.50 -3.70 331 123
5.60 -3.70 333 122
5.70 -3.70 335 121
5.80 -3.70 337 120
5.90 -3.70 340 119
6.00 -3.70 341 118
6.10 -3.70 0 0
6.20 -3.70 0 0
6.30 -3.70 0 0
6.40 -3.70 0 0
6.50 -3.70 0 0
6.60 -3.70 0 0
6.70 -3.70 0 0
6.80 -3.70 361 89
6.90 -3.70 363 88
7.00 -3.70 365 86
7.10 -3.70 367 84
7.20 -3.70 369 82
7.30 -3.70 372 81
7.40 -3.70 374 80
7.50 -3.70 376 78
7.60 -3.70 378 77
7.70 -3.70 381 76
7.80 -3.70 383 75
7.90 -3.70 385 74
8.00 -3.70 387 72
8.10 -3.70 389 72
8.20 -3.70 392 70
8.30 -3.70 394 69
8.40 -3.70 397 67
8.50 -3.70 399 67
8.60 -3.70 401 65
8.70 -3.70 403 65
8.80 -3.70 405 63
8.90 -3.70 408 62
9.00 -3.70 411 62
9.10 -3.70 413 60
-9.00 -3.60 0 0
-8.90 -3.60 0 0
-8.80 -3.60 0 0
-8.70 -3.60 0 0
-8.60 -3.60 0 0
-8.50 -3.60 0 0
-8.40 -3.60 0 0
-8.30 -3.60 0 0
-8.20 -3.60 0 0
-8.10 -3.60 0 0
-8.00 -3.60 0 0
-7.90 -3.60 0 0
-7.80 -3.60 4 245
-7.70 -3.60 5 244
-7.60 -3.60 7 243
-7.50 -3.60 8 242
-7.40 -3.60 11 240
-7.30 -3.60 14 239
-7.20 -3.60 17 238
-7.10 -3.60 20 237
-7.00 -3.60 23 236
-6.90 -3.60 24 234
-6.80 -3.60 0 0
-6.70 -3.60 0 0
-6.60 -3.60 0 0
-6.50 -3.60 0 0
-6.40 -3.60 0 0
-6.30 -3.60 0 0
-6.20 -3.60 0 0
-6.10 -3.60 0 0
-6.00 -3.60 0 0
-5.90 -3.60 0 0
-5.80 -3.60 0 0
-5.70 -3.60 0 0
-5.60 -3.60 0 0
-5.50 -3.60 0 0
-5.40 -3.60 53 268
-5.30 -3.60 54 266
-5.20 -3.60 56 265
-5.10 -3.60 58 264
-5.00 -3.60 71 243
-4.90 -3.60 72 242
-4.80 -3.60 74 241
-4.70 -3.60 76 240
-4.60 -3.60 79 239
-4.50 -3.60 82 238
-4.40 -3.60 84 238
-4.30 -3.60 87 237
-4.20 -3.60 89 236
-4.10 -3.60 92 235
-4.00 -3.60 95 235
-3.90 -3.60 97 234
-3.80 -3.60 100 233
-3.70 -3.60 102 232
-3.60 -3.60 105 231
-3.50 -3.60 108 230
-3.40 -3.60 111 229
-3.30 -3.60 113 228
-3.20 -3.60 116 227
-3.10 -3.60 118 227
-3.00 -3.60 120 226
-2.90 -3.60 124 225
-2.80 -3.60 126 225
-2.70 -3.60 129 224
-2.60 -3.60 131 224
-2.50 -3.60 134 223
-2.40 -3.60 136 223
-2.30 -3.60 139 222
-2.20 -3.60 141 221
-2.10 -3.60 144 221
-2.00 -3.60 146 220
-1.90 -3.60 148 219
-1.80 -3.60 151 218
-1.70 -3.60 153 217
-1.60 -3.60 156 216
-1.50 -3.60 158 215
-1.40 -3.60 161 214
-1.30 -3.60 163 213
-1.20 -3.60 166 212
-1.10 -3.60 169 211
-1.00 -3.60 171 210
-0.90 -3.60 173 209
-0.80 -3.60 176 208
-0.70 -3.60 179 207
-0.60 -3.60 181 206
-0.50 -3.60 183 205
-0.40 -3.60 186 204
-0.30 -3.60 189 202
-0.20 -3.60 191 201
-0.10 -3.60 194 200
-0.00 -3.60 197 199
0.10 -3.60 199 198
0.20 -3.60 201 197
0.30 -3.60 204 196
0.40 -3.60 206 195
0.50 -3.60 209 194
0.60 -3.60 211 192
0.70 -3.60 214 192
0.80 -3.60 217 190
0.90 -3.60 219 189
1.00 -3.60 222 188
1.10 -3.60 224 186
1.20 -3.60 226 184
1.30 -3.60 229 183
1.40 -3.60 231 182
1.50 -3.60 234 180
1.60 -3.60 237 179
1.70 -3.60 239 177
1.80 -3.60 242 175
1.90 -3.60 244 173
2.00 -3.60 247 172
2.10 -3.60 250 171
2.20 -3.60 252 169
2.30 -3.60 255 168
2.40 -3.60 257 166
2.50 -3.60 260 165
2.60 -3.60 262 163
2.70 -3.60 265 162
2.80 -3.60 267 160
2.90 -3.60 270 159
3.00 -3.60 272 157
3.10 -3.60 274 156
3.20 -3.60 277 155
3.30 -3.60 279 153
3.40 -3.60 282 151
3.50 -3.60 284 150
3.60 -3.60 286 149
3.70 -3.60 289 147
3.80 -3.60 291 146
3.90 -3.60 293 145
4.00 -3.60 296 143
4.10 -3.60 298 142
4.20 -3.60 301 141
4.30 -3.60 303 139
4.40 -3.60 305 138
4.50 -3.60 308 137
4.60 -3.60 311 135
4.70 -3.60 313 134
4.80 -3.60 315 133
4.90 -3.60 317 131
5.00 -3.60 320 130
5.10 -3.60 322 129
5.20 -3.60 324 128
5.30 -3.60 327 126
5.40 -3.60 329 126
5.50 -3.60 331 124
5.60 -3.60 334 123
5.70 -3.60 336 122
5.80 -3.60 338 121
5.90 -3.60 340 120
6.00 -3.60 342 119
6.10 -3.60 343 119
6.20 -3.60 0 0
6.30 -3.60 0 0
6.40 -3.60 0 0
6.50 -3.60 0 0
6.60 -3.60 0 0
6.70 -3.60 0 0
6.80 -3.60 363 91
6.90 -3.60 365 89
7.00 -3.60 367 88
7.10 -3.60 369 85
7.20 -3.60 371 83
7.30 -3.60 373 82
7.40 -3.60 376 81
7.50 -3.60 378 79
7.60 -3.60 380 79
7.70 -3.60 383 78
7.80 -3.60 384 76
7.90 -3.60 387 75
8.00 -3.60 389 74
8.10 -3.60 392 73
8.20 -3.60 394 71
8.30 -3.60 396 70
8.40 -3.60 399 69
8.50 -3.60 400 68
8.60 -3.60 402 67
8.70 -3.60 405 65
8.80 -3.60 407 64
8.90 -3.60 409 63
9.00 -3.60 412 62
9.10 -3.60 414 62
-9.00 -3.50 0 0
-8.90 -3.50 0 0
-8.80 -3.50 0 0
-8.70 -3.50 0 0
-8.60 -3.50 0 0
-8.50 -3.50 0 0
-8.40 -3.50 0 0
-8.30 -3.50 0 0
-8.20 -3.50 0 0
-8.10 -3.50 0 0
-8.00 -3.50 0 0
-7.90 -3.50 3 247
-7.80 -3.50 5 246
-7.70 -3.50 6 245
-7.60 -3.50 8 244
-7.50 -3.50 10 243
-7.40 -3.50 13 242
-7.30 -3.50 16 241
-7.20 -3.50 19 239
-7.10 -3.50 22 238
-7.00 -3.50 24 237
-6.90 -3.50 26 235
-6.80 -3.50 0 0
-6.70 -3.50 0 0
-6.60 -3.50 0 0
-6.50 -3.50 0 0
-6.40 -3.50 0 0
-6.30 -3.50 0 0
-6.20 -3.50 0 0
-6.10 -3.50 0 0
-6.00 -3.50 0 0
-5.90 -3.50 0 0
-5.80 -3.50 0 0
-5.70 -3.50 0 0
-5.60 -3.50 0 0
-5.50 -3.50 0 0
-5.40 -3.50 54 269
-5.30 -3.50 55 267
-5.20 -3.50 57 266
-5.10 -3.50 58 265
-5.00 -3.50 72 246
-4.90 -3.50 73 244
-4.80 -3.50 75 243
-4.70 -3.50 77 242
-4.60 -3.50 80 241
-4.50 -3.50 83 240
-4.40 -3.50 85 239
-4.30 -3.50 88 238
-4.20 -3.50 91 238
-4.10 -3.50 94 237
-4.00 -3.50 96 236
-3.90 -3.50 98 236
-3.80 -3.50 101 234
-3.70 -3.50 104 233
-3.60 -3.50 106 233
-3.50 -3.50 109 232
-3.40 -3.50 112 231
-3.30 -3.50 115 230
-3.20 -3.50 117 229
-3.10 -3.50 119 228
-3.00 -3.50 122 228
-2.90 -3.50 125 227
-2.80 -3.50 128 226
-2.70 -3.50 131 226
-2.60 -3.50 133 225
-2.50 -3.50 135 225
-2.40 -3.50 137 224
-2.30 -3.50 140 224
-2.20 -3.50 143 223
-2.10 -3.50 145 222
-2.00 -3.50 148 222
-1.90 -3.50 150 221
-1.80 -3.50 152 220
-1.70 -3.50 154 219
-1.60 -3.50 157 217
-1.50 -3.50 160 217
-1.40 -3.50 163 216
-1.30 -3.50 165 215
-1.20 -3.50 167 213
-1.10 -3.50 170 213
-1.00 -3.50 173 212
-0.90 -3.50 175 211
-0.80 -3.50 178 210
-0.70 -3.50 180 209
-0.60 -3.50 183 207
-0.50 -3.50 185 206
-0.40 -3.50 188 205
-0.30 -3.50 190 204
-0.20 -3.50 192 203
-0.10 -3.50 195 202
-0.00 -3.50 198 200
0.10 -3.50 200 199
0.20 -3.50 203 198
0.30 -3.50 205 197
0.40 -3.50 208 196
0.50 -3.50 210 195
0.60 -3.50 213 194
0.70 -3.50 215 193
0.80 -3.50 218 192
0.90 -3.50 221 190
1.00 -3.50 223 189
1.10 -3.50 225 187
1.20 -3.50 228 186
1.30 -3.50 230 184
1.40 -3.50 233 183
1.50 -3.50 235 182
1.60 -3.50 238 180
1.70 -3.50 241 178
1.80 -3.50 243 177
1.90 -3.50 246 175
2.00 -3.50 248 173
2.10 -3.50 251 172
2.20 -3.50 254 170
2.30 -3.50 256 169
2.40 -3.50 258 167
2.50 -3.50 261 166
2.60 -3.50 264 164
2.70 -3.50 266 163
2.80 -3.50 268 161
2.90 -3.50 270 160
3.00 -3.50 273 159
3.10 -3.50 276 157
3.20 -3.50 278 156
3.30 -3.50 281 154
3.40 -3.50 283 153
3.50 -3.50 285 151
3.60 -3.50 288 150
3.70 -3.50 290 148
3.80 -3.50 292 147
3.90 -3.50 295 146
4.00 -3.50 297 145
4.10 -3.50 300 143
4.20 -3.50 302 141
4.30 -3.50 304 140
4.40 -3.50 307 139
4.50 -3.50 309 138
4.60 -3.50 311 136
4.70 -3.50 314 135
4.80 -3.50 316 134
4.90 -3.50 319 132
5.00 -3.50 321 131
5.10 -3.50 323 130
5.20 -3.50 325 129
5.30 -3.50 328 127
5.40 -3.50 330 126
5.50 -3.50 333 125
5.60 -3.50 335 123
5.70 -3.50 337 123
5.80 -3.50 340 122
5.90 -3.50 341 121
6.00 -3.50 343 120
6.10 -3.50 344 120
6.20 -3.50 0 0
6.30 -3.50 0 0
6.40 -3.50 0 0
6.50 -3.50 0 0
6.60 -3.50 0 0
6.70 -3.50 0 0
6.80 -3.50 365 92
6.90 -3.50 366 91
7.00 -3.50 368 89
7.10 -3.50 370 87
7.20 -3.50 373 84
7.30 -3.50 375 83
7.40 -3.50 377 82
7.50 -3.50 379 81
7.60 -3.50 381 79
7.70 -3.50 384 78
7.80 -3.50 386 77
7.90 -3.50 389 76
8.00 -3.50 391 75
8.10 -3.50 393 73
8.20 -3.50 395 72
8.30 -3.50 397 71
8.40 -3.50 400 69
8.50 -3.50 402 69
8.60 -3.50 403 67
8.70 -3.50 406 67
8.80 -3.50 408 65
8.90 -3.50 411 64
9.00 -3.50 413 63
9.10 -3.50 415 63
-9.00 -3.40 0 0
-8.90 -3.40 0 0
-8.80 -3.40 0 0
-8.70 -3.40 0 0
-8.60 -3.40 0 0
-8.50 -3.40 0 0
-8.40 -3.40 0 0
-8.30 -3.40 0 0
-8.20 -3.40 0 0
-8.10 -3.40 0 0
-8.00 -3.40 0 0
-7.90 -3.40 4 249
-7.80 -3.40 5 248
-7.70 -3.40 7 246
-7.60 -3.40 9 245
-7.50 -3.40 11 244
-7.40 -3.40 14 243
-7.30 -3.40 17 242
-7.20 -3.40 20 240
-7.10 -3.40 23 239
-7.00 -3.40 25 238
-6.90 -3.40 27 236
-6.80 -3.40 0 0
-6.70 -3.40 0 0
-6.60 -3.40 0 0
-6.50 -3.40 0 0
-6.40 -3.40 0 0
-6.30 -3.40 0 0
-6.20 -3.40 0 0
-6.10 -3.40 0 0
-6.00 -3.40 0 0
-5.90 -3.40 0 0
-5.80 -3.40 0 0
-5.70 -3.40 0 0
-5.60 -3.40 0 0
-5.50 -3.40 0 0
-5.40 -3.40 56 270
-5.30 -3.40 57 268
-5.20 -3.40 58 268
-5.10 -3.40 71 248
-5.00 -3.40 73 248
-4.90 -3.40 74 246
-4.80 -3.40 76 245
-4.70 -3.40 79 244
-4.60 -3.40 82 243
-4.50 -3.40 84 242
-4.40 -3.40 86 241
-4.30 -3.40 90 240
-4.20 -3.40 92 239
-4.10 -3.40 95 239
-4.00 -3.40 98 238
-3.90 -3.40 100 237
-3.80 -3.40 103 236
-3.70 -3.40 106 235
-3.60 -3.40 108 235
-3.50 -3.40 111 234
-3.40 -3.40 113 232
-3.30 -3.40 116 231
-3.20 -3.40 118 231
-3.10 -3.40 121 230
-3.00 -3.40 123 229
-2.90 -3.40 126 228
-2.80 -3.40 129 228
-2.70 -3.40 131 227
-2.60 -3.40 134 227
-2.50 -3.40 136 226
-2.40 -3.40 139 225
-2.30 -3.40 142 225
-2.20 -3.40 144 224
-2.10 -3.40 147 224
-2.00 -3.40 149 223
-1.90 -3.40 151 222
-1.80 -3.40 154 221
-1.70 -3.40 156 220
-1.60 -3.40 159 219
-1.50 -3.40 161 218
-1.40 -3.40 164 217
-1.30 -3.40 166 216
-1.20 -3.40 169 215
-1.10 -3.40 172 214
-1.00 -3.40 174 213
-0.90 -3.40 176 212
-0.80 -3.40 179 211
-0.70 -3.40 182 210
-0.60 -3.40 184 209
-0.50 -3.40 187 208
-0.40 -3.40 189 206
-0.30 -3.40 192 206
-0.20 -3.40 194 205
-0.10 -3.40 197 203
-0.00 -3.40 200 202
0.10 -3.40 202 201
0.20 -3.40 205 200
0.30 -3.40 207 199
0.40 -3.40 209 197
0.50 -3.40 212 196
0.60 -3.40 214 195
0.70 -3.40 217 194
0.80 -3.40 220 193
0.90 -3.40 222 192
1.00 -3.40 224 190
1.10 -3.40 227 188
1.20 -3.40 230 187
1.30 -3.40 232 186
1.40 -3.40 235 184
1.50 -3.40 237 183
1.60 -3.40 240 181
1.70 -3.40 242 179
1.80 -3.40 245 177
1.90 -3.40 248 176
2.00 -3.40 250 175
2.10 -3.40 253 173
2.20 -3.40 255 171
2.30 -3.40 258 169
2.40 -3.40 260 168
2.50 -3.40 263 167
2.60 -3.40 265 165
2.70 -3.40 267 164
2.80 -3.40 270 163
2.90 -3.40 272 161
3.00 -3.40 275 159
3.10 -3.40 277 158
3.20 -3.40 280 156
3.30 -3.40 282 155
3.40 -3.40 284 154
3.50 -3.40 286 153
3.60 -3.40 289 151
3.70 -3.40 291 150
3.80 -3.40 294 149
3.90 -3.40 296 147
4.00 -3.40 298 146
4.10 -3.40 301 144
4.20 -3.40 303 143
4.30 -3.40 305 141
4.40 -3.40 308 140
4.50 -3.40 310 139
4.60 -3.40 312 137
4.70 -3.40 315 136
4.80 -3.40 317 135
4.90 -3.40 319 134
5.00 -3.40 322 132
5.10 -3.40 324 131
5.20 -3.40 327 130
5.30 -3.40 329 128
5.40 -3.40 332 127
5.50 -3.40 334 126
5.60 -3.40 336 125
5.70 -3.40 338 124
5.80 -3.40 341 123
5.90 -3.40 343 122
6.00 -3.40 345 121
6.10 -3.40 346 121
6.20 -3.40 348 120
6.30 -3.40 0 0
6.40 -3.40 0 0
6.50 -3.40 0 0
6.60 -3.40 0 0
6.70 -3.40 0 0
6.80 -3.40 367 94
6.90 -3.40 368 91
7.00 -3.40 369 91
7.10 -3.40 372 88
7.20 -3.40 374 86
7.30 -3.40 376 84
7.40 -3.40 378 83
7.50 -3.40 381 82
7.60 -3.40 383 80
7.70 -3.40 385 80
7.80 -3.40 388 78
7.90 -3.40 390 77
8.00 -3.40 392 75
8.10 -3.40 394 74
8.20 -3.40 396 73
8.30 -3.40 399 72
8.40 -3.40 400 71
8.50 -3.40 403 70
8.60 -3.40 405 68
8.70 -3.40 407 67
8.80 -3.40 410 66
8.90 -3.40 411 65
9.00 -3.40 414 64
9.10 -3.40 417 63
-9.00 -3.30 0 0
-8.90 -3.30 0 0
-8.80 -3.30 0 0
-8.70 -3.30 0 0
-8.60 -3.30 0 0
-8.50 -3.30 0 0
-8.40 -3.30 0 0
-8.30 -3.30 0 0
-8.20 -3.30 0 0
-8.10 -3.30 0 0
-8.00 -3.30 3 251
-7.90 -3.30 4 250
-7.80 -3.30 6 249
-7.70 -3.30 7 248
-7.60 -3.30 10 247
-7.50 -3.30 13 245
-7.40 -3.30 16 244
-7.30 -3.30 19 243
-7.20 -3.30 22 242
-7.10 -3.30 24 241
-7.00 -3.30 26 239
-6.90 -3.30 27 238
-6.80 -3.30 0 0
-6.70 -3.30 0 0
-6.60 -3.30 0 0
-6.50 -3.30 0 0
-6.40 -3.30 0 0
-6.30 -3.30 0 0
-6.20 -3.30 0 0
-6.10 -3.30 0 0
-6.00 -3.30 0 0
-5.90 -3.30 0 0
-5.80 -3.30 0 0
-5.70 -3.30 0 0
-5.60 -3.30 0 0
-5.50 -3.30 0 0
-5.40 -3.30 57 271
-5.30 -3.30 58 270
-5.20 -3.30 59 269
-5.10 -3.30 72 251
-5.00 -3.30 74 249
-4.90 -3.30 75 248
-4.80 -3.30 78 247
-4.70 -3.30 80 246
-4.60 -3.30 83 244
-4.50 -3.30 86 244
-4.40 -3.30 88 243
-4.30 -3.30 91 242
-4.20 -3.30 94 241
-4.10 -3.30 96 240
-4.00 -3.30 98 239
-3.90 -3.30 101 238
-3.80 -3.30 104 238
-3.70 -3.30 107 237
-3.60 -3.30 109 236
-3.50 -3.30 112 235
-3.40 -3.30 115 234
-3.30 -3.30 117 234
-3.20 -3.30 120 232
-3.10 -3.30 122 232
-3.00 -3.30 125 230
-2.90 -3.30 127 230
-2.80 -3.30 130 229
-2.70 -3.30 133 228
-2.60 -3.30 135 228
-2.50 -3.30 138 228
-2.40 -3.30 141 227
-2.30 -3.30 143 226
-2.20 -3.30 146 226
-2.10 -3.30 148 225
-2.00 -3.30 151 224
-1.90 -3.30 153 223
-1.80 -3.30 155 223
-1.70 -3.30 158 221
-1.60 -3.30 160 221
-1.50 -3.30 163 220
-1.40 -3.30 165 219
-1.30 -3.30 168 217
-1.20 -3.30 170 216
-1.10 -3.30 174 215
-1.00 -3.30 175 214
-0.90 -3.30 178 213
-0.80 -3.30 181 212
-0.70 -3.30 184 211
-0.60 -3.30 186 210
-0.50 -3.30 188 209
-0.40 -3.30 191 208
-0.30 -3.30 193 207
-0.20 -3.30 196 206
-0.10 -3.30 199 205
-0.00 -3.30 201 203
0.10 -3.30 204 203
0.20 -3.30 206 201
0.30 -3.30 209 200
0.40 -3.30 211 199
0.50 -3.30 213 198
0.60 -3.30 216 196
0.70 -3.30 219 195
0.80 -3.30 221 194
0.90 -3.30 223 193
1.00 -3.30 226 191
1.10 -3.30 229 190
1.20 -3.30 231 188
1.30 -3.30 233 187
1.40 -3.30 236 185
1.50 -3.30 238 184
1.60 -3.30 241 182
1.70 -3.30 244 181
1.80 -3.30 247 179
1.90 -3.30 249 177
2.00 -3.30 252 176
2.10 -3.30 254 174
2.20 -3.30 256 173
2.30 -3.30 259 171
2.40 -3.30 261 170
2.50 -3.30 264 168
2.60 -3.30 266 166
2.70 -3.30 269 165
2.80 -3.30 271 164
2.90 -3.30 273 162
3.00 -3.30 276 161
3.10 -3.30 278 159
3.20 -3.30 281 158
3.30 -3.30 283 157
3.40 -3.30 286 155
3.50 -3.30 288 154
3.60 -3.30 291 152
3.70 -3.30 293 151
3.80 -3.30 295 150
3.90 -3.30 297 149
4.00 -3.30 300 147
4.10 -3.30 302 146
4.20 -3.30 305 144
4.30 -3.30 307 143
4.40 -3.30 309 142
4.50 -3.30 312 140
4.60 -3.30 314 139
4.70 -3.30 316 137
4.80 -3.30 318 136
4.90 -3.30 321 134
5.00 -3.30 323 133
5.10 -3.30 326 132
5.20 -3.30 328 131
5.30 -3.30 330 129
5.40 -3.30 333 128
5.50 -3.30 335 127
5.60 -3.30 337 126
5.70 -3.30 340 125
5.80 -3.30 342 124
5.90 -3.30 344 123
6.00 -3.30 346 122
6.10 -3.30 348 121
6.20 -3.30 350 121
6.30 -3.30 0 0
6.40 -3.30 0 0
6.50 -3.30 0 0
6.60 -3.30 0 0
6.70 -3.30 0 0
6.80 -3.30 368 95
6.90 -3.30 369 93
7.00 -3.30 371 91
7.10 -3.30 373 90
7.20 -3.30 375 87
7.30 -3.30 377 85
7.40 -3.30 380 84
7.50 -3.30 382 83
7.60 -3.30 385 82
7.70 -3.30 387 81
7.80 -3.30 389 79
7.90 -3.30 391 78
8.00 -3.30 394 77
8.10 -3.30 396 75
8.20 -3.30 398 74
8.30 -3.30 399 73
8.40 -3.30 402 72
8.50 -3.30 404 70
8.60 -3.30 407 70
8.70 -3.30 409 68
8.80 -3.30 411 67
8.90 -3.30 413 66
9.00 -3.30 416 65
9.10 -3.30 418 65
-9.00 -3.20 0 0
-8.90 -3.20 0 0
-8.80 -3.20 0 0
-8.70 -3.20 0 0
-8.60 -3.20 0 0
-8.50 -3.20 0 0
-8.40 -3.20 0 0
-8.30 -3.20 0 0
-8.20 -3.20 0 0
-8.10 -3.20 0 0
-8.00 -3.20 4 252
-7.90 -3.20 5 251
-7.80 -3.20 6 250
-7.70 -3.20 8 249
-7.60 -3.20 11 248
-7.50 -3.20 14 247
-7.40 -3.20 17 246
-7.30 -3.20 20 244
-7.20 -3.20 24 243
-7.10 -3.20 25 242
-7.00 -3.20 27 241
-6.90 -3.20 0 0
-6.80 -3.20 0 0
-6.70 -3.20 0 0
-6.60 -3.20 0 0
-6.50 -3.20 0 0
-6.40 -3.20 0 0
-6.30 -3.20 0 0
-6.20 -3.20 0 0
-6.10 -3.20 0 0
-6.00 -3.20 0 0
-5.90 -3.20 0 0
-5.80 -3.20 0 0
-5.70 -3.20 0 0
-5.60 -3.20 0 0
-5.50 -3.20 0 0
-5.40 -3.20 58 272
-5.30 -3.20 59 272
-5.20 -3.20 60 270
-5.10 -3.20 73 252
-5.00 -3.20 75 251
-4.90 -3.20 77 250
-4.80 -3.20 79 248
-4.70 -3.20 81 247
-4.60 -3.20 84 246
-4.50 -3.20 87 246
-4.40 -3.20 90 244
-4.30 -3.20 93 244
-4.20 -3.20 95 242
-4.10 -3.20 98 241
-4.00 -3.20 100 241
-3.90 -3.20 103 239
-3.80 -3.20 105 239
-3.70 -3.20 108 238
-3.60 -3.20 111 238
-3.50 -3.20 114 236
-3.40 -3.20 116 236
-3.30 -3.20 118 235
-3.20 -3.20 121 234
-3.10 -3.20 124 233
-3.00 -3.20 127 232
-2.90 -3.20 129 231
-2.80 -3.20 132 231
-2.70 -3.20 134 230
-2.60 -3.20 137 230
-2.50 -3.20 139 229
-2.40 -3.20 142 229
-2.30 -3.20 144 228
-2.20 -3.20 147 227
-2.10 -3.20 150 226
-2.00 -3.20 152 226
-1.90 -3.20 154 225
-1.80 -3.20 156 224
-1.70 -3.20 159 223
-1.60 -3.20 162 222
-1.50 -3.20 164 221
-1.40 -3.20 167 220
-1.30 -3.20 170 219
-1.20 -3.20 172 218
-1.10 -3.20 174 217
-1.00 -3.20 177 215
-0.90 -3.20 180 215
-0.80 -3.20 182 214
-0.70 -3.20 185 213
-0.60 -3.20 188 212
-0.50 -3.20 190 210
-0.40 -3.20 193 209
-0.30 -3.20 195 208
-0.20 -3.20 198 207
-0.10 -3.20 200 206
-0.00 -3.20 203 205
0.10 -3.20 205 203
0.20 -3.20 208 203
0.30 -3.20 210 201
0.40 -3.20 213 200
0.50 -3.20 215 199
0.60 -3.20 218 198
0.70 -3.20 220 197
0.80 -3.20 223 196
0.90 -3.20 225 194
1.00 -3.20 227 193
1.10 -3.20 230 191
1.20 -3.20 233 189
1.30 -3.20 235 188
1.40 -3.20 238 187
1.50 -3.20 240 185
1.60 -3.20 243 183
1.70 -3.20 245 182
1.80 -3.20 248 180
1.90 -3.20 250 179
2.00 -3.20 252 177
2.10 -3.20 255 175
2.20 -3.20 258 173
2.30 -3.20 260 172
2.40 -3.20 263 171
2.50 -3.20 265 169
2.60 -3.20 268 168
2.70 -3.20 270 166
2.80 -3.20 273 165
2.90 -3.20 275 163
3.00 -3.20 278 162
3.10 -3.20 280 160
3.20 -3.20 282 159
3.30 -3.20 285 158
3.40 -3.20 287 156
3.50 -3.20 289 155
3.60 -3.20 292 154
3.70 -3.20 294 153
3.80 -3.20 297 152
3.90 -3.20 299 150
4.00 -3.20 302 149
4.10 -3.20 304 147
4.20 -3.20 306 146
4.30 -3.20 308 144
4.40 -3.20 311 143
4.50 -3.20 313 142
4.60 -3.20 315 140
4.70 -3.20 318 139
4.80 -3.20 320 137
4.90 -3.20 322 136
5.00 -3.20 324 135
5.10 -3.20 327 133
5.20 -3.20 329 132
5.30 -3.20 332 131
5.40 -3.20 334 129
5.50 -3.20 336 128
5.60 -3.20 339 127
5.70 -3.20 341 126
5.80 -3.20 343 125
5.90 -3.20 346 124
6.00 -3.20 348 123
6.10 -3.20 349 122
6.20 -3.20 352 122
6.30 -3.20 353 122
6.40 -3.20 0 0
6.50 -3.20 0 0
6.60 -3.20 0 0
6.70 -3.20 0 0
6.80 -3.20 0 0
6.90 -3.20 371 95
7.00 -3.20 372 93
7.10 -3.20 375 91
7.20 -3.20 377 88
7.30 -3.20 378 86
7.40 -3.20 381 85
7.50 -3.20 384 83
7.60 -3.20 385 83
7.70 -3.20 388 81
7.80 -3.20 390 80
7.90 -3.20 392 79
8.00 -3.20 395 78
8.10 -3.20 397 76
8.20 -3.20 399 75
8.30 -3.20 401 74
8.40 -3.20 404 73
8.50 -3.20 406 72
8.60 -3.20 408 71
8.70 -3.20 411 70
8.80 -3.20 412 68
8.90 -3.20 415 67
9.00 -3.20 417 66
9.10 -3.20 419 66
-9.00 -3.10 0 0
-8.90 -3.10 0 0
-8.80 -3.10 0 0
-8.70 -3.10 0 0
-8.60 -3.10 0 0
-8.50 -3.10 0 0
-8.40 -3.10 0 0
-8.30 -3.10 0 0
-8.20 -3.10 0 0
-8.10 -3.10 3 255
-8.00 -3.10 4 254
-7.90 -3.10 6 252
-7.80 -3.10 7 251
-7.70 -3.10 10 250
-7.60 -3.10 13 249
-7.50 -3.10 15 248
-7.40 -3.10 19 247
-7.30 -3.10 22 246
-7.20 -3.10 25 244
-7.10 -3.10 27 243
-7.00 -3.10 28 241
-6.90 -3.10 0 0
-6.80 -3.10 0 0
-6.70 -3.10 0 0
-6.60 -3.10 0 0
-6.50 -3.10 0 0
-6.40 -3.10 0 0
-6.30 -3.10 0 0
-6.20 -3.10 0 0
-6.10 -3.10 0 0
-6.00 -3.10 0 0
-5.90 -3.10 0 0
-5.80 -3.10 0 0
-5.70 -3.10 0 0
-5.60 -3.10 0 0
-5.50 -3.10 58 274
-5.40 -3.10 59 273
-5.30 -3.10 60 272
-5.20 -3.10 72 254
-5.10 -3.10 74 253
-5.00 -3.10 76 252
-4.90 -3.10 78 251
-4.80 -3.10 80 250
-4.70 -3.10 83 250
-4.60 -3.10 86 248
-4.50 -3.10 88 247
-4.40 -3.10 91 246
-4.30 -3.10 94 245
-4.20 -3.10 96 244
-4.10 -3.10 99 243
-4.00 -3.10 101 242
-3.90 -3.10 104 241
-3.80 -3.10 107 240
-3.70 -3.10 110 240
-3.60 -3.10 112 239
-3.50 -3.10 115 238
-3.40 -3.10 117 238
-3.30 -3.10 120 237
-3.20 -3.10 123 236
-3.10 -3.10 125 235
-3.00 -3.10 128 234
-2.90 -3.10 130 233
-2.80 -3.10 133 232
-2.70 -3.10 136 232
-2.60 -3.10 138 231
-2.50 -3.10 141 230
-2.40 -3.10 143 230
-2.30 -3.10 146 229
-2.20 -3.10 148 229
-2.10 -3.10 151 228
-2.00 -3.10 153 227
-1.90 -3.10 156 226
-1.80 -3.10 158 225
-1.70 -3.10 160 224
-1.60 -3.10 163 223
-1.50 -3.10 166 223
-1.40 -3.10 168 222
-1.30 -3.10 171 220
-1.20 -3.10 174 219
-1.10 -3.10 176 218
-1.00 -3.10 179 217
-0.90 -3.10 181 216
-0.80 -3.10 184 215
-0.70 -3.10 187 214
-0.60 -3.10 189 213
-0.50 -3.10 191 211
-0.40 -3.10 194 211
-0.30 -3.10 197 209
-0.20 -3.10 199 208
-0.10 -3.10 202 207
-0.00 -3.10 205 206
0.10 -3.10 207 205
0.20 -3.10 209 204
0.30 -3.10 212 203
0.40 -3.10 214 202
0.50 -3.10 216 201
0.60 -3.10 219 199
0.70 -3.10 221 198
0.80 -3.10 224 197
0.90 -3.10 227 195
1.00 -3.10 229 194
1.10 -3.10 231 193
1.20 -3.10 234 191
1.30 -3.10 237 189
1.40 -3.10 239 188
1.50 -3.10 242 186
1.60 -3.10 244 184
1.70 -3.10 247 182
1.80 -3.10 249 181
1.90 -3.10 252 180
2.00 -3.10 254 178
2.10 -3.10 257 177
2.20 -3.10 260 175
2.30 -3.10 262 173
2.40 -3.10 265 172
2.50 -3.10 267 170
2.60 -3.10 269 169
2.70 -3.10 272 168
2.80 -3.10 274 166
2.90 -3.10 276 164
3.00 -3.10 279 163
3.10 -3.10 281 162
3.20 -3.10 284 160
3.30 -3.10 286 159
3.40 -3.10 288 158
3.50 -3.10 291 156
3.60 -3.10 294 155
3.70 -3.10 296 154
3.80 -3.10 298 153
3.90 -3.10 301 151
4.00 -3.10 303 150
4.10 -3.10 305 149
4.20 -3.10 308 147
4.30 -3.10 310 146
4.40 -3.10 312 145
4.50 -3.10 315 143
4.60 -3.10 317 142
4.70 -3.10 319 140
4.80 -3.10 321 139
4.90 -3.10 324 138
5.00 -3.10 326 136
5.10 -3.10 328 135
5.20 -3.10 331 133
5.30 -3.10 333 132
5.40 -3.10 336 131
5.50 -3.10 338 129
5.60 -3.10 340 128
5.70 -3.10 342 127
5.80 -3.10 344 126
5.90 -3.10 347 125
6.00 -3.10 348 124
6.10 -3.10 351 123
6.20 -3.10 354 123
6.30 -3.10 355 123
6.40 -3.10 0 0
6.50 -3.10 0 0
6.60 -3.10 0 0
6.70 -3.10 0 0
6.80 -3.10 0 0
6.90 -3.10 372 96
7.00 -3.10 374 93
7.10 -3.10 376 91
7.20 -3.10 378 89
7.30 -3.10 381 87
7.40 -3.10 382 86
7.50 -3.10 385 84
7.60 -3.10 387 84
7.70 -3.10 389 82
7.80 -3.10 391 81
7.90 -3.10 394 80
8.00 -3.10 396 79
8.10 -3.10 398 78
8.20 -3.10 400 76
8.30 -3.10 403 75
8.40 -3.10 405 74
8.50 -3.10 407 73
8.60 -3.10 410 71
8.70 -3.10 412 70
8.80 -3.10 414 69
8.90 -3.10 416 68
9.00 -3.10 419 67
9.10 -3.10 421 66
-9.00 -3.00 0 0
-8.90 -3.00 0 0
-8.80 -3.00 0 0
-8.70 -3.00 0 0
-8.60 -3.00 0 0
-8.50 -3.00 0 0
-8.40 -3.00 0 0
-8.30 -3.00 0 0
-8.20 -3.00 0 0
-8.10 -3.00 4 256
-8.00 -3.00 5 255
-7.90 -3.00 7 254
-7.80 -3.00 8 253
-7.70 -3.00 12 252
-7.60 -3.00 14 250
-7.50 -3.00 17 249
-7.40 -3.00 20 248
-7.30 -3.00 24 247
-7.20 -3.00 26 246
-7.10 -3.00 28 244
-7.00 -3.00 29 242
-6.90 -3.00 0 0
-6.80 -3.00 0 0
-6.70 -3.00 0 0
-6.60 -3.00 0 0
-6.50 -3.00 0 0
-6.40 -3.00 0 0
-6.30 -3.00 0 0
-6.20 -3.00 0 0
-6.10 -3.00 0 0
-6.00 -3.00 0 0
-5.90 -3.00 0 0
-5.80 -3.00 0 0
-5.70 -3.00 0 0
-5.60 -3.00 0 0
-5.50 -3.00 59 275
-5.40 -3.00 60 275
-5.30 -3.00 61 273
-5.20 -3.00 74 256
-5.10 -3.00 75 255
-5.00 -3.00 77 254
-4.90 -3.00 79 253
-4.80 -3.00 82 252
-4.70 -3.00 84 251
-4.60 -3.00 87 250
-4.50 -3.00 90 249
-4.40 -3.00 93 248
-4.30 -3.00 95 247
-4.20 -3.00 98 246
-4.10 -3.00 101 245
-4.00 -3.00 103 244
-3.90 -3.00 106 243
-3.80 -3.00 108 242
-3.70 -3.00 111 242
-3.60 -3.00 114 241
-3.50 -3.00 116 240
-3.40 -3.00 119 239
-3.30 -3.00 121 238
-3.20 -3.00 124 237
-3.10 -3.00 127 237
-3.00 -3.00 129 236
-2.90 -3.00 131 235
-2.80 -3.00 134 235
-2.70 -3.00 137 233
-2.60 -3.00 140 233
-2.50 -3.00 142 232
-2.40 -3.00 144 231
-2.30 -3.00 147 231
-2.20 -3.00 149 230
-2.10 -3.00 152 230
-2.00 -3.00 155 229
-1.90 -3.00 157 228
-1.80 -3.00 160 226
-1.70 -3.00 162 225
-1.60 -3.00 165 225
-1.50 -3.00 167 224
-1.40 -3.00 170 223
-1.30 -3.00 173 222
-1.20 -3.00 175 221
-1.10 -3.00 177 220
-1.00 -3.00 181 219
-0.90 -3.00 183 217
-0.80 -3.00 185 216
-0.70 -3.00 188 215
-0.60 -3.00 190 214
-0.50 -3.00 192 213
-0.40 -3.00 196 212
-0.30 -3.00 198 211
-0.20 -3.00 201 210
-0.10 -3.00 204 209
-0.00 -3.00 205 208
0.10 -3.00 208 207
0.20 -3.00 210 205
0.30 -3.00 213 204
0.40 -3.00 215 203
0.50 -3.00 218 202
0.60 -3.00 221 200
0.70 -3.00 223 199
0.80 -3.00 225 198
0.90 -3.00 228 197
1.00 -3.00 231 195
1.10 -3.00 233 194
1.20 -3.00 236 192
1.30 -3.00 238 191
1.40 -3.00 241 189
1.50 -3.00 244 187
1.60 -3.00 246 186
1.70 -3.00 249 184
1.80 -3.00 251 183
1.90 -3.00 254 181
2.00 -3.00 256 179
2.10 -3.00 259 178
2.20 -3.00 261 176
2.30 -3.00 264 175
2.40 -3.00 266 173
2.50 -3.00 268 172
2.60 -3.00 271 171
2.70 -3.00 273 169
2.80 -3.00 275 167
2.90 -3.00 278 166
3.00 -3.00 281 164
3.10 -3.00 283 163
3.20 -3.00 285 162
3.30 -3.00 288 161
3.40 -3.00 290 159
3.50 -3.00 292 158
3.60 -3.00 295 156
3.70 -3.00 297 155
3.80 -3.00 299 154
3.90 -3.00 302 153
4.00 -3.00 304 151
4.10 -3.00 306 150
4.20 -3.00 309 149
4.30 -3.00 312 147
4.40 -3.00 314 146
4.50 -3.00 316 145
4.60 -3.00 318 143
4.70 -3.00 321 142
4.80 -3.00 323 140
4.90 -3.00 325 139
5.00 -3.00 328 138
5.10 -3.00 330 136
5.20 -3.00 333 135
5.30 -3.00 335 134
5.40 -3.00 337 132
5.50 -3.00 340 131
5.60 -3.00 341 129
5.70 -3.00 344 129
5.80 -3.00 346 127
5.90 -3.00 348 126
6.00 -3.00 350 125
6.10 -3.00 352 125
6.20 -3.00 355 124
6.30 -3.00 357 124
6.40 -3.00 0 0
6.50 -3.00 0 0
6.60 -3.00 0 0
6.70 -3.00 0 0
6.80 -3.00 0 0
6.90 -3.00 373 95
7.00 -3.00 375 94
7.10 -3.00 377 92
7.20 -3.00 380 91
7.30 -3.00 381 88
7.40 -3.00 384 86
7.50 -3.00 387 85
7.60 -3.00 389 84
7.70 -3.00 391 83
7.80 -3.00 393 82
7.90 -3.00 395 80
8.00 -3.00 398 80
8.10 -3.00 400 79
8.20 -3.00 402 77
8.30 -3.00 404 76
8.40 -3.00 406 75
8.50 -3.00 409 73
8.60 -3.00 411 72
8.70 -3.00 413 72
8.80 -3.00 415 71
8.90 -3.00 417 69
9.00 -3.00 420 68
9.10 -3.00 422 67
-9.00 -2.90 0 0
-8.90 -2.90 0 0
-8.80 -2.90 0 0
-8.70 -2.90 0 0
-8.60 -2.90 0 0
-8.50 -2.90 0 0
-8.40 -2.90 0 0
-8.30 -2.90 0 0
-8.20 -2.90 3 259
-8.10 -2.90 4 257
-8.00 -2.90 6 256
-7.90 -2.90 8 255
-7.80 -2.90 10 254
-7.70 -2.90 13 253
-7.60 -2.90 16 252
-7.50 -2.90 19 250
-7.40 -2.90 22 249
-7.30 -2.90 25 248
-7.20 -2.90 27 247
-7.10 -2.90 29 245
-7.00 -2.90 31 244
-6.90 -2.90 0 0
-6.80 -2.90 0 0
-6.70 -2.90 0 0
-6.60 -2.90 0 0
-6.50 -2.90 0 0
-6.40 -2.90 0 0
-6.30 -2.90 0 0
-6.20 -2.90 0 0
-6.10 -2.90 0 0
-6.00 -2.90 0 0
-5.90 -2.90 0 0
-5.80 -2.90 0 0
-5.70 -2.90 0 0
-5.60 -2.90 0 0
-5.50 -2.90 59 277
-5.40 -2.90 61 276
-5.30 -2.90 73 258
-5.20 -2.90 75 257
-5.10 -2.90 76 256
-5.00 -2.90 78 255
-4.90 -2.90 81 254
-4.80 -2.90 83 253
-4.70 -2.90 86 252
-4.60 -2.90 89 252
-4.50 -2.90 91 251
-4.40 -2.90 94 250
-4.30 -2.90 97 249
-4.20 -2.90 99 248
-4.10 -2.90 102 247
-4.00 -2.90 104 246
-3.90 -2.90 107 245
-3.80 -2.90 110 244
-3.70 -2.90 112 243
-3.60 -2.90 115 242
-3.50 -2.90 117 241
-3.40 -2.90 120 240
-3.30 -2.90 123 239
-3.20 -2.90 125 239
-3.10 -2.90 128 238
-3.00 -2.90 130 237
-2.90 -2.90 133 237
-2.80 -2.90 136 236
-2.70 -2.90 138 235
-2.60 -2.90 141 234
-2.50 -2.90 144 233
-2.40 -2.90 146 233
-2.30 -2.90 149 233
-2.20 -2.90 151 232
-2.10 -2.90 154 231
-2.00 -2.90 156 230
-1.90 -2.90 158 229
-1.80 -2.90 161 228
-1.70 -2.90 164 227
-1.60 -2.90 166 226
-1.50 -2.90 169 225
-1.40 -2.90 171 224
-1.30 -2.90 175 223
-1.20 -2.90 176 222
-1.10 -2.90 179 221
-1.00 -2.90 182 220
-0.90 -2.90 184 219
-0.80 -2.90 187 218
-0.70 -2.90 190 217
-0.60 -2.90 192 216
-0.50 -2.90 195 215
-0.40 -2.90 197 213
-0.30 -2.90 200 212
-0.20 -2.90 202 211
-0.10 -2.90 204 210
-0.00 -2.90 207 209
0.10 -2.90 209 208
0.20 -2.90 212 207
0.30 -2.90 215 205
0.40 -2.90 217 204
0.50 -2.90 219 203
0.60 -2.90 222 202
0.70 -2.90 224 201
0.80 -2.90 227 199
0.90 -2.90 230 198
1.00 -2.90 232 197
1.10 -2.90 235 196
1.20 -2.90 238 194
1.30 -2.90 240 192
1.40 -2.90 242 190
1.50 -2.90 245 189
1.60 -2.90 248 187
1.70 -2.90 250 186
1.80 -2.90 252 184
1.90 -2.90 255 182
2.00 -2.90 257 181
2.10 -2.90 260 179
2.20 -2.90 262 178
2.30 -2.90 265 176
2.40 -2.90 268 175
2.50 -2.90 270 173
2.60 -2.90 273 172
2.70 -2.90 275 170
2.80 -2.90 277 169
2.90 -2.90 280 167
3.00 -2.90 282 166
3.10 -2.90 284 164
3.20 -2.90 287 163
3.30 -2.90 290 162
3.40 -2.90 292 160
3.50 -2.90 294 159
3.60 -2.90 296 158
3.70 -2.90 298 157
3.80 -2.90 301 155
3.90 -2.90 303 154
4.00 -2.90 305 153
4.10 -2.90 308 151
4.20 -2.90 311 150
4.30 -2.90 313 149
4.40 -2.90 315 147
4.50 -2.90 318 146
4.60 -2.90 320 145
4.70 -2.90 322 143
4.80 -2.90 325 142
4.90 -2.90 327 141
5.00 -2.90 329 140
5.10 -2.90 332 138
5.20 -2.90 334 137
5.30 -2.90 336 135
5.40 -2.90 338 133
5.50 -2.90 341 132
5.60 -2.90 343 131
5.70 -2.90 346 130
5.80 -2.90 347 129
5.90 -2.90 350 127
6.00 -2.90 352 127
6.10 -2.90 354 126
6.20 -2.90 357 125
6.30 -2.90 359 124
6.40 -2.90 361 124
6.50 -2.90 0 0
6.60 -2.90 0 0
6.70 -2.90 0 0
6.80 -2.90 0 0
6.90 -2.90 0 0
7.00 -2.90 377 96
7.10 -2.90 379 94
7.20 -2.90 381 92
7.30 -2.90 383 90
7.40 -2.90 385 87
7.50 -2.90 388 86
7.60 -2.90 390 85
7.70 -2.90 392 84
7.80 -2.90 395 83
7.90 -2.90 397 82
8.00 -2.90 399 81
8.10 -2.90 401 79
8.20 -2.90 403 78
8.30 -2.90 405 77
8.40 -2.90 408 76
8.50 -2.90 410 75
8.60 -2.90 412 74
8.70 -2.90 415 72
8.80 -2.90 416 72
8.90 -2.90 419 70
9.00 -2.90 422 70
9.10 -2.90 423 68
-9.00 -2.80 0 0
-8.90 -2.80 0 0
-8.80 -2.80 0 0
-8.70 -2.80 0 0
-8.60 -2.80 0 0
-8.50 -2.80 0 0
-8.40 -2.80 0 0
-8.30 -2.80 0 0
-8.20 -2.80 3 260
-8.10 -2.80 5 259
-8.00 -2.80 7 258
-7.90 -2.80 9 257
-7.80 -2.80 12 255
-7.70 -2.80 15 254
-7.60 -2.80 17 253
-7.50 -2.80 20 252
-7.40 -2.80 24 250
-7.30 -2.80 26 249
-7.20 -2.80 29 248
-7.10 -2.80 30 247
-7.00 -2.80 31 246
-6.90 -2.80 0 0
-6.80 -2.80 0 0
-6.70 -2.80 0 0
-6.60 -2.80 0 0
-6.50 -2.80 0 0
-6.40 -2.80 0 0
-6.30 -2.80 0 0
-6.20 -2.80 0 0
-6.10 -2.80 0 0
-6.00 -2.80 0 0
-5.90 -2.80 0 0
-5.80 -2.80 0 0
-5.70 -2.80 0 0
-5.60 -2.80 60 280
-5.50 -2.80 61 279
-5.40 -2.80 61 277
-5.30 -2.80 74 259
-5.20 -2.80 76 258
-5.10 -2.80 78 257
-5.00 -2.80 80 257
-4.90 -2.80 82 255
-4.80 -2.80 85 255
-4.70 -2.80 87 254
-4.60 -2.80 90 253
-4.50 -2.80 93 252
-4.40 -2.80 96 251
-4.30 -2.80 98 250
-4.20 -2.80 101 249
-4.10 -2.80 103 248
-4.00 -2.80 106 247
-3.90 -2.80 109 246
-3.80 -2.80 111 245
-3.70 -2.80 114 245
-3.60 -2.80 116 244
-3.50 -2.80 119 243
-3.40 -2.80 122 242
-3.30 -2.80 124 241
-3.20 -2.80 127 240
-3.10 -2.80 129 240
-3.00 -2.80 132 239
-2.90 -2.80 134 238
-2.80 -2.80 137 238
-2.70 -2.80 140 237
-2.60 -2.80 142 236
-2.50 -2.80 144 235
-2.40 -2.80 147 235
-2.30 -2.80 150 234
-2.20 -2.80 153 233
-2.10 -2.80 155 232
-2.00 -2.80 158 231
-1.90 -2.80 160 230
-1.80 -2.80 163 230
-1.70 -2.80 166 229
-1.60 -2.80 168 227
-1.50 -2.80 170 226
-1.40 -2.80 173 225
-1.30 -2.80 175 224
-1.20 -2.80 178 223
-1.10 -2.80 181 222
-1.00 -2.80 183 222
-0.90 -2.80 186 220
-0.80 -2.80 189 219
-0.70 -2.80 191 218
-0.60 -2.80 193 217
-0.50 -2.80 196 216
-0.40 -2.80 199 215
-0.30 -2.80 201 214
-0.20 -2.80 204 212
-0.10 -2.80 206 211
-0.00 -2.80 209 210
0.10 -2.80 212 209
0.20 -2.80 214 208
0.30 -2.80 216 207
0.40 -2.80 219 205
0.50 -2.80 221 204
0.60 -2.80 224 203
0.70 -2.80 226 202
0.80 -2.80 229 201
0.90 -2.80 232 199
1.00 -2.80 234 198
1.10 -2.80 237 197
1.20 -2.80 239 195
1.30 -2.80 242 194
1.40 -2.80 244 192
1.50 -2.80 247 190
1.60 -2.80 249 188
1.70 -2.80 252 187
1.80 -2.80 254 185
1.90 -2.80 256 183
2.00 -2.80 259 182
2.10 -2.80 261 180
2.20 -2.80 264 179
2.30 -2.80 267 178
2.40 -2.80 269 176
2.50 -2.80 271 174
2.60 -2.80 274 173
2.70 -2.80 276 172
2.80 -2.80 279 170
2.90 -2.80 281 169
3.00 -2.80 283 167
3.10 -2.80 286 166
3.20 -2.80 288 164
3.30 -2.80 291 163
3.40 -2.80 293 162
3.50 -2.80 296 160
3.60 -2.80 298 159
3.70 -2.80 300 158
3.80 -2.80 302 157
3.90 -2.80 305 155
4.00 -2.80 307 154
4.10 -2.80 310 153
4.20 -2.80 312 151
4.30 -2.80 315 150
4.40 -2.80 317 149
4.50 -2.80 319 148
4.60 -2.80 321 146
4.70 -2.80 324 145
4.80 -2.80 326 143
4.90 -2.80 329 142
5.00 -2.80 331 141
5.10 -2.80 333 139
5.20 -2.80 335 138
5.30 -2.80 338 136
5.40 -2.80 340 135
5.50 -2.80 342 134
5.60 -2.80 344 132
5.70 -2.80 347 131
5.80 -2.80 349 130
5.90 -2.80 351 128
6.00 -2.80 353 127
6.10 -2.80 356 126
6.20 -2.80 358 126
6.30 -2.80 360 125
6.40 -2.80 362 125
6.50 -2.80 0 0
6.60 -2.80 0 0
6.70 -2.80 0 0
6.80 -2.80 0 0
6.90 -2.80 0 0
7.00 -2.80 379 97
7.10 -2.80 381 95
7.20 -2.80 383 94
7.30 -2.80 384 91
7.40 -2.80 387 88
7.50 -2.80 389 87
7.60 -2.80 391 86
7.70 -2.80 393 85
7.80 -2.80 396 84
7.90 -2.80 398 83
8.00 -2.80 400 82
8.10 -2.80 402 81
8.20 -2.80 405 79
8.30 -2.80 407 78
8.40 -2.80 410 77
8.50 -2.80 412 76
8.60 -2.80 413 74
8.70 -2.80 415 74
8.80 -2.80 418 73
8.90 -2.80 420 71
9.00 -2.80 423 70
9.10 -2.80 425 69
-9.00 -2.70 0 0
-8.90 -2.70 0 0
-8.80 -2.70 0 0
-8.70 -2.70 0 0
-8.60 -2.70 0 0
-8.50 -2.70 0 0
-8.40 -2.70 0 0
-8.30 -2.70 3 262
-8.20 -2.70 4 261
-8.10 -2.70 6 260
-8.00 -2.70 7 259
-7.90 -2.70 9 258
-7.80 -2.70 13 257
-7.70 -2.70 16 255
-7.60 -2.70 20 254
-7.50 -2.70 21 253
-7.40 -2.70 24 252
-7.30 -2.70 28 250
-7.20 -2.70 30 249
-7.10 -2.70 31 248
-7.00 -2.70 0 0
-6.90 -2.70 0 0
-6.80 -2.70 0 0
-6.70 -2.70 0 0
-6.60 -2.70 0 0
-6.50 -2.70 0 0
-6.40 -2.70 0 0
-6.30 -2.70 0 0
-6.20 -2.70 0 0
-6.10 -2.70 0 0
-6.00 -2.70 0 0
-5.90 -2.70 0 0
-5.80 -2.70 0 0
-5.70 -2.70 0 0
-5.60 -2.70 61 280
-5.50 -2.70 61 280
-5.40 -2.70 73 261
-5.30 -2.70 75 260
-5.20 -2.70 76 260
-5.10 -2.70 79 259
-5.00 -2.70 81 258
-4.90 -2.70 83 257
-4.80 -2.70 86 256
-4.70 -2.70 89 256
-4.60 -2.70 91 255
-4.50 -2.70 95 254
-4.40 -2.70 97 253
-4.30 -2.70 100 252
-4.20 -2.70 102 251
-4.10 -2.70 104 250
-4.00 -2.70 108 249
-3.90 -2.70 110 248
-3.80 -2.70 113 247
-3.70 -2.70 115 247
-3.60 -2.70 118 245
-3.50 -2.70 120 244
-3.40 -2.70 123 244
-3.30 -2.70 126 243
-3.20 -2.70 128 242
-3.10 -2.70 131 241
-3.00 -2.70 134 240
-2.90 -2.70 136 240
-2.80 -2.70 138 239
-2.70 -2.70 141 238
-2.60 -2.70 144 238
-2.50 -2.70 146 237
-2.40 -2.70 149 236
-2.30 -2.70 151 236
-2.20 -2.70 154 235
-2.10 -2.70 157 234
-2.00 -2.70 159 233
-1.90 -2.70 162 232
-1.80 -2.70 164 231
-1.70 -2.70 167 230
-1.60 -2.70 169 229
-1.50 -2.70 172 228
-1.40 -2.70 174 227
-1.30 -2.70 177 226
-1.20 -2.70 180 225
-1.10 -2.70 183 224
-1.00 -2.70 185 223
-0.90 -2.70 188 221
-0.80 -2.70 190 220
-0.70 -2.70 193 219
-0.60 -2.70 195 218
-0.50 -2.70 197 217
-0.40 -2.70 200 216
-0.30 -2.70 203 215
-0.20 -2.70 205 214
-0.10 -2.70 207 213
-0.00 -2.70 210 212
0.10 -2.70 213 210
0.20 -2.70 215 209
0.30 -2.70 218 208
0.40 -2.70 220 207
0.50 -2.70 222 206
0.60 -2.70 225 205
0.70 -2.70 228 203
0.80 -2.70 230 202
0.90 -2.70 233 201
1.00 -2.70 236 199
1.10 -2.70 238 198
1.20 -2.70 240 197
1.30 -2.70 243 195
1.40 -2.70 246 193
1.50 -2.70 248 192
1.60 -2.70 250 190
1.70 -2.70 253 188
1.80 -2.70 256 186
1.90 -2.70 258 185
2.00 -2.70 261 183
2.10 -2.70 263 182
2.20 -2.70 265 180
2.30 -2.70 268 179
2.40 -2.70 270 177
2.50 -2.70 273 176
2.60 -2.70 275 174
2.70 -2.70 278 172
2.80 -2.70 280 171
2.90 -2.70 282 170
3.00 -2.70 285 168
3.10 -2.70 287 167
3.20 -2.70 290 165
3.30 -2.70 292 164
3.40 -2.70 295 163
3.50 -2.70 297 162
3.60 -2.70 299 161
3.70 -2.70 302 159
3.80 -2.70 304 158
3.90 -2.70 307 157
4.00 -2.70 308 155
4.10 -2.70 311 154
4.20 -2.70 314 152
4.30 -2.70 316 152
4.40 -2.70 318 150
4.50 -2.70 320 149
4.60 -2.70 323 148
4.70 -2.70 325 146
4.80 -2.70 328 145
4.90 -2.70 330 144
5.00 -2.70 333 142
5.10 -2.70 335 141
5.20 -2.70 337 140
5.30 -2.70 339 138
5.40 -2.70 342 137
5.50 -2.70 344 135
5.60 -2.70 346 134
5.70 -2.70 348 133
5.80 -2.70 351 131
5.90 -2.70 353 130
6.00 -2.70 355 129
6.10 -2.70 357 128
6.20 -2.70 359 127
6.30 -2.70 362 126
6.40 -2.70 363 125
6.50 -2.70 365 125
6.60 -2.70 0 0
6.70 -2.70 0 0
6.80 -2.70 0 0
6.90 -2.70 0 0
7.00 -2.70 0 0
7.10 -2.70 383 97
7.20 -2.70 385 95
7.30 -2.70 386 93
7.40 -2.70 388 90
7.50 -2.70 391 88
7.60 -2.70 393 87
7.70 -2.70 395 86
7.80 -2.70 398 85
7.90 -2.70 400 84
8.00 -2.70 402 83
8.10 -2.70 404 82
8.20 -2.70 406 81
8.30 -2.70 409 79
8.40 -2.70 411 78
8.50 -2.70 413 77
8.60 -2.70 414 76
8.70 -2.70 418 75
8.80 -2.70 419 73
8.90 -2.70 422 72
9.00 -2.70 424 71
9.10 -2.70 426 70
-9.00 -2.60 0 0
-8.90 -2.60 0 0
-8.80 -2.60 0 0
-8.70 -2.60 0 0
-8.60 -2.60 0 0
-8.50 -2.60 0 0
-8.40 -2.60 0 0
-8.30 -2.60 3 264
-8.20 -2.60 5 262
-8.10 -2.60 7 262
-8.00 -2.60 8 261
-7.90 -2.60 12 259
-7.80 -2.60 14 258
-7.70 -2.60 18 257
-7.60 -2.60 20 256
-7.50 -2.60 23 254
-7.40 -2.60 26 253
-7.30 -2.60 29 252
-7.20 -2.60 31 250
-7.10 -2.60 32 249
-7.00 -2.60 0 0
-6.90 -2.60 0 0
-6.80 -2.60 0 0
-6.70 -2.60 0 0
-6.60 -2.60 0 0
-6.50 -2.60 0 0
-6.40 -2.60 0 0
-6.30 -2.60 0 0
-6.20 -2.60 0 0
-6.10 -2.60 0 0
-6.00 -2.60 0 0
-5.90 -2.60 0 0
-5.80 -2.60 0 0
-5.70 -2.60 0 0
-5.60 -2.60 0 0
-5.50 -2.60 62 281
-5.40 -2.60 74 263
-5.30 -2.60 76 261
-5.20 -2.60 78 261
-5.10 -2.60 80 260
-5.00 -2.60 82 259
-4.90 -2.60 84 259
-4.80 -2.60 88 258
-4.70 -2.60 90 257
-4.60 -2.60 93 256
-4.50 -2.60 95 255
-4.40 -2.60 98 255
-4.30 -2.60 101 253
-4.20 -2.60 104 252
-4.10 -2.60 106 252
-4.00 -2.60 109 250
-3.90 -2.60 111 250
-3.80 -2.60 114 249
-3.70 -2.60 117 248
-3.60 -2.60 119 247
-3.50 -2.60 122 246
-3.40 -2.60 125 245
-3.30 -2.60 127 244
-3.20 -2.60 129 243
-3.10 -2.60 132 243
-3.00 -2.60 135 242
-2.90 -2.60 137 241
-2.80 -2.60 140 241
-2.70 -2.60 143 241
-2.60 -2.60 145 239
-2.50 -2.60 147 239
-2.40 -2.60 150 238
-2.30 -2.60 153 237
-2.20 -2.60 156 236
-2.10 -2.60 158 235
-2.00 -2.60 160 234
-1.90 -2.60 163 233
-1.80 -2.60 166 232
-1.70 -2.60 168 231
-1.60 -2.60 171 230
-1.50 -2.60 173 229
-1.40 -2.60 176 228
-1.30 -2.60 179 227
-1.20 -2.60 181 226
-1.10 -2.60 184 225
-1.00 -2.60 186 224
-0.90 -2.60 189 223
-0.80 -2.60 191 222
-0.70 -2.60 193 221
-0.60 -2.60 196 220
-0.50 -2.60 199 219
-0.40 -2.60 201 217
-0.30 -2.60 204 216
-0.20 -2.60 206 215
-0.10 -2.60 209 214
-0.00 -2.60 212 213
0.10 -2.60 214 212
0.20 -2.60 217 211
0.30 -2.60 219 209
0.40 -2.60 222 208
0.50 -2.60 224 207
0.60 -2.60 226 206
0.70 -2.60 229 205
0.80 -2.60 232 203
0.90 -2.60 234 202
1.00 -2.60 237 201
1.10 -2.60 240 199
1.20 -2.60 242 198
1.30 -2.60 245 196
1.40 -2.60 247 194
1.50 -2.60 250 193
1.60 -2.60 252 191
1.70 -2.60 254 190
1.80 -2.60 257 188
1.90 -2.60 259 186
2.00 -2.60 262 185
2.10 -2.60 265 183
2.20 -2.60 267 181
2.30 -2.60 269 180
2.40 -2.60 272 178
2.50 -2.60 274 177
2.60 -2.60 277 175
2.70 -2.60 279 174
2.80 -2.60 282 172
2.90 -2.60 284 171
3.00 -2.60 287 169
3.10 -2.60 289 168
3.20 -2.60 291 167
3.30 -2.60 293 166
3.40 -2.60 296 164
3.50 -2.60 298 163
3.60 -2.60 301 162
3.70 -2.60 303 160
3.80 -2.60 305 159
3.90 -2.60 308 158
4.00 -2.60 310 157
4.10 -2.60 313 156
4.20 -2.60 315 154
4.30 -2.60 317 153
4.40 -2.60 320 151
4.50 -2.60 322 150
4.60 -2.60 324 149
4.70 -2.60 327 147
4.80 -2.60 329 146
4.90 -2.60 331 145
5.00 -2.60 334 144
5.10 -2.60 336 142
5.20 -2.60 338 141
5.30 -2.60 340 139
5.40 -2.60 343 138
5.50 -2.60 345 137
5.60 -2.60 348 135
5.70 -2.60 350 133
5.80 -2.60 352 133
5.90 -2.60 354 131
6.00 -2.60 357 130
6.10 -2.60 359 129
6.20 -2.60 361 128
6.30 -2.60 363 127
6.40 -2.60 365 126
6.50 -2.60 366 126
6.60 -2.60 0 0
6.70 -2.60 0 0
6.80 -2.60 0 0
6.90 -2.60 0 0
7.00 -2.60 0 0
7.10 -2.60 385 98
7.20 -2.60 386 97
7.30 -2.60 388 94
7.40 -2.60 390 92
7.50 -2.60 392 89
7.60 -2.60 395 88
7.70 -2.60 397 87
7.80 -2.60 399 86
7.90 -2.60 401 85
8.00 -2.60 403 84
8.10 -2.60 406 83
8.20 -2.60 408 82
8.30 -2.60 410 80
8.40 -2.60 413 79
8.50 -2.60 414 78
8.60 -2.60 417 76
8.70 -2.60 419 75
8.80 -2.60 421 74
8.90 -2.60 423 73
9.00 -2.60 426 72
9.10 -2.60 428 71
-9.00 -2.50 0 0
-8.90 -2.50 0 0
-8.80 -2.50 0 0
-8.70 -2.50 0 0
-8.60 -2.50 0 0
-8.50 -2.50 0 0
-8.40 -2.50 3 266
-8.30 -2.50 4 265
-8.20 -2.50 6 264
-8.10 -2.50 7 263
-8.00 -2.50 9 262
-7.90 -2.50 13 261
-7.80 -2.50 16 259
-7.70 -2.50 18 258
-7.60 -2.50 21 257
-7.50 -2.50 24 255
-7.40 -2.50 28 254
-7.30 -2.50 30 253
-7.20 -2.50 32 252
-7.10 -2.50 33 250
-7.00 -2.50 0 0
-6.90 -2.50 0 0
-6.80 -2.50 0 0
-6.70 -2.50 0 0
-6.60 -2.50 0 0
-6.50 -2.50 0 0
-6.40 -2.50 0 0
-6.30 -2.50 0 0
-6.20 -2.50 0 0
-6.10 -2.50 0 0
-6.00 -2.50 0 0
-5.90 -2.50 0 0
-5.80 -2.50 0 0
-5.70 -2.50 0 0
-5.60 -2.50 63 283
-5.50 -2.50 64 283
-5.40 -2.50 75 264
-5.30 -2.50 77 263
-5.20 -2.50 79 262
-5.10 -2.50 81 261
-5.00 -2.50 84 261
-4.90 -2.50 87 260
-4.80 -2.50 89 259
-4.70 -2.50 92 259
-4.60 -2.50 95 258
-4.50 -2.50 97 257
-4.40 -2.50 100 256
-4.30 -2.50 102 255
-4.20 -2.50 105 254
-4.10 -2.50 107 253
-4.00 -2.50 110 252
-3.90 -2.50 112 251
-3.80 -2.50 116 251
-3.70 -2.50 118 249
-3.60 -2.50 121 249
-3.50 -2.50 124 248
-3.40 -2.50 126 247
-3.30 -2.50 128 246
-3.20 -2.50 131 245
-3.10 -2.50 134 244
-3.00 -2.50 136 243
-2.90 -2.50 139 243
-2.80 -2.50 142 242
-2.70 -2.50 144 242
-2.60 -2.50 146 241
-2.50 -2.50 149 241
-2.40 -2.50 152 240
-2.30 -2.50 154 239
-2.20 -2.50 157 237
-2.10 -2.50 159 237
-2.00 -2.50 162 236
-1.90 -2.50 165 235
-1.80 -2.50 167 234
-1.70 -2.50 170 233
-1.60 -2.50 172 232
-1.50 -2.50 175 231
-1.40 -2.50 178 230
-1.30 -2.50 180 229
-1.20 -2.50 183 227
-1.10 -2.50 185 226
-1.00 -2.50 188 225
-0.90 -2.50 190 224
-0.80 -2.50 193 223
-0.70 -2.50 196 222
-0.60 -2.50 198 221
-0.50 -2.50 200 220
-0.40 -2.50 203 218
-0.30 -2.50 205 218
-0.20 -2.50 208 217
-0.10 -2.50 210 215
-0.00 -2.50 213 214
0.10 -2.50 216 213
0.20 -2.50 219 212
0.30 -2.50 221 211
0.40 -2.50 223 210
0.50 -2.50 225 208
0.60 -2.50 228 207
0.70 -2.50 231 206
0.80 -2.50 233 205
0.90 -2.50 236 203
1.00 -2.50 238 202
1.10 -2.50 241 200
1.20 -2.50 244 199
1.30 -2.50 247 197
1.40 -2.50 249 196
1.50 -2.50 251 194
1.60 -2.50 253 193
1.70 -2.50 256 191
1.80 -2.50 258 190
1.90 -2.50 261 188
2.00 -2.50 264 186
2.10 -2.50 266 184
2.20 -2.50 268 183
2.30 -2.50 271 181
2.40 -2.50 273 180
2.50 -2.50 276 178
2.60 -2.50 278 176
2.70 -2.50 281 175
2.80 -2.50 283 174
2.90 -2.50 286 172
3.00 -2.50 288 171
3.10 -2.50 290 169
3.20 -2.50 293 168
3.30 -2.50 295 167
3.40 -2.50 297 165
3.50 -2.50 300 164
3.60 -2.50 302 163
3.70 -2.50 305 162
3.80 -2.50 307 161
3.90 -2.50 309 159
4.00 -2.50 312 158
4.10 -2.50 314 157
4.20 -2.50 317 156
4.30 -2.50 319 154
4.40 -2.50 322 153
4.50 -2.50 323 152
4.60 -2.50 326 150
4.70 -2.50 328 149
4.80 -2.50 331 147
4.90 -2.50 333 146
5.00 -2.50 336 145
5.10 -2.50 338 144
5.20 -2.50 340 142
5.30 -2.50 342 141
5.40 -2.50 345 140
5.50 -2.50 347 138
5.60 -2.50 349 137
5.70 -2.50 351 135
5.80 -2.50 354 134
5.90 -2.50 356 133
6.00 -2.50 359 131
6.10 -2.50 361 130
6.20 -2.50 363 129
6.30 -2.50 364 128
6.40 -2.50 367 127
6.50 -2.50 368 126
6.60 -2.50 0 0
6.70 -2.50 0 0
6.80 -2.50 0 0
6.90 -2.50 0 0
7.00 -2.50 0 0
7.10 -2.50 386 99
7.20 -2.50 387 98
7.30 -2.50 389 96
7.40 -2.50 391 93
7.50 -2.50 394 90
7.60 -2.50 396 89
7.70 -2.50 398 88
7.80 -2.50 400 87
7.90 -2.50 403 86
8.00 -2.50 405 84
8.10 -2.50 407 84
8.20 -2.50 409 83
8.30 -2.50 412 81
8.40 -2.50 413 80
8.50 -2.50 416 79
8.60 -2.50 419 78
8.70 -2.50 420 77
8.80 -2.50 422 75
8.90 -2.50 424 74
9.00 -2.50 427 73
9.10 -2.50 429 72
-9.00 -2.40 0 0
-8.90 -2.40 0 0
-8.80 -2.40 0 0
-8.70 -2.40 0 0
-8.60 -2.40 0 0
-8.50 -2.40 0 0
-8.40 -2.40 3 268
-8.30 -2.40 5 266
-8.20 -2.40 6 265
-8.10 -2.40 8 264
-8.00 -2.40 11 263
-7.90 -2.40 14 262
-7.80 -2.40 17 260
-7.70 -2.40 20 259
-7.60 -2.40 23 258
-7.50 -2.40 26 257
-7.40 -2.40 29 255
-7.30 -2.40 32 254
-7.20 -2.40 33 253
-7.10 -2.40 34 252
-7.00 -2.40 0 0
-6.90 -2.40 0 0
-6.80 -2.40 0 0
-6.70 -2.40 0 0
-6.60 -2.40 0 0
-6.50 -2.40 0 0
-6.40 -2.40 0 0
-6.30 -2.40 0 0
-6.20 -2.40 0 0
-6.10 -2.40 0 0
-6.00 -2.40 0 0
-5.90 -2.40 0 0
-5.80 -2.40 0 0
-5.70 -2.40 0 0
-5.60 -2.40 64 285
-5.50 -2.40 64 284
-5.40 -2.40 77 265
-5.30 -2.40 78 264
-5.20 -2.40 80 263
-5.10 -2.40 83 263
-5.00 -2.40 85 262
-4.90 -2.40 87 261
-4.80 -2.40 90 261
-4.70 -2.40 93 260
-4.60 -2.40 96 259
-4.50 -2.40 99 258
-4.40 -2.40 101 258
-4.30 -2.40 104 257
-4.20 -2.40 106 256
-4.10 -2.40 109 255
-4.00 -2.40 112 254
-3.90 -2.40 114 253
-3.80 -2.40 117 252
-3.70 -2.40 120 251
-3.60 -2.40 123 250
-3.50 -2.40 125 249
-3.40 -2.40 127 249
-3.30 -2.40 130 248
-3.20 -2.40 132 247
-3.10 -2.40 135 246
-3.00 -2.40 138 245
-2.90 -2.40 140 244
-2.80 -2.40 143 244
-2.70 -2.40 145 243
-2.60 -2.40 148 242
-2.50 -2.40 150 242
-2.40 -2.40 153 241
-2.30 -2.40 156 240
-2.20 -2.40 158 239
-2.10 -2.40 161 238
-2.00 -2.40 164 237
-1.90 -2.40 166 236
-1.80 -2.40 169 235
-1.70 -2.40 171 234
-1.60 -2.40 173 233
-1.50 -2.40 176 232
-1.40 -2.40 180 231
-1.30 -2.40 182 230
-1.20 -2.40 184 229
-1.10 -2.40 187 228
-1.00 -2.40 189 226
-0.90 -2.40 192 226
-0.80 -2.40 195 225
-0.70 -2.40 197 224
-0.60 -2.40 199 222
-0.50 -2.40 202 221
-0.40 -2.40 205 220
-0.30 -2.40 207 219
-0.20 -2.40 210 218
-0.10 -2.40 212 217
-0.00 -2.40 215 216
0.10 -2.40 217 214
0.20 -2.40 220 213
0.30 -2.40 222 212
0.40 -2.40 225 211
0.50 -2.40 227 210
0.60 -2.40 230 209
0.70 -2.40 232 207
0.80 -2.40 235 206
0.90 -2.40 237 204
1.00 -2.40 240 203
1.10 -2.40 243 202
1.20 -2.40 245 200
1.30 -2.40 248 199
1.40 -2.40 250 197
1.50 -2.40 253 196
1.60 -2.40 255 194
1.70 -2.40 257 193
1.80 -2.40 259 191
1.90 -2.40 262 189
2.00 -2.40 265 187
2.10 -2.40 268 185
2.20 -2.40 270 184
2.30 -2.40 272 182
2.40 -2.40 275 181
2.50 -2.40 277 179
2.60 -2.40 280 178
2.70 -2.40 282 177
2.80 -2.40 285 175
2.90 -2.40 287 174
3.00 -2.40 290 173
3.10 -2.40 292 171
3.20 -2.40 294 170
3.30 -2.40 297 168
3.40 -2.40 300 166
3.50 -2.40 301 166
3.60 -2.40 304 164
3.70 -2.40 307 163
3.80 -2.40 308 162
3.90 -2.40 311 161
4.00 -2.40 313 159
4.10 -2.40 316 158
4.20 -2.40 318 157
4.30 -2.40 320 156
4.40 -2.40 323 154
4.50 -2.40 326 153
4.60 -2.40 328 152
4.70 -2.40 330 150
4.80 -2.40 332 149
4.90 -2.40 335 148
5.00 -2.40 337 146
5.10 -2.40 339 145
5.20 -2.40 342 144
5.30 -2.40 344 142
5.40 -2.40 346 141
5.50 -2.40 348 139
5.60 -2.40 351 138
5.70 -2.40 353 137
5.80 -2.40 356 136
5.90 -2.40 358 134
6.00 -2.40 360 133
6.10 -2.40 362 132
6.20 -2.40 365 130
6.30 -2.40 366 129
6.40 -2.40 368 128
6.50 -2.40 0 0
6.60 -2.40 0 0
6.70 -2.40 0 0
6.80 -2.40 0 0
6.90 -2.40 0 0
7.00 -2.40 0 0
7.10 -2.40 388 100
7.20 -2.40 389 99
7.30 -2.40 391 98
7.40 -2.40 392 95
7.50 -2.40 395 92
7.60 -2.40 397 90
7.70 -2.40 400 89
7.80 -2.40 402 87
7.90 -2.40 404 87
8.00 -2.40 406 86
8.10 -2.40 408 85
8.20 -2.40 411 83
8.30 -2.40 412 83
8.40 -2.40 415 81
8.50 -2.40 417 80
8.60 -2.40 419 79
8.70 -2.40 421 77
8.80 -2.40 424 76
8.90 -2.40 426 75
9.00 -2.40 428 74
9.10 -2.40 431 72
-9.00 -2.30 0 0
-8.90 -2.30 0 0
-8.80 -2.30 0 0
-8.70 -2.30 0 0
-8.60 -2.30 0 0
-8.50 -2.30 3 270
-8.40 -2.30 4 269
-8.30 -2.30 6 268
-8.20 -2.30 7 267
-8.10 -2.30 10 265
-8.00 -2.30 13 264
-7.90 -2.30 15 263
-7.80 -2.30 18 262
-7.70 -2.30 21 260
-7.60 -2.30 24 259
-7.50 -2.30 28 258
-7.40 -2.30 31 257
-7.30 -2.30 33 255
-7.20 -2.30 34 254
-7.10 -2.30 35 253
-7.00 -2.30 0 0
-6.90 -2.30 0 0
-6.80 -2.30 0 0
-6.70 -2.30 0 0
-6.60 -2.30 0 0
-6.50 -2.30 0 0
-6.40 -2.30 0 0
-6.30 -2.30 0 0
-6.20 -2.30 0 0
-6.10 -2.30 0 0
-6.00 -2.30 0 0
-5.90 -2.30 0 0
-5.80 -2.30 0 0
-5.70 -2.30 0 0
-5.60 -2.30 0 0
-5.50 -2.30 77 267
-5.40 -2.30 78 266
-5.30 -2.30 79 265
-5.20 -2.30 82 265
-5.10 -2.30 84 264
-5.00 -2.30 87 263
-4.90 -2.30 90 263
-4.80 -2.30 92 262
-4.70 -2.30 94 261
-4.60 -2.30 97 261
-4.50 -2.30 100 260
-4.40 -2.30 103 259
-4.30 -2.30 105 258
-4.20 -2.30 107 257
-4.10 -2.30 111 256
-4.00 -2.30 113 255
-3.90 -2.30 116 254
-3.80 -2.30 118 253
-3.70 -2.30 121 253
-3.60 -2.30 123 252
-3.50 -2.30 126 251
-3.40 -2.30 129 250
-3.30 -2.30 131 249
-3.20 -2.30 134 248
-3.10 -2.30 137 248
-3.00 -2.30 139 247
-2.90 -2.30 142 246
-2.80 -2.30 144 245
-2.70 -2.30 146 245
-2.60 -2.30 149 244
-2.50 -2.30 152 243
-2.40 -2.30 155 242
-2.30 -2.30 157 241
-2.20 -2.30 160 240
-2.10 -2.30 163 239
-2.00 -2.30 165 238
-1.90 -2.30 168 238
-1.80 -2.30 170 236
-1.70 -2.30 173 235
-1.60 -2.30 176 235
-1.50 -2.30 178 233
-1.40 -2.30 181 232
-1.30 -2.30 183 231
-1.20 -2.30 186 230
-1.10 -2.30 188 229
-1.00 -2.30 191 228
-0.90 -2.30 193 227
-0.80 -2.30 196 226
-0.70 -2.30 199 224
-0.60 -2.30 201 223
-0.50 -2.30 203 222
-0.40 -2.30 206 222
-0.30 -2.30 208 220
-0.20 -2.30 211 219
-0.10 -2.30 213 218
-0.00 -2.30 217 217
0.10 -2.30 218 216
0.20 -2.30 221 215
0.30 -2.30 224 213
0.40 -2.30 226 213
0.50 -2.30 229 211
0.60 -2.30 231 210
0.70 -2.30 234 209
0.80 -2.30 237 207
0.90 -2.30 239 205
1.00 -2.30 242 204
1.10 -2.30 244 203
1.20 -2.30 247 201
1.30 -2.30 249 200
1.40 -2.30 251 198
1.50 -2.30 254 197
1.60 -2.30 256 195
1.70 -2.30 259 193
1.80 -2.30 261 192
1.90 -2.30 264 190
2.00 -2.30 266 189
2.10 -2.30 269 187
2.20 -2.30 271 185
2.30 -2.30 274 183
2.40 -2.30 276 182
2.50 -2.30 280 181
2.60 -2.30 282 179
2.70 -2.30 284 178
2.80 -2.30 286 176
2.90 -2.30 288 175
3.00 -2.30 291 174
3.10 -2.30 293 172
3.20 -2.30 297 171
3.30 -2.30 299 169
3.40 -2.30 301 169
3.50 -2.30 303 167
3.60 -2.30 305 166
3.70 -2.30 308 164
3.80 -2.30 310 163
3.90 -2.30 313 162
4.00 -2.30 315 160
4.10 -2.30 318 159
4.20 -2.30 320 158
4.30 -2.30 322 157
4.40 -2.30 325 156
4.50 -2.30 327 154
4.60 -2.30 329 153
4.70 -2.30 332 152
4.80 -2.30 334 150
4.90 -2.30 336 149
5.00 -2.30 338 148
5.10 -2.30 340 146
5.20 -2.30 343 145
5.30 -2.30 345 144
5.40 -2.30 348 142
5.50 -2.30 350 141
5.60 -2.30 352 140
5.70 -2.30 354 138
5.80 -2.30 357 137
5.90 -2.30 360 135
6.00 -2.30 362 134
6.10 -2.30 364 133
6.20 -2.30 366 132
6.30 -2.30 367 131
6.40 -2.30 368 129
6.50 -2.30 0 0
6.60 -2.30 0 0
6.70 -2.30 0 0
6.80 -2.30 0 0
6.90 -2.30 0 0
7.00 -2.30 0 0
7.10 -2.30 0 0
7.20 -2.30 391 100
7.30 -2.30 392 98
7.40 -2.30 394 97
7.50 -2.30 396 93
7.60 -2.30 400 91
7.70 -2.30 401 90
7.80 -2.30 404 89
7.90 -2.30 406 87
8.00 -2.30 408 86
8.10 -2.30 410 86
8.20 -2.30 412 84
8.30 -2.30 414 83
8.40 -2.30 417 82
8.50 -2.30 419 81
8.60 -2.30 421 80
8.70 -2.30 423 78
8.80 -2.30 425 77
8.90 -2.30 428 76
9.00 -2.30 430 75
9.10 -2.30 431 74
-9.00 -2.20 0 0
-8.90 -2.20 0 0
-8.80 -2.20 0 0
-8.70 -2.20 0 0
-8.60 -2.20 0 0
-8.50 -2.20 3 272
-8.40 -2.20 4 270
-8.30 -2.20 7 269
-8.20 -2.20 8 268
-8.10 -2.20 11 267
-8.00 -2.20 14 265
-7.90 -2.20 17 264
-7.80 -2.20 20 263
-7.70 -2.20 23 262
-7.60 -2.20 26 260
-7.50 -2.20 29 259
-7.40 -2.20 32 258
-7.30 -2.20 34 257
-7.20 -2.20 36 256
-7.10 -2.20 0 0
-7.00 -2.20 0 0
-6.90 -2.20 0 0
-6.80 -2.20 0 0
-6.70 -2.20 0 0
-6.60 -2.20 0 0
-6.50 -2.20 0 0
-6.40 -2.20 0 0
-6.30 -2.20 0 0
-6.20 -2.20 0 0
-6.10 -2.20 0 0
-6.00 -2.20 0 0
-5.90 -2.20 0 0
-5.80 -2.20 0 0
-5.70 -2.20 0 0
-5.60 -2.20 67 288
-5.50 -2.20 78 268
-5.40 -2.20 79 268
-5.30 -2.20 81 267
-5.20 -2.20 83 266
-5.10 -2.20 86 265
-5.00 -2.20 88 265
-4.90 -2.20 91 264
-4.80 -2.20 93 263
-4.70 -2.20 96 262
-4.60 -2.20 99 262
-4.50 -2.20 102 261
-4.40 -2.20 104 260
-4.30 -2.20 107 260
-4.20 -2.20 109 259
-4.10 -2.20 113 258
-4.00 -2.20 115 257
-3.90 -2.20 117 256
-3.80 -2.20 120 255
-3.70 -2.20 123 254
-3.60 -2.20 125 253
-3.50 -2.20 128 252
-3.40 -2.20 130 252
-3.30 -2.20 133 251
-3.20 -2.20 135 250
-3.10 -2.20 138 249
-3.00 -2.20 141 248
-2.90 -2.20 143 247
-2.80 -2.20 145 246
-2.70 -2.20 148 246
-2.60 -2.20 151 245
-2.50 -2.20 153 244
-2.40 -2.20 156 244
-2.30 -2.20 159 242
-2.20 -2.20 162 242
-2.10 -2.20 164 241
-2.00 -2.20 167 240
-1.90 -2.20 169 239
-1.80 -2.20 172 238
-1.70 -2.20 174 237
-1.60 -2.20 177 236
-1.50 -2.20 180 235
-1.40 -2.20 182 233
-1.30 -2.20 184 233
-1.20 -2.20 187 232
-1.10 -2.20 190 231
-1.00 -2.20 192 229
-0.90 -2.20 195 228
-0.80 -2.20 198 227
-0.70 -2.20 200 226
-0.60 -2.20 202 225
-0.50 -2.20 205 223
-0.40 -2.20 207 223
-0.30 -2.20 210 222
-0.20 -2.20 212 221
-0.10 -2.20 215 219
-0.00 -2.20 218 218
0.10 -2.20 220 217
0.20 -2.20 223 216
0.30 -2.20 225 215
0.40 -2.20 228 214
0.50 -2.20 230 212
0.60 -2.20 232 211
0.70 -2.20 235 210
0.80 -2.20 238 209
0.90 -2.20 241 207
1.00 -2.20 244 205
1.10 -2.20 246 204
1.20 -2.20 249 202
1.30 -2.20 250 201
1.40 -2.20 253 199
1.50 -2.20 255 198
1.60 -2.20 257 197
1.70 -2.20 260 195
1.80 -2.20 263 193
1.90 -2.20 266 191
2.00 -2.20 268 190
2.10 -2.20 270 188
2.20 -2.20 273 187
2.30 -2.20 276 185
2.40 -2.20 278 183
2.50 -2.20 281 182
2.60 -2.20 283 181
2.70 -2.20 286 179
2.80 -2.20 288 178
2.90 -2.20 290 177
3.00 -2.20 292 175
3.10 -2.20 295 174
3.20 -2.20 298 172
3.30 -2.20 300 171
3.40 -2.20 302 170
3.50 -2.20 305 168
3.60 -2.20 307 167
3.70 -2.20 310 166
3.80 -2.20 312 164
3.90 -2.20 314 163
4.00 -2.20 317 162
4.10 -2.20 319 160
4.20 -2.20 321 160
4.30 -2.20 324 158
4.40 -2.20 326 157
4.50 -2.20 329 156
4.60 -2.20 331 155
4.70 -2.20 333 153
4.80 -2.20 336 152
4.90 -2.20 337 150
5.00 -2.20 340 149
5.10 -2.20 342 148
5.20 -2.20 344 146
5.30 -2.20 346 145
5.40 -2.20 349 144
5.50 -2.20 351 142
5.60 -2.20 354 141
5.70 -2.20 356 139
5.80 -2.20 359 138
5.90 -2.20 361 137
6.00 -2.20 364 136
6.10 -2.20 365 134
6.20 -2.20 367 133
6.30 -2.20 369 132
6.40 -2.20 369 131
6.50 -2.20 0 0
6.60 -2.20 0 0
6.70 -2.20 0 0
6.80 -2.20 0 0
6.90 -2.20 0 0
7.00 -2.20 0 0
7.10 -2.20 0 0
7.20 -2.20 392 101
7.30 -2.20 394 100
7.40 -2.20 396 98
7.50 -2.20 397 95
7.60 -2.20 400 92
7.70 -2.20 403 91
7.80 -2.20 405 89
7.90 -2.20 407 88
8.00 -2.20 409 87
8.10 -2.20 411 86
8.20 -2.20 413 85
8.30 -2.20 415 84
8.40 -2.20 418 83
8.50 -2.20 420 82
8.60 -2.20 423 81
8.70 -2.20 425 80
8.80 -2.20 427 78
8.90 -2.20 429 77
9.00 -2.20 431 76
9.10 -2.20 432 75
-9.00 -2.10 0 0
-8.90 -2.10 0 0
-8.80 -2.10 0 0
-8.70 -2.10 0 0
-8.60 -2.10 0 0
-8.50 -2.10 4 273
-8.40 -2.10 5 271
-8.30 -2.10 7 270
-8.20 -2.10 9 269
-8.10 -2.10 13 268
-8.00 -2.10 15 267
-7.90 -2.10 18 265
-7.80 -2.10 21 264
-7.70 -2.10 24 263
-7.60 -2.10 27 262
-7.50 -2.10 31 260
-7.40 -2.10 33 259
-7.30 -2.10 35 258
-7.20 -2.10 36 257
-7.10 -2.10 0 0
-7.00 -2.10 0 0
-6.90 -2.10 0 0
-6.80 -2.10 0 0
-6.70 -2.10 0 0
-6.60 -2.10 0 0
-6.50 -2.10 0 0
-6.40 -2.10 0 0
-6.30 -2.10 0 0
-6.20 -2.10 0 0
-6.10 -2.10 0 0
-6.00 -2.10 0 0
-5.90 -2.10 0 0
-5.80 -2.10 0 0
-5.70 -2.10 0 0
-5.60 -2.10 68 289
-5.50 -2.10 79 270
-5.40 -2.10 81 269
-5.30 -2.10 82 268
-5.20 -2.10 85 268
-5.10 -2.10 87 267
-5.00 -2.10 90 266
-4.90 -2.10 92 265
-4.80 -2.10 95 265
-4.70 -2.10 97 264
-4.60 -2.10 100 263
-4.50 -2.10 103 262
-4.40 -2.10 106 262
-4.30 -2.10 108 261
-4.20 -2.10 111 260
-4.10 -2.10 114 259
-4.00 -2.10 116 259
-3.90 -2.10 119 258
-3.80 -2.10 121 257
-3.70 -2.10 124 256
-3.60 -2.10 126 255
-3.50 -2.10 129 254
-3.40 -2.10 132 253
-3.30 -2.10 134 253
-3.20 -2.10 136 252
-3.10 -2.10 139 251
-3.00 -2.10 142 250
-2.90 -2.10 144 249
-2.80 -2.10 147 248
-2.70 -2.10 149 247
-2.60 -2.10 152 247
-2.50 -2.10 155 246
-2.40 -2.10 158 245
-2.30 -2.10 161 244
-2.20 -2.10 163 243
-2.10 -2.10 166 242
-2.00 -2.10 169 241
-1.90 -2.10 171 240
-1.80 -2.10 173 239
-1.70 -2.10 175 238
-1.60 -2.10 179 237
-1.50 -2.10 181 236
-1.40 -2.10 184 235
-1.30 -2.10 186 234
-1.20 -2.10 189 233
-1.10 -2.10 191 232
-1.00 -2.10 194 231
-0.90 -2.10 197 230
-0.80 -2.10 199 229
-0.70 -2.10 201 227
-0.60 -2.10 204 226
-0.50 -2.10 207 225
-0.40 -2.10 209 224
-0.30 -2.10 211 223
-0.20 -2.10 214 222
-0.10 -2.10 217 221
-0.00 -2.10 219 219
0.10 -2.10 221 219
0.20 -2.10 225 217
0.30 -2.10 227 216
0.40 -2.10 230 215
0.50 -2.10 232 214
0.60 -2.10 234 213
0.70 -2.10 237 211
0.80 -2.10 239 210
0.90 -2.10 242 208
1.00 -2.10 245 207
1.10 -2.10 247 205
1.20 -2.10 250 204
1.30 -2.10 252 202
1.40 -2.10 254 201
1.50 -2.10 257 199
1.60 -2.10 259 198
1.70 -2.10 262 196
1.80 -2.10 264 194
1.90 -2.10 267 193
2.00 -2.10 269 191
2.10 -2.10 272 190
2.20 -2.10 275 188
2.30 -2.10 277 187
2.40 -2.10 280 184
2.50 -2.10 282 183
2.60 -2.10 285 182
2.70 -2.10 286 181
2.80 -2.10 289 179
2.90 -2.10 291 178
3.00 -2.10 294 176
3.10 -2.10 296 175
3.20 -2.10 299 174
3.30 -2.10 301 172
3.40 -2.10 304 171
3.50 -2.10 306 170
3.60 -2.10 309 168
3.70 -2.10 311 167
3.80 -2.10 314 166
3.90 -2.10 316 164
4.00 -2.10 318 163
4.10 -2.10 321 162
4.20 -2.10 323 160
4.30 -2.10 325 159
4.40 -2.10 328 159
4.50 -2.10 330 157
4.60 -2.10 332 156
4.70 -2.10 334 154
4.80 -2.10 337 153
4.90 -2.10 339 152
5.00 -2.10 342 151
5.10 -2.10 344 150
5.20 -2.10 346 148
5.30 -2.10 348 147
5.40 -2.10 350 145
5.50 -2.10 353 143
5.60 -2.10 355 141
5.70 -2.10 358 140
5.80 -2.10 360 139
5.90 -2.10 363 138
6.00 -2.10 365 137
6.10 -2.10 367 135
6.20 -2.10 369 135
6.30 -2.10 370 133
6.40 -2.10 0 0
6.50 -2.10 0 0
6.60 -2.10 0 0
6.70 -2.10 0 0
6.80 -2.10 0 0
6.90 -2.10 0 0
7.00 -2.10 0 0
7.10 -2.10 0 0
7.20 -2.10 394 102
7.30 -2.10 395 101
7.40 -2.10 397 99
7.50 -2.10 399 97
7.60 -2.10 402 93
7.70 -2.10 404 92
7.80 -2.10 406 90
7.90 -2.10 409 89
8.00 -2.10 411 88
8.10 -2.10 413 87
8.20 -2.10 415 86
8.30 -2.10 417 85
8.40 -2.10 419 84
8.50 -2.10 421 83
8.60 -2.10 424 82
8.70 -2.10 426 80
8.80 -2.10 428 79
8.90 -2.10 431 78
9.00 -2.10 433 77
9.10 -2.10 435 76
-9.00 -2.00 0 0
-8.90 -2.00 0 0
-8.80 -2.00 0 0
-8.70 -2.00 0 0
-8.60 -2.00 3 275
-8.50 -2.00 5 274
-8.40 -2.00 6 273
-8.30 -2.00 8 272
-8.20 -2.00 11 270
-8.10 -2.00 14 269
-8.00 -2.00 17 268
-7.90 -2.00 20 267
-7.80 -2.00 22 266
-7.70 -2.00 26 264
-7.60 -2.00 29 263
-7.50 -2.00 32 262
-7.40 -2.00 34 261
-7.30 -2.00 36 259
-7.20 -2.00 38 258
-7.10 -2.00 0 0
-7.00 -2.00 0 0
-6.90 -2.00 0 0
-6.80 -2.00 0 0
-6.70 -2.00 0 0
-6.60 -2.00 0 0
-6.50 -2.00 0 0
-6.40 -2.00 0 0
-6.30 -2.00 0 0
-6.20 -2.00 0 0
-6.10 -2.00 0 0
-6.00 -2.00 0 0
-5.90 -2.00 0 0
-5.80 -2.00 0 0
-5.70 -2.00 0 0
-5.60 -2.00 70 290
-5.50 -2.00 81 271
-5.40 -2.00 82 271
-5.30 -2.00 84 270
-5.20 -2.00 86 269
-5.10 -2.00 89 268
-5.00 -2.00 91 268
-4.90 -2.00 94 267
-4.80 -2.00 96 266
-4.70 -2.00 99 265
-4.60 -2.00 102 265
-4.50 -2.00 104 264
-4.40 -2.00 107 263
-4.30 -2.00 109 262
-4.20 -2.00 113 262
-4.10 -2.00 116 261
-4.00 -2.00 118 260
-3.90 -2.00 120 259
-3.80 -2.00 123 259
-3.70 -2.00 125 257
-3.60 -2.00 128 257
-3.50 -2.00 131 255
-3.40 -2.00 133 255
-3.30 -2.00 136 254
-3.20 -2.00 138 253
-3.10 -2.00 141 252
-3.00 -2.00 143 252
-2.90 -2.00 146 251
-2.80 -2.00 149 250
-2.70 -2.00 151 249
-2.60 -2.00 154 248
-2.50 -2.00 157 247
-2.40 -2.00 160 247
-2.30 -2.00 162 246
-2.20 -2.00 165 245
-2.10 -2.00 167 244
-2.00 -2.00 169 243
-1.90 -2.00 172 242
-1.80 -2.00 175 241
-1.70 -2.00 178 240
-1.60 -2.00 180 238
-1.50 -2.00 183 238
-1.40 -2.00 185 236
-1.30 -2.00 188 235
-1.20 -2.00 190 235
-1.10 -2.00 193 233
-1.00 -2.00 196 232
-0.90 -2.00 198 231
-0.80 -2.00 201 230
-0.70 -2.00 203 229
-0.60 -2.00 206 228
-0.50 -2.00 209 226
-0.40 -2.00 211 225
-0.30 -2.00 213 224
-0.20 -2.00 216 223
-0.10 -2.00 218 222
-0.00 -2.00 221 221
0.10 -2.00 223 220
0.20 -2.00 225 218
0.30 -2.00 228 217
0.40 -2.00 231 216
0.50 -2.00 233 215
0.60 -2.00 236 214
0.70 -2.00 238 212
0.80 -2.00 241 211
0.90 -2.00 244 210
1.00 -2.00 246 208
1.10 -2.00 249 207
1.20 -2.00 251 205
1.30 -2.00 254 203
1.40 -2.00 256 202
1.50 -2.00 259 201
1.60 -2.00 261 199
1.70 -2.00 263 198
1.80 -2.00 266 196
1.90 -2.00 268 194
2.00 -2.00 271 193
2.10 -2.00 273 191
2.20 -2.00 276 189
2.30 -2.00 279 188
2.40 -2.00 281 186
2.50 -2.00 284 185
2.60 -2.00 286 183
2.70 -2.00 288 182
2.80 -2.00 291 180
2.90 -2.00 293 179
3.00 -2.00 296 177
3.10 -2.00 298 176
3.20 -2.00 300 175
3.30 -2.00 303 174
3.40 -2.00 305 173
3.50 -2.00 308 171
3.60 -2.00 310 170
3.70 -2.00 313 168
3.80 -2.00 315 167
3.90 -2.00 317 165
4.00 -2.00 320 165
4.10 -2.00 322 163
4.20 -2.00 324 162
4.30 -2.00 327 161
4.40 -2.00 329 160
4.50 -2.00 332 158
4.60 -2.00 334 157
4.70 -2.00 336 156
4.80 -2.00 339 154
4.90 -2.00 341 153
5.00 -2.00 343 152
5.10 -2.00 345 151
5.20 -2.00 347 149
5.30 -2.00 350 148
5.40 -2.00 352 146
5.50 -2.00 355 145
5.60 -2.00 357 143
5.70 -2.00 360 141
5.80 -2.00 362 140
5.90 -2.00 364 139
6.00 -2.00 366 138
6.10 -2.00 368 137
6.20 -2.00 370 136
6.30 -2.00 371 135
6.40 -2.00 0 0
6.50 -2.00 0 0
6.60 -2.00 0 0
6.70 -2.00 0 0
6.80 -2.00 0 0
6.90 -2.00 0 0
7.00 -2.00 0 0
7.10 -2.00 0 0
7.20 -2.00 396 103
7.30 -2.00 397 102
7.40 -2.00 398 101
7.50 -2.00 400 98
7.60 -2.00 402 95
7.70 -2.00 405 92
7.80 -2.00 408 91
7.90 -2.00 410 90
8.00 -2.00 412 89
8.10 -2.00 414 88
8.20 -2.00 416 87
8.30 -2.00 418 86
8.40 -2.00 421 85
8.50 -2.00 423 84
8.60 -2.00 425 83
8.70 -2.00 428 81
8.80 -2.00 430 80
8.90 -2.00 432 79
9.00 -2.00 434 78
9.10 -2.00 436 77
-9.00 -1.90 0 0
-8.90 -1.90 0 0
-8.80 -1.90 0 0
-8.70 -1.90 0 0
-8.60 -1.90 4 276
-8.50 -1.90 5 275
-8.40 -1.90 7 274
-8.30 -1.90 9 273
-8.20 -1.90 12 272
-8.10 -1.90 15 271
-8.00 -1.90 18 270
-7.90 -1.90 21 268
-7.80 -1.90 24 267
-7.70 -1.90 28 266
-7.60 -1.90 31 264
-7.50 -1.90 33 263
-7.40 -1.90 36 262
-7.30 -1.90 37 261
-7.20 -1.90 39 259
-7.10 -1.90 0 0
-7.00 -1.90 0 0
-6.90 -1.90 0 0
-6.80 -1.90 0 0
-6.70 -1.90 0 0
-6.60 -1.90 0 0
-6.50 -1.90 0 0
-6.40 -1.90 0 0
-6.30 -1.90 0 0
-6.20 -1.90 0 0
-6.10 -1.90 0 0
-6.00 -1.90 0 0
-5.90 -1.90 0 0
-5.80 -1.90 0 0
-5.70 -1.90 0 0
-5.60 -1.90 71 292
-5.50 -1.90 82 272
-5.40 -1.90 84 272
-5.30 -1.90 85 271
-5.20 -1.90 87 271
-5.10 -1.90 90 270
-5.00 -1.90 93 269
-4.90 -1.90 95 268
-4.80 -1.90 98 268
-4.70 -1.90 100 267
-4.60 -1.90 103 266
-4.50 -1.90 106 265
-4.40 -1.90 108 264
-4.30 -1.90 111 263
-4.20 -1.90 114 263
-4.10 -1.90 117 262
-4.00 -1.90 120 262
-3.90 -1.90 122 261
-3.80 -1.90 125 260
-3.70 -1.90 127 259
-3.60 -1.90 130 258
-3.50 -1.90 132 257
-3.40 -1.90 134 256
-3.30 -1.90 137 255
-3.20 -1.90 140 255
-3.10 -1.90 142 254
-3.00 -1.90 145 253
-2.90 -1.90 148 252
-2.80 -1.90 150 251
-2.70 -1.90 153 250
-2.60 -1.90 155 250
-2.50 -1.90 158 249
-2.40 -1.90 161 248
-2.30 -1.90 164 247
-2.20 -1.90 166 246
-2.10 -1.90 169 245
-2.00 -1.90 171 244
-1.90 -1.90 174 243
-1.80 -1.90 176 242
-1.70 -1.90 179 241
-1.60 -1.90 182 240
-1.50 -1.90 184 239
-1.40 -1.90 187 238
-1.30 -1.90 189 237
-1.20 -1.90 192 236
-1.10 -1.90 194 234
-1.00 -1.90 197 233
-0.90 -1.90 200 232
-0.80 -1.90 203 231
-0.70 -1.90 205 230
-0.60 -1.90 208 229
-0.50 -1.90 210 228
-0.40 -1.90 212 227
-0.30 -1.90 215 226
-0.20 -1.90 218 225
-0.10 -1.90 220 223
-0.00 -1.90 222 222
0.10 -1.90 225 221
0.20 -1.90 227 220
0.30 -1.90 230 218
0.40 -1.90 232 217
0.50 -1.90 235 216
0.60 -1.90 237 215
0.70 -1.90 240 214
0.80 -1.90 242 213
0.90 -1.90 245 211
1.00 -1.90 248 209
1.10 -1.90 250 208
1.20 -1.90 253 206
1.30 -1.90 255 205
1.40 -1.90 257 204
1.50 -1.90 260 202
1.60 -1.90 263 200
1.70 -1.90 265 199
1.80 -1.90 268 197
1.90 -1.90 270 196
2.00 -1.90 272 194
2.10 -1.90 275 192
2.20 -1.90 278 190
2.30 -1.90 280 189
2.40 -1.90 283 187
2.50 -1.90 285 186
2.60 -1.90 287 184
2.70 -1.90 290 183
2.80 -1.90 292 182
2.90 -1.90 294 180
3.00 -1.90 297 179
3.10 -1.90 299 177
3.20 -1.90 302 176
3.30 -1.90 305 175
3.40 -1.90 307 174
3.50 -1.90 309 172
3.60 -1.90 312 171
3.70 -1.90 314 170
3.80 -1.90 317 168
3.90 -1.90 319 167
4.00 -1.90 321 166
4.10 -1.90 324 165
4.20 -1.90 326 163
4.30 -1.90 328 162
4.40 -1.90 331 161
4.50 -1.90 333 160
4.60 -1.90 335 158
4.70 -1.90 337 157
4.80 -1.90 340 156
4.90 -1.90 342 154
5.00 -1.90 345 153
5.10 -1.90 347 152
5.20 -1.90 349 151
5.30 -1.90 351 150
5.40 -1.90 353 148
5.50 -1.90 356 146
5.60 -1.90 359 144
5.70 -1.90 361 143
5.80 -1.90 364 141
5.90 -1.90 365 140
6.00 -1.90 368 139
6.10 -1.90 370 138
6.20 -1.90 371 137
6.30 -1.90 373 136
6.40 -1.90 0 0
6.50 -1.90 0 0
6.60 -1.90 0 0
6.70 -1.90 0 0
6.80 -1.90 0 0
6.90 -1.90 0 0
7.00 -1.90 0 0
7.10 -1.90 0 0
7.20 -1.90 397 104
7.30 -1.90 399 103
7.40 -1.90 400 102
7.50 -1.90 401 100
7.60 -1.90 403 97
7.70 -1.90 407 93
7.80 -1.90 410 92
7.90 -1.90 411 91
8.00 -1.90 414 90
8.10 -1.90 416 89
8.20 -1.90 418 87
8.30 -1.90 420 86
8.40 -1.90 423 86
8.50 -1.90 425 85
8.60 -1.90 427 83
8.70 -1.90 429 82
8.80 -1.90 431 81
8.90 -1.90 433 80
9.00 -1.90 435 79
9.10 -1.90 437 78
-9.00 -1.80 0 0
-8.90 -1.80 0 0
-8.80 -1.80 0 0
-8.70 -1.80 3 279
-8.60 -1.80 4 278
-8.50 -1.80 6 276
-8.40 -1.80 8 275
-8.30 -1.80 11 274
-8.20 -1.80 14 273
-8.10 -1.80 17 272
-8.00 -1.80 19 271
-7.90 -1.80 22 269
-7.80 -1.80 26 268
-7.70 -1.80 29 267
-7.60 -1.80 32 265
-7.50 -1.80 35 264
-7.40 -1.80 37 263
-7.30 -1.80 39 262
-7.20 -1.80 40 261
-7.10 -1.80 0 0
-7.00 -1.80 0 0
-6.90 -1.80 0 0
-6.80 -1.80 0 0
-6.70 -1.80 0 0
-6.60 -1.80 0 0
-6.50 -1.80 0 0
-6.40 -1.80 0 0
-6.30 -1.80 0 0
-6.20 -1.80 0 0
-6.10 -1.80 0 0
-6.00 -1.80 0 0
-5.90 -1.80 0 0
-5.80 -1.80 0 0
-5.70 -1.80 0 0
-5.60 -1.80 73 293
-5.50 -1.80 83 273
-5.40 -1.80 84 273
-5.30 -1.80 87 272
-5.20 -1.80 89 272
-5.10 -1.80 92 271
-5.00 -1.80 94 271
-4.90 -1.80 97 270
-4.80 -1.80 99 269
-4.70 -1.80 102 268
-4.60 -1.80 105 267
-4.50 -1.80 107 267
-4.40 -1.80 110 266
-4.30 -1.80 113 265
-4.20 -1.80 115 264
-4.10 -1.80 118 264
-4.00 -1.80 120 263
-3.90 -1.80 123 262
-3.80 -1.80 126 261
-3.70 -1.80 128 260
-3.60 -1.80 131 260
-3.50 -1.80 134 259
-3.40 -1.80 136 258
-3.30 -1.80 139 257
-3.20 -1.80 142 256
-3.10 -1.80 144 255
-3.00 -1.80 147 254
-2.90 -1.80 149 253
-2.80 -1.80 152 253
-2.70 -1.80 154 252
-2.60 -1.80 157 251
-2.50 -1.80 159 250
-2.40 -1.80 162 249
-2.30 -1.80 165 248
-2.20 -1.80 168 247
-2.10 -1.80 170 246
-2.00 -1.80 172 245
-1.90 -1.80 175 244
-1.80 -1.80 178 243
-1.70 -1.80 180 242
-1.60 -1.80 183 241
-1.50 -1.80 185 240
-1.40 -1.80 188 239
-1.30 -1.80 190 238
-1.20 -1.80 193 237
-1.10 -1.80 196 236
-1.00 -1.80 198 235
-0.90 -1.80 201 234
-0.80 -1.80 204 232
-0.70 -1.80 206 231
-0.60 -1.80 209 230
-0.50 -1.80 212 229
-0.40 -1.80 214 228
-0.30 -1.80 216 227
-0.20 -1.80 219 226
-0.10 -1.80 221 225
-0.00 -1.80 224 224
0.10 -1.80 226 222
0.20 -1.80 229 221
0.30 -1.80 231 220
0.40 -1.80 234 219
0.50 -1.80 237 218
0.60 -1.80 238 217
0.70 -1.80 241 215
0.80 -1.80 244 214
0.90 -1.80 246 213
1.00 -1.80 249 211
1.10 -1.80 252 210
1.20 -1.80 254 208
1.30 -1.80 257 206
1.40 -1.80 259 205
1.50 -1.80 262 204
1.60 -1.80 264 202
1.70 -1.80 267 201
1.80 -1.80 269 199
1.90 -1.80 271 197
2.00 -1.80 274 195
2.10 -1.80 276 194
2.20 -1.80 279 192
2.30 -1.80 281 190
2.40 -1.80 284 188
2.50 -1.80 287 187
2.60 -1.80 289 186
2.70 -1.80 291 184
2.80 -1.80 293 183
2.90 -1.80 296 181
3.00 -1.80 299 180
3.10 -1.80 301 179
3.20 -1.80 304 177
3.30 -1.80 306 176
3.40 -1.80 309 175
3.50 -1.80 311 174
3.60 -1.80 313 173
3.70 -1.80 316 171
3.80 -1.80 318 170
3.90 -1.80 320 169
4.00 -1.80 323 168
4.10 -1.80 325 167
4.20 -1.80 327 165
4.30 -1.80 330 164
4.40 -1.80 332 163
4.50 -1.80 334 161
4.60 -1.80 336 160
4.70 -1.80 339 158
4.80 -1.80 341 157
4.90 -1.80 344 156
5.00 -1.80 346 155
5.10 -1.80 348 153
5.20 -1.80 350 152
5.30 -1.80 352 151
5.40 -1.80 355 150
5.50 -1.80 357 148
5.60 -1.80 361 146
5.70 -1.80 363 145
5.80 -1.80 365 143
5.90 -1.80 367 142
6.00 -1.80 369 141
6.10 -1.80 371 139
6.20 -1.80 373 138
6.30 -1.80 375 137
6.40 -1.80 0 0
6.50 -1.80 0 0
6.60 -1.80 0 0
6.70 -1.80 0 0
6.80 -1.80 0 0
6.90 -1.80 0 0
7.00 -1.80 0 0
7.10 -1.80 0 0
7.20 -1.80 0 0
7.30 -1.80 400 105
7.40 -1.80 401 103
7.50 -1.80 403 101
7.60 -1.80 405 98
7.70 -1.80 408 94
7.80 -1.80 411 93
7.90 -1.80 413 92
8.00 -1.80 415 91
8.10 -1.80 417 90
8.20 -1.80 419 89
8.30 -1.80 422 87
8.40 -1.80 424 86
8.50 -1.80 426 85
8.60 -1.80 428 84
8.70 -1.80 431 83
8.80 -1.80 432 82
8.90 -1.80 435 81
9.00 -1.80 437 80
9.10 -1.80 439 79
-9.00 -1.70 0 0
-8.90 -1.70 0 0
-8.80 -1.70 0 0
-8.70 -1.70 4 280
-8.60 -1.70 5 279
-8.50 -1.70 7 278
-8.40 -1.70 10 277
-8.30 -1.70 12 275
-8.20 -1.70 15 274
-8.10 -1.70 18 273
-8.00 -1.70 21 272
-7.90 -1.70 24 271
-7.80 -1.70 27 269
-7.70 -1.70 31 268
-7.60 -1.70 33 266
-7.50 -1.70 36 265
-7.40 -1.70 38 264
-7.30 -1.70 39 263
-7.20 -1.70 0 0
-7.10 -1.70 0 0
-7.00 -1.70 0 0
-6.90 -1.70 0 0
-6.80 -1.70 0 0
-6.70 -1.70 0 0
-6.60 -1.70 0 0
-6.50 -1.70 0 0
-6.40 -1.70 0 0
-6.30 -1.70 0 0
-6.20 -1.70 0 0
-6.10 -1.70 0 0
-6.00 -1.70 0 0
-5.90 -1.70 0 0
-5.80 -1.70 0 0
-5.70 -1.70 0 0
-5.60 -1.70 74 294
-5.50 -1.70 85 274
-5.40 -1.70 86 274
-5.30 -1.70 88 274
-5.20 -1.70 90 273
-5.10 -1.70 93 272
-5.00 -1.70 96 272
-4.90 -1.70 99 271
-4.80 -1.70 101 270
-4.70 -1.70 103 270
-4.60 -1.70 107 269
-4.50 -1.70 109 268
-4.40 -1.70 112 268
-4.30 -1.70 115 267
-4.20 -1.70 117 266
-4.10 -1.70 119 265
-4.00 -1.70 122 264
-3.90 -1.70 125 263
-3.80 -1.70 128 262
-3.70 -1.70 130 262
-3.60 -1.70 133 261
-3.50 -1.70 135 260
-3.40 -1.70 137 259
-3.30 -1.70 140 258
-3.20 -1.70 143 258
-3.10 -1.70 146 257
-3.00 -1.70 148 256
-2.90 -1.70 151 255
-2.80 -1.70 155 254
-2.70 -1.70 156 253
-2.60 -1.70 159 252
-2.50 -1.70 161 252
-2.40 -1.70 164 250
-2.30 -1.70 167 250
-2.20 -1.70 169 248
-2.10 -1.70 171 247
-2.00 -1.70 174 246
-1.90 -1.70 177 246
-1.80 -1.70 179 245
-1.70 -1.70 182 243
-1.60 -1.70 184 243
-1.50 -1.70 187 242
-1.40 -1.70 190 240
-1.30 -1.70 193 239
-1.20 -1.70 195 239
-1.10 -1.70 198 237
-1.00 -1.70 200 236
-0.90 -1.70 202 235
-0.80 -1.70 205 234
-0.70 -1.70 208 233
-0.60 -1.70 210 232
-0.50 -1.70 213 231
-0.40 -1.70 216 230
-0.30 -1.70 218 229
-0.20 -1.70 220 227
-0.10 -1.70 223 226
-0.00 -1.70 225 225
0.10 -1.70 228 223
0.20 -1.70 231 222
0.30 -1.70 233 221
0.40 -1.70 235 220
0.50 -1.70 238 219
0.60 -1.70 240 217
0.70 -1.70 243 216
0.80 -1.70 245 215
0.90 -1.70 248 214
1.00 -1.70 251 212
1.10 -1.70 253 211
1.20 -1.70 256 209
1.30 -1.70 258 208
1.40 -1.70 261 206
1.50 -1.70 263 205
1.60 -1.70 266 204
1.70 -1.70 268 202
1.80 -1.70 270 200
1.90 -1.70 273 199
2.00 -1.70 275 196
2.10 -1.70 278 195
2.20 -1.70 280 193
2.30 -1.70 283 192
2.40 -1.70 285 190
2.50 -1.70 288 188
2.60 -1.70 290 187
2.70 -1.70 292 186
2.80 -1.70 295 184
2.90 -1.70 298 183
3.00 -1.70 300 181
3.10 -1.70 303 180
3.20 -1.70 305 179
3.30 -1.70 308 178
3.40 -1.70 310 176
3.50 -1.70 313 175
3.60 -1.70 315 174
3.70 -1.70 317 173
3.80 -1.70 320 172
3.90 -1.70 322 170
4.00 -1.70 324 169
4.10 -1.70 326 168
4.20 -1.70 329 166
4.30 -1.70 331 165
4.40 -1.70 333 164
4.50 -1.70 335 163
4.60 -1.70 338 161
4.70 -1.70 340 160
4.80 -1.70 343 158
4.90 -1.70 346 157
5.00 -1.70 347 155
5.10 -1.70 350 154
5.20 -1.70 352 153
5.30 -1.70 354 152
5.40 -1.70 356 151
5.50 -1.70 359 149
5.60 -1.70 362 147
5.70 -1.70 364 146
5.80 -1.70 366 144
5.90 -1.70 369 143
6.00 -1.70 371 142
6.10 -1.70 373 140
6.20 -1.70 375 139
6.30 -1.70 376 138
6.40 -1.70 0 0
6.50 -1.70 0 0
6.60 -1.70 0 0
6.70 -1.70 0 0
6.80 -1.70 0 0
6.90 -1.70 0 0
7.00 -1.70 0 0
7.10 -1.70 0 0
7.20 -1.70 0 0
7.30 -1.70 401 105
7.40 -1.70 402 104
7.50 -1.70 403 102
7.60 -1.70 406 99
7.70 -1.70 411 95
7.80 -1.70 412 94
7.90 -1.70 414 93
8.00 -1.70 416 92
8.10 -1.70 418 91
8.20 -1.70 420 90
8.30 -1.70 423 89
8.40 -1.70 426 87
8.50 -1.70 427 86
8.60 -1.70 430 85
8.70 -1.70 432 84
8.80 -1.70 435 83
8.90 -1.70 435 82
9.00 -1.70 439 81
9.10 -1.70 441 80
-9.00 -1.60 0 0
-8.90 -1.60 0 0
-8.80 -1.60 3 282
-8.70 -1.60 4 281
-8.60 -1.60 6 280
-8.50 -1.60 8 279
-8.40 -1.60 10 278
-8.30 -1.60 14 277
-8.20 -1.60 17 276
-8.10 -1.60 20 274
-8.00 -1.60 22 273
-7.90 -1.60 26 272
-7.80 -1.60 28 271
-7.70 -1.60 32 269
-7.60 -1.60 34 268
-7.50 -1.60 37 267
-7.40 -1.60 39 266
-7.30 -1.60 40 265
-7.20 -1.60 0 0
-7.10 -1.60 0 0
-7.00 -1.60 0 0
-6.90 -1.60 0 0
-6.80 -1.60 0 0
-6.70 -1.60 0 0
-6.60 -1.60 0 0
-6.50 -1.60 0 0
-6.40 -1.60 0 0
-6.30 -1.60 0 0
-6.20 -1.60 0 0
-6.10 -1.60 0 0
-6.00 -1.60 0 0
-5.90 -1.60 0 0
-5.80 -1.60 0 0
-5.70 -1.60 0 0
-5.60 -1.60 75 295
-5.50 -1.60 87 276
-5.40 -1.60 88 275
-5.30 -1.60 89 275
-5.20 -1.60 92 274
-5.10 -1.60 94 274
-5.00 -1.60 97 273
-4.90 -1.60 100 272
-4.80 -1.60 102 272
-4.70 -1.60 105 271
-4.60 -1.60 108 270
-4.50 -1.60 110 270
-4.40 -1.60 113 269
-4.30 -1.60 116 268
-4.20 -1.60 118 267
-4.10 -1.60 121 266
-4.00 -1.60 124 265
-3.90 -1.60 127 265
-3.80 -1.60 129 264
-3.70 -1.60 132 263
-3.60 -1.60 134 262
-3.50 -1.60 137 262
-3.40 -1.60 139 261
-3.30 -1.60 142 260
-3.20 -1.60 145 259
-3.10 -1.60 148 258
-3.00 -1.60 150 257
-2.90 -1.60 153 256
-2.80 -1.60 155 255
-2.70 -1.60 158 254
-2.60 -1.60 160 254
-2.50 -1.60 163 253
-2.40 -1.60 166 252
-2.30 -1.60 169 250
-2.20 -1.60 171 249
-2.10 -1.60 173 249
-2.00 -1.60 176 248
-1.90 -1.60 178 247
-1.80 -1.60 181 246
-1.70 -1.60 184 245
-1.60 -1.60 186 244
-1.50 -1.60 189 243
-1.40 -1.60 191 242
-1.30 -1.60 194 241
-1.20 -1.60 196 240
-1.10 -1.60 199 238
-1.00 -1.60 201 238
-0.90 -1.60 204 236
-0.80 -1.60 207 235
-0.70 -1.60 209 234
-0.60 -1.60 212 233
-0.50 -1.60 214 232
-0.40 -1.60 217 231
-0.30 -1.60 219 230
-0.20 -1.60 222 228
-0.10 -1.60 224 227
-0.00 -1.60 227 226
0.10 -1.60 230 225
0.20 -1.60 232 223
0.30 -1.60 235 222
0.40 -1.60 237 221
0.50 -1.60 240 220
0.60 -1.60 242 219
0.70 -1.60 245 218
0.80 -1.60 247 216
0.90 -1.60 250 215
1.00 -1.60 252 214
1.10 -1.60 255 212
1.20 -1.60 258 211
1.30 -1.60 260 209
1.40 -1.60 262 208
1.50 -1.60 265 206
1.60 -1.60 267 205
1.70 -1.60 270 203
1.80 -1.60 272 202
1.90 -1.60 274 200
2.00 -1.60 277 198
2.10 -1.60 279 197
2.20 -1.60 282 195
2.30 -1.60 284 193
2.40 -1.60 287 191
2.50 -1.60 289 190
2.60 -1.60 292 188
2.70 -1.60 294 187
2.80 -1.60 297 185
2.90 -1.60 299 184
3.00 -1.60 302 183
3.10 -1.60 304 182
3.20 -1.60 306 180
3.30 -1.60 309 179
3.40 -1.60 312 178
3.50 -1.60 314 176
3.60 -1.60 316 175
3.70 -1.60 319 174
3.80 -1.60 321 173
3.90 -1.60 323 172
4.00 -1.60 325 171
4.10 -1.60 328 170
4.20 -1.60 330 169
4.30 -1.60 332 167
4.40 -1.60 334 165
4.50 -1.60 337 164
4.60 -1.60 339 162
4.70 -1.60 342 161
4.80 -1.60 344 159
4.90 -1.60 347 158
5.00 -1.60 349 157
5.10 -1.60 351 156
5.20 -1.60 353 154
5.30 -1.60 355 153
5.40 -1.60 358 152
5.50 -1.60 360 150
5.60 -1.60 363 149
5.70 -1.60 366 147
5.80 -1.60 368 146
5.90 -1.60 370 144
6.00 -1.60 372 143
6.10 -1.60 375 141
6.20 -1.60 376 140
6.30 -1.60 378 139
6.40 -1.60 379 139
6.50 -1.60 0 0
6.60 -1.60 0 0
6.70 -1.60 0 0
6.80 -1.60 0 0
6.90 -1.60 0 0
7.00 -1.60 0 0
7.10 -1.60 0 0
7.20 -1.60 0 0
7.30 -1.60 0 0
7.40 -1.60 404 105
7.50 -1.60 405 104
7.60 -1.60 408 101
7.70 -1.60 413 95
7.80 -1.60 414 95
7.90 -1.60 416 94
8.00 -1.60 418 93
8.10 -1.60 420 92
8.20 -1.60 423 91
8.30 -1.60 425 90
8.40 -1.60 427 88
8.50 -1.60 429 87
8.60 -1.60 430 86
8.70 -1.60 433 85
8.80 -1.60 435 84
8.90 -1.60 438 83
9.00 -1.60 440 82
9.10 -1.60 442 81
-9.00 -1.50 0 0
-8.90 -1.50 0 0
-8.80 -1.50 4 284
-8.70 -1.50 5 283
-8.60 -1.50 7 282
-8.50 -1.50 9 281
-8.40 -1.50 12 279
-8.30 -1.50 15 278
-8.20 -1.50 18 277
-8.10 -1.50 21 275
-8.00 -1.50 24 275
-7.90 -1.50 27 273
-7.80 -1.50 30 272
-7.70 -1.50 33 271
-7.60 -1.50 36 269
-7.50 -1.50 38 268
-7.40 -1.50 40 267
-7.30 -1.50 42 266
-7.20 -1.50 0 0
-7.10 -1.50 0 0
-7.00 -1.50 0 0
-6.90 -1.50 0 0
-6.80 -1.50 0 0
-6.70 -1.50 0 0
-6.60 -1.50 0 0
-6.50 -1.50 0 0
-6.40 -1.50 0 0
-6.30 -1.50 0 0
-6.20 -1.50 0 0
-6.10 -1.50 0 0
-6.00 -1.50 0 0
-5.90 -1.50 0 0
-5.80 -1.50 0 0
-5.70 -1.50 0 0
-5.60 -1.50 76 297
-5.50 -1.50 88 278
-5.40 -1.50 89 277
-5.30 -1.50 91 276
-5.20 -1.50 93 276
-5.10 -1.50 96 275
-5.00 -1.50 99 275
-4.90 -1.50 102 274
-4.80 -1.50 104 273
-4.70 -1.50 106 272
-4.60 -1.50 109 272
-4.50 -1.50 112 271
-4.40 -1.50 115 270
-4.30 -1.50 117 269
-4.20 -1.50 120 268
-4.10 -1.50 123 267
-4.00 -1.50 125 267
-3.90 -1.50 128 266
-3.80 -1.50 131 265
-3.70 -1.50 133 264
-3.60 -1.50 136 264
-3.50 -1.50 138 263
-3.40 -1.50 141 262
-3.30 -1.50 143 261
-3.20 -1.50 146 260
-3.10 -1.50 149 259
-3.00 -1.50 152 259
-2.90 -1.50 154 257
-2.80 -1.50 157 257
-2.70 -1.50 159 256
-2.60 -1.50 162 255
-2.50 -1.50 164 254
-2.40 -1.50 167 253
-2.30 -1.50 169 252
-2.20 -1.50 172 252
-2.10 -1.50 175 250
-2.00 -1.50 178 249
-1.90 -1.50 180 248
-1.80 -1.50 182 247
-1.70 -1.50 185 246
-1.60 -1.50 187 245
-1.50 -1.50 190 244
-1.40 -1.50 193 243
-1.30 -1.50 196 242
-1.20 -1.50 198 241
-1.10 -1.50 201 240
-1.00 -1.50 203 239
-0.90 -1.50 206 238
-0.80 -1.50 209 237
-0.70 -1.50 210 235
-0.60 -1.50 213 234
-0.50 -1.50 216 233
-0.40 -1.50 219 232
-0.30 -1.50 221 231
-0.20 -1.50 224 229
-0.10 -1.50 226 229
-0.00 -1.50 229 227
0.10 -1.50 231 226
0.20 -1.50 234 225
0.30 -1.50 236 224
0.40 -1.50 238 222
0.50 -1.50 241 221
0.60 -1.50 244 220
0.70 -1.50 246 219
0.80 -1.50 248 218
0.90 -1.50 251 217
1.00 -1.50 253 215
1.10 -1.50 256 214
1.20 -1.50 259 212
1.30 -1.50 261 211
1.40 -1.50 264 209
1.50 -1.50 267 207
1.60 -1.50 269 206
1.70 -1.50 271 205
1.80 -1.50 274 203
1.90 -1.50 276 202
2.00 -1.50 278 200
2.10 -1.50 281 198
2.20 -1.50 283 196
2.30 -1.50 286 194
2.40 -1.50 289 193
2.50 -1.50 291 191
2.60 -1.50 293 189
2.70 -1.50 296 188
2.80 -1.50 298 186
2.90 -1.50 301 185
3.00 -1.50 303 184
3.10 -1.50 306 183
3.20 -1.50 308 182
3.30 -1.50 311 180
3.40 -1.50 312 179
3.50 -1.50 315 178
3.60 -1.50 317 177
3.70 -1.50 320 176
3.80 -1.50 322 175
3.90 -1.50 324 174
4.00 -1.50 326 172
4.10 -1.50 328 171
4.20 -1.50 331 170
4.30 -1.50 333 169
4.40 -1.50 336 168
4.50 -1.50 338 166
4.60 -1.50 341 164
4.70 -1.50 343 162
4.80 -1.50 346 161
4.90 -1.50 348 159
5.00 -1.50 350 158
5.10 -1.50 352 157
5.20 -1.50 354 156
5.30 -1.50 357 154
5.40 -1.50 359 153
5.50 -1.50 362 152
5.60 -1.50 365 150
5.70 -1.50 367 148
5.80 -1.50 369 147
5.90 -1.50 372 145
6.00 -1.50 374 144
6.10 -1.50 376 142
6.20 -1.50 379 142
6.30 -1.50 379 141
6.40 -1.50 0 0
6.50 -1.50 0 0
6.60 -1.50 0 0
6.70 -1.50 0 0
6.80 -1.50 0 0
6.90 -1.50 0 0
7.00 -1.50 0 0
7.10 -1.50 0 0
7.20 -1.50 0 0
7.30 -1.50 0 0
7.40 -1.50 0 0
7.50 -1.50 408 105
7.60 -1.50 410 102
7.70 -1.50 414 97
7.80 -1.50 416 96
7.90 -1.50 418 95
8.00 -1.50 419 94
8.10 -1.50 421 93
8.20 -1.50 424 92
8.30 -1.50 426 90
8.40 -1.50 429 89
8.50 -1.50 431 88
8.60 -1.50 433 87
8.70 -1.50 435 86
8.80 -1.50 437 85
8.90 -1.50 439 84
9.00 -1.50 441 82
9.10 -1.50 443 82
-9.00 -1.40 0 0
-8.90 -1.40 3 286
-8.80 -1.40 4 285
-8.70 -1.40 6 284
-8.60 -1.40 7 283
-8.50 -1.40 10 282
-8.40 -1.40 13 281
-8.30 -1.40 16 279
-8.20 -1.40 20 278
-8.10 -1.40 23 277
-8.00 -1.40 26 276
-7.90 -1.40 29 275
-7.80 -1.40 31 273
-7.70 -1.40 34 272
-7.60 -1.40 38 270
-7.50 -1.40 40 269
-7.40 -1.40 41 269
-7.30 -1.40 43 267
-7.20 -1.40 0 0
-7.10 -1.40 0 0
-7.00 -1.40 0 0
-6.90 -1.40 0 0
-6.80 -1.40 0 0
-6.70 -1.40 0 0
-6.60 -1.40 0 0
-6.50 -1.40 0 0
-6.40 -1.40 0 0
-6.30 -1.40 0 0
-6.20 -1.40 0 0
-6.10 -1.40 0 0
-6.00 -1.40 0 0
-5.90 -1.40 0 0
-5.80 -1.40 0 0
-5.70 -1.40 0 0
-5.60 -1.40 0 0
-5.50 -1.40 89 279
-5.40 -1.40 91 279
-5.30 -1.40 93 278
-5.20 -1.40 94 277
-5.10 -1.40 98 276
-5.00 -1.40 101 276
-4.90 -1.40 103 275
-4.80 -1.40 105 274
-4.70 -1.40 108 274
-4.60 -1.40 111 273
-4.50 -1.40 114 272
-4.40 -1.40 117 271
-4.30 -1.40 119 271
-4.20 -1.40 122 270
-4.10 -1.40 124 269
-4.00 -1.40 127 269
-3.90 -1.40 129 267
-3.80 -1.40 132 266
-3.70 -1.40 135 266
-3.60 -1.40 138 265
-3.50 -1.40 140 264
-3.40 -1.40 143 263
-3.30 -1.40 145 262
-3.20 -1.40 148 262
-3.10 -1.40 150 261
-3.00 -1.40 153 260
-2.90 -1.40 155 259
-2.80 -1.40 158 258
-2.70 -1.40 161 257
-2.60 -1.40 164 256
-2.50 -1.40 166 255
-2.40 -1.40 168 255
-2.30 -1.40 171 253
-2.20 -1.40 173 253
-2.10 -1.40 177 252
-2.00 -1.40 179 251
-1.90 -1.40 181 249
-1.80 -1.40 184 249
-1.70 -1.40 186 248
-1.60 -1.40 189 247
-1.50 -1.40 192 246
-1.40 -1.40 195 244
-1.30 -1.40 197 243
-1.20 -1.40 200 242
-1.10 -1.40 202 241
-1.00 -1.40 205 240
-0.90 -1.40 207 239
-0.80 -1.40 210 238
-0.70 -1.40 212 236
-0.60 -1.40 215 235
-0.50 -1.40 218 234
-0.40 -1.40 220 233
-0.30 -1.40 223 232
-0.20 -1.40 225 231
-0.10 -1.40 227 230
-0.00 -1.40 230 229
0.10 -1.40 233 227
0.20 -1.40 235 227
0.30 -1.40 238 225
0.40 -1.40 240 224
0.50 -1.40 242 223
0.60 -1.40 245 221
0.70 -1.40 247 220
0.80 -1.40 251 219
0.90 -1.40 253 218
1.00 -1.40 255 217
1.10 -1.40 258 215
1.20 -1.40 260 213
1.30 -1.40 263 212
1.40 -1.40 266 211
1.50 -1.40 268 209
1.60 -1.40 270 207
1.70 -1.40 273 206
1.80 -1.40 275 205
1.90 -1.40 277 203
2.00 -1.40 280 201
2.10 -1.40 282 200
2.20 -1.40 285 198
2.30 -1.40 287 196
2.40 -1.40 290 194
2.50 -1.40 292 193
2.60 -1.40 295 191
2.70 -1.40 297 190
2.80 -1.40 300 188
2.90 -1.40 302 187
3.00 -1.40 305 185
3.10 -1.40 308 184
3.20 -1.40 309 183
3.30 -1.40 312 182
3.40 -1.40 315 181
3.50 -1.40 317 180
3.60 -1.40 319 179
3.70 -1.40 321 178
3.80 -1.40 323 177
3.90 -1.40 325 176
4.00 -1.40 328 175
4.10 -1.40 330 173
4.20 -1.40 332 172
4.30 -1.40 335 170
4.40 -1.40 338 169
4.50 -1.40 340 168
4.60 -1.40 342 166
4.70 -1.40 345 164
4.80 -1.40 348 162
4.90 -1.40 350 161
5.00 -1.40 352 159
5.10 -1.40 354 158
5.20 -1.40 356 157
5.30 -1.40 359 156
5.40 -1.40 361 154
5.50 -1.40 364 153
5.60 -1.40 366 151
5.70 -1.40 368 149
5.80 -1.40 371 148
5.90 -1.40 373 146
6.00 -1.40 375 145
6.10 -1.40 378 144
6.20 -1.40 379 143
6.30 -1.40 381 142
6.40 -1.40 382 141
6.50 -1.40 0 0
6.60 -1.40 0 0
6.70 -1.40 0 0
6.80 -1.40 0 0
6.90 -1.40 0 0
7.00 -1.40 0 0
7.10 -1.40 0 0
7.20 -1.40 0 0
7.30 -1.40 0 0
7.40 -1.40 0 0
7.50 -1.40 410 105
7.60 -1.40 412 103
7.70 -1.40 415 100
7.80 -1.40 417 97
7.90 -1.40 419 95
8.00 -1.40 421 95
8.10 -1.40 423 94
8.20 -1.40 425 92
8.30 -1.40 427 91
8.40 -1.40 430 90
8.50 -1.40 433 89
8.60 -1.40 434 88
8.70 -1.40 436 87
8.80 -1.40 438 86
8.90 -1.40 440 84
9.00 -1.40 443 83
9.10 -1.40 445 83
-9.00 -1.30 0 0
-8.90 -1.30 4 287
-8.80 -1.30 5 287
-8.70 -1.30 6 285
-8.60 -1.30 8 284
-8.50 -1.30 12 283
-8.40 -1.30 15 282
-8.30 -1.30 18 281
-8.20 -1.30 20 280
-8.10 -1.30 24 278
-8.00 -1.30 27 277
-7.90 -1.30 29 276
-7.80 -1.30 33 274
-7.70 -1.30 36 273
-7.60 -1.30 39 272
-7.50 -1.30 41 271
-7.40 -1.30 42 269
-7.30 -1.30 44 269
-7.20 -1.30 0 0
-7.10 -1.30 0 0
-7.00 -1.30 0 0
-6.90 -1.30 0 0
-6.80 -1.30 0 0
-6.70 -1.30 0 0
-6.60 -1.30 0 0
-6.50 -1.30 0 0
-6.40 -1.30 0 0
-6.30 -1.30 0 0
-6.20 -1.30 0 0
-6.10 -1.30 0 0
-6.00 -1.30 0 0
-5.90 -1.30 0 0
-5.80 -1.30 0 0
-5.70 -1.30 0 0
-5.60 -1.30 0 0
-5.50 -1.30 90 281
-5.40 -1.30 92 280
-5.30 -1.30 95 279
-5.20 -1.30 96 279
-5.10 -1.30 99 278
-5.00 -1.30 101 277
-4.90 -1.30 104 276
-4.80 -1.30 107 275
-4.70 -1.30 109 275
-4.60 -1.30 112 274
-4.50 -1.30 115 273
-4.40 -1.30 118 273
-4.30 -1.30 120 272
-4.20 -1.30 122 271
-4.10 -1.30 126 271
-4.00 -1.30 128 269
-3.90 -1.30 131 269
-3.80 -1.30 134 268
-3.70 -1.30 137 267
-3.60 -1.30 139 266
-3.50 -1.30 142 265
-3.40 -1.30 144 265
-3.30 -1.30 147 264
-3.20 -1.30 149 263
-3.10 -1.30 152 262
-3.00 -1.30 154 261
-2.90 -1.30 157 261
-2.80 -1.30 160 260
-2.70 -1.30 162 259
-2.60 -1.30 165 257
-2.50 -1.30 168 257
-2.40 -1.30 170 256
-2.30 -1.30 173 255
-2.20 -1.30 175 254
-2.10 -1.30 178 253
-2.00 -1.30 180 252
-1.90 -1.30 183 251
-1.80 -1.30 185 250
-1.70 -1.30 188 249
-1.60 -1.30 191 248
-1.50 -1.30 193 247
-1.40 -1.30 196 246
-1.30 -1.30 199 245
-1.20 -1.30 201 243
-1.10 -1.30 203 243
-1.00 -1.30 206 241
-0.90 -1.30 209 240
-0.80 -1.30 211 239
-0.70 -1.30 214 238
-0.60 -1.30 216 237
-0.50 -1.30 220 235
-0.40 -1.30 222 234
-0.30 -1.30 224 234
-0.20 -1.30 226 232
-0.10 -1.30 229 231
-0.00 -1.30 231 230
0.10 -1.30 234 229
0.20 -1.30 236 228
0.30 -1.30 239 226
0.40 -1.30 242 225
0.50 -1.30 244 224
0.60 -1.30 247 223
0.70 -1.30 249 221
0.80 -1.30 252 220
0.90 -1.30 254 219
1.00 -1.30 257 218
1.10 -1.30 259 217
1.20 -1.30 262 215
1.30 -1.30 265 213
1.40 -1.30 267 212
1.50 -1.30 270 210
1.60 -1.30 272 208
1.70 -1.30 274 207
1.80 -1.30 276 206
1.90 -1.30 279 204
2.00 -1.30 281 203
2.10 -1.30 284 201
2.20 -1.30 287 199
2.30 -1.30 288 198
2.40 -1.30 292 196
2.50 -1.30 294 194
2.60 -1.30 296 192
2.70 -1.30 299 191
2.80 -1.30 301 189
2.90 -1.30 304 188
3.00 -1.30 307 187
3.10 -1.30 309 186
3.20 -1.30 311 185
3.30 -1.30 314 184
3.40 -1.30 316 183
3.50 -1.30 318 182
3.60 -1.30 320 180
3.70 -1.30 322 179
3.80 -1.30 324 179
3.90 -1.30 327 177
4.00 -1.30 329 176
4.10 -1.30 332 175
4.20 -1.30 334 174
4.30 -1.30 337 172
4.40 -1.30 339 171
4.50 -1.30 342 170
4.60 -1.30 344 168
4.70 -1.30 347 166
4.80 -1.30 349 164
4.90 -1.30 351 162
5.00 -1.30 354 161
5.10 -1.30 356 159
5.20 -1.30 358 158
5.30 -1.30 361 157
5.40 -1.30 363 156
5.50 -1.30 366 154
5.60 -1.30 367 152
5.70 -1.30 370 150
5.80 -1.30 372 149
5.90 -1.30 375 147
6.00 -1.30 377 146
6.10 -1.30 379 145
6.20 -1.30 381 144
6.30 -1.30 383 143
6.40 -1.30 384 142
6.50 -1.30 0 0
6.60 -1.30 0 0
6.70 -1.30 0 0
6.80 -1.30 0 0
6.90 -1.30 0 0
7.00 -1.30 0 0
7.10 -1.30 0 0
7.20 -1.30 0 0
7.30 -1.30 0 0
7.40 -1.30 0 0
7.50 -1.30 0 0
7.60 -1.30 414 104
7.70 -1.30 416 100
7.80 -1.30 418 99
7.90 -1.30 420 97
8.00 -1.30 422 95
8.10 -1.30 424 94
8.20 -1.30 426 94
8.30 -1.30 428 92
8.40 -1.30 431 91
8.50 -1.30 434 90
8.60 -1.30 436 89
8.70 -1.30 438 88
8.80 -1.30 440 87
8.90 -1.30 442 85
9.00 -1.30 444 84
9.10 -1.30 446 83
-9.00 -1.20 3 290
-8.90 -1.20 4 288
-8.80 -1.20 6 287
-8.70 -1.20 8 286
-8.60 -1.20 10 286
-8.50 -1.20 12 284
-8.40 -1.20 16 283
-8.30 -1.20 19 282
-8.20 -1.20 23 281
-8.10 -1.20 25 279
-8.00 -1.20 29 278
-7.90 -1.20 31 277
-7.80 -1.20 34 276
-7.70 -1.20 37 274
-7.60 -1.20 40 273
-7.50 -1.20 42 272
-7.40 -1.20 44 271
-7.30 -1.20 45 270
-7.20 -1.20 0 0
-7.10 -1.20 0 0
-7.00 -1.20 0 0
-6.90 -1.20 0 0
-6.80 -1.20 0 0
-6.70 -1.20 0 0
-6.60 -1.20 0 0
-6.50 -1.20 0 0
-6.40 -1.20 0 0
-6.30 -1.20 0 0
-6.20 -1.20 0 0
-6.10 -1.20 0 0
-6.00 -1.20 0 0
-5.90 -1.20 0 0
-5.80 -1.20 0 0
-5.70 -1.20 0 0
-5.60 -1.20 0 0
-5.50 -1.20 92 282
-5.40 -1.20 93 281
-5.30 -1.20 95 281
-5.20 -1.20 98 280
-5.10 -1.20 101 280
-5.00 -1.20 103 279
-4.90 -1.20 106 278
-4.80 -1.20 108 277
-4.70 -1.20 111 276
-4.60 -1.20 114 275
-4.50 -1.20 116 275
-4.40 -1.20 119 274
-4.30 -1.20 122 273
-4.20 -1.20 124 272
-4.10 -1.20 127 272
-4.00 -1.20 130 271
-3.90 -1.20 132 270
-3.80 -1.20 135 270
-3.70 -1.20 138 268
-3.60 -1.20 141 268
-3.50 -1.20 143 267
-3.40 -1.20 146 266
-3.30 -1.20 149 265
-3.20 -1.20 150 264
-3.10 -1.20 153 264
-3.00 -1.20 156 263
-2.90 -1.20 159 262
-2.80 -1.20 161 261
-2.70 -1.20 164 260
-2.60 -1.20 167 259
-2.50 -1.20 169 258
-2.40 -1.20 172 257
-2.30 -1.20 175 256
-2.20 -1.20 176 255
-2.10 -1.20 180 254
-2.00 -1.20 182 253
-1.90 -1.20 185 252
-1.80 -1.20 187 251
-1.70 -1.20 189 250
-1.60 -1.20 192 249
-1.50 -1.20 195 248
-1.40 -1.20 197 247
-1.30 -1.20 200 246
-1.20 -1.20 203 245
-1.10 -1.20 205 244
-1.00 -1.20 208 242
-0.90 -1.20 211 241
-0.80 -1.20 213 240
-0.70 -1.20 215 239
-0.60 -1.20 218 238
-0.50 -1.20 221 237
-0.40 -1.20 223 236
-0.30 -1.20 225 234
-0.20 -1.20 228 233
-0.10 -1.20 230 232
-0.00 -1.20 233 231
0.10 -1.20 236 230
0.20 -1.20 238 229
0.30 -1.20 240 228
0.40 -1.20 243 226
0.50 -1.20 246 225
0.60 -1.20 248 224
0.70 -1.20 251 222
0.80 -1.20 253 222
0.90 -1.20 256 220
1.00 -1.20 258 219
1.10 -1.20 261 218
1.20 -1.20 263 216
1.30 -1.20 266 214
1.40 -1.20 269 213
1.50 -1.20 271 211
1.60 -1.20 274 210
1.70 -1.20 276 208
1.80 -1.20 279 207
1.90 -1.20 281 205
2.00 -1.20 283 204
2.10 -1.20 286 202
2.20 -1.20 288 201
2.30 -1.20 291 199
2.40 -1.20 293 198
2.50 -1.20 295 196
2.60 -1.20 298 194
2.70 -1.20 301 192
2.80 -1.20 303 191
2.90 -1.20 306 190
3.00 -1.20 309 189
3.10 -1.20 311 188
3.20 -1.20 313 187
3.30 -1.20 315 185
3.40 -1.20 317 184
3.50 -1.20 319 183
3.60 -1.20 321 182
3.70 -1.20 323 181
3.80 -1.20 326 180
3.90 -1.20 328 179
4.00 -1.20 331 178
4.10 -1.20 334 177
4.20 -1.20 336 175
4.30 -1.20 339 173
4.40 -1.20 341 172
4.50 -1.20 343 170
4.60 -1.20 346 169
4.70 -1.20 348 167
4.80 -1.20 351 166
4.90 -1.20 353 164
5.00 -1.20 355 163
5.10 -1.20 357 161
5.20 -1.20 360 160
5.30 -1.20 362 158
5.40 -1.20 364 157
5.50 -1.20 367 155
5.60 -1.20 369 153
5.70 -1.20 371 152
5.80 -1.20 374 150
5.90 -1.20 376 148
6.00 -1.20 378 147
6.10 -1.20 380 146
6.20 -1.20 382 145
6.30 -1.20 384 144
6.40 -1.20 385 144
6.50 -1.20 0 0
6.60 -1.20 0 0
6.70 -1.20 0 0
6.80 -1.20 0 0
6.90 -1.20 0 0
7.00 -1.20 0 0
7.10 -1.20 0 0
7.20 -1.20 0 0
7.30 -1.20 0 0
7.40 -1.20 0 0
7.50 -1.20 0 0
7.60 -1.20 416 104
7.70 -1.20 418 102
7.80 -1.20 419 100
7.90 -1.20 421 98
8.00 -1.20 423 96
8.10 -1.20 425 95
8.20 -1.20 428 94
8.30 -1.20 430 93
8.40 -1.20 432 92
8.50 -1.20 435 91
8.60 -1.20 437 90
8.70 -1.20 439 89
8.80 -1.20 441 88
8.90 -1.20 444 87
9.00 -1.20 445 86
9.10 -1.20 448 84
-9.00 -1.10 3 292
-8.90 -1.10 5 290
-8.80 -1.10 7 289
-8.70 -1.10 8 288
-8.60 -1.10 11 287
-8.50 -1.10 15 285
-8.40 -1.10 17 284
-8.30 -1.10 20 283
-8.20 -1.10 24 282
-8.10 -1.10 27 281
-8.00 -1.10 30 279
-7.90 -1.10 33 278
-7.80 -1.10 36 277
-7.70 -1.10 39 276
-7.60 -1.10 41 274
-7.50 -1.10 44 273
-7.40 -1.10 45 273
-7.30 -1.10 46 272
-7.20 -1.10 0 0
-7.10 -1.10 0 0
-7.00 -1.10 0 0
-6.90 -1.10 0 0
-6.80 -1.10 0 0
-6.70 -1.10 0 0
-6.60 -1.10 0 0
-6.50 -1.10 0 0
-6.40 -1.10 0 0
-6.30 -1.10 0 0
-6.20 -1.10 0 0
-6.10 -1.10 0 0
-6.00 -1.10 0 0
-5.90 -1.10 0 0
-5.80 -1.10 0 0
-5.70 -1.10 0 0
-5.60 -1.10 0 0
-5.50 -1.10 93 283
-5.40 -1.10 95 282
-5.30 -1.10 97 282
-5.20 -1.10 100 282
-5.10 -1.10 102 281
-5.00 -1.10 104 280
-4.90 -1.10 107 279
-4.80 -1.10 110 278
-4.70 -1.10 113 277
-4.60 -1.10 115 276
-4.50 -1.10 118 276
-4.40 -1.10 121 275
-4.30 -1.10 124 275
-4.20 -1.10 126 274
-4.10 -1.10 128 273
-4.00 -1.10 131 272
-3.90 -1.10 134 271
-3.80 -1.10 137 271
-3.70 -1.10 139 270
-3.60 -1.10 142 269
-3.50 -1.10 144 268
-3.40 -1.10 147 267
-3.30 -1.10 150 266
-3.20 -1.10 153 265
-3.10 -1.10 155 265
-3.00 -1.10 158 264
-2.90 -1.10 160 263
-2.80 -1.10 163 262
-2.70 -1.10 166 261
-2.60 -1.10 168 260
-2.50 -1.10 171 260
-2.40 -1.10 173 258
-2.30 -1.10 176 257
-2.20 -1.10 179 257
-2.10 -1.10 181 256
-2.00 -1.10 184 255
-1.90 -1.10 186 254
-1.80 -1.10 189 253
-1.70 -1.10 191 251
-1.60 -1.10 194 251
-1.50 -1.10 196 249
-1.40 -1.10 199 248
-1.30 -1.10 202 247
-1.20 -1.10 204 246
-1.10 -1.10 206 245
-1.00 -1.10 209 244
-0.90 -1.10 212 243
-0.80 -1.10 215 242
-0.70 -1.10 217 241
-0.60 -1.10 220 239
-0.50 -1.10 222 238
-0.40 -1.10 225 237
-0.30 -1.10 227 236
-0.20 -1.10 230 235
-0.10 -1.10 232 234
-0.00 -1.10 235 232
0.10 -1.10 238 231
0.20 -1.10 240 230
0.30 -1.10 242 229
0.40 -1.10 245 228
0.50 -1.10 247 227
0.60 -1.10 250 226
0.70 -1.10 253 224
0.80 -1.10 255 223
0.90 -1.10 257 222
1.00 -1.10 260 220
1.10 -1.10 263 219
1.20 -1.10 264 218
1.30 -1.10 267 216
1.40 -1.10 270 214
1.50 -1.10 273 213
1.60 -1.10 275 211
1.70 -1.10 278 209
1.80 -1.10 280 208
1.90 -1.10 282 206
2.00 -1.10 285 206
2.10 -1.10 287 204
2.20 -1.10 290 203
2.30 -1.10 292 201
2.40 -1.10 294 200
2.50 -1.10 297 198
2.60 -1.10 300 197
2.70 -1.10 303 195
2.80 -1.10 305 194
2.90 -1.10 308 193
3.00 -1.10 310 191
3.10 -1.10 312 190
3.20 -1.10 314 188
3.30 -1.10 316 187
3.40 -1.10 318 186
3.50 -1.10 321 185
3.60 -1.10 323 184
3.70 -1.10 325 184
3.80 -1.10 328 182
3.90 -1.10 330 181
4.00 -1.10 333 180
4.10 -1.10 335 178
4.20 -1.10 338 176
4.30 -1.10 341 175
4.40 -1.10 342 173
4.50 -1.10 345 172
4.60 -1.10 347 170
4.70 -1.10 349 169
4.80 -1.10 352 167
4.90 -1.10 354 166
5.00 -1.10 356 164
5.10 -1.10 359 162
5.20 -1.10 361 161
5.30 -1.10 364 159
5.40 -1.10 366 157
5.50 -1.10 368 156
5.60 -1.10 370 155
5.70 -1.10 373 153
5.80 -1.10 375 151
5.90 -1.10 378 150
6.00 -1.10 380 148
6.10 -1.10 382 147
6.20 -1.10 384 146
6.30 -1.10 385 145
6.40 -1.10 387 144
6.50 -1.10 0 0
6.60 -1.10 0 0
6.70 -1.10 0 0
6.80 -1.10 0 0
6.90 -1.10 0 0
7.00 -1.10 0 0
7.10 -1.10 0 0
7.20 -1.10 0 0
7.30 -1.10 0 0
7.40 -1.10 0 0
7.50 -1.10 0 0
7.60 -1.10 417 106
7.70 -1.10 419 103
7.80 -1.10 421 100
7.90 -1.10 423 98
8.00 -1.10 425 98
8.10 -1.10 426 96
8.20 -1.10 429 95
8.30 -1.10 432 94
8.40 -1.10 434 93
8.50 -1.10 436 92
8.60 -1.10 438 91
8.70 -1.10 441 90
8.80 -1.10 442 88
8.90 -1.10 445 87
9.00 -1.10 447 87
9.10 -1.10 449 86
-9.00 -1.00 4 292
-8.90 -1.00 5 291
-8.80 -1.00 7 290
-8.70 -1.00 10 289
-8.60 -1.00 13 288
-8.50 -1.00 16 287
-8.40 -1.00 19 285
-8.30 -1.00 22 284
-8.20 -1.00 25 283
-8.10 -1.00 28 282
-8.00 -1.00 31 280
-7.90 -1.00 34 279
-7.80 -1.00 37 278
-7.70 -1.00 40 277
-7.60 -1.00 43 276
-7.50 -1.00 45 275
-7.40 -1.00 47 274
-7.30 -1.00 48 273
-7.20 -1.00 0 0
-7.10 -1.00 0 0
-7.00 -1.00 0 0
-6.90 -1.00 0 0
-6.80 -1.00 0 0
-6.70 -1.00 0 0
-6.60 -1.00 0 0
-6.50 -1.00 0 0
-6.40 -1.00 0 0
-6.30 -1.00 0 0
-6.20 -1.00 0 0
-6.10 -1.00 0 0
-6.00 -1.00 0 0
-5.90 -1.00 0 0
-5.80 -1.00 0 0
-5.70 -1.00 0 0
-5.60 -1.00 0 0
-5.50 -1.00 95 284
-5.40 -1.00 96 284
-5.30 -1.00 98 283
-5.20 -1.00 101 283
-5.10 -1.00 103 282
-5.00 -1.00 106 281
-4.90 -1.00 109 281
-4.80 -1.00 111 280
-4.70 -1.00 114 279
-4.60 -1.00 117 278
-4.50 -1.00 119 277
-4.40 -1.00 122 276
-4.30 -1.00 125 276
-4.20 -1.00 127 275
-4.10 -1.00 131 274
-4.00 -1.00 133 273
-3.90 -1.00 136 273
-3.80 -1.00 138 272
-3.70 -1.00 141 271
-3.60 -1.00 144 270
-3.50 -1.00 146 269
-3.40 -1.00 149 269
-3.30 -1.00 151 268
-3.20 -1.00 154 267
-3.10 -1.00 156 266
-3.00 -1.00 159 265
-2.90 -1.00 162 264
-2.80 -1.00 165 263
-2.70 -1.00 167 262
-2.60 -1.00 169 262
-2.50 -1.00 172 261
-2.40 -1.00 175 260
-2.30 -1.00 177 259
-2.20 -1.00 180 258
-2.10 -1.00 183 257
-2.00 -1.00 185 256
-1.90 -1.00 188 255
-1.80 -1.00 190 254
-1.70 -1.00 193 253
-1.60 -1.00 195 252
-1.50 -1.00 198 251
-1.40 -1.00 201 249
-1.30 -1.00 203 248
-1.20 -1.00 206 247
-1.10 -1.00 208 246
-1.00 -1.00 211 245
-0.90 -1.00 213 244
-0.80 -1.00 216 243
-0.70 -1.00 219 242
-0.60 -1.00 221 241
-0.50 -1.00 224 239
-0.40 -1.00 226 239
-0.30 -1.00 229 237
-0.20 -1.00 231 236
-0.10 -1.00 234 235
-0.00 -1.00 236 234
0.10 -1.00 239 232
0.20 -1.00 241 232
0.30 -1.00 244 230
0.40 -1.00 246 229
0.50 -1.00 249 228
0.60 -1.00 251 227
0.70 -1.00 254 225
0.80 -1.00 256 224
0.90 -1.00 259 223
1.00 -1.00 262 222
1.10 -1.00 264 220
1.20 -1.00 266 219
1.30 -1.00 269 217
1.40 -1.00 272 216
1.50 -1.00 274 214
1.60 -1.00 277 213
1.70 -1.00 279 211
1.80 -1.00 282 209
1.90 -1.00 284 208
2.00 -1.00 287 207
2.10 -1.00 288 205
2.20 -1.00 291 204
2.30 -1.00 293 203
2.40 -1.00 296 201
2.50 -1.00 299 199
2.60 -1.00 302 198
2.70 -1.00 304 196
2.80 -1.00 307 196
2.90 -1.00 309 194
3.00 -1.00 311 193
3.10 -1.00 313 192
3.20 -1.00 315 191
3.30 -1.00 318 189
3.40 -1.00 320 188
3.50 -1.00 322 187
3.60 -1.00 325 186
3.70 -1.00 327 185
3.80 -1.00 329 183
3.90 -1.00 331 182
4.00 -1.00 334 181
4.10 -1.00 337 179
4.20 -1.00 340 178
4.30 -1.00 342 176
4.40 -1.00 345 174
4.50 -1.00 347 173
4.60 -1.00 349 171
4.70 -1.00 351 170
4.80 -1.00 354 168
4.90 -1.00 356 167
5.00 -1.00 358 165
5.10 -1.00 361 163
5.20 -1.00 363 161
5.30 -1.00 365 160
5.40 -1.00 367 158
5.50 -1.00 370 157
5.60 -1.00 372 156
5.70 -1.00 374 154
5.80 -1.00 377 153
5.90 -1.00 379 151
6.00 -1.00 382 149
6.10 -1.00 383 148
6.20 -1.00 386 147
6.30 -1.00 387 146
6.40 -1.00 389 145
6.50 -1.00 0 0
6.60 -1.00 0 0
6.70 -1.00 0 0
6.80 -1.00 0 0
6.90 -1.00 0 0
7.00 -1.00 0 0
7.10 -1.00 0 0
7.20 -1.00 0 0
7.30 -1.00 0 0
7.40 -1.00 0 0
7.50 -1.00 0 0
7.60 -1.00 419 106
7.70 -1.00 420 103
7.80 -1.00 422 102
7.90 -1.00 424 100
8.00 -1.00 426 98
8.10 -1.00 428 97
8.20 -1.00 430 96
8.30 -1.00 432 95
8.40 -1.00 435 94
8.50 -1.00 438 93
8.60 -1.00 440 91
8.70 -1.00 442 91
8.80 -1.00 444 89
8.90 -1.00 446 88
9.00 -1.00 448 87
9.10 -1.00 450 86
-9.00 -0.90 5 294
-8.90 -0.90 6 293
-8.80 -0.90 8 292
-8.70 -0.90 11 291
-8.60 -0.90 14 289
-8.50 -0.90 17 288
-8.40 -0.90 20 287
-8.30 -0.90 24 285
-8.20 -0.90 26 284
-8.10 -0.90 29 283
-8.00 -0.90 33 282
-7.90 -0.90 35 281
-7.80 -0.90 39 279
-7.70 -0.90 42 278
-7.60 -0.90 45 277
-7.50 -0.90 47 276
-7.40 -0.90 48 275
-7.30 -0.90 49 274
-7.20 -0.90 0 0
-7.10 -0.90 0 0
-7.00 -0.90 0 0
-6.90 -0.90 0 0
-6.80 -0.90 0 0
-6.70 -0.90 0 0
-6.60 -0.90 0 0
-6.50 -0.90 0 0
-6.40 -0.90 0 0
-6.30 -0.90 0 0
-6.20 -0.90 0 0
-6.10 -0.90 0 0
-6.00 -0.90 0 0
-5.90 -0.90 0 0
-5.80 -0.90 0 0
-5.70 -0.90 0 0
-5.60 -0.90 95 286
-5.50 -0.90 96 286
-5.40 -0.90 97 285
-5.30 -0.90 99 285
-5.20 -0.90 102 284
-5.10 -0.90 105 283
-5.00 -0.90 108 283
-4.90 -0.90 110 282
-4.80 -0.90 113 281
-4.70 -0.90 115 281
-4.60 -0.90 118 280
-4.50 -0.90 121 279
-4.40 -0.90 124 278
-4.30 -0.90 126 277
-4.20 -0.90 129 276
-4.10 -0.90 131 276
-4.00 -0.90 134 275
-3.90 -0.90 137 274
-3.80 -0.90 140 273
-3.70 -0.90 142 272
-3.60 -0.90 145 272
-3.50 -0.90 147 271
-3.40 -0.90 150 270
-3.30 -0.90 153 269
-3.20 -0.90 156 268
-3.10 -0.90 158 267
-3.00 -0.90 161 266
-2.90 -0.90 164 265
-2.80 -0.90 166 265
-2.70 -0.90 169 264
-2.60 -0.90 171 263
-2.50 -0.90 174 262
-2.40 -0.90 177 261
-2.30 -0.90 179 260
-2.20 -0.90 181 259
-2.10 -0.90 184 258
-2.00 -0.90 186 257
-1.90 -0.90 189 256
-1.80 -0.90 192 255
-1.70 -0.90 195 254
-1.60 -0.90 197 253
-1.50 -0.90 199 252
-1.40 -0.90 202 251
-1.30 -0.90 205 250
-1.20 -0.90 207 249
-1.10 -0.90 210 248
-1.00 -0.90 212 247
-0.90 -0.90 215 245
-0.80 -0.90 218 244
-0.70 -0.90 220 243
-0.60 -0.90 223 242
-0.50 -0.90 225 241
-0.40 -0.90 228 240
-0.30 -0.90 230 238
-0.20 -0.90 233 237
-0.10 -0.90 235 236
-0.00 -0.90 238 235
0.10 -0.90 240 234
0.20 -0.90 243 233
0.30 -0.90 246 231
0.40 -0.90 248 230
0.50 -0.90 250 229
0.60 -0.90 253 228
0.70 -0.90 256 226
0.80 -0.90 258 225
0.90 -0.90 260 224
1.00 -0.90 263 223
1.10 -0.90 265 222
1.20 -0.90 268 220
1.30 -0.90 270 219
1.40 -0.90 273 217
1.50 -0.90 276 215
1.60 -0.90 278 214
1.70 -0.90 281 212
1.80 -0.90 284 211
1.90 -0.90 286 209
2.00 -0.90 288 208
2.10 -0.90 290 207
2.20 -0.90 293 205
2.30 -0.90 295 204
2.40 -0.90 297 202
2.50 -0.90 300 201
2.60 -0.90 303 199
2.70 -0.90 305 199
2.80 -0.90 308 197
2.90 -0.90 310 196
3.00 -0.90 312 195
3.10 -0.90 314 194
3.20 -0.90 317 192
3.30 -0.90 319 191
3.40 -0.90 321 190
3.50 -0.90 323 189
3.60 -0.90 326 188
3.70 -0.90 328 185
3.80 -0.90 331 185
3.90 -0.90 333 183
4.00 -0.90 336 182
4.10 -0.90 339 180
4.20 -0.90 341 179
4.30 -0.90 344 177
4.40 -0.90 346 176
4.50 -0.90 348 174
4.60 -0.90 350 173
4.70 -0.90 352 171
4.80 -0.90 355 170
4.90 -0.90 357 167
5.00 -0.90 360 166
5.10 -0.90 362 165
5.20 -0.90 365 163
5.30 -0.90 367 161
5.40 -0.90 369 160
5.50 -0.90 371 158
5.60 -0.90 373 157
5.70 -0.90 376 155
5.80 -0.90 378 154
5.90 -0.90 381 152
6.00 -0.90 383 151
6.10 -0.90 385 149
6.20 -0.90 387 148
6.30 -0.90 389 147
6.40 -0.90 391 146
6.50 -0.90 0 0
6.60 -0.90 0 0
6.70 -0.90 0 0
6.80 -0.90 0 0
6.90 -0.90 0 0
7.00 -0.90 0 0
7.10 -0.90 0 0
7.20 -0.90 0 0
7.30 -0.90 0 0
7.40 -0.90 0 0
7.50 -0.90 0 0
7.60 -0.90 0 0
7.70 -0.90 422 104
7.80 -0.90 423 103
7.90 -0.90 425 100
8.00 -0.90 428 99
8.10 -0.90 430 98
8.20 -0.90 433 97
8.30 -0.90 434 96
8.40 -0.90 437 94
8.50 -0.90 439 93
8.60 -0.90 441 93
8.70 -0.90 444 91
8.80 -0.90 446 90
8.90 -0.90 448 89
9.00 -0.90 449 88
9.10 -0.90 452 87
-9.00 -0.80 5 295
-8.90 -0.80 7 294
-8.80 -0.80 9 293
-8.70 -0.80 12 292
-8.60 -0.80 16 291
-8.50 -0.80 19 289
-8.40 -0.80 22 288
-8.30 -0.80 25 287
-8.20 -0.80 28 285
-8.10 -0.80 31 284
-8.00 -0.80 34 283
-7.90 -0.80 37 282
-7.80 -0.80 40 280
-7.70 -0.80 43 279
-7.60 -0.80 46 278
-7.50 -0.80 48 277
-7.40 -0.80 49 276
-7.30 -0.80 0 0
-7.20 -0.80 0 0
-7.10 -0.80 0 0
-7.00 -0.80 0 0
-6.90 -0.80 0 0
-6.80 -0.80 0 0
-6.70 -0.80 0 0
-6.60 -0.80 0 0
-6.50 -0.80 0 0
-6.40 -0.80 0 0
-6.30 -0.80 0 0
-6.20 -0.80 0 0
-6.10 -0.80 0 0
-6.00 -0.80 0 0
-5.90 -0.80 0 0
-5.80 -0.80 0 0
-5.70 -0.80 0 0
-5.60 -0.80 0 0
-5.50 -0.80 97 287
-5.40 -0.80 98 287
-5.30 -0.80 101 286
-5.20 -0.80 104 285
-5.10 -0.80 106 284
-5.00 -0.80 109 284
-4.90 -0.80 112 283
-4.80 -0.80 114 282
-4.70 -0.80 117 282
-4.60 -0.80 120 281
-4.50 -0.80 123 281
-4.40 -0.80 125 279
-4.30 -0.80 128 279
-4.20 -0.80 131 278
-4.10 -0.80 133 277
-4.00 -0.80 136 276
-3.90 -0.80 138 275
-3.80 -0.80 141 274
-3.70 -0.80 144 274
-3.60 -0.80 147 273
-3.50 -0.80 149 272
-3.40 -0.80 152 271
-3.30 -0.80 154 271
-3.20 -0.80 157 269
-3.10 -0.80 159 269
-3.00 -0.80 163 267
-2.90 -0.80 165 267
-2.80 -0.80 167 266
-2.70 -0.80 170 265
-2.60 -0.80 172 264
-2.50 -0.80 175 263
-2.40 -0.80 178 262
-2.30 -0.80 180 261
-2.20 -0.80 183 260
-2.10 -0.80 186 259
-2.00 -0.80 188 258
-1.90 -0.80 190 257
-1.80 -0.80 194 256
-1.70 -0.80 196 255
-1.60 -0.80 199 254
-1.50 -0.80 201 253
-1.40 -0.80 203 252
-1.30 -0.80 207 251
-1.20 -0.80 209 250
-1.10 -0.80 211 249
-1.00 -0.80 214 248
-0.90 -0.80 216 247
-0.80 -0.80 219 246
-0.70 -0.80 222 244
-0.60 -0.80 225 243
-0.50 -0.80 227 242
-0.40 -0.80 229 241
-0.30 -0.80 232 240
-0.20 -0.80 234 238
-0.10 -0.80 237 238
-0.00 -0.80 239 236
0.10 -0.80 242 235
0.20 -0.80 245 234
0.30 -0.80 247 232
0.40 -0.80 250 232
0.50 -0.80 252 230
0.60 -0.80 255 229
0.70 -0.80 257 227
0.80 -0.80 260 227
0.90 -0.80 262 225
1.00 -0.80 265 224
1.10 -0.80 267 223
1.20 -0.80 269 222
1.30 -0.80 272 220
1.40 -0.80 275 218
1.50 -0.80 277 217
1.60 -0.80 281 215
1.70 -0.80 283 213
1.80 -0.80 285 212
1.90 -0.80 287 211
2.00 -0.80 290 209
2.10 -0.80 292 207
2.20 -0.80 294 206
2.30 -0.80 296 205
2.40 -0.80 299 204
2.50 -0.80 301 202
2.60 -0.80 304 201
2.70 -0.80 306 200
2.80 -0.80 309 199
2.90 -0.80 311 198
3.00 -0.80 313 196
3.10 -0.80 315 195
3.20 -0.80 318 194
3.30 -0.80 320 193
3.40 -0.80 322 191
3.50 -0.80 325 190
3.60 -0.80 328 188
3.70 -0.80 330 187
3.80 -0.80 332 186
3.90 -0.80 335 184
4.00 -0.80 337 183
4.10 -0.80 340 181
4.20 -0.80 342 179
4.30 -0.80 345 178
4.40 -0.80 347 177
4.50 -0.80 349 175
4.60 -0.80 352 174
4.70 -0.80 354 172
4.80 -0.80 356 170
4.90 -0.80 359 169
5.00 -0.80 361 167
5.10 -0.80 364 165
5.20 -0.80 366 164
5.30 -0.80 369 163
5.40 -0.80 371 161
5.50 -0.80 373 159
5.60 -0.80 375 158
5.70 -0.80 378 156
5.80 -0.80 380 155
5.90 -0.80 382 153
6.00 -0.80 384 152
6.10 -0.80 387 150
6.20 -0.80 389 149
6.30 -0.80 391 148
6.40 -0.80 392 147
6.50 -0.80 0 0
6.60 -0.80 0 0
6.70 -0.80 0 0
6.80 -0.80 0 0
6.90 -0.80 0 0
7.00 -0.80 0 0
7.10 -0.80 0 0
7.20 -0.80 0 0
7.30 -0.80 0 0
7.40 -0.80 0 0
7.50 -0.80 0 0
7.60 -0.80 0 0
7.70 -0.80 0 0
7.80 -0.80 425 103
7.90 -0.80 427 101
8.00 -0.80 429 100
8.10 -0.80 432 99
8.20 -0.80 434 97
8.30 -0.80 436 96
8.40 -0.80 438 96
8.50 -0.80 441 94
8.60 -0.80 442 93
8.70 -0.80 444 92
8.80 -0.80 447 91
8.90 -0.80 449 90
9.00 -0.80 451 89
9.10 -0.80 453 88
-9.00 -0.70 6 296
-8.90 -0.70 8 296
-8.80 -0.70 10 294
-8.70 -0.70 13 293
-8.60 -0.70 17 292
-8.50 -0.70 20 290
-8.40 -0.70 23 289
-8.30 -0.70 26 288
-8.20 -0.70 29 287
-8.10 -0.70 32 286
-8.00 -0.70 35 284
-7.90 -0.70 39 283
-7.80 -0.70 42 282
-7.70 -0.70 45 280
-7.60 -0.70 47 279
-7.50 -0.70 49 278
-7.40 -0.70 50 278
-7.30 -0.70 0 0
-7.20 -0.70 0 0
-7.10 -0.70 0 0
-7.00 -0.70 0 0
-6.90 -0.70 0 0
-6.80 -0.70 0 0
-6.70 -0.70 0 0
-6.60 -0.70 0 0
-6.50 -0.70 0 0
-6.40 -0.70 0 0
-6.30 -0.70 0 0
-6.20 -0.70 0 0
-6.10 -0.70 0 0
-6.00 -0.70 0 0
-5.90 -0.70 0 0
-5.80 -0.70 0 0
-5.70 -0.70 0 0
-5.60 -0.70 98 289
-5.50 -0.70 98 289
-5.40 -0.70 100 288
-5.30 -0.70 102 287
-5.20 -0.70 105 286
-5.10 -0.70 108 286
-5.00 -0.70 110 285
-4.90 -0.70 113 284
-4.80 -0.70 116 283
-4.70 -0.70 119 283
-4.60 -0.70 121 283
-4.50 -0.70 124 282
-4.40 -0.70 126 281
-4.30 -0.70 130 280
-4.20 -0.70 132 279
-4.10 -0.70 134 278
-4.00 -0.70 137 277
-3.90 -0.70 139 276
-3.80 -0.70 142 276
-3.70 -0.70 145 275
-3.60 -0.70 147 274
-3.50 -0.70 151 273
-3.40 -0.70 154 273
-3.30 -0.70 156 272
-3.20 -0.70 159 271
-3.10 -0.70 161 270
-3.00 -0.70 164 269
-2.90 -0.70 166 268
-2.80 -0.70 169 267
-2.70 -0.70 172 266
-2.60 -0.70 174 266
-2.50 -0.70 177 265
-2.40 -0.70 179 264
-2.30 -0.70 182 263
-2.20 -0.70 185 262
-2.10 -0.70 188 261
-2.00 -0.70 190 260
-1.90 -0.70 192 259
-1.80 -0.70 195 258
-1.70 -0.70 198 257
-1.60 -0.70 200 256
-1.50 -0.70 202 255
-1.40 -0.70 205 253
-1.30 -0.70 207 252
-1.20 -0.70 211 251
-1.10 -0.70 213 250
-1.00 -0.70 216 249
-0.90 -0.70 218 248
-0.80 -0.70 221 247
-0.70 -0.70 223 245
-0.60 -0.70 226 244
-0.50 -0.70 228 243
-0.40 -0.70 231 242
-0.30 -0.70 233 241
-0.20 -0.70 236 239
-0.10 -0.70 239 239
-0.00 -0.70 241 238
0.10 -0.70 243 236
0.20 -0.70 246 235
0.30 -0.70 248 234
0.40 -0.70 251 232
0.50 -0.70 254 231
0.60 -0.70 256 230
0.70 -0.70 259 229
0.80 -0.70 261 228
0.90 -0.70 264 226
1.00 -0.70 266 225
1.10 -0.70 269 224
1.20 -0.70 271 223
1.30 -0.70 274 221
1.40 -0.70 276 220
1.50 -0.70 280 218
1.60 -0.70 282 216
1.70 -0.70 284 214
1.80 -0.70 286 213
1.90 -0.70 289 212
2.00 -0.70 290 210
2.10 -0.70 293 209
2.20 -0.70 295 207
2.30 -0.70 298 206
2.40 -0.70 300 204
2.50 -0.70 303 203
2.60 -0.70 305 202
2.70 -0.70 307 201
2.80 -0.70 310 200
2.90 -0.70 312 199
3.00 -0.70 314 198
3.10 -0.70 317 196
3.20 -0.70 319 195
3.30 -0.70 321 194
3.40 -0.70 324 192
3.50 -0.70 326 191
3.60 -0.70 329 190
3.70 -0.70 331 188
3.80 -0.70 334 187
3.90 -0.70 336 185
4.00 -0.70 339 184
4.10 -0.70 341 182
4.20 -0.70 344 181
4.30 -0.70 346 179
4.40 -0.70 349 177
4.50 -0.70 351 176
4.60 -0.70 353 175
4.70 -0.70 355 173
4.80 -0.70 358 171
4.90 -0.70 361 170
5.00 -0.70 363 168
5.10 -0.70 365 166
5.20 -0.70 367 165
5.30 -0.70 370 164
5.40 -0.70 372 161
5.50 -0.70 375 161
5.60 -0.70 377 159
5.70 -0.70 379 157
5.80 -0.70 382 156
5.90 -0.70 384 155
6.00 -0.70 386 153
6.10 -0.70 388 151
6.20 -0.70 390 150
6.30 -0.70 392 149
6.40 -0.70 394 148
6.50 -0.70 0 0
6.60 -0.70 0 0
6.70 -0.70 0 0
6.80 -0.70 0 0
6.90 -0.70 0 0
7.00 -0.70 0 0
7.10 -0.70 0 0
7.20 -0.70 0 0
7.30 -0.70 0 0
7.40 -0.70 0 0
7.50 -0.70 0 0
7.60 -0.70 0 0
7.70 -0.70 0 0
7.80 -0.70 0 0
7.90 -0.70 429 102
8.00 -0.70 431 100
8.10 -0.70 434 100
8.20 -0.70 436 99
8.30 -0.70 437 97
8.40 -0.70 440 96
8.50 -0.70 442 95
8.60 -0.70 444 94
8.70 -0.70 446 93
8.80 -0.70 449 92
8.90 -0.70 451 91
9.00 -0.70 453 89
9.10 -0.70 455 89
-9.00 -0.60 7 298
-8.90 -0.60 9 296
-8.80 -0.60 12 296
-8.70 -0.60 15 294
-8.60 -0.60 19 293
-8.50 -0.60 21 292
-8.40 -0.60 25 291
-8.30 -0.60 28 289
-8.20 -0.60 31 288
-8.10 -0.60 34 287
-8.00 -0.60 37 286
-7.90 -0.60 39 284
-7.80 -0.60 43 283
-7.70 -0.60 45 282
-7.60 -0.60 48 281
-7.50 -0.60 50 280
-7.40 -0.60 51 279
-7.30 -0.60 0 0
-7.20 -0.60 0 0
-7.10 -0.60 0 0
-7.00 -0.60 0 0
-6.90 -0.60 0 0
-6.80 -0.60 0 0
-6.70 -0.60 0 0
-6.60 -0.60 0 0
-6.50 -0.60 0 0
-6.40 -0.60 0 0
-6.30 -0.60 0 0
-6.20 -0.60 0 0
-6.10 -0.60 0 0
-6.00 -0.60 0 0
-5.90 -0.60 0 0
-5.80 -0.60 0 0
-5.70 -0.60 0 0
-5.60 -0.60 99 291
-5.50 -0.60 100 290
-5.40 -0.60 101 289
-5.30 -0.60 103 288
-5.20 -0.60 107 288
-5.10 -0.60 109 287
-5.00 -0.60 112 286
-4.90 -0.60 115 286
-4.80 -0.60 117 285
-4.70 -0.60 120 284
-4.60 -0.60 123 284
-4.50 -0.60 126 283
-4.40 -0.60 128 282
-4.30 -0.60 131 282
-4.20 -0.60 133 281
-4.10 -0.60 137 279
-4.00 -0.60 139 279
-3.90 -0.60 141 278
-3.80 -0.60 144 277
-3.70 -0.60 147 276
-3.60 -0.60 149 275
-3.50 -0.60 152 275
-3.40 -0.60 155 274
-3.30 -0.60 158 273
-3.20 -0.60 160 272
-3.10 -0.60 163 271
-3.00 -0.60 165 271
-2.90 -0.60 168 270
-2.80 -0.60 170 269
-2.70 -0.60 173 268
-2.60 -0.60 176 267
-2.50 -0.60 178 266
-2.40 -0.60 181 265
-2.30 -0.60 183 264
-2.20 -0.60 186 263
-2.10 -0.60 189 262
-2.00 -0.60 192 261
-1.90 -0.60 194 260
-1.80 -0.60 197 259
-1.70 -0.60 199 258
-1.60 -0.60 202 257
-1.50 -0.60 204 256
-1.40 -0.60 207 255
-1.30 -0.60 210 254
-1.20 -0.60 212 252
-1.10 -0.60 215 251
-1.00 -0.60 217 250
-0.90 -0.60 220 249
-0.80 -0.60 222 248
-0.70 -0.60 225 247
-0.60 -0.60 227 245
-0.50 -0.60 230 245
-0.40 -0.60 233 243
-0.30 -0.60 235 242
-0.20 -0.60 238 241
-0.10 -0.60 240 240
-0.00 -0.60 243 239
0.10 -0.60 245 238
0.20 -0.60 248 236
0.30 -0.60 250 235
0.40 -0.60 253 233
0.50 -0.60 256 232
0.60 -0.60 258 231
0.70 -0.60 260 230
0.80 -0.60 262 229
0.90 -0.60 265 228
1.00 -0.60 268 226
1.10 -0.60 270 225
1.20 -0.60 272 224
1.30 -0.60 275 223
1.40 -0.60 278 221
1.50 -0.60 281 220
1.60 -0.60 284 218
1.70 -0.60 286 216
1.80 -0.60 287 215
1.90 -0.60 290 213
2.00 -0.60 292 211
2.10 -0.60 294 210
2.20 -0.60 296 209
2.30 -0.60 298 207
2.40 -0.60 301 205
2.50 -0.60 304 204
2.60 -0.60 306 203
2.70 -0.60 309 202
2.80 -0.60 311 201
2.90 -0.60 313 200
3.00 -0.60 316 199
3.10 -0.60 318 197
3.20 -0.60 321 197
3.30 -0.60 323 195
3.40 -0.60 326 194
3.50 -0.60 328 192
3.60 -0.60 331 191
3.70 -0.60 333 190
3.80 -0.60 335 188
3.90 -0.60 338 186
4.00 -0.60 340 185
4.10 -0.60 343 183
4.20 -0.60 345 182
4.30 -0.60 348 180
4.40 -0.60 350 179
4.50 -0.60 352 177
4.60 -0.60 355 176
4.70 -0.60 357 174
4.80 -0.60 360 173
4.90 -0.60 362 171
5.00 -0.60 364 169
5.10 -0.60 366 168
5.20 -0.60 369 166
5.30 -0.60 371 165
5.40 -0.60 374 162
5.50 -0.60 376 161
5.60 -0.60 379 159
5.70 -0.60 381 158
5.80 -0.60 383 157
5.90 -0.60 385 156
6.00 -0.60 387 154
6.10 -0.60 390 153
6.20 -0.60 392 152
6.30 -0.60 394 150
6.40 -0.60 395 149
6.50 -0.60 397 148
6.60 -0.60 0 0
6.70 -0.60 0 0
6.80 -0.60 0 0
6.90 -0.60 0 0
7.00 -0.60 0 0
7.10 -0.60 0 0
7.20 -0.60 0 0
7.30 -0.60 0 0
7.40 -0.60 0 0
7.50 -0.60 0 0
7.60 -0.60 0 0
7.70 -0.60 0 0
7.80 -0.60 429 104
7.90 -0.60 431 102
8.00 -0.60 433 101
8.10 -0.60 435 100
8.20 -0.60 437 99
8.30 -0.60 439 98
8.40 -0.60 441 97
8.50 -0.60 444 96
8.60 -0.60 445 95
8.70 -0.60 448 94
8.80 -0.60 451 92
8.90 -0.60 452 92
9.00 -0.60 454 91
9.10 -0.60 457 90
-9.00 -0.50 8 299
-8.90 -0.50 11 298
-8.80 -0.50 13 297
-8.70 -0.50 16 296
-8.60 -0.50 19 294
-8.50 -0.50 23 293
-8.40 -0.50 26 292
-8.30 -0.50 30 291
-8.20 -0.50 32 290
-8.10 -0.50 35 288
-8.00 -0.50 38 287
-7.90 -0.50 41 286
-7.80 -0.50 45 284
-7.70 -0.50 47 283
-7.60 -0.50 49 282
-7.50 -0.50 51 281
-7.40 -0.50 52 280
-7.30 -0.50 0 0
-7.20 -0.50 0 0
-7.10 -0.50 0 0
-7.00 -0.50 0 0
-6.90 -0.50 0 0
-6.80 -0.50 0 0
-6.70 -0.50 0 0
-6.60 -0.50 0 0
-6.50 -0.50 0 0
-6.40 -0.50 0 0
-6.30 -0.50 0 0
-6.20 -0.50 0 0
-6.10 -0.50 0 0
-6.00 -0.50 0 0
-5.90 -0.50 0 0
-5.80 -0.50 0 0
-5.70 -0.50 0 0
-5.60 -0.50 100 292
-5.50 -0.50 101 291
-5.40 -0.50 103 290
-5.30 -0.50 105 289
-5.20 -0.50 108 288
-5.10 -0.50 111 288
-5.00 -0.50 113 287
-4.90 -0.50 117 287
-4.80 -0.50 119 286
-4.70 -0.50 122 285
-4.60 -0.50 125 285
-4.50 -0.50 128 284
-4.40 -0.50 129 283
-4.30 -0.50 132 283
-4.20 -0.50 135 282
-4.10 -0.50 137 281
-4.00 -0.50 140 280
-3.90 -0.50 143 279
-3.80 -0.50 146 279
-3.70 -0.50 148 277
-3.60 -0.50 150 277
-3.50 -0.50 154 276
-3.40 -0.50 156 275
-3.30 -0.50 158 274
-3.20 -0.50 161 274
-3.10 -0.50 164 272
-3.00 -0.50 166 272
-2.90 -0.50 170 271
-2.80 -0.50 172 270
-2.70 -0.50 175 269
-2.60 -0.50 177 268
-2.50 -0.50 180 267
-2.40 -0.50 182 267
-2.30 -0.50 185 265
-2.20 -0.50 188 264
-2.10 -0.50 190 264
-2.00 -0.50 194 262
-1.90 -0.50 196 261
-1.80 -0.50 198 260
-1.70 -0.50 201 259
-1.60 -0.50 203 258
-1.50 -0.50 206 257
-1.40 -0.50 208 256
-1.30 -0.50 211 255
-1.20 -0.50 214 254
-1.10 -0.50 216 253
-1.00 -0.50 218 252
-0.90 -0.50 221 250
-0.80 -0.50 224 249
-0.70 -0.50 226 248
-0.60 -0.50 229 247
-0.50 -0.50 231 246
-0.40 -0.50 234 245
-0.30 -0.50 236 243
-0.20 -0.50 239 242
-0.10 -0.50 241 241
-0.00 -0.50 244 240
0.10 -0.50 246 238
0.20 -0.50 249 237
0.30 -0.50 252 236
0.40 -0.50 254 235
0.50 -0.50 256 233
0.60 -0.50 259 232
0.70 -0.50 261 231
0.80 -0.50 264 230
0.90 -0.50 267 229
1.00 -0.50 269 228
1.10 -0.50 272 226
1.20 -0.50 274 225
1.30 -0.50 277 223
1.40 -0.50 280 222
1.50 -0.50 283 221
1.60 -0.50 285 220
1.70 -0.50 287 218
1.80 -0.50 289 216
1.90 -0.50 291 214
2.00 -0.50 293 213
2.10 -0.50 295 212
2.20 -0.50 298 210
2.30 -0.50 300 208
2.40 -0.50 302 207
2.50 -0.50 304 206
2.60 -0.50 307 205
2.70 -0.50 310 203
2.80 -0.50 313 202
2.90 -0.50 315 201
3.00 -0.50 317 200
3.10 -0.50 319 199
3.20 -0.50 322 197
3.30 -0.50 325 196
3.40 -0.50 327 195
3.50 -0.50 330 194
3.60 -0.50 333 192
3.70 -0.50 335 191
3.80 -0.50 337 189
3.90 -0.50 339 187
4.00 -0.50 342 186
4.10 -0.50 345 184
4.20 -0.50 347 182
4.30 -0.50 349 181
4.40 -0.50 351 180
4.50 -0.50 354 178
4.60 -0.50 356 177
4.70 -0.50 359 175
4.80 -0.50 361 173
4.90 -0.50 364 172
5.00 -0.50 366 171
5.10 -0.50 368 169
5.20 -0.50 370 167
5.30 -0.50 373 166
5.40 -0.50 375 163
5.50 -0.50 378 162
5.60 -0.50 381 161
5.70 -0.50 382 159
5.80 -0.50 384 158
5.90 -0.50 387 157
6.00 -0.50 389 155
6.10 -0.50 391 153
6.20 -0.50 394 152
6.30 -0.50 396 151
6.40 -0.50 397 150
6.50 -0.50 398 150
6.60 -0.50 0 0
6.70 -0.50 0 0
6.80 -0.50 0 0
6.90 -0.50 0 0
7.00 -0.50 0 0
7.10 -0.50 0 0
7.20 -0.50 0 0
7.30 -0.50 0 0
7.40 -0.50 0 0
7.50 -0.50 0 0
7.60 -0.50 0 0
7.70 -0.50 429 106
7.80 -0.50 431 105
7.90 -0.50 433 103
8.00 -0.50 434 102
8.10 -0.50 436 101
8.20 -0.50 438 100
8.30 -0.50 441 99
8.40 -0.50 442 98
8.50 -0.50 445 97
8.60 -0.50 447 96
8.70 -0.50 449 95
8.80 -0.50 452 93
8.90 -0.50 455 92
9.00 -0.50 456 91
9.10 -0.50 458 90
-9.00 -0.40 9 300
-8.90 -0.40 12 299
-8.80 -0.40 15 298
-8.70 -0.40 18 297
-8.60 -0.40 21 296
-8.50 -0.40 24 294
-8.40 -0.40 27 293
-8.30 -0.40 31 292
-8.20 -0.40 34 290
-8.10 -0.40 37 289
-8.00 -0.40 39 288
-7.90 -0.40 43 287
-7.80 -0.40 46 285
-7.70 -0.40 49 284
-7.60 -0.40 51 283
-7.50 -0.40 52 282
-7.40 -0.40 54 281
-7.30 -0.40 0 0
-7.20 -0.40 0 0
-7.10 -0.40 0 0
-7.00 -0.40 0 0
-6.90 -0.40 0 0
-6.80 -0.40 0 0
-6.70 -0.40 0 0
-6.60 -0.40 0 0
-6.50 -0.40 0 0
-6.40 -0.40 0 0
-6.30 -0.40 0 0
-6.20 -0.40 0 0
-6.10 -0.40 0 0
-6.00 -0.40 0 0
-5.90 -0.40 0 0
-5.80 -0.40 0 0
-5.70 -0.40 0 0
-5.60 -0.40 101 293
-5.50 -0.40 103 292
-5.40 -0.40 104 291
-5.30 -0.40 107 291
-5.20 -0.40 110 290
-5.10 -0.40 112 289
-5.00 -0.40 116 289
-4.90 -0.40 118 288
-4.80 -0.40 121 287
-4.70 -0.40 123 287
-4.60 -0.40 126 286
-4.50 -0.40 128 285
-4.40 -0.40 131 284
-4.30 -0.40 134 284
-4.20 -0.40 136 283
-4.10 -0.40 139 282
-4.00 -0.40 142 281
-3.90 -0.40 145 281
-3.80 -0.40 147 280
-3.70 -0.40 150 279
-3.60 -0.40 152 278
-3.50 -0.40 155 277
-3.40 -0.40 158 276
-3.30 -0.40 161 276
-3.20 -0.40 163 275
-3.10 -0.40 166 274
-3.00 -0.40 168 273
-2.90 -0.40 171 272
-2.80 -0.40 173 272
-2.70 -0.40 176 271
-2.60 -0.40 179 269
-2.50 -0.40 181 268
-2.40 -0.40 184 267
-2.30 -0.40 187 267
-2.20 -0.40 189 266
-2.10 -0.40 192 265
-2.00 -0.40 194 264
-1.90 -0.40 197 262
-1.80 -0.40 199 262
-1.70 -0.40 203 260
-1.60 -0.40 205 259
-1.50 -0.40 208 258
-1.40 -0.40 210 257
-1.30 -0.40 213 256
-1.20 -0.40 215 255
-1.10 -0.40 218 254
-1.00 -0.40 220 253
-0.90 -0.40 223 252
-0.80 -0.40 225 251
-0.70 -0.40 228 249
-0.60 -0.40 231 248
-0.50 -0.40 233 247
-0.40 -0.40 236 246
-0.30 -0.40 238 244
-0.20 -0.40 240 243
-0.10 -0.40 243 242
-0.00 -0.40 246 241
0.10 -0.40 249 240
0.20 -0.40 251 239
0.30 -0.40 253 237
0.40 -0.40 256 236
0.50 -0.40 258 235
0.60 -0.40 260 234
0.70 -0.40 263 232
0.80 -0.40 266 231
0.90 -0.40 269 230
1.00 -0.40 271 229
1.10 -0.40 274 227
1.20 -0.40 276 226
1.30 -0.40 279 225
1.40 -0.40 282 224
1.50 -0.40 284 222
1.60 -0.40 286 221
1.70 -0.40 288 219
1.80 -0.40 290 217
1.90 -0.40 293 216
2.00 -0.40 295 214
2.10 -0.40 297 213
2.20 -0.40 299 212
2.30 -0.40 302 210
2.40 -0.40 304 209
2.50 -0.40 307 207
2.60 -0.40 310 206
2.70 -0.40 312 205
2.80 -0.40 315 204
2.90 -0.40 317 203
3.00 -0.40 319 201
3.10 -0.40 322 200
3.20 -0.40 324 199
3.30 -0.40 327 197
3.40 -0.40 329 196
3.50 -0.40 332 194
3.60 -0.40 334 193
3.70 -0.40 337 192
3.80 -0.40 339 190
3.90 -0.40 341 189
4.00 -0.40 344 187
4.10 -0.40 346 185
4.20 -0.40 349 183
4.30 -0.40 351 182
4.40 -0.40 354 181
4.50 -0.40 356 179
4.60 -0.40 358 178
4.70 -0.40 360 176
4.80 -0.40 363 175
4.90 -0.40 365 173
5.00 -0.40 367 171
5.10 -0.40 370 170
5.20 -0.40 373 168
5.30 -0.40 375 166
5.40 -0.40 377 165
5.50 -0.40 379 163
5.60 -0.40 381 162
5.70 -0.40 383 160
5.80 -0.40 386 159
5.90 -0.40 388 157
6.00 -0.40 391 156
6.10 -0.40 394 154
6.20 -0.40 395 153
6.30 -0.40 397 152
6.40 -0.40 399 151
6.50 -0.40 400 151
6.60 -0.40 0 0
6.70 -0.40 0 0
6.80 -0.40 0 0
6.90 -0.40 0 0
7.00 -0.40 0 0
7.10 -0.40 0 0
7.20 -0.40 0 0
7.30 -0.40 0 0
7.40 -0.40 0 0
7.50 -0.40 0 0
7.60 -0.40 0 0
7.70 -0.40 429 107
7.80 -0.40 432 105
7.90 -0.40 433 104
8.00 -0.40 436 103
8.10 -0.40 438 102
8.20 -0.40 440 101
8.30 -0.40 441 100
8.40 -0.40 444 98
8.50 -0.40 447 98
8.60 -0.40 449 96
8.70 -0.40 451 95
8.80 -0.40 454 94
8.90 -0.40 456 93
9.00 -0.40 457 92
9.10 -0.40 460 91
-9.00 -0.30 10 302
-8.90 -0.30 13 300
-8.80 -0.30 17 299
-8.70 -0.30 20 298
-8.60 -0.30 23 297
-8.50 -0.30 25 296
-8.40 -0.30 29 294
-8.30 -0.30 32 293
-8.20 -0.30 35 292
-8.10 -0.30 38 290
-8.00 -0.30 41 289
-7.90 -0.30 44 288
-7.80 -0.30 47 287
-7.70 -0.30 50 285
-7.60 -0.30 52 284
-7.50 -0.30 53 284
-7.40 -0.30 54 283
-7.30 -0.30 0 0
-7.20 -0.30 0 0
-7.10 -0.30 0 0
-7.00 -0.30 0 0
-6.90 -0.30 0 0
-6.80 -0.30 0 0
-6.70 -0.30 0 0
-6.60 -0.30 0 0
-6.50 -0.30 0 0
-6.40 -0.30 0 0
-6.30 -0.30 0 0
-6.20 -0.30 0 0
-6.10 -0.30 0 0
-6.00 -0.30 0 0
-5.90 -0.30 0 0
-5.80 -0.30 0 0
-5.70 -0.30 0 0
-5.60 -0.30 103 294
-5.50 -0.30 104 293
-5.40 -0.30 106 292
-5.30 -0.30 109 292
-5.20 -0.30 112 291
-5.10 -0.30 115 290
-5.00 -0.30 118 290
-4.90 -0.30 120 289
-4.80 -0.30 123 289
-4.70 -0.30 125 288
-4.60 -0.30 128 287
-4.50 -0.30 130 287
-4.40 -0.30 133 286
-4.30 -0.30 136 285
-4.20 -0.30 138 285
-4.10 -0.30 140 283
-4.00 -0.30 144 283
-3.90 -0.30 146 282
-3.80 -0.30 149 281
-3.70 -0.30 151 281
-3.60 -0.30 154 280
-3.50 -0.30 157 279
-3.40 -0.30 159 278
-3.30 -0.30 162 277
-3.20 -0.30 165 276
-3.10 -0.30 167 275
-3.00 -0.30 170 274
-2.90 -0.30 172 273
-2.80 -0.30 175 273
-2.70 -0.30 178 272
-2.60 -0.30 181 271
-2.50 -0.30 183 270
-2.40 -0.30 186 269
-2.30 -0.30 188 268
-2.20 -0.30 191 267
-2.10 -0.30 194 266
-2.00 -0.30 196 265
-1.90 -0.30 199 264
-1.80 -0.30 202 263
-1.70 -0.30 204 262
-1.60 -0.30 206 261
-1.50 -0.30 209 260
-1.40 -0.30 212 259
-1.30 -0.30 214 258
-1.20 -0.30 217 257
-1.10 -0.30 219 255
-1.00 -0.30 222 254
-0.90 -0.30 224 253
-0.80 -0.30 227 252
-0.70 -0.30 230 251
-0.60 -0.30 232 249
-0.50 -0.30 234 248
-0.40 -0.30 237 247
-0.30 -0.30 239 246
-0.20 -0.30 242 245
-0.10 -0.30 245 243
-0.00 -0.30 247 242
0.10 -0.30 250 241
0.20 -0.30 252 240
0.30 -0.30 255 238
0.40 -0.30 258 238
0.50 -0.30 260 236
0.60 -0.30 262 235
0.70 -0.30 265 233
0.80 -0.30 267 232
0.90 -0.30 270 231
1.00 -0.30 273 230
1.10 -0.30 276 229
1.20 -0.30 278 228
1.30 -0.30 280 226
1.40 -0.30 283 224
1.50 -0.30 286 223
1.60 -0.30 287 222
1.70 -0.30 290 221
1.80 -0.30 292 219
1.90 -0.30 295 217
2.00 -0.30 297 216
2.10 -0.30 299 215
2.20 -0.30 302 213
2.30 -0.30 304 213
2.40 -0.30 307 212
2.50 -0.30 310 210
2.60 -0.30 312 208
2.70 -0.30 314 207
2.80 -0.30 317 205
2.90 -0.30 319 204
3.00 -0.30 321 203
3.10 -0.30 323 202
3.20 -0.30 326 200
3.30 -0.30 328 199
3.40 -0.30 331 197
3.50 -0.30 334 196
3.60 -0.30 336 194
3.70 -0.30 339 192
3.80 -0.30 341 191
3.90 -0.30 343 190
4.00 -0.30 345 188
4.10 -0.30 348 186
4.20 -0.30 350 185
4.30 -0.30 352 183
4.40 -0.30 356 181
4.50 -0.30 357 180
4.60 -0.30 360 179
4.70 -0.30 362 177
4.80 -0.30 365 176
4.90 -0.30 367 174
5.00 -0.30 369 173
5.10 -0.30 372 171
5.20 -0.30 374 169
5.30 -0.30 376 168
5.40 -0.30 378 166
5.50 -0.30 381 165
5.60 -0.30 383 163
5.70 -0.30 385 162
5.80 -0.30 388 160
5.90 -0.30 389 158
6.00 -0.30 392 157
6.10 -0.30 395 155
6.20 -0.30 397 154
6.30 -0.30 399 153
6.40 -0.30 400 152
6.50 -0.30 402 152
6.60 -0.30 0 0
6.70 -0.30 0 0
6.80 -0.30 0 0
6.90 -0.30 0 0
7.00 -0.30 0 0
7.10 -0.30 0 0
7.20 -0.30 0 0
7.30 -0.30 0 0
7.40 -0.30 0 0
7.50 -0.30 0 0
7.60 -0.30 429 108
7.70 -0.30 430 107
7.80 -0.30 433 105
7.90 -0.30 434 105
8.00 -0.30 437 103
8.10 -0.30 439 103
8.20 -0.30 441 102
8.30 -0.30 443 101
8.40 -0.30 446 99
8.50 -0.30 448 98
8.60 -0.30 450 97
8.70 -0.30 452 96
8.80 -0.30 455 95
8.90 -0.30 457 94
9.00 -0.30 459 93
9.10 -0.30 461 92
-9.00 -0.20 12 303
-8.90 -0.20 15 301
-8.80 -0.20 18 300
-8.70 -0.20 21 299
-8.60 -0.20 24 298
-8.50 -0.20 27 297
-8.40 -0.20 30 295
-8.30 -0.20 33 294
-8.20 -0.20 37 292
-8.10 -0.20 40 291
-8.00 -0.20 43 290
-7.90 -0.20 45 289
-7.80 -0.20 48 288
-7.70 -0.20 51 287
-7.60 -0.20 53 286
-7.50 -0.20 55 285
-7.40 -0.20 56 283
-7.30 -0.20 0 0
-7.20 -0.20 0 0
-7.10 -0.20 0 0
-7.00 -0.20 0 0
-6.90 -0.20 0 0
-6.80 -0.20 0 0
-6.70 -0.20 0 0
-6.60 -0.20 0 0
-6.50 -0.20 0 0
-6.40 -0.20 0 0
-6.30 -0.20 0 0
-6.20 -0.20 0 0
-6.10 -0.20 0 0
-6.00 -0.20 0 0
-5.90 -0.20 0 0
-5.80 -0.20 0 0
-5.70 -0.20 0 0
-5.60 -0.20 104 295
-5.50 -0.20 105 295
-5.40 -0.20 108 294
-5.30 -0.20 111 293
-5.20 -0.20 113 292
-5.10 -0.20 116 292
-5.00 -0.20 119 291
-4.90 -0.20 122 291
-4.80 -0.20 124 290
-4.70 -0.20 127 290
-4.60 -0.20 129 289
-4.50 -0.20 131 288
-4.40 -0.20 135 288
-4.30 -0.20 137 286
-4.20 -0.20 139 285
-4.10 -0.20 142 285
-4.00 -0.20 144 284
-3.90 -0.20 148 283
-3.80 -0.20 150 283
-3.70 -0.20 153 282
-3.60 -0.20 156 281
-3.50 -0.20 158 280
-3.40 -0.20 161 279
-3.30 -0.20 163 278
-3.20 -0.20 166 277
-3.10 -0.20 169 277
-3.00 -0.20 171 276
-2.90 -0.20 174 275
-2.80 -0.20 176 274
-2.70 -0.20 179 273
-2.60 -0.20 182 272
-2.50 -0.20 184 271
-2.40 -0.20 187 270
-2.30 -0.20 190 269
-2.20 -0.20 192 268
-2.10 -0.20 195 267
-2.00 -0.20 198 266
-1.90 -0.20 201 265
-1.80 -0.20 203 264
-1.70 -0.20 206 263
-1.60 -0.20 208 262
-1.50 -0.20 211 261
-1.40 -0.20 213 260
-1.30 -0.20 216 259
-1.20 -0.20 218 258
-1.10 -0.20 221 257
-1.00 -0.20 224 255
-0.90 -0.20 226 254
-0.80 -0.20 228 253
-0.70 -0.20 231 252
-0.60 -0.20 234 251
-0.50 -0.20 236 250
-0.40 -0.20 238 249
-0.30 -0.20 241 247
-0.20 -0.20 244 246
-0.10 -0.20 246 245
-0.00 -0.20 249 244
0.10 -0.20 251 242
0.20 -0.20 254 241
0.30 -0.20 257 240
0.40 -0.20 260 239
0.50 -0.20 262 238
0.60 -0.20 264 236
0.70 -0.20 267 235
0.80 -0.20 270 234
0.90 -0.20 272 232
1.00 -0.20 275 231
1.10 -0.20 277 230
1.20 -0.20 280 229
1.30 -0.20 282 227
1.40 -0.20 284 225
1.50 -0.20 286 225
1.60 -0.20 289 223
1.70 -0.20 291 222
1.80 -0.20 293 221
1.90 -0.20 297 219
2.00 -0.20 300 217
2.10 -0.20 302 217
2.20 -0.20 304 215
2.30 -0.20 306 215
2.40 -0.20 309 214
2.50 -0.20 311 212
2.60 -0.20 313 210
2.70 -0.20 316 209
2.80 -0.20 319 207
2.90 -0.20 320 206
3.00 -0.20 323 204
3.10 -0.20 325 202
3.20 -0.20 328 201
3.30 -0.20 330 200
3.40 -0.20 332 198
3.50 -0.20 335 196
3.60 -0.20 337 195
3.70 -0.20 340 193
3.80 -0.20 342 192
3.90 -0.20 344 190
4.00 -0.20 347 189
4.10 -0.20 350 187
4.20 -0.20 352 185
4.30 -0.20 354 184
4.40 -0.20 357 183
4.50 -0.20 359 181
4.60 -0.20 361 180
4.70 -0.20 364 178
4.80 -0.20 366 177
4.90 -0.20 368 175
5.00 -0.20 371 173
5.10 -0.20 374 172
5.20 -0.20 375 170
5.30 -0.20 378 169
5.40 -0.20 380 167
5.50 -0.20 382 166
5.60 -0.20 384 164
5.70 -0.20 387 162
5.80 -0.20 389 161
5.90 -0.20 392 159
6.00 -0.20 394 158
6.10 -0.20 397 157
6.20 -0.20 398 155
6.30 -0.20 400 154
6.40 -0.20 402 153
6.50 -0.20 403 152
6.60 -0.20 0 0
6.70 -0.20 0 0
6.80 -0.20 0 0
6.90 -0.20 0 0
7.00 -0.20 0 0
7.10 -0.20 0 0
7.20 -0.20 0 0
7.30 -0.20 0 0
7.40 -0.20 0 0
7.50 -0.20 0 0
7.60 -0.20 431 109
7.70 -0.20 432 108
7.80 -0.20 434 106
7.90 -0.20 436 105
8.00 -0.20 438 104
8.10 -0.20 441 103
8.20 -0.20 443 102
8.30 -0.20 445 101
8.40 -0.20 447 100
8.50 -0.20 449 99
8.60 -0.20 451 98
8.70 -0.20 454 97
8.80 -0.20 456 96
8.90 -0.20 458 94
9.00 -0.20 460 94
9.10 -0.20 463 92
-9.00 -0.10 13 304
-8.90 -0.10 17 303
-8.80 -0.10 20 302
-8.70 -0.10 22 300
-8.60 -0.10 25 299
-8.50 -0.10 29 298
-8.40 -0.10 32 297
-8.30 -0.10 35 296
-8.20 -0.10 38 294
-8.10 -0.10 41 293
-8.00 -0.10 43 292
-7.90 -0.10 47 291
-7.80 -0.10 49 289
-7.70 -0.10 53 288
-7.60 -0.10 55 287
-7.50 -0.10 56 286
-7.40 -0.10 57 285
-7.30 -0.10 0 0
-7.20 -0.10 0 0
-7.10 -0.10 0 0
-7.00 -0.10 0 0
-6.90 -0.10 0 0
-6.80 -0.10 0 0
-6.70 -0.10 0 0
-6.60 -0.10 0 0
-6.50 -0.10 0 0
-6.40 -0.10 0 0
-6.30 -0.10 0 0
-6.20 -0.10 0 0
-6.10 -0.10 0 0
-6.00 -0.10 0 0
-5.90 -0.10 0 0
-5.80 -0.10 0 0
-5.70 -0.10 0 0
-5.60 -0.10 105 297
-5.50 -0.10 107 296
-5.40 -0.10 109 295
-5.30 -0.10 112 294
-5.20 -0.10 115 294
-5.10 -0.10 118 293
-5.00 -0.10 120 293
-4.90 -0.10 123 292
-4.80 -0.10 126 291
-4.70 -0.10 128 291
-4.60 -0.10 131 290
-4.50 -0.10 133 289
-4.40 -0.10 136 289
-4.30 -0.10 138 288
-4.20 -0.10 141 287
-4.10 -0.10 144 286
-4.00 -0.10 147 286
-3.90 -0.10 149 285
-3.80 -0.10 152 284
-3.70 -0.10 154 283
-3.60 -0.10 157 282
-3.50 -0.10 160 281
-3.40 -0.10 163 280
-3.30 -0.10 165 279
-3.20 -0.10 168 279
-3.10 -0.10 170 278
-3.00 -0.10 173 277
-2.90 -0.10 175 276
-2.80 -0.10 178 275
-2.70 -0.10 181 274
-2.60 -0.10 184 273
-2.50 -0.10 186 273
-2.40 -0.10 188 272
-2.30 -0.10 191 270
-2.20 -0.10 194 269
-2.10 -0.10 196 268
-2.00 -0.10 199 267
-1.90 -0.10 202 266
-1.80 -0.10 204 265
-1.70 -0.10 207 264
-1.60 -0.10 210 263
-1.50 -0.10 212 262
-1.40 -0.10 215 261
-1.30 -0.10 217 260
-1.20 -0.10 220 259
-1.10 -0.10 222 258
-1.00 -0.10 225 256
-0.90 -0.10 228 255
-0.80 -0.10 230 254
-0.70 -0.10 233 253
-0.60 -0.10 235 252
-0.50 -0.10 238 251
-0.40 -0.10 240 250
-0.30 -0.10 243 248
-0.20 -0.10 245 247
-0.10 -0.10 248 246
-0.00 -0.10 251 245
0.10 -0.10 254 243
0.20 -0.10 256 242
0.30 -0.10 259 241
0.40 -0.10 261 240
0.50 -0.10 263 239
0.60 -0.10 266 238
0.70 -0.10 268 237
0.80 -0.10 271 235
0.90 -0.10 274 233
1.00 -0.10 277 232
1.10 -0.10 279 231
1.20 -0.10 280 230
1.30 -0.10 283 228
1.40 -0.10 285 227
1.50 -0.10 288 226
1.60 -0.10 290 224
1.70 -0.10 292 223
1.80 -0.10 295 222
1.90 -0.10 298 220
2.00 -0.10 301 219
2.10 -0.10 304 218
2.20 -0.10 306 216
2.30 -0.10 308 216
2.40 -0.10 310 215
2.50 -0.10 312 213
2.60 -0.10 315 212
2.70 -0.10 317 210
2.80 -0.10 319 209
2.90 -0.10 322 207
3.00 -0.10 325 205
3.10 -0.10 327 204
3.20 -0.10 329 202
3.30 -0.10 332 201
3.40 -0.10 334 199
3.50 -0.10 337 198
3.60 -0.10 339 196
3.70 -0.10 341 195
3.80 -0.10 343 193
3.90 -0.10 347 192
4.00 -0.10 349 189
4.10 -0.10 352 188
4.20 -0.10 353 187
4.30 -0.10 356 185
4.40 -0.10 358 184
4.50 -0.10 361 182
4.60 -0.10 363 181
4.70 -0.10 366 180
4.80 -0.10 368 178
4.90 -0.10 370 176
5.00 -0.10 372 174
5.10 -0.10 375 173
5.20 -0.10 377 171
5.30 -0.10 379 170
5.40 -0.10 382 168
5.50 -0.10 384 166
5.60 -0.10 386 165
5.70 -0.10 388 163
5.80 -0.10 391 162
5.90 -0.10 393 160
6.00 -0.10 396 158
6.10 -0.10 398 157
6.20 -0.10 400 156
6.30 -0.10 402 155
6.40 -0.10 404 154
6.50 -0.10 405 154
6.60 -0.10 0 0
6.70 -0.10 0 0
6.80 -0.10 0 0
6.90 -0.10 0 0
7.00 -0.10 0 0
7.10 -0.10 0 0
7.20 -0.10 0 0
7.30 -0.10 0 0
7.40 -0.10 0 0
7.50 -0.10 0 0
7.60 -0.10 432 110
7.70 -0.10 434 109
7.80 -0.10 436 107
7.90 -0.10 437 106
8.00 -0.10 440 105
8.10 -0.10 442 104
8.20 -0.10 444 103
8.30 -0.10 446 102
8.40 -0.10 448 101
8.50 -0.10 451 100
8.60 -0.10 453 99
8.70 -0.10 456 98
8.80 -0.10 458 97
8.90 -0.10 460 96
9.00 -0.10 462 95
9.10 -0.10 464 93
-9.00 -0.00 15 306
-8.90 -0.00 18 304
-8.80 -0.00 20 303
-8.70 -0.00 24 302
-8.60 -0.00 27 300
-8.50 -0.00 30 299
-8.40 -0.00 33 298
-8.30 -0.00 36 297
-8.20 -0.00 40 296
-8.10 -0.00 42 294
-8.00 -0.00 45 293
-7.90 -0.00 48 292
-7.80 -0.00 51 290
-7.70 -0.00 54 289
-7.60 -0.00 56 288
-7.50 -0.00 58 287
-7.40 -0.00 0 0
-7.30 -0.00 0 0
-7.20 -0.00 0 0
-7.10 -0.00 0 0
-7.00 -0.00 0 0
-6.90 -0.00 0 0
-6.80 -0.00 0 0
-6.70 -0.00 0 0
-6.60 -0.00 0 0
-6.50 -0.00 0 0
-6.40 -0.00 0 0
-6.30 -0.00 0 0
-6.20 -0.00 0 0
-6.10 -0.00 0 0
-6.00 -0.00 0 0
-5.90 -0.00 0 0
-5.80 -0.00 0 0
-5.70 -0.00 0 0
-5.60 -0.00 107 299
-5.50 -0.00 108 297
-5.40 -0.00 111 296
-5.30 -0.00 114 295
-5.20 -0.00 117 295
-5.10 -0.00 119 294
-5.00 -0.00 122 294
-4.90 -0.00 125 293
-4.80 -0.00 127 293
-4.70 -0.00 129 292
-4.60 -0.00 133 291
-4.50 -0.00 135 291
-4.40 -0.00 137 290
-4.30 -0.00 140 289
-4.20 -0.00 143 289
-4.10 -0.00 145 288
-4.00 -0.00 148 287
-3.90 -0.00 150 286
-3.80 -0.00 153 285
-3.70 -0.00 156 284
-3.60 -0.00 159 283
-3.50 -0.00 161 282
-3.40 -0.00 164 282
-3.30 -0.00 166 281
-3.20 -0.00 170 280
-3.10 -0.00 172 279
-3.00 -0.00 174 278
-2.90 -0.00 177 277
-2.80 -0.00 180 276
-2.70 -0.00 182 276
-2.60 -0.00 185 274
-2.50 -0.00 187 274
-2.40 -0.00 190 273
-2.30 -0.00 193 272
-2.20 -0.00 195 271
-2.10 -0.00 198 270
-2.00 -0.00 201 269
-1.90 -0.00 203 268
-1.80 -0.00 206 266
-1.70 -0.00 208 266
-1.60 -0.00 211 265
-1.50 -0.00 214 263
-1.40 -0.00 216 262
-1.30 -0.00 219 261
-1.20 -0.00 221 260
-1.10 -0.00 224 259
-1.00 -0.00 227 258
-0.90 -0.00 229 257
-0.80 -0.00 232 256
-0.70 -0.00 234 254
-0.60 -0.00 237 253
-0.50 -0.00 239 252
-0.40 -0.00 242 251
-0.30 -0.00 245 250
-0.20 -0.00 247 248
-0.10 -0.00 250 247
-0.00 -0.00 253 246
0.10 -0.00 255 245
0.20 -0.00 258 243
0.30 -0.00 260 242
0.40 -0.00 262 241
0.50 -0.00 265 240
0.60 -0.00 267 239
0.70 -0.00 270 238
0.80 -0.00 272 236
0.90 -0.00 275 235
1.00 -0.00 278 233
1.10 -0.00 280 232
1.20 -0.00 282 231
1.30 -0.00 285 230
1.40 -0.00 287 229
1.50 -0.00 289 227
1.60 -0.00 292 225
1.70 -0.00 294 225
1.80 -0.00 297 223
1.90 -0.00 300 221
2.00 -0.00 303 220
2.10 -0.00 306 219
2.20 -0.00 307 217
2.30 -0.00 309 217
2.40 -0.00 312 215
2.50 -0.00 314 214
2.60 -0.00 316 213
2.70 -0.00 318 212
2.80 -0.00 321 211
2.90 -0.00 324 208
3.00 -0.00 326 207
3.10 -0.00 329 205
3.20 -0.00 331 204
3.30 -0.00 333 202
3.40 -0.00 336 200
3.50 -0.00 339 199
3.60 -0.00 341 197
3.70 -0.00 343 195
3.80 -0.00 345 194
3.90 -0.00 348 192
4.00 -0.00 350 191
4.10 -0.00 353 189
4.20 -0.00 355 187
4.30 -0.00 358 186
4.40 -0.00 360 184
4.50 -0.00 362 183
4.60 -0.00 365 182
4.70 -0.00 367 180
4.80 -0.00 369 179
4.90 -0.00 372 177
5.00 -0.00 374 175
5.10 -0.00 376 174
5.20 -0.00 379 172
5.30 -0.00 381 171
5.40 -0.00 383 169
5.50 -0.00 385 168
5.60 -0.00 388 166
5.70 -0.00 390 165
5.80 -0.00 393 163
5.90 -0.00 394 162
6.00 -0.00 397 160
6.10 -0.00 400 158
6.20 -0.00 401 157
6.30 -0.00 404 156
6.40 -0.00 405 155
6.50 -0.00 406 154
6.60 -0.00 0 0
6.70 -0.00 0 0
6.80 -0.00 0 0
6.90 -0.00 0 0
7.00 -0.00 0 0
7.10 -0.00 0 0
7.20 -0.00 0 0
7.30 -0.00 0 0
7.40 -0.00 0 0
7.50 -0.00 0 0
7.60 -0.00 434 110
7.70 -0.00 435 109
7.80 -0.00 437 108
7.90 -0.00 439 107
8.00 -0.00 442 106
8.10 -0.00 444 105
8.20 -0.00 446 104
8.30 -0.00 448 103
8.40 -0.00 450 102
8.50 -0.00 453 101
8.60 -0.00 455 100
8.70 -0.00 458 98
8.80 -0.00 458 98
8.90 -0.00 461 96
9.00 -0.00 464 96
9.10 -0.00 466 94
-9.00 0.10 16 307
-8.90 0.10 19 305
-8.80 0.10 22 304
-8.70 0.10 26 302
-8.60 0.10 28 301
-8.50 0.10 32 300
-8.40 0.10 34 299
-8.30 0.10 38 298
-8.20 0.10 41 297
-8.10 0.10 43 295
-8.00 0.10 47 294
-7.90 0.10 50 293
-7.80 0.10 53 292
-7.70 0.10 55 291
-7.60 0.10 57 290
-7.50 0.10 59 289
-7.40 0.10 0 0
-7.30 0.10 0 0
-7.20 0.10 0 0
-7.10 0.10 0 0
-7.00 0.10 0 0
-6.90 0.10 0 0
-6.80 0.10 0 0
-6.70 0.10 0 0
-6.60 0.10 0 0
-6.50 0.10 0 0
-6.40 0.10 0 0
-6.30 0.10 0 0
-6.20 0.10 0 0
-6.10 0.10 0 0
-6.00 0.10 0 0
-5.90 0.10 0 0
-5.80 0.10 0 0
-5.70 0.10 0 0
-5.60 0.10 108 301
-5.50 0.10 110 298
-5.40 0.10 113 297
-5.30 0.10 116 297
-5.20 0.10 118 296
-5.10 0.10 121 296
-5.00 0.10 123 295
-4.90 0.10 126 295
-4.80 0.10 129 294
-4.70 0.10 131 294
-4.60 0.10 133 293
-4.50 0.10 136 292
-4.40 0.10 139 292
-4.30 0.10 142 291
-4.20 0.10 144 290
-4.10 0.10 147 289
-4.00 0.10 149 288
-3.90 0.10 152 287
-3.80 0.10 155 286
-3.70 0.10 157 285
-3.60 0.10 160 285
-3.50 0.10 163 284
-3.40 0.10 165 283
-3.30 0.10 168 282
-3.20 0.10 171 281
-3.10 0.10 174 280
-3.00 0.10 176 280
-2.90 0.10 179 279
-2.80 0.10 181 278
-2.70 0.10 184 277
-2.60 0.10 187 276
-2.50 0.10 189 275
-2.40 0.10 191 274
-2.30 0.10 195 273
-2.20 0.10 197 272
-2.10 0.10 200 271
-2.00 0.10 203 270
-1.90 0.10 205 269
-1.80 0.10 208 268
-1.70 0.10 210 267
-1.60 0.10 213 266
-1.50 0.10 216 265
-1.40 0.10 218 263
-1.30 0.10 220 262
-1.20 0.10 223 261
-1.10 0.10 225 260
-1.00 0.10 228 259
-0.90 0.10 231 258
-0.80 0.10 233 257
-0.70 0.10 236 256
-0.60 0.10 238 254
-0.50 0.10 241 253
-0.40 0.10 244 252
-0.30 0.10 247 251
-0.20 0.10 249 250
-0.10 0.10 251 249
-0.00 0.10 254 247
0.10 0.10 257 245
0.20 0.10 260 244
0.30 0.10 262 243
0.40 0.10 263 242
0.50 0.10 266 241
0.60 0.10 268 240
0.70 0.10 271 239
0.80 0.10 273 238
0.90 0.10 276 236
1.00 0.10 279 235
1.10 0.10 282 233
1.20 0.10 284 232
1.30 0.10 286 231
1.40 0.10 289 230
1.50 0.10 291 228
1.60 0.10 294 227
1.70 0.10 297 226
1.80 0.10 299 224
1.90 0.10 302 223
2.00 0.10 305 221
2.10 0.10 307 219
2.20 0.10 309 218
2.30 0.10 311 217
2.40 0.10 313 216
2.50 0.10 315 215
2.60 0.10 318 214
2.70 0.10 320 213
2.80 0.10 322 212
2.90 0.10 325 209
3.00 0.10 328 208
3.10 0.10 330 206
3.20 0.10 333 205
3.30 0.10 335 203
3.40 0.10 337 201
3.50 0.10 340 200
3.60 0.10 343 198
3.70 0.10 345 196
3.80 0.10 347 194
3.90 0.10 350 193
4.00 0.10 352 191
4.10 0.10 354 190
4.20 0.10 357 188
4.30 0.10 359 187
4.40 0.10 362 185
4.50 0.10 364 184
4.60 0.10 367 182
4.70 0.10 369 181
4.80 0.10 371 180
4.90 0.10 373 178
5.00 0.10 375 176
5.10 0.10 378 175
5.20 0.10 380 173
5.30 0.10 382 172
5.40 0.10 385 170
5.50 0.10 388 168
5.60 0.10 390 167
5.70 0.10 392 165
5.80 0.10 394 164
5.90 0.10 397 162
6.00 0.10 399 161
6.10 0.10 401 160
6.20 0.10 403 158
6.30 0.10 405 157
6.40 0.10 407 156
6.50 0.10 408 155
6.60 0.10 0 0
6.70 0.10 0 0
6.80 0.10 0 0
6.90 0.10 0 0
7.00 0.10 0 0
7.10 0.10 0 0
7.20 0.10 0 0
7.30 0.10 0 0
7.40 0.10 0 0
7.50 0.10 0 0
7.60 0.10 435 111
7.70 0.10 437 110
7.80 0.10 438 109
7.90 0.10 440 108
8.00 0.10 443 107
8.10 0.10 445 105
8.20 0.10 447 104
8.30 0.10 449 104
8.40 0.10 452 103
8.50 0.10 454 102
8.60 0.10 456 100
8.70 0.10 458 99
8.80 0.10 460 99
8.90 0.10 462 97
9.00 0.10 465 96
9.10 0.10 467 95
-9.00 0.20 17 308
-8.90 0.20 20 307
-8.80 0.20 23 306
-8.70 0.20 27 304
-8.60 0.20 30 303
-8.50 0.20 33 301
-8.40 0.20 37 300
-8.30 0.20 39 299
-8.20 0.20 42 298
-8.10 0.20 45 297
-8.00 0.20 48 295
-7.90 0.20 51 294
-7.80 0.20 54 293
-7.70 0.20 57 292
-7.60 0.20 59 291
-7.50 0.20 61 290
-7.40 0.20 0 0
-7.30 0.20 0 0
-7.20 0.20 0 0
-7.10 0.20 0 0
-7.00 0.20 0 0
-6.90 0.20 0 0
-6.80 0.20 0 0
-6.70 0.20 0 0
-6.60 0.20 0 0
-6.50 0.20 0 0
-6.40 0.20 0 0
-6.30 0.20 0 0
-6.20 0.20 0 0
-6.10 0.20 0 0
-6.00 0.20 0 0
-5.90 0.20 0 0
-5.80 0.20 0 0
-5.70 0.20 0 0
-5.60 0.20 110 303
-5.50 0.20 111 301
-5.40 0.20 115 299
-5.30 0.20 117 298
-5.20 0.20 120 297
-5.10 0.20 122 297
-5.00 0.20 125 296
-4.90 0.20 127 296
-4.80 0.20 130 295
-4.70 0.20 132 295
-4.60 0.20 135 294
-4.50 0.20 138 293
-4.40 0.20 140 293
-4.30 0.20 143 292
-4.20 0.20 146 291
-4.10 0.20 148 290
-4.00 0.20 151 289
-3.90 0.20 154 288
-3.80 0.20 157 287
-3.70 0.20 159 287
-3.60 0.20 162 286
-3.50 0.20 165 285
-3.40 0.20 167 284
-3.30 0.20 170 283
-3.20 0.20 172 283
-3.10 0.20 175 281
-3.00 0.20 178 281
-2.90 0.20 181 280
-2.80 0.20 183 279
-2.70 0.20 186 278
-2.60 0.20 188 277
-2.50 0.20 191 276
-2.40 0.20 193 276
-2.30 0.20 196 274
-2.20 0.20 199 273
-2.10 0.20 201 272
-2.00 0.20 204 271
-1.90 0.20 207 270
-1.80 0.20 209 269
-1.70 0.20 212 268
-1.60 0.20 214 267
-1.50 0.20 217 266
-1.40 0.20 220 264
-1.30 0.20 222 264
-1.20 0.20 225 263
-1.10 0.20 227 261
-1.00 0.20 230 260
-0.90 0.20 232 259
-0.80 0.20 235 258
-0.70 0.20 237 257
-0.60 0.20 240 255
-0.50 0.20 243 254
-0.40 0.20 246 253
-0.30 0.20 248 252
-0.20 0.20 251 251
-0.10 0.20 253 250
-0.00 0.20 256 248
0.10 0.20 258 246
0.20 0.20 261 245
0.30 0.20 263 244
0.40 0.20 265 243
0.50 0.20 267 242
0.60 0.20 270 241
0.70 0.20 272 240
0.80 0.20 275 239
0.90 0.20 278 237
1.00 0.20 280 236
1.10 0.20 283 235
1.20 0.20 286 233
1.30 0.20 288 232
1.40 0.20 290 231
1.50 0.20 293 230
1.60 0.20 295 228
1.70 0.20 298 227
1.80 0.20 300 226
1.90 0.20 303 224
2.00 0.20 306 222
2.10 0.20 308 221
2.20 0.20 310 219
2.30 0.20 313 218
2.40 0.20 315 217
2.50 0.20 317 216
2.60 0.20 319 215
2.70 0.20 322 214
2.80 0.20 323 213
2.90 0.20 326 211
3.00 0.20 329 209
3.10 0.20 332 207
3.20 0.20 334 205
3.30 0.20 336 204
3.40 0.20 339 202
3.50 0.20 341 201
3.60 0.20 344 199
3.70 0.20 347 197
3.80 0.20 349 195
3.90 0.20 351 194
4.00 0.20 354 192
4.10 0.20 356 191
4.20 0.20 358 190
4.30 0.20 361 188
4.40 0.20 363 186
4.50 0.20 365 185
4.60 0.20 367 183
4.70 0.20 370 182
4.80 0.20 373 180
4.90 0.20 375 179
5.00 0.20 377 177
5.10 0.20 380 176
5.20 0.20 381 174
5.30 0.20 384 173
5.40 0.20 387 171
5.50 0.20 389 170
5.60 0.20 391 168
5.70 0.20 393 166
5.80 0.20 396 165
5.90 0.20 398 163
6.00 0.20 400 162
6.10 0.20 403 160
6.20 0.20 405 159
6.30 0.20 407 158
6.40 0.20 409 157
6.50 0.20 409 157
6.60 0.20 0 0
6.70 0.20 0 0
6.80 0.20 0 0
6.90 0.20 0 0
7.00 0.20 0 0
7.10 0.20 0 0
7.20 0.20 0 0
7.30 0.20 0 0
7.40 0.20 0 0
7.50 0.20 0 0
7.60 0.20 436 111
7.70 0.20 438 111
7.80 0.20 440 110
7.90 0.20 441 108
8.00 0.20 444 107
8.10 0.20 446 106
8.20 0.20 449 106
8.30 0.20 450 104
8.40 0.20 453 103
8.50 0.20 455 102
8.60 0.20 458 101
8.70 0.20 460 100
8.80 0.20 462 99
8.90 0.20 464 98
9.00 0.20 466 98
9.10 0.20 469 97
-9.00 0.30 19 309
-8.90 0.30 22 308
-8.80 0.30 25 307
-8.70 0.30 29 305
-8.60 0.30 32 304
-8.50 0.30 35 302
-8.40 0.30 38 302
-8.30 0.30 40 300
-8.20 0.30 44 299
-8.10 0.30 47 298
-8.00 0.30 50 296
-7.90 0.30 53 295
-7.80 0.30 56 294
-7.70 0.30 58 293
-7.60 0.30 60 292
-7.50 0.30 62 291
-7.40 0.30 0 0
-7.30 0.30 0 0
-7.20 0.30 0 0
-7.10 0.30 0 0
-7.00 0.30 0 0
-6.90 0.30 0 0
-6.80 0.30 0 0
-6.70 0.30 0 0
-6.60 0.30 0 0
-6.50 0.30 0 0
-6.40 0.30 0 0
-6.30 0.30 0 0
-6.20 0.30 0 0
-6.10 0.30 0 0
-6.00 0.30 0 0
-5.90 0.30 0 0
-5.80 0.30 0 0
-5.70 0.30 111 305
-5.60 0.30 111 305
-5.50 0.30 112 303
-5.40 0.30 116 300
-5.30 0.30 119 299
-5.20 0.30 120 299
-5.10 0.30 123 298
-5.00 0.30 126 297
-4.90 0.30 129 297
-4.80 0.30 132 297
-4.70 0.30 133 296
-4.60 0.30 137 295
-4.50 0.30 139 295
-4.40 0.30 142 294
-4.30 0.30 145 293
-4.20 0.30 148 293
-4.10 0.30 150 291
-4.00 0.30 153 290
-3.90 0.30 156 290
-3.80 0.30 158 289
-3.70 0.30 160 288
-3.60 0.30 163 287
-3.50 0.30 166 286
-3.40 0.30 168 285
-3.30 0.30 172 284
-3.20 0.30 174 284
-3.10 0.30 177 283
-3.00 0.30 179 282
-2.90 0.30 182 281
-2.80 0.30 184 280
-2.70 0.30 187 279
-2.60 0.30 190 278
-2.50 0.30 193 277
-2.40 0.30 195 276
-2.30 0.30 198 275
-2.20 0.30 201 274
-2.10 0.30 203 274
-2.00 0.30 205 273
-1.90 0.30 208 271
-1.80 0.30 211 271
-1.70 0.30 213 269
-1.60 0.30 216 268
-1.50 0.30 219 267
-1.40 0.30 221 266
-1.30 0.30 224 265
-1.20 0.30 226 264
-1.10 0.30 229 263
-1.00 0.30 231 262
-0.90 0.30 234 260
-0.80 0.30 236 259
-0.70 0.30 239 258
-0.60 0.30 242 257
-0.50 0.30 245 255
-0.40 0.30 247 254
-0.30 0.30 249 253
-0.20 0.30 252 252
-0.10 0.30 254 250
-0.00 0.30 257 249
0.10 0.30 259 248
0.20 0.30 262 247
0.30 0.30 265 245
0.40 0.30 267 244
0.50 0.30 268 243
0.60 0.30 272 242
0.70 0.30 274 241
0.80 0.30 277 239
0.90 0.30 279 238
1.00 0.30 282 237
1.10 0.30 285 236
1.20 0.30 287 235
1.30 0.30 290 233
1.40 0.30 292 232
1.50 0.30 294 231
1.60 0.30 297 230
1.70 0.30 299 228
1.80 0.30 302 227
1.90 0.30 305 225
2.00 0.30 307 224
2.10 0.30 309 222
2.20 0.30 312 220
2.30 0.30 314 219
2.40 0.30 316 218
2.50 0.30 318 217
2.60 0.30 320 216
2.70 0.30 323 215
2.80 0.30 326 213
2.90 0.30 329 211
3.00 0.30 331 210
3.10 0.30 333 208
3.20 0.30 336 206
3.30 0.30 338 205
3.40 0.30 341 203
3.50 0.30 343 202
3.60 0.30 345 200
3.70 0.30 348 198
3.80 0.30 350 197
3.90 0.30 353 195
4.00 0.30 355 193
4.10 0.30 358 191
4.20 0.30 360 190
4.30 0.30 363 189
4.40 0.30 365 187
4.50 0.30 367 186
4.60 0.30 370 185
4.70 0.30 372 183
4.80 0.30 374 181
4.90 0.30 376 180
5.00 0.30 379 178
5.10 0.30 381 177
5.20 0.30 383 175
5.30 0.30 386 174
5.40 0.30 388 172
5.50 0.30 390 170
5.60 0.30 393 169
5.70 0.30 395 167
5.80 0.30 397 166
5.90 0.30 400 165
6.00 0.30 402 163
6.10 0.30 404 161
6.20 0.30 406 160
6.30 0.30 408 159
6.40 0.30 410 158
6.50 0.30 411 157
6.60 0.30 0 0
6.70 0.30 0 0
6.80 0.30 0 0
6.90 0.30 0 0
7.00 0.30 0 0
7.10 0.30 0 0
7.20 0.30 0 0
7.30 0.30 0 0
7.40 0.30 0 0
7.50 0.30 0 0
7.60 0.30 438 113
7.70 0.30 439 111
7.80 0.30 441 110
7.90 0.30 443 109
8.00 0.30 445 108
8.10 0.30 448 107
8.20 0.30 450 106
8.30 0.30 452 105
8.40 0.30 454 104
8.50 0.30 456 103
8.60 0.30 459 102
8.70 0.30 461 101
8.80 0.30 463 100
8.90 0.30 466 99
9.00 0.30 468 98
9.10 0.30 470 97
-9.00 0.40 20 310
-8.90 0.40 23 309
-8.80 0.40 26 308
-8.70 0.40 29 307
-8.60 0.40 33 305
-8.50 0.40 36 304
-8.40 0.40 39 303
-8.30 0.40 42 301
-8.20 0.40 45 300
-8.10 0.40 48 299
-8.00 0.40 51 298
-7.90 0.40 54 297
-7.80 0.40 57 295
-7.70 0.40 59 294
-7.60 0.40 61 293
-7.50 0.40 63 292
-7.40 0.40 0 0
-7.30 0.40 0 0
-7.20 0.40 0 0
-7.10 0.40 0 0
-7.00 0.40 0 0
-6.90 0.40 0 0
-6.80 0.40 0 0
-6.70 0.40 0 0
-6.60 0.40 0 0
-6.50 0.40 0 0
-6.40 0.40 0 0
-6.30 0.40 0 0
-6.20 0.40 0 0
-6.10 0.40 0 0
-6.00 0.40 0 0
-5.90 0.40 0 0
-5.80 0.40 0 0
-5.70 0.40 112 306
-5.60 0.40 113 307
-5.50 0.40 114 306
-5.40 0.40 117 302
-5.30 0.40 120 301
-5.20 0.40 122 300
-5.10 0.40 125 300
-5.00 0.40 128 299
-4.90 0.40 130 299
-4.80 0.40 133 298
-4.70 0.40 135 297
-4.60 0.40 138 297
-4.50 0.40 141 296
-4.40 0.40 143 295
-4.30 0.40 146 294
-4.20 0.40 149 293
-4.10 0.40 151 293
-4.00 0.40 154 292
-3.90 0.40 157 291
-3.80 0.40 159 290
-3.70 0.40 162 289
-3.60 0.40 165 288
-3.50 0.40 168 287
-3.40 0.40 170 286
-3.30 0.40 173 286
-3.20 0.40 175 284
-3.10 0.40 179 284
-3.00 0.40 181 283
-2.90 0.40 183 282
-2.80 0.40 186 281
-2.70 0.40 189 280
-2.60 0.40 191 280
-2.50 0.40 194 278
-2.40 0.40 196 278
-2.30 0.40 199 276
-2.20 0.40 202 276
-2.10 0.40 204 275
-2.00 0.40 206 274
-1.90 0.40 210 273
-1.80 0.40 213 272
-1.70 0.40 215 271
-1.60 0.40 218 269
-1.50 0.40 220 268
-1.40 0.40 223 267
-1.30 0.40 225 266
-1.20 0.40 228 265
-1.10 0.40 231 264
-1.00 0.40 233 263
-0.90 0.40 235 262
-0.80 0.40 238 261
-0.70 0.40 241 259
-0.60 0.40 243 258
-0.50 0.40 246 256
-0.40 0.40 249 255
-0.30 0.40 251 254
-0.20 0.40 253 253
-0.10 0.40 255 252
-0.00 0.40 258 250
0.10 0.40 261 249
0.20 0.40 263 247
0.30 0.40 266 246
0.40 0.40 268 245
0.50 0.40 270 244
0.60 0.40 273 243
0.70 0.40 276 242
0.80 0.40 279 240
0.90 0.40 281 239
1.00 0.40 284 238
1.10 0.40 286 237
1.20 0.40 289 236
1.30 0.40 291 235
1.40 0.40 293 233
1.50 0.40 296 232
1.60 0.40 298 230
1.70 0.40 301 229
1.80 0.40 303 228
1.90 0.40 306 226
2.00 0.40 308 225
2.10 0.40 310 223
2.20 0.40 313 221
2.30 0.40 315 220
2.40 0.40 317 219
2.50 0.40 320 218
2.60 0.40 322 217
2.70 0.40 325 216
2.80 0.40 327 214
2.90 0.40 329 213
3.00 0.40 332 211
3.10 0.40 335 209
3.20 0.40 338 207
3.30 0.40 340 206
3.40 0.40 342 204
3.50 0.40 345 202
3.60 0.40 347 201
3.70 0.40 350 199
3.80 0.40 352 197
3.90 0.40 355 195
4.00 0.40 357 194
4.10 0.40 359 193
4.20 0.40 362 191
4.30 0.40 364 190
4.40 0.40 366 189
4.50 0.40 369 187
4.60 0.40 371 185
4.70 0.40 373 184
4.80 0.40 376 182
4.90 0.40 378 181
5.00 0.40 380 179
5.10 0.40 383 177
5.20 0.40 385 176
5.30 0.40 387 174
5.40 0.40 389 173
5.50 0.40 392 172
5.60 0.40 394 170
5.70 0.40 397 168
5.80 0.40 399 167
5.90 0.40 401 165
6.00 0.40 403 164
6.10 0.40 405 162
6.20 0.40 407 161
6.30 0.40 410 160
6.40 0.40 411 159
6.50 0.40 412 158
6.60 0.40 0 0
6.70 0.40 0 0
6.80 0.40 0 0
6.90 0.40 0 0
7.00 0.40 0 0
7.10 0.40 0 0
7.20 0.40 0 0
7.30 0.40 0 0
7.40 0.40 0 0
7.50 0.40 0 0
7.60 0.40 440 113
7.70 0.40 441 112
7.80 0.40 443 111
7.90 0.40 445 110
8.00 0.40 447 109
8.10 0.40 449 108
8.20 0.40 451 107
8.30 0.40 454 106
8.40 0.40 457 105
8.50 0.40 458 104
8.60 0.40 460 103
8.70 0.40 463 102
8.80 0.40 465 101
8.90 0.40 467 100
9.00 0.40 469 99
9.10 0.40 472 98
-9.00 0.50 22 311
-8.90 0.50 25 310
-8.80 0.50 28 309
-8.70 0.50 31 308
-8.60 0.50 34 307
-8.50 0.50 37 305
-8.40 0.50 40 304
-8.30 0.50 43 303
-8.20 0.50 46 301
-8.10 0.50 50 300
-8.00 0.50 52 299
-7.90 0.50 55 298
-7.80 0.50 58 297
-7.70 0.50 60 296
-7.60 0.50 63 295
-7.50 0.50 64 294
-7.40 0.50 0 0
-7.30 0.50 0 0
-7.20 0.50 0 0
-7.10 0.50 0 0
-7.00 0.50 0 0
-6.90 0.50 0 0
-6.80 0.50 0 0
-6.70 0.50 0 0
-6.60 0.50 0 0
-6.50 0.50 0 0
-6.40 0.50 0 0
-6.30 0.50 0 0
-6.20 0.50 0 0
-6.10 0.50 0 0
-6.00 0.50 0 0
-5.90 0.50 0 0
-5.80 0.50 0 0
-5.70 0.50 114 308
-5.60 0.50 114 308
-5.50 0.50 115 307
-5.40 0.50 118 303
-5.30 0.50 121 302
-5.20 0.50 124 302
-5.10 0.50 126 301
-5.00 0.50 129 301
-4.90 0.50 131 300
-4.80 0.50 134 299
-4.70 0.50 137 299
-4.60 0.50 139 298
-4.50 0.50 142 297
-4.40 0.50 145 296
-4.30 0.50 148 296
-4.20 0.50 150 295
-4.10 0.50 153 294
-4.00 0.50 155 293
-3.90 0.50 158 292
-3.80 0.50 161 291
-3.70 0.50 164 290
-3.60 0.50 166 289
-3.50 0.50 169 288
-3.40 0.50 171 287
-3.30 0.50 174 287
-3.20 0.50 177 286
-3.10 0.50 180 285
-3.00 0.50 182 284
-2.90 0.50 185 283
-2.80 0.50 187 282
-2.70 0.50 190 281
-2.60 0.50 193 281
-2.50 0.50 196 280
-2.40 0.50 199 278
-2.30 0.50 201 278
-2.20 0.50 203 277
-2.10 0.50 206 276
-2.00 0.50 208 275
-1.90 0.50 211 274
-1.80 0.50 214 273
-1.70 0.50 216 272
-1.60 0.50 219 271
-1.50 0.50 222 270
-1.40 0.50 224 268
-1.30 0.50 227 268
-1.20 0.50 229 267
-1.10 0.50 232 265
-1.00 0.50 234 264
-0.90 0.50 237 263
-0.80 0.50 239 262
-0.70 0.50 242 260
-0.60 0.50 245 259
-0.50 0.50 248 257
-0.40 0.50 250 256
-0.30 0.50 252 255
-0.20 0.50 255 254
-0.10 0.50 257 253
-0.00 0.50 260 251
0.10 0.50 262 250
0.20 0.50 265 249
0.30 0.50 268 248
0.40 0.50 270 247
0.50 0.50 273 246
0.60 0.50 275 244
0.70 0.50 278 243
0.80 0.50 280 242
0.90 0.50 282 241
1.00 0.50 285 240
1.10 0.50 288 238
1.20 0.50 290 237
1.30 0.50 293 236
1.40 0.50 295 235
1.50 0.50 297 233
1.60 0.50 300 232
1.70 0.50 302 231
1.80 0.50 305 229
1.90 0.50 307 228
2.00 0.50 310 226
2.10 0.50 313 224
2.20 0.50 315 223
2.30 0.50 317 221
2.40 0.50 319 220
2.50 0.50 321 219
2.60 0.50 324 218
2.70 0.50 326 217
2.80 0.50 329 215
2.90 0.50 332 214
3.00 0.50 334 212
3.10 0.50 337 210
3.20 0.50 339 208
3.30 0.50 342 207
3.40 0.50 344 205
3.50 0.50 346 203
3.60 0.50 348 201
3.70 0.50 351 200
3.80 0.50 353 198
3.90 0.50 356 196
4.00 0.50 358 195
4.10 0.50 361 194
4.20 0.50 363 192
4.30 0.50 365 191
4.40 0.50 367 189
4.50 0.50 370 188
4.60 0.50 372 186
4.70 0.50 374 185
4.80 0.50 377 183
4.90 0.50 379 182
5.00 0.50 382 180
5.10 0.50 384 178
5.20 0.50 386 177
5.30 0.50 389 176
5.40 0.50 391 174
5.50 0.50 393 173
5.60 0.50 396 171
5.70 0.50 398 169
5.80 0.50 400 168
5.90 0.50 403 166
6.00 0.50 405 165
6.10 0.50 407 163
6.20 0.50 409 162
6.30 0.50 411 161
6.40 0.50 413 159
6.50 0.50 414 159
6.60 0.50 0 0
6.70 0.50 0 0
6.80 0.50 0 0
6.90 0.50 0 0
7.00 0.50 0 0
7.10 0.50 0 0
7.20 0.50 0 0
7.30 0.50 0 0
7.40 0.50 0 0
7.50 0.50 0 0
7.60 0.50 441 114
7.70 0.50 442 113
7.80 0.50 444 112
7.90 0.50 446 111
8.00 0.50 448 110
8.10 0.50 451 109
8.20 0.50 453 108
8.30 0.50 455 107
8.40 0.50 458 106
8.50 0.50 460 105
8.60 0.50 462 104
8.70 0.50 464 102
8.80 0.50 467 101
8.90 0.50 469 101
9.00 0.50 471 100
9.10 0.50 473 99
-9.00 0.60 23 313
-8.90 0.60 27 312
-8.80 0.60 29 310
-8.70 0.60 33 309
-8.60 0.60 36 308
-8.50 0.60 39 307
-8.40 0.60 42 305
-8.30 0.60 44 304
-8.20 0.60 48 303
-8.10 0.60 51 301
-8.00 0.60 54 300
-7.90 0.60 57 299
-7.80 0.60 60 298
-7.70 0.60 62 297
-7.60 0.60 64 296
-7.50 0.60 66 295
-7.40 0.60 0 0
-7.30 0.60 0 0
-7.20 0.60 0 0
-7.10 0.60 0 0
-7.00 0.60 0 0
-6.90 0.60 0 0
-6.80 0.60 0 0
-6.70 0.60 0 0
-6.60 0.60 0 0
-6.50 0.60 0 0
-6.40 0.60 0 0
-6.30 0.60 0 0
-6.20 0.60 0 0
-6.10 0.60 0 0
-6.00 0.60 0 0
-5.90 0.60 0 0
-5.80 0.60 0 0
-5.70 0.60 115 308
-5.60 0.60 115 310
-5.50 0.60 116 309
-5.40 0.60 120 305
-5.30 0.60 122 304
-5.20 0.60 125 303
-5.10 0.60 127 302
-5.00 0.60 130 302
-4.90 0.60 133 301
-4.80 0.60 136 301
-4.70 0.60 138 300
-4.60 0.60 141 299
-4.50 0.60 143 298
-4.40 0.60 147 297
-4.30 0.60 149 296
-4.20 0.60 152 295
-4.10 0.60 154 295
-4.00 0.60 157 294
-3.90 0.60 160 293
-3.80 0.60 162 292
-3.70 0.60 165 291
-3.60 0.60 168 290
-3.50 0.60 171 290
-3.40 0.60 174 289
-3.30 0.60 176 288
-3.20 0.60 179 287
-3.10 0.60 181 286
-3.00 0.60 183 285
-2.90 0.60 187 285
-2.80 0.60 189 283
-2.70 0.60 192 282
-2.60 0.60 195 281
-2.50 0.60 198 281
-2.40 0.60 200 280
-2.30 0.60 202 279
-2.20 0.60 205 278
-2.10 0.60 208 277
-2.00 0.60 210 276
-1.90 0.60 213 275
-1.80 0.60 216 274
-1.70 0.60 218 273
-1.60 0.60 220 272
-1.50 0.60 223 271
-1.40 0.60 226 270
-1.30 0.60 228 269
-1.20 0.60 231 267
-1.10 0.60 234 266
-1.00 0.60 236 265
-0.90 0.60 238 264
-0.80 0.60 241 263
-0.70 0.60 244 262
-0.60 0.60 247 260
-0.50 0.60 249 259
-0.40 0.60 251 257
-0.30 0.60 253 256
-0.20 0.60 256 255
-0.10 0.60 258 254
-0.00 0.60 261 253
0.10 0.60 264 252
0.20 0.60 267 250
0.30 0.60 270 249
0.40 0.60 272 248
0.50 0.60 275 247
0.60 0.60 277 246
0.70 0.60 279 244
0.80 0.60 282 243
0.90 0.60 284 242
1.00 0.60 287 241
1.10 0.60 289 240
1.20 0.60 292 238
1.30 0.60 294 237
1.40 0.60 297 235
1.50 0.60 299 234
1.60 0.60 302 233
1.70 0.60 304 231
1.80 0.60 306 230
1.90 0.60 309 229
2.00 0.60 312 228
2.10 0.60 314 226
2.20 0.60 316 224
2.30 0.60 319 223
2.40 0.60 321 221
2.50 0.60 324 220
2.60 0.60 325 219
2.70 0.60 328 218
2.80 0.60 331 216
2.90 0.60 333 215
3.00 0.60 336 213
3.10 0.60 338 211
3.20 0.60 341 209
3.30 0.60 343 208
3.40 0.60 345 206
3.50 0.60 348 204
3.60 0.60 350 203
3.70 0.60 353 201
3.80 0.60 355 199
3.90 0.60 358 197
4.00 0.60 360 196
4.10 0.60 362 194
4.20 0.60 365 193
4.30 0.60 367 192
4.40 0.60 369 190
4.50 0.60 372 189
4.60 0.60 374 187
4.70 0.60 376 186
4.80 0.60 379 184
4.90 0.60 381 183
5.00 0.60 383 181
5.10 0.60 385 179
5.20 0.60 388 178
5.30 0.60 390 176
5.40 0.60 392 175
5.50 0.60 395 173
5.60 0.60 397 171
5.70 0.60 400 170
5.80 0.60 402 169
5.90 0.60 404 167
6.00 0.60 407 166
6.10 0.60 409 163
6.20 0.60 411 162
6.30 0.60 413 161
6.40 0.60 414 160
6.50 0.60 415 160
6.60 0.60 0 0
6.70 0.60 0 0
6.80 0.60 0 0
6.90 0.60 0 0
7.00 0.60 0 0
7.10 0.60 0 0
7.20 0.60 0 0
7.30 0.60 0 0
7.40 0.60 0 0
7.50 0.60 0 0
7.60 0.60 442 114
7.70 0.60 444 114
7.80 0.60 446 112
7.90 0.60 448 111
8.00 0.60 450 111
8.10 0.60 452 110
8.20 0.60 455 109
8.30 0.60 457 108
8.40 0.60 459 107
8.50 0.60 462 106
8.60 0.60 464 105
8.70 0.60 465 104
8.80 0.60 468 103
8.90 0.60 470 102
9.00 0.60 473 101
9.10 0.60 475 100
-9.00 0.70 25 314
-8.90 0.70 28 313
-8.80 0.70 31 312
-8.70 0.70 34 310
-8.60 0.70 37 309
-8.50 0.70 40 308
-8.40 0.70 43 307
-8.30 0.70 46 305
-8.20 0.70 50 304
-8.10 0.70 52 303
-8.00 0.70 56 301
-7.90 0.70 58 300
-7.80 0.70 61 299
-7.70 0.70 64 298
-7.60 0.70 66 297
-7.50 0.70 67 296
-7.40 0.70 0 0
-7.30 0.70 0 0
-7.20 0.70 0 0
-7.10 0.70 0 0
-7.00 0.70 0 0
-6.90 0.70 0 0
-6.80 0.70 0 0
-6.70 0.70 0 0
-6.60 0.70 0 0
-6.50 0.70 0 0
-6.40 0.70 0 0
-6.30 0.70 0 0
-6.20 0.70 0 0
-6.10 0.70 0 0
-6.00 0.70 0 0
-5.90 0.70 0 0
-5.80 0.70 0 0
-5.70 0.70 116 309
-5.60 0.70 116 312
-5.50 0.70 117 310
-5.40 0.70 121 306
-5.30 0.70 123 305
-5.20 0.70 126 304
-5.10 0.70 129 304
-5.00 0.70 132 303
-4.90 0.70 134 303
-4.80 0.70 137 302
-4.70 0.70 139 301
-4.60 0.70 143 300
-4.50 0.70 145 299
-4.40 0.70 148 298
-4.30 0.70 151 297
-4.20 0.70 153 296
-4.10 0.70 156 296
-4.00 0.70 159 295
-3.90 0.70 162 294
-3.80 0.70 164 293
-3.70 0.70 167 292
-3.60 0.70 170 291
-3.50 0.70 172 290
-3.40 0.70 175 290
-3.30 0.70 178 289
-3.20 0.70 180 288
-3.10 0.70 183 287
-3.00 0.70 185 286
-2.90 0.70 188 285
-2.80 0.70 191 285
-2.70 0.70 193 284
-2.60 0.70 196 283
-2.50 0.70 199 282
-2.40 0.70 202 281
-2.30 0.70 204 280
-2.20 0.70 206 280
-2.10 0.70 209 278
-2.00 0.70 212 277
-1.90 0.70 215 276
-1.80 0.70 217 275
-1.70 0.70 220 274
-1.60 0.70 222 273
-1.50 0.70 225 272
-1.40 0.70 228 271
-1.30 0.70 230 270
-1.20 0.70 233 269
-1.10 0.70 236 267
-1.00 0.70 238 266
-0.90 0.70 240 265
-0.80 0.70 243 264
-0.70 0.70 245 263
-0.60 0.70 248 262
-0.50 0.70 250 260
-0.40 0.70 253 259
-0.30 0.70 255 257
-0.20 0.70 258 257
-0.10 0.70 260 255
-0.00 0.70 263 254
0.10 0.70 266 253
0.20 0.70 269 252
0.30 0.70 271 250
0.40 0.70 273 249
0.50 0.70 276 248
0.60 0.70 279 247
0.70 0.70 281 246
0.80 0.70 283 244
0.90 0.70 286 243
1.00 0.70 288 242
1.10 0.70 290 241
1.20 0.70 293 240
1.30 0.70 296 238
1.40 0.70 298 237
1.50 0.70 301 236
1.60 0.70 303 234
1.70 0.70 305 233
1.80 0.70 309 232
1.90 0.70 311 230
2.00 0.70 314 229
2.10 0.70 316 228
2.20 0.70 318 226
2.30 0.70 320 224
2.40 0.70 323 223
2.50 0.70 325 221
2.60 0.70 327 220
2.70 0.70 330 219
2.80 0.70 332 217
2.90 0.70 335 216
3.00 0.70 338 214
3.10 0.70 340 212
3.20 0.70 342 211
3.30 0.70 344 209
3.40 0.70 347 207
3.50 0.70 350 205
3.60 0.70 352 203
3.70 0.70 355 201
3.80 0.70 357 200
3.90 0.70 359 198
4.00 0.70 362 197
4.10 0.70 364 196
4.20 0.70 366 194
4.30 0.70 368 193
4.40 0.70 371 191
4.50 0.70 373 190
4.60 0.70 376 188
4.70 0.70 378 186
4.80 0.70 381 185
4.90 0.70 383 183
5.00 0.70 385 182
5.10 0.70 387 180
5.20 0.70 390 179
5.30 0.70 392 177
5.40 0.70 394 176
5.50 0.70 396 174
5.60 0.70 399 172
5.70 0.70 401 171
5.80 0.70 403 169
5.90 0.70 406 168
6.00 0.70 409 166
6.10 0.70 410 165
6.20 0.70 412 163
6.30 0.70 414 162
6.40 0.70 416 161
6.50 0.70 0 0
6.60 0.70 0 0
6.70 0.70 0 0
6.80 0.70 0 0
6.90 0.70 0 0
7.00 0.70 0 0
7.10 0.70 0 0
7.20 0.70 0 0
7.30 0.70 0 0
7.40 0.70 0 0
7.50 0.70 0 0
7.60 0.70 444 115
7.70 0.70 445 114
7.80 0.70 448 113
7.90 0.70 449 112
8.00 0.70 452 112
8.10 0.70 454 110
8.20 0.70 456 110
8.30 0.70 458 108
8.40 0.70 461 107
8.50 0.70 463 107
8.60 0.70 465 106
8.70 0.70 467 105
8.80 0.70 469 104
8.90 0.70 471 102
9.00 0.70 474 101
9.10 0.70 476 101
-9.00 0.80 25 316
-8.90 0.80 29 314
-8.80 0.80 32 313
-8.70 0.80 35 312
-8.60 0.80 38 310
-8.50 0.80 41 309
-8.40 0.80 44 308
-8.30 0.80 48 307
-8.20 0.80 51 305
-8.10 0.80 54 304
-8.00 0.80 57 303
-7.90 0.80 60 301
-7.80 0.80 62 300
-7.70 0.80 65 299
-7.60 0.80 67 298
-7.50 0.80 68 298
-7.40 0.80 0 0
-7.30 0.80 0 0
-7.20 0.80 0 0
-7.10 0.80 0 0
-7.00 0.80 0 0
-6.90 0.80 0 0
-6.80 0.80 0 0
-6.70 0.80 0 0
-6.60 0.80 0 0
-6.50 0.80 0 0
-6.40 0.80 0 0
-6.30 0.80 0 0
-6.20 0.80 0 0
-6.10 0.80 0 0
-6.00 0.80 0 0
-5.90 0.80 0 0
-5.80 0.80 0 0
-5.70 0.80 118 311
-5.60 0.80 118 313
-5.50 0.80 119 312
-5.40 0.80 122 307
-5.30 0.80 125 306
-5.20 0.80 128 306
-5.10 0.80 130 305
-5.00 0.80 134 304
-4.90 0.80 136 304
-4.80 0.80 139 303
-4.70 0.80 141 302
-4.60 0.80 145 301
-4.50 0.80 147 300
-4.40 0.80 149 299
-4.30 0.80 152 298
-4.20 0.80 155 298
-4.10 0.80 158 297
-4.00 0.80 161 296
-3.90 0.80 163 295
-3.80 0.80 166 294
-3.70 0.80 168 293
-3.60 0.80 171 292
-3.50 0.80 174 292
-3.40 0.80 176 291
-3.30 0.80 179 290
-3.20 0.80 182 289
-3.10 0.80 185 288
-3.00 0.80 187 287
-2.90 0.80 190 286
-2.80 0.80 192 285
-2.70 0.80 195 285
-2.60 0.80 198 284
-2.50 0.80 201 283
-2.40 0.80 203 282
-2.30 0.80 206 281
-2.20 0.80 208 280
-2.10 0.80 211 279
-2.00 0.80 213 279
-1.90 0.80 216 278
-1.80 0.80 219 276
-1.70 0.80 221 275
-1.60 0.80 224 274
-1.50 0.80 227 273
-1.40 0.80 229 272
-1.30 0.80 232 271
-1.20 0.80 234 270
-1.10 0.80 237 269
-1.00 0.80 240 267
-0.90 0.80 242 266
-0.80 0.80 244 265
-0.70 0.80 247 264
-0.60 0.80 250 262
-0.50 0.80 252 262
-0.40 0.80 255 260
-0.30 0.80 257 259
-0.20 0.80 260 258
-0.10 0.80 262 257
-0.00 0.80 265 256
0.10 0.80 268 254
0.20 0.80 270 253
0.30 0.80 273 252
0.40 0.80 275 251
0.50 0.80 277 250
0.60 0.80 280 248
0.70 0.80 282 247
0.80 0.80 284 246
0.90 0.80 288 244
1.00 0.80 290 243
1.10 0.80 293 242
1.20 0.80 295 240
1.30 0.80 298 240
1.40 0.80 300 238
1.50 0.80 303 237
1.60 0.80 305 235
1.70 0.80 307 234
1.80 0.80 310 233
1.90 0.80 312 231
2.00 0.80 315 230
2.10 0.80 317 229
2.20 0.80 320 227
2.30 0.80 322 225
2.40 0.80 324 224
2.50 0.80 327 223
2.60 0.80 329 221
2.70 0.80 332 219
2.80 0.80 334 218
2.90 0.80 337 216
3.00 0.80 339 215
3.10 0.80 342 213
3.20 0.80 344 212
3.30 0.80 346 210
3.40 0.80 349 208
3.50 0.80 351 206
3.60 0.80 353 204
3.70 0.80 356 202
3.80 0.80 359 201
3.90 0.80 361 199
4.00 0.80 363 198
4.10 0.80 366 197
4.20 0.80 368 195
4.30 0.80 370 194
4.40 0.80 373 192
4.50 0.80 375 191
4.60 0.80 377 189
4.70 0.80 380 187
4.80 0.80 382 186
4.90 0.80 384 185
5.00 0.80 387 183
5.10 0.80 389 181
5.20 0.80 391 179
5.30 0.80 393 178
5.40 0.80 396 176
5.50 0.80 398 175
5.60 0.80 401 173
5.70 0.80 403 172
5.80 0.80 405 170
5.90 0.80 407 169
6.00 0.80 410 167
6.10 0.80 412 166
6.20 0.80 414 164
6.30 0.80 416 163
6.40 0.80 417 162
6.50 0.80 0 0
6.60 0.80 0 0
6.70 0.80 0 0
6.80 0.80 0 0
6.90 0.80 0 0
7.00 0.80 0 0
7.10 0.80 0 0
7.20 0.80 0 0
7.30 0.80 0 0
7.40 0.80 0 0
7.50 0.80 0 0
7.60 0.80 445 116
7.70 0.80 446 115
7.80 0.80 448 114
7.90 0.80 451 114
8.00 0.80 454 112
8.10 0.80 455 111
8.20 0.80 458 111
8.30 0.80 459 109
8.40 0.80 462 108
8.50 0.80 464 107
8.60 0.80 466 106
8.70 0.80 469 105
8.80 0.80 471 104
8.90 0.80 473 103
9.00 0.80 475 102
9.10 0.80 478 101
-9.00 0.90 27 317
-8.90 0.90 31 315
-8.80 0.90 33 314
-8.70 0.90 36 313
-8.60 0.90 39 312
-8.50 0.90 43 310
-8.40 0.90 46 309
-8.30 0.90 49 308
-8.20 0.90 52 306
-8.10 0.90 55 305
-8.00 0.90 58 304
-7.90 0.90 61 302
-7.80 0.90 63 302
-7.70 0.90 66 301
-7.60 0.90 68 300
-7.50 0.90 70 299
-7.40 0.90 0 0
-7.30 0.90 0 0
-7.20 0.90 0 0
-7.10 0.90 0 0
-7.00 0.90 0 0
-6.90 0.90 0 0
-6.80 0.90 0 0
-6.70 0.90 0 0
-6.60 0.90 0 0
-6.50 0.90 0 0
-6.40 0.90 0 0
-6.30 0.90 0 0
-6.20 0.90 0 0
-6.10 0.90 0 0
-6.00 0.90 0 0
-5.90 0.90 0 0
-5.80 0.90 0 0
-5.70 0.90 119 313
-5.60 0.90 120 314
-5.50 0.90 121 314
-5.40 0.90 124 308
-5.30 0.90 126 308
-5.20 0.90 129 307
-5.10 0.90 132 306
-5.00 0.90 135 306
-4.90 0.90 137 305
-4.80 0.90 140 304
-4.70 0.90 143 303
-4.60 0.90 146 302
-4.50 0.90 149 301
-4.40 0.90 151 300
-4.30 0.90 154 299
-4.20 0.90 156 299
-4.10 0.90 159 298
-4.00 0.90 162 296
-3.90 0.90 165 296
-3.80 0.90 167 295
-3.70 0.90 170 294
-3.60 0.90 173 293
-3.50 0.90 175 293
-3.40 0.90 178 292
-3.30 0.90 181 291
-3.20 0.90 184 290
-3.10 0.90 187 289
-3.00 0.90 190 289
-2.90 0.90 191 288
-2.80 0.90 194 287
-2.70 0.90 197 286
-2.60 0.90 199 285
-2.50 0.90 202 284
-2.40 0.90 205 283
-2.30 0.90 207 282
-2.20 0.90 210 282
-2.10 0.90 212 281
-2.00 0.90 215 280
-1.90 0.90 218 279
-1.80 0.90 220 278
-1.70 0.90 223 277
-1.60 0.90 225 275
-1.50 0.90 228 274
-1.40 0.90 231 273
-1.30 0.90 233 272
-1.20 0.90 236 271
-1.10 0.90 238 270
-1.00 0.90 241 269
-0.90 0.90 244 267
-0.80 0.90 246 267
-0.70 0.90 248 265
-0.60 0.90 252 264
-0.50 0.90 254 263
-0.40 0.90 256 261
-0.30 0.90 259 260
-0.20 0.90 261 259
-0.10 0.90 264 258
-0.00 0.90 266 257
0.10 0.90 269 256
0.20 0.90 272 254
0.30 0.90 274 253
0.40 0.90 277 252
0.50 0.90 279 250
0.60 0.90 281 249
0.70 0.90 284 248
0.80 0.90 287 247
0.90 0.90 289 246
1.00 0.90 291 244
1.10 0.90 294 243
1.20 0.90 297 242
1.30 0.90 299 240
1.40 0.90 302 239
1.50 0.90 303 238
1.60 0.90 307 236
1.70 0.90 308 235
1.80 0.90 312 234
1.90 0.90 314 232
2.00 0.90 317 231
2.10 0.90 319 230
2.20 0.90 321 229
2.30 0.90 324 227
2.40 0.90 326 226
2.50 0.90 328 224
2.60 0.90 331 222
2.70 0.90 333 220
2.80 0.90 336 219
2.90 0.90 338 218
3.00 0.90 341 216
3.10 0.90 343 214
3.20 0.90 345 213
3.30 0.90 348 211
3.40 0.90 350 209
3.50 0.90 353 207
3.60 0.90 355 205
3.70 0.90 358 203
3.80 0.90 361 201
3.90 0.90 363 200
4.00 0.90 365 199
4.10 0.90 367 198
4.20 0.90 369 196
4.30 0.90 372 195
4.40 0.90 374 193
4.50 0.90 377 191
4.60 0.90 379 190
4.70 0.90 381 188
4.80 0.90 383 187
4.90 0.90 386 185
5.00 0.90 388 183
5.10 0.90 391 181
5.20 0.90 393 180
5.30 0.90 395 179
5.40 0.90 398 178
5.50 0.90 400 176
5.60 0.90 402 174
5.70 0.90 404 172
5.80 0.90 407 171
5.90 0.90 409 170
6.00 0.90 412 168
6.10 0.90 414 166
6.20 0.90 416 165
6.30 0.90 417 164
6.40 0.90 419 163
6.50 0.90 0 0
6.60 0.90 0 0
6.70 0.90 0 0
6.80 0.90 0 0
6.90 0.90 0 0
7.00 0.90 0 0
7.10 0.90 0 0
7.20 0.90 0 0
7.30 0.90 0 0
7.40 0.90 0 0
7.50 0.90 445 118
7.60 0.90 447 117
7.70 0.90 448 116
7.80 0.90 451 115
7.90 0.90 452 114
8.00 0.90 455 113
8.10 0.90 456 112
8.20 0.90 459 111
8.30 0.90 461 110
8.40 0.90 463 109
8.50 0.90 466 108
8.60 0.90 468 107
8.70 0.90 470 106
8.80 0.90 472 105
8.90 0.90 475 104
9.00 0.90 477 103
9.10 0.90 479 102
-9.00 1.00 28 318
-8.90 1.00 31 317
-8.80 1.00 35 316
-8.70 1.00 37 314
-8.60 1.00 41 313
-8.50 1.00 44 312
-8.40 1.00 47 310
-8.30 1.00 50 309
-8.20 1.00 54 308
-8.10 1.00 57 306
-8.00 1.00 60 305
-7.90 1.00 63 304
-7.80 1.00 65 303
-7.70 1.00 68 302
-7.60 1.00 69 301
-7.50 1.00 71 300
-7.40 1.00 0 0
-7.30 1.00 0 0
-7.20 1.00 0 0
-7.10 1.00 0 0
-7.00 1.00 0 0
-6.90 1.00 0 0
-6.80 1.00 0 0
-6.70 1.00 0 0
-6.60 1.00 0 0
-6.50 1.00 0 0
-6.40 1.00 0 0
-6.30 1.00 0 0
-6.20 1.00 0 0
-6.10 1.00 0 0
-6.00 1.00 0 0
-5.90 1.00 0 0
-5.80 1.00 0 0
-5.70 1.00 121 313
-5.60 1.00 121 316
-5.50 1.00 122 315
-5.40 1.00 125 310
-5.30 1.00 128 309
-5.20 1.00 131 308
-5.10 1.00 133 307
-5.00 1.00 136 307
-4.90 1.00 139 306
-4.80 1.00 141 305
-4.70 1.00 144 304
-4.60 1.00 147 303
-4.50 1.00 150 302
-4.40 1.00 153 302
-4.30 1.00 155 301
-4.20 1.00 159 299
-4.10 1.00 161 299
-4.00 1.00 164 298
-3.90 1.00 167 296
-3.80 1.00 169 296
-3.70 1.00 172 295
-3.60 1.00 175 294
-3.50 1.00 178 293
-3.40 1.00 180 292
-3.30 1.00 183 291
-3.20 1.00 186 291
-3.10 1.00 189 290
-3.00 1.00 191 289
-2.90 1.00 193 288
-2.80 1.00 196 287
-2.70 1.00 199 286
-2.60 1.00 201 286
-2.50 1.00 204 285
-2.40 1.00 206 285
-2.30 1.00 209 284
-2.20 1.00 212 283
-2.10 1.00 214 282
-2.00 1.00 216 281
-1.90 1.00 219 280
-1.80 1.00 222 279
-1.70 1.00 224 278
-1.60 1.00 227 277
-1.50 1.00 230 275
-1.40 1.00 232 274
-1.30 1.00 235 273
-1.20 1.00 237 272
-1.10 1.00 240 271
-1.00 1.00 242 270
-0.90 1.00 245 269
-0.80 1.00 248 267
-0.70 1.00 251 266
-0.60 1.00 253 265
-0.50 1.00 256 264
-0.40 1.00 258 263
-0.30 1.00 261 262
-0.20 1.00 263 260
-0.10 1.00 266 259
-0.00 1.00 268 258
0.10 1.00 271 257
0.20 1.00 274 255
0.30 1.00 276 254
0.40 1.00 278 253
0.50 1.00 280 252
0.60 1.00 283 250
0.70 1.00 285 249
0.80 1.00 288 248
0.90 1.00 291 246
1.00 1.00 293 245
1.10 1.00 296 244
1.20 1.00 298 243
1.30 1.00 301 242
1.40 1.00 303 240
1.50 1.00 306 239
1.60 1.00 308 238
1.70 1.00 311 236
1.80 1.00 313 235
1.90 1.00 315 233
2.00 1.00 318 232
2.10 1.00 320 231
2.20 1.00 323 230
2.30 1.00 325 228
2.40 1.00 328 227
2.50 1.00 330 225
2.60 1.00 332 223
2.70 1.00 335 222
2.80 1.00 337 220
2.90 1.00 340 218
3.00 1.00 342 217
3.10 1.00 344 215
3.20 1.00 347 214
3.30 1.00 350 212
3.40 1.00 352 210
3.50 1.00 354 208
3.60 1.00 357 206
3.70 1.00 359 204
3.80 1.00 362 203
3.90 1.00 364 201
4.00 1.00 367 200
4.10 1.00 369 198
4.20 1.00 371 197
4.30 1.00 373 196
4.40 1.00 376 194
4.50 1.00 378 193
4.60 1.00 381 190
4.70 1.00 383 190
4.80 1.00 385 187
4.90 1.00 388 186
5.00 1.00 390 184
5.10 1.00 392 183
5.20 1.00 394 181
5.30 1.00 397 180
5.40 1.00 399 178
5.50 1.00 402 176
5.60 1.00 404 175
5.70 1.00 406 173
5.80 1.00 408 172
5.90 1.00 411 170
6.00 1.00 413 169
6.10 1.00 415 167
6.20 1.00 417 166
6.30 1.00 418 164
6.40 1.00 420 163
6.50 1.00 0 0
6.60 1.00 0 0
6.70 1.00 0 0
6.80 1.00 0 0
6.90 1.00 0 0
7.00 1.00 0 0
7.10 1.00 0 0
7.20 1.00 0 0
7.30 1.00 0 0
7.40 1.00 0 0
7.50 1.00 447 119
7.60 1.00 448 118
7.70 1.00 450 117
7.80 1.00 452 116
7.90 1.00 454 115
8.00 1.00 456 114
8.10 1.00 458 113
8.20 1.00 461 112
8.30 1.00 462 111
8.40 1.00 464 110
8.50 1.00 468 109
8.60 1.00 469 108
8.70 1.00 472 107
8.80 1.00 475 106
8.90 1.00 476 105
9.00 1.00 478 104
9.10 1.00 480 103
-9.00 1.10 29 320
-8.90 1.10 32 318
-8.80 1.10 36 317
-8.70 1.10 39 315
-8.60 1.10 43 314
-8.50 1.10 46 313
-8.40 1.10 48 312
-8.30 1.10 51 310
-8.20 1.10 55 309
-8.10 1.10 58 308
-8.00 1.10 61 307
-7.90 1.10 64 305
-7.80 1.10 68 304
-7.70 1.10 69 303
-7.60 1.10 71 302
-7.50 1.10 72 302
-7.40 1.10 0 0
-7.30 1.10 0 0
-7.20 1.10 0 0
-7.10 1.10 0 0
-7.00 1.10 0 0
-6.90 1.10 0 0
-6.80 1.10 0 0
-6.70 1.10 0 0
-6.60 1.10 0 0
-6.50 1.10 0 0
-6.40 1.10 0 0
-6.30 1.10 0 0
-6.20 1.10 0 0
-6.10 1.10 0 0
-6.00 1.10 0 0
-5.90 1.10 0 0
-5.80 1.10 0 0
-5.70 1.10 0 0
-5.60 1.10 123 317
-5.50 1.10 124 316
-5.40 1.10 127 311
-5.30 1.10 130 310
-5.20 1.10 132 310
-5.10 1.10 135 308
-5.00 1.10 138 308
-4.90 1.10 141 307
-4.80 1.10 143 306
-4.70 1.10 146 305
-4.60 1.10 150 304
-4.50 1.10 152 303
-4.40 1.10 155 302
-4.30 1.10 157 301
-4.20 1.10 161 300
-4.10 1.10 163 299
-4.00 1.10 166 298
-3.90 1.10 168 297
-3.80 1.10 171 296
-3.70 1.10 174 296
-3.60 1.10 176 295
-3.50 1.10 179 294
-3.40 1.10 181 294
-3.30 1.10 184 293
-3.20 1.10 187 292
-3.10 1.10 189 291
-3.00 1.10 192 290
-2.90 1.10 195 289
-2.80 1.10 198 288
-2.70 1.10 200 288
-2.60 1.10 202 287
-2.50 1.10 205 286
-2.40 1.10 208 286
-2.30 1.10 211 285
-2.20 1.10 213 284
-2.10 1.10 216 283
-2.00 1.10 218 282
-1.90 1.10 221 281
-1.80 1.10 223 280
-1.70 1.10 226 279
-1.60 1.10 229 278
-1.50 1.10 231 277
-1.40 1.10 234 275
-1.30 1.10 237 275
-1.20 1.10 239 273
-1.10 1.10 242 272
-1.00 1.10 244 271
-0.90 1.10 247 270
-0.80 1.10 249 269
-0.70 1.10 252 268
-0.60 1.10 255 266
-0.50 1.10 257 265
-0.40 1.10 260 264
-0.30 1.10 262 262
-0.20 1.10 264 262
-0.10 1.10 267 261
-0.00 1.10 270 259
0.10 1.10 272 258
0.20 1.10 275 257
0.30 1.10 277 255
0.40 1.10 280 254
0.50 1.10 282 253
0.60 1.10 285 252
0.70 1.10 287 250
0.80 1.10 290 250
0.90 1.10 292 248
1.00 1.10 295 246
1.10 1.10 298 245
1.20 1.10 300 244
1.30 1.10 303 243
1.40 1.10 305 242
1.50 1.10 307 240
1.60 1.10 309 239
1.70 1.10 312 237
1.80 1.10 315 236
1.90 1.10 317 235
2.00 1.10 320 233
2.10 1.10 322 232
2.20 1.10 324 230
2.30 1.10 327 229
2.40 1.10 329 228
2.50 1.10 332 226
2.60 1.10 335 224
2.70 1.10 337 222
2.80 1.10 339 221
2.90 1.10 341 219
3.00 1.10 344 217
3.10 1.10 346 216
3.20 1.10 349 214
3.30 1.10 351 212
3.40 1.10 354 210
3.50 1.10 356 208
3.60 1.10 359 207
3.70 1.10 361 205
3.80 1.10 364 204
3.90 1.10 366 202
4.00 1.10 368 200
4.10 1.10 370 199
4.20 1.10 373 198
4.30 1.10 375 196
4.40 1.10 377 195
4.50 1.10 380 193
4.60 1.10 382 192
4.70 1.10 384 190
4.80 1.10 387 189
4.90 1.10 389 187
5.00 1.10 392 185
5.10 1.10 394 184
5.20 1.10 396 182
5.30 1.10 398 180
5.40 1.10 401 179
5.50 1.10 403 177
5.60 1.10 405 176
5.70 1.10 407 174
5.80 1.10 410 173
5.90 1.10 412 171
6.00 1.10 415 169
6.10 1.10 417 168
6.20 1.10 419 166
6.30 1.10 420 166
6.40 1.10 0 0
6.50 1.10 0 0
6.60 1.10 0 0
6.70 1.10 0 0
6.80 1.10 0 0
6.90 1.10 0 0
7.00 1.10 0 0
7.10 1.10 0 0
7.20 1.10 0 0
7.30 1.10 0 0
7.40 1.10 0 0
7.50 1.10 448 120
7.60 1.10 449 118
7.70 1.10 451 118
7.80 1.10 453 117
7.90 1.10 456 116
8.00 1.10 458 115
8.10 1.10 460 114
8.20 1.10 462 113
8.30 1.10 464 112
8.40 1.10 467 111
8.50 1.10 469 110
8.60 1.10 471 109
8.70 1.10 473 108
8.80 1.10 476 107
8.90 1.10 478 106
9.00 1.10 480 105
9.10 1.10 482 104
-9.00 1.20 31 321
-8.90 1.20 34 320
-8.80 1.20 37 318
-8.70 1.20 41 317
-8.60 1.20 44 315
-8.50 1.20 47 314
-8.40 1.20 51 313
-8.30 1.20 53 311
-8.20 1.20 56 310
-8.10 1.20 59 309
-8.00 1.20 62 308
-7.90 1.20 66 306
-7.80 1.20 69 305
-7.70 1.20 70 304
-7.60 1.20 73 303
-7.50 1.20 74 303
-7.40 1.20 0 0
-7.30 1.20 0 0
-7.20 1.20 0 0
-7.10 1.20 0 0
-7.00 1.20 0 0
-6.90 1.20 0 0
-6.80 1.20 0 0
-6.70 1.20 0 0
-6.60 1.20 0 0
-6.50 1.20 0 0
-6.40 1.20 0 0
-6.30 1.20 0 0
-6.20 1.20 0 0
-6.10 1.20 0 0
-6.00 1.20 0 0
-5.90 1.20 0 0
-5.80 1.20 0 0
-5.70 1.20 0 0
-5.60 1.20 125 318
-5.50 1.20 126 318
-5.40 1.20 128 312
-5.30 1.20 131 311
-5.20 1.20 134 311
-5.10 1.20 137 310
-5.00 1.20 139 309
-4.90 1.20 142 308
-4.80 1.20 145 307
-4.70 1.20 148 306
-4.60 1.20 151 305
-4.50 1.20 154 304
-4.40 1.20 157 303
-4.30 1.20 159 302
-4.20 1.20 162 301
-4.10 1.20 164 300
-4.00 1.20 167 299
-3.90 1.20 170 298
-3.80 1.20 173 298
-3.70 1.20 176 297
-3.60 1.20 178 296
-3.50 1.20 181 295
-3.40 1.20 184 294
-3.30 1.20 186 294
-3.20 1.20 189 293
-3.10 1.20 192 292
-3.00 1.20 195 291
-2.90 1.20 196 290
-2.80 1.20 199 289
-2.70 1.20 201 289
-2.60 1.20 204 288
-2.50 1.20 207 287
-2.40 1.20 210 287
-2.30 1.20 213 286
-2.20 1.20 215 285
-2.10 1.20 217 284
-2.00 1.20 220 283
-1.90 1.20 222 282
-1.80 1.20 225 281
-1.70 1.20 228 280
-1.60 1.20 230 279
-1.50 1.20 233 278
-1.40 1.20 236 277
-1.30 1.20 238 276
-1.20 1.20 241 275
-1.10 1.20 243 273
-1.00 1.20 246 272
-0.90 1.20 248 271
-0.80 1.20 251 270
-0.70 1.20 253 269
-0.60 1.20 256 268
-0.50 1.20 259 266
-0.40 1.20 261 265
-0.30 1.20 264 264
-0.20 1.20 266 262
-0.10 1.20 268 261
-0.00 1.20 271 260
0.10 1.20 274 259
0.20 1.20 276 258
0.30 1.20 279 257
0.40 1.20 281 255
0.50 1.20 284 254
0.60 1.20 287 253
0.70 1.20 289 251
0.80 1.20 292 250
0.90 1.20 294 249
1.00 1.20 297 248
1.10 1.20 299 246
1.20 1.20 302 245
1.30 1.20 304 244
1.40 1.20 306 243
1.50 1.20 309 241
1.60 1.20 311 240
1.70 1.20 314 238
1.80 1.20 317 237
1.90 1.20 319 236
2.00 1.20 321 235
2.10 1.20 324 233
2.20 1.20 326 232
2.30 1.20 328 230
2.40 1.20 331 228
2.50 1.20 334 227
2.60 1.20 336 225
2.70 1.20 339 224
2.80 1.20 341 222
2.90 1.20 343 220
3.00 1.20 345 219
3.10 1.20 348 216
3.20 1.20 350 215
3.30 1.20 353 213
3.40 1.20 355 211
3.50 1.20 358 209
3.60 1.20 360 208
3.70 1.20 363 206
3.80 1.20 365 204
3.90 1.20 367 203
4.00 1.20 370 201
4.10 1.20 372 200
4.20 1.20 375 198
4.30 1.20 377 197
4.40 1.20 379 195
4.50 1.20 381 194
4.60 1.20 384 192
4.70 1.20 386 191
4.80 1.20 388 189
4.90 1.20 391 187
5.00 1.20 393 186
5.10 1.20 396 185
5.20 1.20 398 183
5.30 1.20 400 181
5.40 1.20 402 180
5.50 1.20 405 178
5.60 1.20 407 177
5.70 1.20 409 175
5.80 1.20 411 173
5.90 1.20 413 172
6.00 1.20 416 170
6.10 1.20 419 169
6.20 1.20 420 167
6.30 1.20 422 166
6.40 1.20 0 0
6.50 1.20 0 0
6.60 1.20 0 0
6.70 1.20 0 0
6.80 1.20 0 0
6.90 1.20 0 0
7.00 1.20 0 0
7.10 1.20 0 0
7.20 1.20 0 0
7.30 1.20 0 0
7.40 1.20 0 0
7.50 1.20 450 121
7.60 1.20 451 120
7.70 1.20 453 119
7.80 1.20 454 118
7.90 1.20 457 117
8.00 1.20 459 116
8.10 1.20 461 115
8.20 1.20 463 114
8.30 1.20 466 113
8.40 1.20 468 111
8.50 1.20 470 110
8.60 1.20 473 109
8.70 1.20 475 109
8.80 1.20 476 108
8.90 1.20 479 107
9.00 1.20 482 106
9.10 1.20 484 105
-9.00 1.30 32 322
-8.90 1.30 35 321
-8.80 1.30 39 320
-8.70 1.30 42 318
-8.60 1.30 46 317
-8.50 1.30 49 315
-8.40 1.30 52 314
-8.30 1.30 55 313
-8.20 1.30 57 311
-8.10 1.30 60 310
-8.00 1.30 64 309
-7.90 1.30 67 308
-7.80 1.30 69 307
-7.70 1.30 72 306
-7.60 1.30 74 305
-7.50 1.30 76 304
-7.40 1.30 0 0
-7.30 1.30 0 0
-7.20 1.30 0 0
-7.10 1.30 0 0
-7.00 1.30 0 0
-6.90 1.30 0 0
-6.80 1.30 0 0
-6.70 1.30 0 0
-6.60 1.30 0 0
-6.50 1.30 0 0
-6.40 1.30 0 0
-6.30 1.30 0 0
-6.20 1.30 0 0
-6.10 1.30 0 0
-6.00 1.30 0 0
-5.90 1.30 0 0
-5.80 1.30 0 0
-5.70 1.30 0 0
-5.60 1.30 127 320
-5.50 1.30 127 319
-5.40 1.30 129 317
-5.30 1.30 133 312
-5.20 1.30 136 312
-5.10 1.30 138 311
-5.00 1.30 141 310
-4.90 1.30 144 309
-4.80 1.30 146 308
-4.70 1.30 149 307
-4.60 1.30 152 306
-4.50 1.30 155 305
-4.40 1.30 158 304
-4.30 1.30 161 303
-4.20 1.30 163 302
-4.10 1.30 166 301
-4.00 1.30 169 300
-3.90 1.30 171 299
-3.80 1.30 174 298
-3.70 1.30 177 298
-3.60 1.30 180 297
-3.50 1.30 182 296
-3.40 1.30 185 295
-3.30 1.30 188 294
-3.20 1.30 191 293
-3.10 1.30 193 293
-3.00 1.30 196 292
-2.90 1.30 198 291
-2.80 1.30 201 290
-2.70 1.30 203 290
-2.60 1.30 206 289
-2.50 1.30 209 289
-2.40 1.30 212 288
-2.30 1.30 214 287
-2.20 1.30 217 286
-2.10 1.30 219 285
-2.00 1.30 221 285
-1.90 1.30 224 284
-1.80 1.30 226 282
-1.70 1.30 230 281
-1.60 1.30 232 280
-1.50 1.30 235 279
-1.40 1.30 237 278
-1.30 1.30 240 277
-1.20 1.30 242 276
-1.10 1.30 245 275
-1.00 1.30 247 273
-0.90 1.30 250 273
-0.80 1.30 252 271
-0.70 1.30 255 270
-0.60 1.30 257 269
-0.50 1.30 260 268
-0.40 1.30 263 266
-0.30 1.30 265 265
-0.20 1.30 268 264
-0.10 1.30 271 262
-0.00 1.30 273 261
0.10 1.30 276 260
0.20 1.30 279 259
0.30 1.30 280 258
0.40 1.30 283 257
0.50 1.30 286 255
0.60 1.30 288 254
0.70 1.30 291 253
0.80 1.30 293 252
0.90 1.30 296 250
1.00 1.30 298 249
1.10 1.30 300 247
1.20 1.30 303 246
1.30 1.30 305 245
1.40 1.30 308 244
1.50 1.30 311 242
1.60 1.30 313 241
1.70 1.30 315 240
1.80 1.30 318 239
1.90 1.30 320 237
2.00 1.30 323 236
2.10 1.30 325 234
2.20 1.30 328 233
2.30 1.30 330 231
2.40 1.30 333 230
2.50 1.30 335 228
2.60 1.30 338 226
2.70 1.30 340 224
2.80 1.30 343 223
2.90 1.30 345 221
3.00 1.30 347 220
3.10 1.30 350 217
3.20 1.30 352 216
3.30 1.30 355 214
3.40 1.30 357 212
3.50 1.30 360 210
3.60 1.30 362 208
3.70 1.30 364 207
3.80 1.30 367 205
3.90 1.30 369 204
4.00 1.30 371 203
4.10 1.30 373 201
4.20 1.30 376 200
4.30 1.30 378 198
4.40 1.30 381 196
4.50 1.30 383 195
4.60 1.30 385 194
4.70 1.30 387 192
4.80 1.30 390 190
4.90 1.30 392 189
5.00 1.30 395 187
5.10 1.30 396 185
5.20 1.30 399 184
5.30 1.30 402 182
5.40 1.30 404 180
5.50 1.30 406 179
5.60 1.30 408 177
5.70 1.30 411 176
5.80 1.30 414 174
5.90 1.30 415 172
6.00 1.30 418 171
6.10 1.30 420 169
6.20 1.30 422 168
6.30 1.30 423 167
6.40 1.30 0 0
6.50 1.30 0 0
6.60 1.30 0 0
6.70 1.30 0 0
6.80 1.30 0 0
6.90 1.30 0 0
7.00 1.30 0 0
7.10 1.30 0 0
7.20 1.30 0 0
7.30 1.30 0 0
7.40 1.30 450 123
7.50 1.30 451 122
7.60 1.30 453 121
7.70 1.30 454 120
7.80 1.30 456 119
7.90 1.30 459 117
8.00 1.30 460 116
8.10 1.30 463 116
8.20 1.30 465 115
8.30 1.30 467 114
8.40 1.30 470 113
8.50 1.30 472 111
8.60 1.30 474 110
8.70 1.30 476 109
8.80 1.30 479 108
8.90 1.30 480 108
9.00 1.30 483 107
9.10 1.30 485 106
-9.00 1.40 33 324
-8.90 1.40 37 322
-8.80 1.40 40 321
-8.70 1.40 44 319
-8.60 1.40 47 318
-8.50 1.40 50 317
-8.40 1.40 53 315
-8.30 1.40 56 314
-8.20 1.40 59 313
-8.10 1.40 62 312
-8.00 1.40 65 310
-7.90 1.40 68 309
-7.80 1.40 71 308
-7.70 1.40 74 307
-7.60 1.40 75 306
-7.50 1.40 77 305
-7.40 1.40 0 0
-7.30 1.40 0 0
-7.20 1.40 0 0
-7.10 1.40 0 0
-7.00 1.40 0 0
-6.90 1.40 0 0
-6.80 1.40 0 0
-6.70 1.40 0 0
-6.60 1.40 0 0
-6.50 1.40 0 0
-6.40 1.40 0 0
-6.30 1.40 0 0
-6.20 1.40 0 0
-6.10 1.40 0 0
-6.00 1.40 0 0
-5.90 1.40 0 0
-5.80 1.40 0 0
-5.70 1.40 0 0
-5.60 1.40 128 321
-5.50 1.40 129 321
-5.40 1.40 132 315
-5.30 1.40 134 313
-5.20 1.40 137 312
-5.10 1.40 140 312
-5.00 1.40 143 311
-4.90 1.40 146 309
-4.80 1.40 148 308
-4.70 1.40 152 307
-4.60 1.40 154 306
-4.50 1.40 157 306
-4.40 1.40 160 304
-4.30 1.40 163 304
-4.20 1.40 166 303
-4.10 1.40 168 302
-4.00 1.40 171 301
-3.90 1.40 174 300
-3.80 1.40 176 299
-3.70 1.40 179 298
-3.60 1.40 182 298
-3.50 1.40 185 297
-3.40 1.40 187 296
-3.30 1.40 189 295
-3.20 1.40 192 294
-3.10 1.40 195 293
-3.00 1.40 198 293
-2.90 1.40 200 292
-2.80 1.40 203 291
-2.70 1.40 205 291
-2.60 1.40 207 290
-2.50 1.40 211 290
-2.40 1.40 213 289
-2.30 1.40 216 288
-2.20 1.40 218 288
-2.10 1.40 221 287
-2.00 1.40 223 286
-1.90 1.40 226 285
-1.80 1.40 228 284
-1.70 1.40 231 282
-1.60 1.40 234 282
-1.50 1.40 236 280
-1.40 1.40 239 279
-1.30 1.40 241 278
-1.20 1.40 244 277
-1.10 1.40 246 276
-1.00 1.40 249 275
-0.90 1.40 252 273
-0.80 1.40 254 272
-0.70 1.40 257 271
-0.60 1.40 259 270
-0.50 1.40 261 269
-0.40 1.40 264 267
-0.30 1.40 267 266
-0.20 1.40 270 265
-0.10 1.40 272 263
-0.00 1.40 275 263
0.10 1.40 277 261
0.20 1.40 280 260
0.30 1.40 282 259
0.40 1.40 284 258
0.50 1.40 287 257
0.60 1.40 290 256
0.70 1.40 292 254
0.80 1.40 295 253
0.90 1.40 298 251
1.00 1.40 300 250
1.10 1.40 302 249
1.20 1.40 304 247
1.30 1.40 307 246
1.40 1.40 310 244
1.50 1.40 312 243
1.60 1.40 314 242
1.70 1.40 317 241
1.80 1.40 319 240
1.90 1.40 322 238
2.00 1.40 324 237
2.10 1.40 327 235
2.20 1.40 330 233
2.30 1.40 332 232
2.40 1.40 334 231
2.50 1.40 337 229
2.60 1.40 339 227
2.70 1.40 341 226
2.80 1.40 344 224
2.90 1.40 347 222
3.00 1.40 349 220
3.10 1.40 352 218
3.20 1.40 354 217
3.30 1.40 356 215
3.40 1.40 358 213
3.50 1.40 361 211
3.60 1.40 364 209
3.70 1.40 366 208
3.80 1.40 368 207
3.90 1.40 371 205
4.00 1.40 373 204
4.10 1.40 375 202
4.20 1.40 378 201
4.30 1.40 380 199
4.40 1.40 383 198
4.50 1.40 385 196
4.60 1.40 387 194
4.70 1.40 389 193
4.80 1.40 392 191
4.90 1.40 394 189
5.00 1.40 396 188
5.10 1.40 398 186
5.20 1.40 401 184
5.30 1.40 403 183
5.40 1.40 406 181
5.50 1.40 408 180
5.60 1.40 410 178
5.70 1.40 412 176
5.80 1.40 415 175
5.90 1.40 417 173
6.00 1.40 419 171
6.10 1.40 421 170
6.20 1.40 423 169
6.30 1.40 425 168
6.40 1.40 0 0
6.50 1.40 0 0
6.60 1.40 0 0
6.70 1.40 0 0
6.80 1.40 0 0
6.90 1.40 0 0
7.00 1.40 0 0
7.10 1.40 0 0
7.20 1.40 0 0
7.30 1.40 0 0
7.40 1.40 451 124
7.50 1.40 452 123
7.60 1.40 454 122
7.70 1.40 456 121
7.80 1.40 458 120
7.90 1.40 460 118
8.00 1.40 462 117
8.10 1.40 464 116
8.20 1.40 466 115
8.30 1.40 469 115
8.40 1.40 471 113
8.50 1.40 473 112
8.60 1.40 476 111
8.70 1.40 478 110
8.80 1.40 480 109
8.90 1.40 482 108
9.00 1.40 484 107
9.10 1.40 487 106
-9.00 1.50 35 325
-8.90 1.50 38 323
-8.80 1.50 41 322
-8.70 1.50 45 321
-8.60 1.50 48 320
-8.50 1.50 52 318
-8.40 1.50 54 317
-8.30 1.50 57 316
-8.20 1.50 60 314
-8.10 1.50 64 313
-8.00 1.50 67 312
-7.90 1.50 70 310
-7.80 1.50 73 309
-7.70 1.50 75 308
-7.60 1.50 76 307
-7.50 1.50 78 306
-7.40 1.50 0 0
-7.30 1.50 0 0
-7.20 1.50 0 0
-7.10 1.50 0 0
-7.00 1.50 0 0
-6.90 1.50 0 0
-6.80 1.50 0 0
-6.70 1.50 0 0
-6.60 1.50 0 0
-6.50 1.50 0 0
-6.40 1.50 0 0
-6.30 1.50 0 0
-6.20 1.50 0 0
-6.10 1.50 0 0
-6.00 1.50 0 0
-5.90 1.50 0 0
-5.80 1.50 0 0
-5.70 1.50 0 0
-5.60 1.50 130 322
-5.50 1.50 131 322
-5.40 1.50 132 321
-5.30 1.50 135 315
-5.20 1.50 139 313
-5.10 1.50 142 312
-5.00 1.50 145 311
-4.90 1.50 147 310
-4.80 1.50 150 309
-4.70 1.50 154 308
-4.60 1.50 156 307
-4.50 1.50 159 306
-4.40 1.50 162 305
-4.30 1.50 164 304
-4.20 1.50 167 303
-4.10 1.50 170 302
-4.00 1.50 173 301
-3.90 1.50 175 301
-3.80 1.50 177 300
-3.70 1.50 181 299
-3.60 1.50 183 298
-3.50 1.50 186 298
-3.40 1.50 189 297
-3.30 1.50 191 296
-3.20 1.50 194 295
-3.10 1.50 197 294
-3.00 1.50 199 294
-2.90 1.50 201 293
-2.80 1.50 204 292
-2.70 1.50 206 292
-2.60 1.50 209 291
-2.50 1.50 213 291
-2.40 1.50 215 290
-2.30 1.50 218 289
-2.20 1.50 220 288
-2.10 1.50 222 288
-2.00 1.50 225 287
-1.90 1.50 228 286
-1.80 1.50 230 285
-1.70 1.50 233 284
-1.60 1.50 235 283
-1.50 1.50 238 282
-1.40 1.50 240 280
-1.30 1.50 243 279
-1.20 1.50 246 278
-1.10 1.50 248 277
-1.00 1.50 251 276
-0.90 1.50 253 275
-0.80 1.50 256 273
-0.70 1.50 258 272
-0.60 1.50 261 271
-0.50 1.50 263 270
-0.40 1.50 266 269
-0.30 1.50 269 268
-0.20 1.50 272 266
-0.10 1.50 274 265
-0.00 1.50 276 264
0.10 1.50 279 262
0.20 1.50 282 261
0.30 1.50 284 260
0.40 1.50 287 259
0.50 1.50 289 257
0.60 1.50 292 256
0.70 1.50 294 255
0.80 1.50 296 254
0.90 1.50 299 252
1.00 1.50 301 252
1.10 1.50 304 250
1.20 1.50 307 249
1.30 1.50 309 247
1.40 1.50 311 246
1.50 1.50 314 245
1.60 1.50 316 244
1.70 1.50 319 242
1.80 1.50 321 241
1.90 1.50 324 239
2.00 1.50 326 238
2.10 1.50 328 236
2.20 1.50 331 235
2.30 1.50 333 233
2.40 1.50 336 232
2.50 1.50 338 230
2.60 1.50 341 228
2.70 1.50 343 227
2.80 1.50 346 224
2.90 1.50 348 223
3.00 1.50 351 221
3.10 1.50 353 219
3.20 1.50 356 217
3.30 1.50 358 215
3.40 1.50 361 213
3.50 1.50 363 212
3.60 1.50 365 210
3.70 1.50 367 209
3.80 1.50 370 207
3.90 1.50 372 206
4.00 1.50 374 205
4.10 1.50 377 203
4.20 1.50 379 201
4.30 1.50 382 200
4.40 1.50 384 198
4.50 1.50 386 197
4.60 1.50 388 195
4.70 1.50 391 194
4.80 1.50 393 192
4.90 1.50 396 190
5.00 1.50 398 189
5.10 1.50 400 186
5.20 1.50 402 185
5.30 1.50 405 184
5.40 1.50 407 182
5.50 1.50 409 181
5.60 1.50 412 179
5.70 1.50 414 177
5.80 1.50 417 175
5.90 1.50 419 174
6.00 1.50 421 172
6.10 1.50 423 171
6.20 1.50 425 169
6.30 1.50 426 168
6.40 1.50 0 0
6.50 1.50 0 0
6.60 1.50 0 0
6.70 1.50 0 0
6.80 1.50 0 0
6.90 1.50 0 0
7.00 1.50 0 0
7.10 1.50 0 0
7.20 1.50 0 0
7.30 1.50 0 0
7.40 1.50 452 125
7.50 1.50 454 124
7.60 1.50 455 122
7.70 1.50 457 121
7.80 1.50 459 120
7.90 1.50 462 119
8.00 1.50 463 118
8.10 1.50 465 117
8.20 1.50 468 116
8.30 1.50 470 115
8.40 1.50 472 114
8.50 1.50 475 113
8.60 1.50 478 112
8.70 1.50 479 111
8.80 1.50 482 110
8.90 1.50 484 109
9.00 1.50 485 108
9.10 1.50 488 107
-9.00 1.60 37 326
-8.90 1.60 40 325
-8.80 1.60 44 323
-8.70 1.60 46 322
-8.60 1.60 49 321
-8.50 1.60 52 320
-8.40 1.60 56 318
-8.30 1.60 59 317
-8.20 1.60 62 315
-8.10 1.60 66 314
-8.00 1.60 68 313
-7.90 1.60 71 311
-7.80 1.60 74 310
-7.70 1.60 76 309
-7.60 1.60 77 308
-7.50 1.60 79 308
-7.40 1.60 0 0
-7.30 1.60 0 0
-7.20 1.60 0 0
-7.10 1.60 0 0
-7.00 1.60 0 0
-6.90 1.60 0 0
-6.80 1.60 0 0
-6.70 1.60 0 0
-6.60 1.60 0 0
-6.50 1.60 0 0
-6.40 1.60 0 0
-6.30 1.60 0 0
-6.20 1.60 0 0
-6.10 1.60 0 0
-6.00 1.60 0 0
-5.90 1.60 0 0
-5.80 1.60 0 0
-5.70 1.60 0 0
-5.60 1.60 132 323
-5.50 1.60 133 323
-5.40 1.60 134 322
-5.30 1.60 137 316
-5.20 1.60 141 314
-5.10 1.60 144 313
-5.00 1.60 146 312
-4.90 1.60 150 311
-4.80 1.60 152 310
-4.70 1.60 155 309
-4.60 1.60 158 308
-4.50 1.60 160 307
-4.40 1.60 163 306
-4.30 1.60 166 305
-4.20 1.60 168 304
-4.10 1.60 171 303
-4.00 1.60 174 302
-3.90 1.60 176 301
-3.80 1.60 179 301
-3.70 1.60 182 300
-3.60 1.60 185 299
-3.50 1.60 187 298
-3.40 1.60 190 298
-3.30 1.60 193 297
-3.20 1.60 195 296
-3.10 1.60 198 296
-3.00 1.60 201 295
-2.90 1.60 203 294
-2.80 1.60 206 293
-2.70 1.60 208 293
-2.60 1.60 211 292
-2.50 1.60 213 292
-2.40 1.60 216 291
-2.30 1.60 219 290
-2.20 1.60 222 290
-2.10 1.60 224 289
-2.00 1.60 227 288
-1.90 1.60 229 287
-1.80 1.60 231 286
-1.70 1.60 234 285
-1.60 1.60 237 284
-1.50 1.60 239 283
-1.40 1.60 242 282
-1.30 1.60 244 281
-1.20 1.60 247 279
-1.10 1.60 249 278
-1.00 1.60 252 277
-0.90 1.60 255 276
-0.80 1.60 257 274
-0.70 1.60 260 273
-0.60 1.60 263 272
-0.50 1.60 265 271
-0.40 1.60 267 270
-0.30 1.60 270 269
-0.20 1.60 272 267
-0.10 1.60 275 266
-0.00 1.60 278 265
0.10 1.60 281 264
0.20 1.60 283 262
0.30 1.60 285 261
0.40 1.60 288 260
0.50 1.60 290 259
0.60 1.60 293 257
0.70 1.60 296 256
0.80 1.60 298 255
0.90 1.60 300 254
1.00 1.60 303 252
1.10 1.60 306 251
1.20 1.60 308 250
1.30 1.60 310 248
1.40 1.60 313 247
1.50 1.60 316 246
1.60 1.60 318 244
1.70 1.60 320 243
1.80 1.60 322 242
1.90 1.60 325 241
2.00 1.60 327 239
2.10 1.60 330 237
2.20 1.60 333 236
2.30 1.60 336 234
2.40 1.60 338 232
2.50 1.60 340 231
2.60 1.60 342 229
2.70 1.60 345 228
2.80 1.60 347 226
2.90 1.60 350 224
3.00 1.60 352 222
3.10 1.60 355 220
3.20 1.60 357 218
3.30 1.60 360 216
3.40 1.60 362 215
3.50 1.60 364 213
3.60 1.60 367 211
3.70 1.60 369 210
3.80 1.60 371 208
3.90 1.60 374 207
4.00 1.60 376 206
4.10 1.60 379 204
4.20 1.60 381 203
4.30 1.60 383 201
4.40 1.60 385 199
4.50 1.60 388 197
4.60 1.60 390 196
4.70 1.60 392 194
4.80 1.60 395 193
4.90 1.60 397 191
5.00 1.60 399 189
5.10 1.60 402 188
5.20 1.60 404 186
5.30 1.60 407 184
5.40 1.60 409 183
5.50 1.60 411 181
5.60 1.60 413 180
5.70 1.60 415 178
5.80 1.60 418 176
5.90 1.60 421 174
6.00 1.60 422 173
6.10 1.60 425 171
6.20 1.60 426 170
6.30 1.60 427 169
6.40 1.60 0 0
6.50 1.60 0 0
6.60 1.60 0 0
6.70 1.60 0 0
6.80 1.60 0 0
6.90 1.60 0 0
7.00 1.60 0 0
7.10 1.60 0 0
7.20 1.60 0 0
7.30 1.60 452 127
7.40 1.60 454 126
7.50 1.60 455 125
7.60 1.60 457 123
7.70 1.60 459 122
7.80 1.60 461 121
7.90 1.60 463 120
8.00 1.60 465 119
8.10 1.60 468 118
8.20 1.60 470 117
8.30 1.60 471 116
8.40 1.60 474 115
8.50 1.60 476 114
8.60 1.60 479 113
8.70 1.60 481 112
8.80 1.60 483 111
8.90 1.60 485 110
9.00 1.60 488 109
9.10 1.60 489 108
-9.00 1.70 38 327
-8.90 1.70 41 326
-8.80 1.70 45 325
-8.70 1.70 48 323
-8.60 1.70 51 322
-8.50 1.70 54 321
-8.40 1.70 57 319
-8.30 1.70 60 318
-8.20 1.70 64 316
-8.10 1.70 67 315
-8.00 1.70 70 314
-7.90 1.70 73 312
-7.80 1.70 75 311
-7.70 1.70 77 311
-7.60 1.70 79 310
-7.50 1.70 81 309
-7.40 1.70 0 0
-7.30 1.70 0 0
-7.20 1.70 0 0
-7.10 1.70 0 0
-7.00 1.70 0 0
-6.90 1.70 0 0
-6.80 1.70 0 0
-6.70 1.70 0 0
-6.60 1.70 0 0
-6.50 1.70 0 0
-6.40 1.70 0 0
-6.30 1.70 0 0
-6.20 1.70 0 0
-6.10 1.70 0 0
-6.00 1.70 0 0
-5.90 1.70 0 0
-5.80 1.70 0 0
-5.70 1.70 0 0
-5.60 1.70 133 324
-5.50 1.70 134 325
-5.40 1.70 135 323
-5.30 1.70 139 317
-5.20 1.70 142 315
-5.10 1.70 145 313
-5.00 1.70 148 313
-4.90 1.70 152 311
-4.80 1.70 153 311
-4.70 1.70 157 310
-4.60 1.70 160 308
-4.50 1.70 162 308
-4.40 1.70 165 306
-4.30 1.70 168 306
-4.20 1.70 170 305
-4.10 1.70 173 304
-4.00 1.70 176 303
-3.90 1.70 179 302
-3.80 1.70 181 301
-3.70 1.70 184 300
-3.60 1.70 186 300
-3.50 1.70 189 299
-3.40 1.70 192 299
-3.30 1.70 195 298
-3.20 1.70 197 297
-3.10 1.70 200 296
-3.00 1.70 203 296
-2.90 1.70 205 295
-2.80 1.70 207 295
-2.70 1.70 209 294
-2.60 1.70 212 293
-2.50 1.70 216 293
-2.40 1.70 218 292
-2.30 1.70 221 291
-2.20 1.70 223 291
-2.10 1.70 226 290
-2.00 1.70 228 289
-1.90 1.70 230 288
-1.80 1.70 233 287
-1.70 1.70 236 286
-1.60 1.70 238 285
-1.50 1.70 241 284
-1.40 1.70 243 283
-1.30 1.70 246 282
-1.20 1.70 248 280
-1.10 1.70 251 279
-1.00 1.70 254 278
-0.90 1.70 256 277
-0.80 1.70 259 275
-0.70 1.70 262 274
-0.60 1.70 264 273
-0.50 1.70 267 272
-0.40 1.70 269 271
-0.30 1.70 272 270
-0.20 1.70 274 269
-0.10 1.70 277 267
-0.00 1.70 279 266
0.10 1.70 282 265
0.20 1.70 285 264
0.30 1.70 287 263
0.40 1.70 289 261
0.50 1.70 292 260
0.60 1.70 294 259
0.70 1.70 297 257
0.80 1.70 300 256
0.90 1.70 302 255
1.00 1.70 305 253
1.10 1.70 308 252
1.20 1.70 309 251
1.30 1.70 312 250
1.40 1.70 314 248
1.50 1.70 317 247
1.60 1.70 319 246
1.70 1.70 323 244
1.80 1.70 324 243
1.90 1.70 327 242
2.00 1.70 329 240
2.10 1.70 331 239
2.20 1.70 334 237
2.30 1.70 337 235
2.40 1.70 339 233
2.50 1.70 342 232
2.60 1.70 344 230
2.70 1.70 346 228
2.80 1.70 349 226
2.90 1.70 352 225
3.00 1.70 354 223
3.10 1.70 356 221
3.20 1.70 359 219
3.30 1.70 362 217
3.40 1.70 364 216
3.50 1.70 366 214
3.60 1.70 368 212
3.70 1.70 370 211
3.80 1.70 373 210
3.90 1.70 376 208
4.00 1.70 378 206
4.10 1.70 380 205
4.20 1.70 383 203
4.30 1.70 385 202
4.40 1.70 387 200
4.50 1.70 390 198
4.60 1.70 392 197
4.70 1.70 394 195
4.80 1.70 396 193
4.90 1.70 399 191
5.00 1.70 401 190
5.10 1.70 403 188
5.20 1.70 406 187
5.30 1.70 408 185
5.40 1.70 411 183
5.50 1.70 412 181
5.60 1.70 415 180
5.70 1.70 418 178
5.80 1.70 419 177
5.90 1.70 422 175
6.00 1.70 424 173
6.10 1.70 426 172
6.20 1.70 428 171
6.30 1.70 0 0
6.40 1.70 0 0
6.50 1.70 0 0
6.60 1.70 0 0
6.70 1.70 0 0
6.80 1.70 0 0
6.90 1.70 0 0
7.00 1.70 0 0
7.10 1.70 0 0
7.20 1.70 0 0
7.30 1.70 454 127
7.40 1.70 455 127
7.50 1.70 456 126
7.60 1.70 458 124
7.70 1.70 460 123
7.80 1.70 462 122
7.90 1.70 465 121
8.00 1.70 467 120
8.10 1.70 469 119
8.20 1.70 471 118
8.30 1.70 473 117
8.40 1.70 476 116
8.50 1.70 478 115
8.60 1.70 480 114
8.70 1.70 482 113
8.80 1.70 484 112
8.90 1.70 487 111
9.00 1.70 489 110
9.10 1.70 491 109
-9.00 1.80 39 329
-8.90 1.80 43 327
-8.80 1.80 46 326
-8.70 1.80 49 325
-8.60 1.80 52 324
-8.50 1.80 55 322
-8.40 1.80 58 321
-8.30 1.80 62 319
-8.20 1.80 65 318
-8.10 1.80 68 316
-8.00 1.80 71 315
-7.90 1.80 74 314
-7.80 1.80 77 313
-7.70 1.80 79 312
-7.60 1.80 81 311
-7.50 1.80 82 310
-7.40 1.80 0 0
-7.30 1.80 0 0
-7.20 1.80 0 0
-7.10 1.80 0 0
-7.00 1.80 0 0
-6.90 1.80 0 0
-6.80 1.80 0 0
-6.70 1.80 0 0
-6.60 1.80 0 0
-6.50 1.80 0 0
-6.40 1.80 0 0
-6.30 1.80 0 0
-6.20 1.80 0 0
-6.10 1.80 0 0
-6.00 1.80 0 0
-5.90 1.80 0 0
-5.80 1.80 0 0
-5.70 1.80 0 0
-5.60 1.80 135 325
-5.50 1.80 136 325
-5.40 1.80 137 324
-5.30 1.80 140 317
-5.20 1.80 144 315
-5.10 1.80 147 314
-5.00 1.80 150 313
-4.90 1.80 153 312
-4.80 1.80 156 311
-4.70 1.80 159 310
-4.60 1.80 161 309
-4.50 1.80 163 308
-4.40 1.80 166 307
-4.30 1.80 169 306
-4.20 1.80 172 305
-4.10 1.80 174 304
-4.00 1.80 178 304
-3.90 1.80 180 303
-3.80 1.80 183 302
-3.70 1.80 186 301
-3.60 1.80 188 301
-3.50 1.80 191 300
-3.40 1.80 193 300
-3.30 1.80 196 299
-3.20 1.80 199 298
-3.10 1.80 202 297
-3.00 1.80 204 297
-2.90 1.80 206 296
-2.80 1.80 209 296
-2.70 1.80 211 295
-2.60 1.80 213 294
-2.50 1.80 217 294
-2.40 1.80 219 293
-2.30 1.80 222 293
-2.20 1.80 225 292
-2.10 1.80 228 291
-2.00 1.80 230 291
-1.90 1.80 232 289
-1.80 1.80 235 288
-1.70 1.80 237 287
-1.60 1.80 239 286
-1.50 1.80 242 285
-1.40 1.80 245 284
-1.30 1.80 247 283
-1.20 1.80 250 282
-1.10 1.80 253 281
-1.00 1.80 256 279
-0.90 1.80 258 278
-0.80 1.80 261 277
-0.70 1.80 264 276
-0.60 1.80 265 274
-0.50 1.80 268 273
-0.40 1.80 271 272
-0.30 1.80 274 271
-0.20 1.80 276 270
-0.10 1.80 279 268
-0.00 1.80 281 267
0.10 1.80 284 266
0.20 1.80 287 265
0.30 1.80 288 264
0.40 1.80 291 262
0.50 1.80 294 261
0.60 1.80 296 260
0.70 1.80 299 258
0.80 1.80 301 257
0.90 1.80 304 256
1.00 1.80 306 255
1.10 1.80 309 253
1.20 1.80 311 252
1.30 1.80 314 251
1.40 1.80 316 249
1.50 1.80 319 248
1.60 1.80 321 247
1.70 1.80 324 246
1.80 1.80 326 245
1.90 1.80 328 243
2.00 1.80 331 241
2.10 1.80 333 240
2.20 1.80 336 238
2.30 1.80 339 236
2.40 1.80 341 234
2.50 1.80 343 233
2.60 1.80 346 231
2.70 1.80 348 229
2.80 1.80 350 227
2.90 1.80 353 225
3.00 1.80 356 223
3.10 1.80 358 222
3.20 1.80 360 220
3.30 1.80 363 218
3.40 1.80 365 216
3.50 1.80 368 215
3.60 1.80 370 213
3.70 1.80 372 212
3.80 1.80 374 210
3.90 1.80 377 209
4.00 1.80 379 207
4.10 1.80 382 206
4.20 1.80 384 204
4.30 1.80 386 202
4.40 1.80 388 201
4.50 1.80 391 199
4.60 1.80 393 197
4.70 1.80 395 196
4.80 1.80 398 194
4.90 1.80 401 192
5.00 1.80 403 191
5.10 1.80 405 189
5.20 1.80 407 188
5.30 1.80 409 186
5.40 1.80 411 184
5.50 1.80 414 182
5.60 1.80 416 180
5.70 1.80 419 179
5.80 1.80 421 177
5.90 1.80 423 175
6.00 1.80 426 174
6.10 1.80 427 173
6.20 1.80 429 172
6.30 1.80 0 0
6.40 1.80 0 0
6.50 1.80 0 0
6.60 1.80 0 0
6.70 1.80 0 0
6.80 1.80 0 0
6.90 1.80 0 0
7.00 1.80 0 0
7.10 1.80 0 0
7.20 1.80 0 0
7.30 1.80 455 129
7.40 1.80 456 128
7.50 1.80 457 126
7.60 1.80 460 125
7.70 1.80 461 125
7.80 1.80 464 123
7.90 1.80 466 122
8.00 1.80 468 121
8.10 1.80 471 120
8.20 1.80 472 119
8.30 1.80 475 118
8.40 1.80 477 117
8.50 1.80 479 116
8.60 1.80 482 115
8.70 1.80 484 114
8.80 1.80 486 113
8.90 1.80 488 111
9.00 1.80 491 111
9.10 1.80 493 110
-9.00 1.90 41 330
-8.90 1.90 45 329
-8.80 1.90 47 328
-8.70 1.90 50 327
-8.60 1.90 54 325
-8.50 1.90 57 323
-8.40 1.90 60 322
-8.30 1.90 63 321
-8.20 1.90 67 319
-8.10 1.90 69 318
-8.00 1.90 72 317
-7.90 1.90 75 315
-7.80 1.90 78 314
-7.70 1.90 80 313
-7.60 1.90 83 312
-7.50 1.90 85 312
-7.40 1.90 0 0
-7.30 1.90 0 0
-7.20 1.90 0 0
-7.10 1.90 0 0
-7.00 1.90 0 0
-6.90 1.90 0 0
-6.80 1.90 0 0
-6.70 1.90 0 0
-6.60 1.90 0 0
-6.50 1.90 0 0
-6.40 1.90 0 0
-6.30 1.90 0 0
-6.20 1.90 0 0
-6.10 1.90 0 0
-6.00 1.90 0 0
-5.90 1.90 0 0
-5.80 1.90 0 0
-5.70 1.90 0 0
-5.60 1.90 136 325
-5.50 1.90 137 326
-5.40 1.90 139 324
-5.30 1.90 143 318
-5.20 1.90 146 315
-5.10 1.90 149 315
-5.00 1.90 152 314
-4.90 1.90 154 313
-4.80 1.90 158 312
-4.70 1.90 160 311
-4.60 1.90 163 310
-4.50 1.90 165 309
-4.40 1.90 168 308
-4.30 1.90 171 307
-4.20 1.90 174 306
-4.10 1.90 176 305
-4.00 1.90 179 305
-3.90 1.90 182 304
-3.80 1.90 185 303
-3.70 1.90 187 302
-3.60 1.90 190 302
-3.50 1.90 193 301
-3.40 1.90 195 300
-3.30 1.90 198 300
-3.20 1.90 200 299
-3.10 1.90 203 299
-3.00 1.90 205 298
-2.90 1.90 208 297
-2.80 1.90 210 297
-2.70 1.90 212 297
-2.60 1.90 216 296
-2.50 1.90 218 295
-2.40 1.90 221 295
-2.30 1.90 223 294
-2.20 1.90 226 293
-2.10 1.90 229 293
-2.00 1.90 231 292
-1.90 1.90 234 291
-1.80 1.90 236 289
-1.70 1.90 239 288
-1.60 1.90 242 287
-1.50 1.90 244 286
-1.40 1.90 247 285
-1.30 1.90 249 284
-1.20 1.90 252 283
-1.10 1.90 254 282
-1.00 1.90 257 281
-0.90 1.90 260 279
-0.80 1.90 262 278
-0.70 1.90 265 277
-0.60 1.90 267 276
-0.50 1.90 270 275
-0.40 1.90 272 274
-0.30 1.90 275 272
-0.20 1.90 277 271
-0.10 1.90 280 270
-0.00 1.90 283 269
0.10 1.90 285 267
0.20 1.90 288 266
0.30 1.90 290 265
0.40 1.90 293 264
0.50 1.90 295 262
0.60 1.90 298 261
0.70 1.90 300 260
0.80 1.90 303 258
0.90 1.90 306 257
1.00 1.90 308 255
1.10 1.90 310 255
1.20 1.90 313 253
1.30 1.90 315 252
1.40 1.90 318 251
1.50 1.90 320 249
1.60 1.90 323 248
1.70 1.90 325 246
1.80 1.90 328 245
1.90 1.90 330 244
2.00 1.90 332 242
2.10 1.90 335 240
2.20 1.90 337 239
2.30 1.90 340 237
2.40 1.90 343 235
2.50 1.90 345 233
2.60 1.90 347 232
2.70 1.90 350 230
2.80 1.90 352 228
2.90 1.90 355 226
3.00 1.90 357 225
3.10 1.90 360 222
3.20 1.90 362 220
3.30 1.90 365 219
3.40 1.90 367 217
3.50 1.90 369 215
3.60 1.90 371 214
3.70 1.90 374 213
3.80 1.90 376 211
3.90 1.90 378 210
4.00 1.90 381 208
4.10 1.90 384 206
4.20 1.90 386 205
4.30 1.90 389 203
4.40 1.90 390 201
4.50 1.90 392 200
4.60 1.90 394 198
4.70 1.90 397 197
4.80 1.90 400 195
4.90 1.90 402 193
5.00 1.90 404 191
5.10 1.90 407 189
5.20 1.90 409 188
5.30 1.90 411 186
5.40 1.90 413 185
5.50 1.90 416 183
5.60 1.90 418 181
5.70 1.90 421 180
5.80 1.90 423 178
5.90 1.90 425 176
6.00 1.90 427 175
6.10 1.90 428 173
6.20 1.90 430 172
6.30 1.90 0 0
6.40 1.90 0 0
6.50 1.90 0 0
6.60 1.90 0 0
6.70 1.90 0 0
6.80 1.90 0 0
6.90 1.90 0 0
7.00 1.90 452 180
7.10 1.90 0 0
7.20 1.90 0 0
7.30 1.90 457 130
7.40 1.90 458 128
7.50 1.90 459 127
7.60 1.90 461 126
7.70 1.90 463 125
7.80 1.90 465 124
7.90 1.90 467 123
8.00 1.90 470 122
8.10 1.90 472 121
8.20 1.90 474 120
8.30 1.90 476 119
8.40 1.90 479 118
8.50 1.90 481 117
8.60 1.90 483 116
8.70 1.90 485 115
8.80 1.90 487 114
8.90 1.90 490 113
9.00 1.90 492 112
9.10 1.90 494 111
-9.00 2.00 42 332
-8.90 2.00 45 331
-8.80 2.00 48 329
-8.70 2.00 51 328
-8.60 2.00 55 326
-8.50 2.00 59 325
-8.40 2.00 61 323
-8.30 2.00 65 322
-8.20 2.00 68 321
-8.10 2.00 71 319
-8.00 2.00 74 318
-7.90 2.00 76 316
-7.80 2.00 79 315
-7.70 2.00 82 314
-7.60 2.00 85 313
-7.50 2.00 86 313
-7.40 2.00 0 0
-7.30 2.00 0 0
-7.20 2.00 0 0
-7.10 2.00 0 0
-7.00 2.00 0 0
-6.90 2.00 0 0
-6.80 2.00 0 0
-6.70 2.00 0 0
-6.60 2.00 0 0
-6.50 2.00 0 0
-6.40 2.00 0 0
-6.30 2.00 0 0
-6.20 2.00 0 0
-6.10 2.00 0 0
-6.00 2.00 0 0
-5.90 2.00 0 0
-5.80 2.00 0 0
-5.70 2.00 0 0
-5.60 2.00 0 0
-5.50 2.00 139 328
-5.40 2.00 141 326
-5.30 2.00 144 319
-5.20 2.00 148 317
-5.10 2.00 151 315
-5.00 2.00 154 314
-4.90 2.00 156 313
-4.80 2.00 159 312
-4.70 2.00 162 311
-4.60 2.00 165 310
-4.50 2.00 167 310
-4.40 2.00 170 309
-4.30 2.00 173 308
-4.20 2.00 176 307
-4.10 2.00 178 306
-4.00 2.00 181 306
-3.90 2.00 184 305
-3.80 2.00 186 304
-3.70 2.00 189 303
-3.60 2.00 191 303
-3.50 2.00 194 302
-3.40 2.00 197 301
-3.30 2.00 199 301
-3.20 2.00 202 300
-3.10 2.00 205 300
-3.00 2.00 207 299
-2.90 2.00 210 298
-2.80 2.00 212 298
-2.70 2.00 215 298
-2.60 2.00 217 297
-2.50 2.00 220 296
-2.40 2.00 223 296
-2.30 2.00 225 295
-2.20 2.00 228 294
-2.10 2.00 230 294
-2.00 2.00 233 292
-1.90 2.00 235 292
-1.80 2.00 238 291
-1.70 2.00 241 290
-1.60 2.00 243 289
-1.50 2.00 246 287
-1.40 2.00 248 286
-1.30 2.00 251 285
-1.20 2.00 254 284
-1.10 2.00 256 283
-1.00 2.00 259 282
-0.90 2.00 261 281
-0.80 2.00 264 279
-0.70 2.00 266 278
-0.60 2.00 269 277
-0.50 2.00 272 276
-0.40 2.00 274 275
-0.30 2.00 277 273
-0.20 2.00 279 272
-0.10 2.00 282 271
-0.00 2.00 284 270
0.10 2.00 287 269
0.20 2.00 290 267
0.30 2.00 292 266
0.40 2.00 295 265
0.50 2.00 297 264
0.60 2.00 299 262
0.70 2.00 302 261
0.80 2.00 305 260
0.90 2.00 307 258
1.00 2.00 309 257
1.10 2.00 313 256
1.20 2.00 315 254
1.30 2.00 317 253
1.40 2.00 319 252
1.50 2.00 322 250
1.60 2.00 325 249
1.70 2.00 327 247
1.80 2.00 329 246
1.90 2.00 332 245
2.00 2.00 334 243
2.10 2.00 337 242
2.20 2.00 339 240
2.30 2.00 341 238
2.40 2.00 344 236
2.50 2.00 347 234
2.60 2.00 349 232
2.70 2.00 352 231
2.80 2.00 354 229
2.90 2.00 356 227
3.00 2.00 359 225
3.10 2.00 362 223
3.20 2.00 364 222
3.30 2.00 366 220
3.40 2.00 369 218
3.50 2.00 371 216
3.60 2.00 373 215
3.70 2.00 376 214
3.80 2.00 378 212
3.90 2.00 380 211
4.00 2.00 383 209
4.10 2.00 386 207
4.20 2.00 387 205
4.30 2.00 390 204
4.40 2.00 392 202
4.50 2.00 394 201
4.60 2.00 396 199
4.70 2.00 399 197
4.80 2.00 401 196
4.90 2.00 404 194
5.00 2.00 406 192
5.10 2.00 408 190
5.20 2.00 410 189
5.30 2.00 413 187
5.40 2.00 415 186
5.50 2.00 417 183
5.60 2.00 420 181
5.70 2.00 422 180
5.80 2.00 424 179
5.90 2.00 427 177
6.00 2.00 428 176
6.10 2.00 430 174
6.20 2.00 0 0
6.30 2.00 0 0
6.40 2.00 0 0
6.50 2.00 0 0
6.60 2.00 0 0
6.70 2.00 0 0
6.80 2.00 0 0
6.90 2.00 0 0
7.00 2.00 0 0
7.10 2.00 0 0
7.20 2.00 0 0
7.30 2.00 458 130
7.40 2.00 459 129
7.50 2.00 460 128
7.60 2.00 463 127
7.70 2.00 465 126
7.80 2.00 467 125
7.90 2.00 469 124
8.00 2.00 472 123
8.10 2.00 474 122
8.20 2.00 476 121
8.30 2.00 478 120
8.40 2.00 480 119
8.50 2.00 482 118
8.60 2.00 485 117
8.70 2.00 486 116
8.80 2.00 489 114
8.90 2.00 491 114
9.00 2.00 493 113
9.10 2.00 496 111
-9.00 2.10 44 333
-8.90 2.10 46 332
-8.80 2.10 50 331
-8.70 2.10 53 329
-8.60 2.10 57 328
-8.50 2.10 60 326
-8.40 2.10 63 325
-8.30 2.10 66 323
-8.20 2.10 69 322
-8.10 2.10 72 321
-8.00 2.10 75 319
-7.90 2.10 78 318
-7.80 2.10 81 316
-7.70 2.10 83 315
-7.60 2.10 86 314
-7.50 2.10 88 314
-7.40 2.10 0 0
-7.30 2.10 0 0
-7.20 2.10 0 0
-7.10 2.10 0 0
-7.00 2.10 0 0
-6.90 2.10 0 0
-6.80 2.10 0 0
-6.70 2.10 0 0
-6.60 2.10 0 0
-6.50 2.10 0 0
-6.40 2.10 0 0
-6.30 2.10 0 0
-6.20 2.10 0 0
-6.10 2.10 0 0
-6.00 2.10 0 0
-5.90 2.10 0 0
-5.80 2.10 0 0
-5.70 2.10 0 0
-5.60 2.10 0 0
-5.50 2.10 141 328
-5.40 2.10 143 326
-5.30 2.10 146 321
-5.20 2.10 151 317
-5.10 2.10 152 316
-5.00 2.10 155 315
-4.90 2.10 158 314
-4.80 2.10 161 313
-4.70 2.10 164 312
-4.60 2.10 166 311
-4.50 2.10 169 310
-4.40 2.10 171 309
-4.30 2.10 174 308
-4.20 2.10 176 308
-4.10 2.10 180 307
-4.00 2.10 182 306
-3.90 2.10 185 306
-3.80 2.10 188 305
-3.70 2.10 190 305
-3.60 2.10 193 304
-3.50 2.10 196 303
-3.40 2.10 198 302
-3.30 2.10 201 302
-3.20 2.10 203 301
-3.10 2.10 206 300
-3.00 2.10 209 300
-2.90 2.10 211 300
-2.80 2.10 214 299
-2.70 2.10 216 299
-2.60 2.10 219 298
-2.50 2.10 221 298
-2.40 2.10 224 297
-2.30 2.10 227 296
-2.20 2.10 229 296
-2.10 2.10 232 295
-2.00 2.10 235 294
-1.90 2.10 237 293
-1.80 2.10 240 292
-1.70 2.10 242 291
-1.60 2.10 244 290
-1.50 2.10 247 289
-1.40 2.10 250 287
-1.30 2.10 253 286
-1.20 2.10 255 285
-1.10 2.10 258 284
-1.00 2.10 260 283
-0.90 2.10 263 282
-0.80 2.10 265 280
-0.70 2.10 268 279
-0.60 2.10 271 278
-0.50 2.10 273 277
-0.40 2.10 276 276
-0.30 2.10 278 275
-0.20 2.10 281 273
-0.10 2.10 284 272
-0.00 2.10 286 271
0.10 2.10 289 269
0.20 2.10 291 268
0.30 2.10 293 267
0.40 2.10 296 266
0.50 2.10 298 264
0.60 2.10 301 263
0.70 2.10 304 262
0.80 2.10 306 261
0.90 2.10 309 259
1.00 2.10 311 258
1.10 2.10 314 257
1.20 2.10 317 256
1.30 2.10 319 254
1.40 2.10 321 253
1.50 2.10 323 252
1.60 2.10 326 250
1.70 2.10 329 249
1.80 2.10 332 247
1.90 2.10 334 246
2.00 2.10 336 244
2.10 2.10 338 242
2.20 2.10 341 241
2.30 2.10 343 239
2.40 2.10 346 237
2.50 2.10 348 235
2.60 2.10 351 233
2.70 2.10 353 232
2.80 2.10 356 230
2.90 2.10 358 228
3.00 2.10 361 226
3.10 2.10 363 224
3.20 2.10 365 222
3.30 2.10 368 221
3.40 2.10 370 219
3.50 2.10 373 218
3.60 2.10 375 216
3.70 2.10 377 215
3.80 2.10 379 213
3.90 2.10 382 211
4.00 2.10 384 210
4.10 2.10 387 208
4.20 2.10 389 206
4.30 2.10 391 205
4.40 2.10 393 203
4.50 2.10 396 201
4.60 2.10 398 200
4.70 2.10 400 198
4.80 2.10 403 196
4.90 2.10 405 195
5.00 2.10 407 193
5.10 2.10 410 191
5.20 2.10 412 189
5.30 2.10 414 187
5.40 2.10 417 185
5.50 2.10 419 184
5.60 2.10 421 182
5.70 2.10 424 181
5.80 2.10 426 179
5.90 2.10 428 177
6.00 2.10 430 176
6.10 2.10 431 175
6.20 2.10 0 0
6.30 2.10 0 0
6.40 2.10 0 0
6.50 2.10 0 0
6.60 2.10 0 0
6.70 2.10 0 0
6.80 2.10 0 0
6.90 2.10 0 0
7.00 2.10 0 0
7.10 2.10 0 0
7.20 2.10 0 0
7.30 2.10 459 131
7.40 2.10 460 130
7.50 2.10 462 129
7.60 2.10 464 128
7.70 2.10 466 127
7.80 2.10 469 126
7.90 2.10 471 125
8.00 2.10 473 124
8.10 2.10 475 123
8.20 2.10 477 122
8.30 2.10 479 121
8.40 2.10 482 119
8.50 2.10 484 118
8.60 2.10 486 117
8.70 2.10 489 117
8.80 2.10 491 115
8.90 2.10 493 114
9.00 2.10 495 113
9.10 2.10 497 112
-9.00 2.20 45 334
-8.90 2.20 48 333
-8.80 2.20 51 331
-8.70 2.20 55 330
-8.60 2.20 58 329
-8.50 2.20 61 327
-8.40 2.20 64 326
-8.30 2.20 68 325
-8.20 2.20 70 324
-8.10 2.20 73 322
-8.00 2.20 76 321
-7.90 2.20 80 319
-7.80 2.20 83 317
-7.70 2.20 85 316
-7.60 2.20 87 316
-7.50 2.20 88 315
-7.40 2.20 0 0
-7.30 2.20 0 0
-7.20 2.20 0 0
-7.10 2.20 0 0
-7.00 2.20 0 0
-6.90 2.20 0 0
-6.80 2.20 0 0
-6.70 2.20 0 0
-6.60 2.20 0 0
-6.50 2.20 0 0
-6.40 2.20 0 0
-6.30 2.20 0 0
-6.20 2.20 0 0
-6.10 2.20 0 0
-6.00 2.20 0 0
-5.90 2.20 0 0
-5.80 2.20 0 0
-5.70 2.20 0 0
-5.60 2.20 0 0
-5.50 2.20 143 329
-5.40 2.20 144 327
-5.30 2.20 146 324
-5.20 2.20 152 318
-5.10 2.20 154 317
-5.00 2.20 158 316
-4.90 2.20 160 315
-4.80 2.20 162 314
-4.70 2.20 165 313
-4.60 2.20 168 312
-4.50 2.20 171 311
-4.40 2.20 173 310
-4.30 2.20 176 310
-4.20 2.20 178 309
-4.10 2.20 181 308
-4.00 2.20 184 307
-3.90 2.20 187 306
-3.80 2.20 189 306
-3.70 2.20 192 305
-3.60 2.20 195 305
-3.50 2.20 198 304
-3.40 2.20 200 303
-3.30 2.20 202 303
-3.20 2.20 205 302
-3.10 2.20 208 302
-3.00 2.20 210 301
-2.90 2.20 213 301
-2.80 2.20 215 300
-2.70 2.20 218 300
-2.60 2.20 221 300
-2.50 2.20 223 299
-2.40 2.20 226 298
-2.30 2.20 229 298
-2.20 2.20 231 297
-2.10 2.20 234 296
-2.00 2.20 236 295
-1.90 2.20 239 294
-1.80 2.20 241 294
-1.70 2.20 244 292
-1.60 2.20 247 291
-1.50 2.20 249 290
-1.40 2.20 252 289
-1.30 2.20 254 287
-1.20 2.20 257 286
-1.10 2.20 260 285
-1.00 2.20 262 284
-0.90 2.20 264 283
-0.80 2.20 267 282
-0.70 2.20 270 280
-0.60 2.20 273 279
-0.50 2.20 275 278
-0.40 2.20 278 277
-0.30 2.20 280 276
-0.20 2.20 282 274
-0.10 2.20 286 273
-0.00 2.20 288 272
0.10 2.20 290 271
0.20 2.20 292 270
0.30 2.20 295 268
0.40 2.20 298 267
0.50 2.20 300 265
0.60 2.20 303 265
0.70 2.20 305 263
0.80 2.20 308 262
0.90 2.20 310 261
1.00 2.20 313 259
1.10 2.20 315 258
1.20 2.20 318 256
1.30 2.20 320 255
1.40 2.20 323 254
1.50 2.20 325 253
1.60 2.20 328 251
1.70 2.20 330 250
1.80 2.20 333 249
1.90 2.20 335 247
2.00 2.20 337 245
2.10 2.20 340 243
2.20 2.20 343 241
2.30 2.20 345 239
2.40 2.20 348 238
2.50 2.20 350 236
2.60 2.20 353 234
2.70 2.20 355 232
2.80 2.20 358 231
2.90 2.20 360 229
3.00 2.20 362 227
3.10 2.20 365 225
3.20 2.20 367 224
3.30 2.20 369 222
3.40 2.20 372 220
3.50 2.20 374 219
3.60 2.20 377 217
3.70 2.20 379 215
3.80 2.20 381 214
3.90 2.20 383 212
4.00 2.20 386 210
4.10 2.20 388 209
4.20 2.20 390 207
4.30 2.20 393 205
4.40 2.20 395 204
4.50 2.20 397 202
4.60 2.20 400 200
4.70 2.20 402 199
4.80 2.20 405 197
4.90 2.20 407 195
5.00 2.20 409 193
5.10 2.20 411 192
5.20 2.20 414 190
5.30 2.20 416 188
5.40 2.20 418 186
5.50 2.20 420 185
5.60 2.20 423 183
5.70 2.20 426 181
5.80 2.20 427 180
5.90 2.20 429 178
6.00 2.20 431 177
6.10 2.20 433 176
6.20 2.20 0 0
6.30 2.20 0 0
6.40 2.20 0 0
6.50 2.20 0 0
6.60 2.20 0 0
6.70 2.20 0 0
6.80 2.20 0 0
6.90 2.20 0 0
7.00 2.20 0 0
7.10 2.20 0 0
7.20 2.20 0 0
7.30 2.20 461 132
7.40 2.20 462 131
7.50 2.20 464 130
7.60 2.20 466 129
7.70 2.20 468 128
7.80 2.20 470 127
7.90 2.20 472 126
8.00 2.20 474 125
8.10 2.20 477 124
8.20 2.20 479 122
8.30 2.20 481 121
8.40 2.20 483 121
8.50 2.20 486 119
8.60 2.20 488 118
8.70 2.20 490 117
8.80 2.20 493 116
8.90 2.20 494 115
9.00 2.20 496 114
9.10 2.20 499 114
-9.00 2.30 47 336
-8.90 2.30 50 335
-8.80 2.30 53 333
-8.70 2.30 56 332
-8.60 2.30 59 330
-8.50 2.30 63 329
-8.40 2.30 66 328
-8.30 2.30 68 326
-8.20 2.30 71 325
-8.10 2.30 74 323
-8.00 2.30 78 322
-7.90 2.30 81 320
-7.80 2.30 84 319
-7.70 2.30 86 318
-7.60 2.30 89 317
-7.50 2.30 90 316
-7.40 2.30 0 0
-7.30 2.30 0 0
-7.20 2.30 0 0
-7.10 2.30 0 0
-7.00 2.30 0 0
-6.90 2.30 0 0
-6.80 2.30 0 0
-6.70 2.30 0 0
-6.60 2.30 0 0
-6.50 2.30 0 0
-6.40 2.30 0 0
-6.30 2.30 0 0
-6.20 2.30 0 0
-6.10 2.30 0 0
-6.00 2.30 0 0
-5.90 2.30 0 0
-5.80 2.30 0 0
-5.70 2.30 0 0
-5.60 2.30 0 0
-5.50 2.30 145 329
-5.40 2.30 146 327
-5.30 2.30 148 325
-5.20 2.30 152 319
-5.10 2.30 155 318
-5.00 2.30 159 316
-4.90 2.30 161 316
-4.80 2.30 164 314
-4.70 2.30 167 314
-4.60 2.30 169 313
-4.50 2.30 173 312
-4.40 2.30 176 311
-4.30 2.30 177 311
-4.20 2.30 180 309
-4.10 2.30 183 309
-4.00 2.30 186 308
-3.90 2.30 189 308
-3.80 2.30 191 307
-3.70 2.30 194 306
-3.60 2.30 196 306
-3.50 2.30 198 305
-3.40 2.30 202 305
-3.30 2.30 204 304
-3.20 2.30 206 303
-3.10 2.30 209 303
-3.00 2.30 212 302
-2.90 2.30 214 302
-2.80 2.30 217 302
-2.70 2.30 220 301
-2.60 2.30 222 301
-2.50 2.30 225 300
-2.40 2.30 228 299
-2.30 2.30 231 299
-2.20 2.30 233 298
-2.10 2.30 235 297
-2.00 2.30 238 296
-1.90 2.30 240 295
-1.80 2.30 243 294
-1.70 2.30 245 293
-1.60 2.30 248 292
-1.50 2.30 251 291
-1.40 2.30 253 290
-1.30 2.30 256 288
-1.20 2.30 258 287
-1.10 2.30 261 286
-1.00 2.30 264 285
-0.90 2.30 266 284
-0.80 2.30 269 283
-0.70 2.30 272 282
-0.60 2.30 274 280
-0.50 2.30 277 279
-0.40 2.30 279 278
-0.30 2.30 281 277
-0.20 2.30 284 276
-0.10 2.30 287 274
-0.00 2.30 289 273
0.10 2.30 292 271
0.20 2.30 295 270
0.30 2.30 297 269
0.40 2.30 299 268
0.50 2.30 301 267
0.60 2.30 305 266
0.70 2.30 307 264
0.80 2.30 310 263
0.90 2.30 312 262
1.00 2.30 314 260
1.10 2.30 317 259
1.20 2.30 319 258
1.30 2.30 322 257
1.40 2.30 324 255
1.50 2.30 327 253
1.60 2.30 330 252
1.70 2.30 332 251
1.80 2.30 335 249
1.90 2.30 337 247
2.00 2.30 339 246
2.10 2.30 342 244
2.20 2.30 344 242
2.30 2.30 347 241
2.40 2.30 349 239
2.50 2.30 352 237
2.60 2.30 354 235
2.70 2.30 357 233
2.80 2.30 359 231
2.90 2.30 362 230
3.00 2.30 364 228
3.10 2.30 366 226
3.20 2.30 369 225
3.30 2.30 371 222
3.40 2.30 374 221
3.50 2.30 376 219
3.60 2.30 378 218
3.70 2.30 381 216
3.80 2.30 383 214
3.90 2.30 385 213
4.00 2.30 388 211
4.10 2.30 390 209
4.20 2.30 392 208
4.30 2.30 394 206
4.40 2.30 396 205
4.50 2.30 399 203
4.60 2.30 402 201
4.70 2.30 404 199
4.80 2.30 407 197
4.90 2.30 409 196
5.00 2.30 411 194
5.10 2.30 413 192
5.20 2.30 416 190
5.30 2.30 418 188
5.40 2.30 420 187
5.50 2.30 422 185
5.60 2.30 424 183
5.70 2.30 427 182
5.80 2.30 429 180
5.90 2.30 431 179
6.00 2.30 432 178
6.10 2.30 0 0
6.20 2.30 0 0
6.30 2.30 0 0
6.40 2.30 0 0
6.50 2.30 0 0
6.60 2.30 0 0
6.70 2.30 0 0
6.80 2.30 0 0
6.90 2.30 0 0
7.00 2.30 464 206
7.10 2.30 0 0
7.20 2.30 0 0
7.30 2.30 462 133
7.40 2.30 463 132
7.50 2.30 465 131
7.60 2.30 467 130
7.70 2.30 470 129
7.80 2.30 471 128
7.90 2.30 474 127
8.00 2.30 476 125
8.10 2.30 479 125
8.20 2.30 480 124
8.30 2.30 482 123
8.40 2.30 484 121
8.50 2.30 487 121
8.60 2.30 489 119
8.70 2.30 491 118
8.80 2.30 494 117
8.90 2.30 496 116
9.00 2.30 498 115
9.10 2.30 500 114
-9.00 2.40 48 337
-8.90 2.40 51 336
-8.80 2.40 54 334
-8.70 2.40 57 333
-8.60 2.40 61 332
-8.50 2.40 64 330
-8.40 2.40 67 329
-8.30 2.40 70 327
-8.20 2.40 73 326
-8.10 2.40 76 324
-8.00 2.40 79 323
-7.90 2.40 83 321
-7.80 2.40 86 320
-7.70 2.40 88 319
-7.60 2.40 90 318
-7.50 2.40 92 318
-7.40 2.40 0 0
-7.30 2.40 0 0
-7.20 2.40 0 0
-7.10 2.40 0 0
-7.00 2.40 0 0
-6.90 2.40 0 0
-6.80 2.40 0 0
-6.70 2.40 0 0
-6.60 2.40 0 0
-6.50 2.40 0 0
-6.40 2.40 0 0
-6.30 2.40 0 0
-6.20 2.40 0 0
-6.10 2.40 0 0
-6.00 2.40 0 0
-5.90 2.40 0 0
-5.80 2.40 0 0
-5.70 2.40 0 0
-5.60 2.40 0 0
-5.50 2.40 147 330
-5.40 2.40 147 330
-5.30 2.40 150 326
-5.20 2.40 155 319
-5.10 2.40 157 318
-5.00 2.40 160 317
-4.90 2.40 163 316
-4.80 2.40 165 315
-4.70 2.40 169 314
-4.60 2.40 172 314
-4.50 2.40 174 313
-4.40 2.40 177 312
-4.30 2.40 179 312
-4.20 2.40 182 311
-4.10 2.40 185 310
-4.00 2.40 187 309
-3.90 2.40 190 309
-3.80 2.40 193 308
-3.70 2.40 195 307
-3.60 2.40 197 307
-3.50 2.40 200 306
-3.40 2.40 203 306
-3.30 2.40 206 305
-3.20 2.40 208 305
-3.10 2.40 211 304
-3.00 2.40 214 304
-2.90 2.40 215 303
-2.80 2.40 219 302
-2.70 2.40 221 302
-2.60 2.40 224 302
-2.50 2.40 227 301
-2.40 2.40 229 300
-2.30 2.40 232 300
-2.20 2.40 235 299
-2.10 2.40 237 298
-2.00 2.40 240 297
-1.90 2.40 242 296
-1.80 2.40 244 295
-1.70 2.40 247 294
-1.60 2.40 249 293
-1.50 2.40 252 292
-1.40 2.40 255 291
-1.30 2.40 257 290
-1.20 2.40 260 289
-1.10 2.40 263 287
-1.00 2.40 265 286
-0.90 2.40 268 285
-0.80 2.40 270 284
-0.70 2.40 273 283
-0.60 2.40 276 282
-0.50 2.40 278 280
-0.40 2.40 281 279
-0.30 2.40 283 278
-0.20 2.40 286 277
-0.10 2.40 288 275
-0.00 2.40 291 274
0.10 2.40 294 273
0.20 2.40 296 272
0.30 2.40 299 270
0.40 2.40 302 269
0.50 2.40 304 268
0.60 2.40 307 266
0.70 2.40 309 265
0.80 2.40 312 264
0.90 2.40 314 263
1.00 2.40 316 261
1.10 2.40 319 260
1.20 2.40 321 259
1.30 2.40 324 257
1.40 2.40 326 256
1.50 2.40 329 255
1.60 2.40 331 253
1.70 2.40 333 252
1.80 2.40 337 250
1.90 2.40 339 248
2.00 2.40 341 247
2.10 2.40 343 246
2.20 2.40 346 243
2.30 2.40 348 242
2.40 2.40 351 240
2.50 2.40 353 238
2.60 2.40 356 236
2.70 2.40 358 234
2.80 2.40 361 232
2.90 2.40 363 230
3.00 2.40 366 229
3.10 2.40 368 227
3.20 2.40 370 225
3.30 2.40 373 223
3.40 2.40 375 222
3.50 2.40 377 220
3.60 2.40 380 219
3.70 2.40 382 217
3.80 2.40 384 215
3.90 2.40 387 214
4.00 2.40 389 212
4.10 2.40 391 210
4.20 2.40 394 209
4.30 2.40 396 207
4.40 2.40 399 205
4.50 2.40 400 204
4.60 2.40 403 202
4.70 2.40 406 200
4.80 2.40 408 198
4.90 2.40 411 196
5.00 2.40 412 195
5.10 2.40 415 193
5.20 2.40 417 191
5.30 2.40 420 189
5.40 2.40 422 188
5.50 2.40 424 186
5.60 2.40 426 184
5.70 2.40 428 183
5.80 2.40 430 181
5.90 2.40 432 179
6.00 2.40 435 178
6.10 2.40 437 179
6.20 2.40 0 0
6.30 2.40 0 0
6.40 2.40 0 0
6.50 2.40 0 0
6.60 2.40 0 0
6.70 2.40 0 0
6.80 2.40 0 0
6.90 2.40 0 0
7.00 2.40 465 207
7.10 2.40 0 0
7.20 2.40 0 0
7.30 2.40 464 135
7.40 2.40 465 133
7.50 2.40 467 132
7.60 2.40 469 130
7.70 2.40 471 130
7.80 2.40 473 129
7.90 2.40 475 128
8.00 2.40 477 127
8.10 2.40 479 125
8.20 2.40 482 124
8.30 2.40 484 123
8.40 2.40 486 122
8.50 2.40 489 121
8.60 2.40 491 120
8.70 2.40 493 119
8.80 2.40 495 118
8.90 2.40 497 117
9.00 2.40 499 116
9.10 2.40 502 115
-9.00 2.50 49 338
-8.90 2.50 53 337
-8.80 2.50 56 335
-8.70 2.50 59 334
-8.60 2.50 62 333
-8.50 2.50 65 332
-8.40 2.50 68 330
-8.30 2.50 71 328
-8.20 2.50 75 327
-8.10 2.50 78 325
-8.00 2.50 81 324
-7.90 2.50 84 323
-7.80 2.50 87 321
-7.70 2.50 89 320
-7.60 2.50 91 319
-7.50 2.50 93 319
-7.40 2.50 0 0
-7.30 2.50 0 0
-7.20 2.50 0 0
-7.10 2.50 0 0
-7.00 2.50 0 0
-6.90 2.50 0 0
-6.80 2.50 0 0
-6.70 2.50 0 0
-6.60 2.50 0 0
-6.50 2.50 0 0
-6.40 2.50 0 0
-6.30 2.50 0 0
-6.20 2.50 0 0
-6.10 2.50 0 0
-6.00 2.50 0 0
-5.90 2.50 0 0
-5.80 2.50 0 0
-5.70 2.50 0 0
-5.60 2.50 0 0
-5.50 2.50 0 0
-5.40 2.50 149 331
-5.30 2.50 150 330
-5.20 2.50 157 319
-5.10 2.50 159 319
-5.00 2.50 161 318
-4.90 2.50 165 317
-4.80 2.50 168 316
-4.70 2.50 170 315
-4.60 2.50 173 315
-4.50 2.50 176 314
-4.40 2.50 178 313
-4.30 2.50 181 313
-4.20 2.50 184 312
-4.10 2.50 187 311
-4.00 2.50 189 310
-3.90 2.50 192 310
-3.80 2.50 195 309
-3.70 2.50 197 308
-3.60 2.50 199 308
-3.50 2.50 202 307
-3.40 2.50 204 307
-3.30 2.50 207 306
-3.20 2.50 210 306
-3.10 2.50 212 305
-3.00 2.50 215 305
-2.90 2.50 218 304
-2.80 2.50 221 304
-2.70 2.50 223 303
-2.60 2.50 225 303
-2.50 2.50 228 302
-2.40 2.50 231 302
-2.30 2.50 234 301
-2.20 2.50 236 300
-2.10 2.50 239 299
-2.00 2.50 241 298
-1.90 2.50 244 298
-1.80 2.50 246 296
-1.70 2.50 249 295
-1.60 2.50 251 295
-1.50 2.50 253 293
-1.40 2.50 256 292
-1.30 2.50 259 291
-1.20 2.50 261 290
-1.10 2.50 265 289
-1.00 2.50 267 288
-0.90 2.50 269 286
-0.80 2.50 272 285
-0.70 2.50 275 284
-0.60 2.50 277 283
-0.50 2.50 280 281
-0.40 2.50 283 280
-0.30 2.50 285 279
-0.20 2.50 287 278
-0.10 2.50 290 276
-0.00 2.50 293 275
0.10 2.50 295 274
0.20 2.50 298 273
0.30 2.50 301 271
0.40 2.50 303 270
0.50 2.50 306 269
0.60 2.50 308 268
0.70 2.50 310 266
0.80 2.50 312 265
0.90 2.50 315 264
1.00 2.50 318 262
1.10 2.50 320 261
1.20 2.50 323 260
1.30 2.50 326 259
1.40 2.50 328 257
1.50 2.50 331 255
1.60 2.50 333 255
1.70 2.50 335 253
1.80 2.50 338 251
1.90 2.50 341 250
2.00 2.50 342 248
2.10 2.50 345 246
2.20 2.50 348 244
2.30 2.50 350 243
2.40 2.50 352 241
2.50 2.50 355 239
2.60 2.50 357 237
2.70 2.50 360 235
2.80 2.50 362 233
2.90 2.50 364 231
3.00 2.50 367 230
3.10 2.50 369 228
3.20 2.50 372 226
3.30 2.50 374 224
3.40 2.50 376 223
3.50 2.50 379 221
3.60 2.50 381 219
3.70 2.50 383 218
3.80 2.50 386 216
3.90 2.50 388 215
4.00 2.50 390 213
4.10 2.50 393 211
4.20 2.50 395 209
4.30 2.50 398 207
4.40 2.50 400 206
4.50 2.50 402 204
4.60 2.50 405 202
4.70 2.50 408 200
4.80 2.50 410 199
4.90 2.50 412 197
5.00 2.50 414 195
5.10 2.50 416 193
5.20 2.50 419 192
5.30 2.50 421 190
5.40 2.50 423 188
5.50 2.50 426 187
5.60 2.50 428 185
5.70 2.50 430 183
5.80 2.50 432 182
5.90 2.50 434 180
6.00 2.50 436 180
6.10 2.50 440 182
6.20 2.50 0 0
6.30 2.50 0 0
6.40 2.50 0 0
6.50 2.50 0 0
6.60 2.50 0 0
6.70 2.50 0 0
6.80 2.50 0 0
6.90 2.50 465 210
7.00 2.50 0 0
7.10 2.50 467 206
7.20 2.50 464 136
7.30 2.50 465 135
7.40 2.50 466 134
7.50 2.50 468 133
7.60 2.50 470 132
7.70 2.50 473 131
7.80 2.50 475 129
7.90 2.50 477 129
8.00 2.50 479 127
8.10 2.50 481 126
8.20 2.50 484 126
8.30 2.50 486 125
8.40 2.50 488 123
8.50 2.50 491 122
8.60 2.50 493 121
8.70 2.50 495 120
8.80 2.50 497 119
8.90 2.50 499 118
9.00 2.50 502 117
9.10 2.50 504 116
-9.00 2.60 51 339
-8.90 2.60 54 338
-8.80 2.60 57 337
-8.70 2.60 60 336
-8.60 2.60 63 334
-8.50 2.60 66 333
-8.40 2.60 69 331
-8.30 2.60 72 330
-8.20 2.60 76 328
-8.10 2.60 79 327
-8.00 2.60 82 325
-7.90 2.60 85 324
-7.80 2.60 89 322
-7.70 2.60 91 322
-7.60 2.60 93 321
-7.50 2.60 94 320
-7.40 2.60 0 0
-7.30 2.60 0 0
-7.20 2.60 0 0
-7.10 2.60 0 0
-7.00 2.60 0 0
-6.90 2.60 0 0
-6.80 2.60 0 0
-6.70 2.60 0 0
-6.60 2.60 0 0
-6.50 2.60 0 0
-6.40 2.60 0 0
-6.30 2.60 0 0
-6.20 2.60 0 0
-6.10 2.60 0 0
-6.00 2.60 0 0
-5.90 2.60 0 0
-5.80 2.60 0 0
-5.70 2.60 0 0
-5.60 2.60 0 0
-5.50 2.60 0 0
-5.40 2.60 0 0
-5.30 2.60 153 331
-5.20 2.60 0 0
-5.10 2.60 161 320
-5.00 2.60 164 319
-4.90 2.60 166 318
-4.80 2.60 169 317
-4.70 2.60 171 316
-4.60 2.60 174 316
-4.50 2.60 177 315
-4.40 2.60 180 314
-4.30 2.60 183 313
-4.20 2.60 185 313
-4.10 2.60 188 312
-4.00 2.60 191 312
-3.90 2.60 193 311
-3.80 2.60 195 310
-3.70 2.60 199 310
-3.60 2.60 201 309
-3.50 2.60 203 309
-3.40 2.60 206 308
-3.30 2.60 209 308
-3.20 2.60 211 307
-3.10 2.60 214 307
-3.00 2.60 217 306
-2.90 2.60 220 306
-2.80 2.60 222 305
-2.70 2.60 224 305
-2.60 2.60 226 304
-2.50 2.60 229 304
-2.40 2.60 232 303
-2.30 2.60 235 303
-2.20 2.60 238 302
-2.10 2.60 240 301
-2.00 2.60 243 300
-1.90 2.60 245 299
-1.80 2.60 248 297
-1.70 2.60 251 297
-1.60 2.60 253 295
-1.50 2.60 256 295
-1.40 2.60 258 293
-1.30 2.60 261 292
-1.20 2.60 264 291
-1.10 2.60 267 290
-1.00 2.60 269 289
-0.90 2.60 271 287
-0.80 2.60 274 286
-0.70 2.60 276 285
-0.60 2.60 279 284
-0.50 2.60 281 283
-0.40 2.60 284 281
-0.30 2.60 287 280
-0.20 2.60 289 279
-0.10 2.60 292 278
-0.00 2.60 294 276
0.10 2.60 296 275
0.20 2.60 300 274
0.30 2.60 302 273
0.40 2.60 304 271
0.50 2.60 307 270
0.60 2.60 309 269
0.70 2.60 312 268
0.80 2.60 314 266
0.90 2.60 317 265
1.00 2.60 319 264
1.10 2.60 322 262
1.20 2.60 325 261
1.30 2.60 327 259
1.40 2.60 330 258
1.50 2.60 332 257
1.60 2.60 335 256
1.70 2.60 337 254
1.80 2.60 340 252
1.90 2.60 342 251
2.00 2.60 345 249
2.10 2.60 347 247
2.20 2.60 349 246
2.30 2.60 352 244
2.40 2.60 354 242
2.50 2.60 357 240
2.60 2.60 359 238
2.70 2.60 362 236
2.80 2.60 364 234
2.90 2.60 366 232
3.00 2.60 369 230
3.10 2.60 371 229
3.20 2.60 373 227
3.30 2.60 376 225
3.40 2.60 378 224
3.50 2.60 381 222
3.60 2.60 383 221
3.70 2.60 385 219
3.80 2.60 387 217
3.90 2.60 390 215
4.00 2.60 392 214
4.10 2.60 395 212
4.20 2.60 397 210
4.30 2.60 399 209
4.40 2.60 402 206
4.50 2.60 404 205
4.60 2.60 407 203
4.70 2.60 409 201
4.80 2.60 411 199
4.90 2.60 413 197
5.00 2.60 416 196
5.10 2.60 418 194
5.20 2.60 420 193
5.30 2.60 423 191
5.40 2.60 425 189
5.50 2.60 427 187
5.60 2.60 430 186
5.70 2.60 432 184
5.80 2.60 434 183
5.90 2.60 436 181
6.00 2.60 439 182
6.10 2.60 442 183
6.20 2.60 0 0
6.30 2.60 0 0
6.40 2.60 0 0
6.50 2.60 0 0
6.60 2.60 0 0
6.70 2.60 0 0
6.80 2.60 466 212
6.90 2.60 466 210
7.00 2.60 468 209
7.10 2.60 0 0
7.20 2.60 465 137
7.30 2.60 466 136
7.40 2.60 468 135
7.50 2.60 470 133
7.60 2.60 472 132
7.70 2.60 474 132
7.80 2.60 476 131
7.90 2.60 478 130
8.00 2.60 481 128
8.10 2.60 483 127
8.20 2.60 485 126
8.30 2.60 488 125
8.40 2.60 490 124
8.50 2.60 491 124
8.60 2.60 494 122
8.70 2.60 496 121
8.80 2.60 499 120
8.90 2.60 501 119
9.00 2.60 503 118
9.10 2.60 505 117
-9.00 2.70 52 341
-8.90 2.70 55 340
-8.80 2.70 58 338
-8.70 2.70 62 337
-8.60 2.70 65 335
-8.50 2.70 68 334
-8.40 2.70 71 332
-8.30 2.70 74 331
-8.20 2.70 77 329
-8.10 2.70 80 328
-8.00 2.70 84 327
-7.90 2.70 87 325
-7.80 2.70 90 324
-7.70 2.70 92 322
-7.60 2.70 94 322
-7.50 2.70 96 321
-7.40 2.70 98 320
-7.30 2.70 0 0
-7.20 2.70 0 0
-7.10 2.70 0 0
-7.00 2.70 0 0
-6.90 2.70 0 0
-6.80 2.70 0 0
-6.70 2.70 0 0
-6.60 2.70 0 0
-6.50 2.70 0 0
-6.40 2.70 0 0
-6.30 2.70 0 0
-6.20 2.70 0 0
-6.10 2.70 0 0
-6.00 2.70 0 0
-5.90 2.70 0 0
-5.80 2.70 0 0
-5.70 2.70 0 0
-5.60 2.70 0 0
-5.50 2.70 0 0
-5.40 2.70 0 0
-5.30 2.70 154 331
-5.20 2.70 0 0
-5.10 2.70 162 320
-5.00 2.70 165 320
-4.90 2.70 169 319
-4.80 2.70 171 318
-4.70 2.70 174 317
-4.60 2.70 176 316
-4.50 2.70 179 316
-4.40 2.70 181 315
-4.30 2.70 184 314
-4.20 2.70 187 314
-4.10 2.70 190 313
-4.00 2.70 192 313
-3.90 2.70 195 312
-3.80 2.70 197 312
-3.70 2.70 200 311
-3.60 2.70 203 310
-3.50 2.70 205 310
-3.40 2.70 208 309
-3.30 2.70 211 309
-3.20 2.70 213 308
-3.10 2.70 215 308
-3.00 2.70 218 307
-2.90 2.70 220 307
-2.80 2.70 224 307
-2.70 2.70 226 306
-2.60 2.70 229 305
-2.50 2.70 231 305
-2.40 2.70 234 304
-2.30 2.70 236 304
-2.20 2.70 239 303
-2.10 2.70 241 302
-2.00 2.70 244 301
-1.90 2.70 246 300
-1.80 2.70 250 299
-1.70 2.70 252 297
-1.60 2.70 254 296
-1.50 2.70 257 295
-1.40 2.70 260 294
-1.30 2.70 262 293
-1.20 2.70 265 292
-1.10 2.70 268 291
-1.00 2.70 271 290
-0.90 2.70 273 288
-0.80 2.70 275 287
-0.70 2.70 278 286
-0.60 2.70 280 285
-0.50 2.70 283 284
-0.40 2.70 285 283
-0.30 2.70 288 282
-0.20 2.70 291 280
-0.10 2.70 293 279
-0.00 2.70 296 278
0.10 2.70 299 276
0.20 2.70 301 275
0.30 2.70 304 274
0.40 2.70 306 272
0.50 2.70 309 271
0.60 2.70 311 270
0.70 2.70 314 269
0.80 2.70 316 267
0.90 2.70 319 266
1.00 2.70 321 265
1.10 2.70 324 263
1.20 2.70 327 262
1.30 2.70 329 261
1.40 2.70 331 259
1.50 2.70 334 258
1.60 2.70 336 256
1.70 2.70 339 255
1.80 2.70 341 253
1.90 2.70 344 252
2.00 2.70 346 250
2.10 2.70 349 248
2.20 2.70 351 247
2.30 2.70 354 245
2.40 2.70 356 243
2.50 2.70 358 241
2.60 2.70 361 239
2.70 2.70 363 237
2.80 2.70 366 235
2.90 2.70 368 233
3.00 2.70 370 231
3.10 2.70 373 230
3.20 2.70 375 227
3.30 2.70 377 226
3.40 2.70 379 225
3.50 2.70 382 223
3.60 2.70 384 221
3.70 2.70 387 220
3.80 2.70 389 218
3.90 2.70 392 216
4.00 2.70 394 214
4.10 2.70 396 213
4.20 2.70 399 211
4.30 2.70 401 209
4.40 2.70 404 207
4.50 2.70 406 205
4.60 2.70 408 203
4.70 2.70 411 202
4.80 2.70 413 199
4.90 2.70 415 198
5.00 2.70 418 197
5.10 2.70 420 195
5.20 2.70 422 194
5.30 2.70 424 192
5.40 2.70 428 190
5.50 2.70 429 188
5.60 2.70 431 186
5.70 2.70 434 185
5.80 2.70 435 183
5.90 2.70 436 183
6.00 2.70 441 184
6.10 2.70 0 0
6.20 2.70 0 0
6.30 2.70 0 0
6.40 2.70 0 0
6.50 2.70 0 0
6.60 2.70 0 0
6.70 2.70 0 0
6.80 2.70 466 213
6.90 2.70 468 212
7.00 2.70 469 210
7.10 2.70 0 0
7.20 2.70 467 138
7.30 2.70 468 137
7.40 2.70 469 136
7.50 2.70 471 134
7.60 2.70 473 134
7.70 2.70 476 133
7.80 2.70 478 131
7.90 2.70 480 130
8.00 2.70 482 129
8.10 2.70 485 128
8.20 2.70 487 127
8.30 2.70 488 126
8.40 2.70 491 125
8.50 2.70 493 124
8.60 2.70 495 123
8.70 2.70 498 122
8.80 2.70 500 121
8.90 2.70 502 120
9.00 2.70 504 118
9.10 2.70 506 117
-9.00 2.80 54 342
-8.90 2.80 57 341
-8.80 2.80 60 340
-8.70 2.80 63 338
-8.60 2.80 66 337
-8.50 2.80 69 336
-8.40 2.80 73 334
-8.30 2.80 76 332
-8.20 2.80 79 331
-8.10 2.80 82 329
-8.00 2.80 85 328
-7.90 2.80 88 326
-7.80 2.80 91 325
-7.70 2.80 94 324
-7.60 2.80 96 323
-7.50 2.80 98 322
-7.40 2.80 100 321
-7.30 2.80 0 0
-7.20 2.80 0 0
-7.10 2.80 0 0
-7.00 2.80 0 0
-6.90 2.80 0 0
-6.80 2.80 0 0
-6.70 2.80 0 0
-6.60 2.80 0 0
-6.50 2.80 0 0
-6.40 2.80 0 0
-6.30 2.80 0 0
-6.20 2.80 0 0
-6.10 2.80 0 0
-6.00 2.80 0 0
-5.90 2.80 0 0
-5.80 2.80 0 0
-5.70 2.80 0 0
-5.60 2.80 0 0
-5.50 2.80 0 0
-5.40 2.80 0 0
-5.30 2.80 156 332
-5.20 2.80 0 0
-5.10 2.80 165 321
-5.00 2.80 167 321
-4.90 2.80 170 319
-4.80 2.80 173 319
-4.70 2.80 176 318
-4.60 2.80 178 317
-4.50 2.80 181 317
-4.40 2.80 183 316
-4.30 2.80 185 316
-4.20 2.80 189 315
-4.10 2.80 191 315
-4.00 2.80 194 314
-3.90 2.80 197 314
-3.80 2.80 200 313
-3.70 2.80 202 312
-3.60 2.80 204 312
-3.50 2.80 207 311
-3.40 2.80 209 311
-3.30 2.80 212 310
-3.20 2.80 215 309
-3.10 2.80 217 309
-3.00 2.80 220 309
-2.90 2.80 222 308
-2.80 2.80 225 307
-2.70 2.80 228 307
-2.60 2.80 230 307
-2.50 2.80 233 306
-2.40 2.80 235 306
-2.30 2.80 238 305
-2.20 2.80 241 304
-2.10 2.80 243 303
-2.00 2.80 246 302
-1.90 2.80 249 301
-1.80 2.80 251 300
-1.70 2.80 254 299
-1.60 2.80 256 298
-1.50 2.80 259 297
-1.40 2.80 262 296
-1.30 2.80 264 294
-1.20 2.80 267 293
-1.10 2.80 269 292
-1.00 2.80 272 291
-0.90 2.80 275 290
-0.80 2.80 277 288
-0.70 2.80 280 287
-0.60 2.80 282 286
-0.50 2.80 285 285
-0.40 2.80 287 283
-0.30 2.80 290 282
-0.20 2.80 292 281
-0.10 2.80 295 280
-0.00 2.80 297 279
0.10 2.80 300 277
0.20 2.80 303 276
0.30 2.80 305 274
0.40 2.80 308 273
0.50 2.80 310 272
0.60 2.80 313 271
0.70 2.80 315 269
0.80 2.80 318 268
0.90 2.80 320 267
1.00 2.80 323 266
1.10 2.80 325 264
1.20 2.80 328 263
1.30 2.80 330 261
1.40 2.80 332 260
1.50 2.80 335 259
1.60 2.80 337 257
1.70 2.80 341 256
1.80 2.80 343 254
1.90 2.80 346 252
2.00 2.80 348 250
2.10 2.80 350 249
2.20 2.80 353 247
2.30 2.80 355 246
2.40 2.80 357 244
2.50 2.80 360 242
2.60 2.80 362 240
2.70 2.80 365 238
2.80 2.80 367 236
2.90 2.80 370 234
3.00 2.80 372 232
3.10 2.80 375 231
3.20 2.80 377 229
3.30 2.80 379 227
3.40 2.80 382 226
3.50 2.80 384 224
3.60 2.80 386 222
3.70 2.80 388 221
3.80 2.80 391 219
3.90 2.80 393 217
4.00 2.80 396 215
4.10 2.80 399 213
4.20 2.80 401 211
4.30 2.80 403 210
4.40 2.80 406 208
4.50 2.80 408 206
4.60 2.80 410 204
4.70 2.80 413 202
4.80 2.80 415 201
4.90 2.80 417 199
5.00 2.80 419 197
5.10 2.80 422 196
5.20 2.80 424 194
5.30 2.80 426 192
5.40 2.80 429 190
5.50 2.80 431 189
5.60 2.80 433 188
5.70 2.80 435 186
5.80 2.80 437 185
5.90 2.80 440 185
6.00 2.80 442 185
6.10 2.80 445 187
6.20 2.80 0 0
6.30 2.80 0 0
6.40 2.80 0 0
6.50 2.80 0 0
6.60 2.80 0 0
6.70 2.80 0 0
6.80 2.80 468 214
6.90 2.80 468 213
7.00 2.80 470 211
7.10 2.80 0 0
7.20 2.80 468 139
7.30 2.80 470 138
7.40 2.80 471 137
7.50 2.80 473 136
7.60 2.80 475 135
7.70 2.80 477 133
7.80 2.80 479 132
7.90 2.80 482 131
8.00 2.80 484 130
8.10 2.80 486 129
8.20 2.80 488 128
8.30 2.80 490 127
8.40 2.80 492 126
8.50 2.80 495 125
8.60 2.80 497 124
8.70 2.80 499 123
8.80 2.80 502 122
8.90 2.80 504 121
9.00 2.80 506 120
9.10 2.80 507 119
-9.00 2.90 55 344
-8.90 2.90 59 342
-8.80 2.90 61 341
-8.70 2.90 64 340
-8.60 2.90 67 338
-8.50 2.90 71 337
-8.40 2.90 74 335
-8.30 2.90 78 334
-8.20 2.90 81 332
-8.10 2.90 84 330
-8.00 2.90 87 329
-7.90 2.90 90 327
-7.80 2.90 93 326
-7.70 2.90 95 325
-7.60 2.90 98 324
-7.50 2.90 100 323
-7.40 2.90 102 323
-7.30 2.90 0 0
-7.20 2.90 0 0
-7.10 2.90 0 0
-7.00 2.90 0 0
-6.90 2.90 0 0
-6.80 2.90 0 0
-6.70 2.90 0 0
-6.60 2.90 0 0
-6.50 2.90 0 0
-6.40 2.90 0 0
-6.30 2.90 0 0
-6.20 2.90 0 0
-6.10 2.90 0 0
-6.00 2.90 0 0
-5.90 2.90 0 0
-5.80 2.90 0 0
-5.70 2.90 0 0
-5.60 2.90 0 0
-5.50 2.90 0 0
-5.40 2.90 0 0
-5.30 2.90 0 0
-5.20 2.90 0 0
-5.10 2.90 167 322
-5.00 2.90 169 321
-4.90 2.90 172 320
-4.80 2.90 174 320
-4.70 2.90 177 319
-4.60 2.90 179 319
-4.50 2.90 183 318
-4.40 2.90 185 317
-4.30 2.90 188 317
-4.20 2.90 190 316
-4.10 2.90 193 316
-4.00 2.90 196 315
-3.90 2.90 198 315
-3.80 2.90 200 314
-3.70 2.90 203 313
-3.60 2.90 205 313
-3.50 2.90 208 312
-3.40 2.90 211 312
-3.30 2.90 214 312
-3.20 2.90 216 311
-3.10 2.90 219 310
-3.00 2.90 221 310
-2.90 2.90 224 309
-2.80 2.90 227 309
-2.70 2.90 229 309
-2.60 2.90 232 308
-2.50 2.90 234 307
-2.40 2.90 237 307
-2.30 2.90 240 306
-2.20 2.90 242 305
-2.10 2.90 245 304
-2.00 2.90 247 303
-1.90 2.90 250 302
-1.80 2.90 253 301
-1.70 2.90 255 299
-1.60 2.90 258 299
-1.50 2.90 260 298
-1.40 2.90 263 296
-1.30 2.90 266 296
-1.20 2.90 269 294
-1.10 2.90 271 293
-1.00 2.90 274 292
-0.90 2.90 277 291
-0.80 2.90 279 290
-0.70 2.90 282 288
-0.60 2.90 284 287
-0.50 2.90 287 286
-0.40 2.90 289 285
-0.30 2.90 292 283
-0.20 2.90 294 282
-0.10 2.90 297 281
-0.00 2.90 299 280
0.10 2.90 302 278
0.20 2.90 304 277
0.30 2.90 307 276
0.40 2.90 310 275
0.50 2.90 312 273
0.60 2.90 314 272
0.70 2.90 317 271
0.80 2.90 320 269
0.90 2.90 322 268
1.00 2.90 324 267
1.10 2.90 327 266
1.20 2.90 329 264
1.30 2.90 333 263
1.40 2.90 335 261
1.50 2.90 337 260
1.60 2.90 340 258
1.70 2.90 342 257
1.80 2.90 345 255
1.90 2.90 347 253
2.00 2.90 349 252
2.10 2.90 352 250
2.20 2.90 354 248
2.30 2.90 357 246
2.40 2.90 359 245
2.50 2.90 362 243
2.60 2.90 364 241
2.70 2.90 367 239
2.80 2.90 369 237
2.90 2.90 371 235
3.00 2.90 374 233
3.10 2.90 376 232
3.20 2.90 378 230
3.30 2.90 381 228
3.40 2.90 383 227
3.50 2.90 385 225
3.60 2.90 388 223
3.70 2.90 391 221
3.80 2.90 393 219
3.90 2.90 395 218
4.00 2.90 398 216
4.10 2.90 401 214
4.20 2.90 402 212
4.30 2.90 405 210
4.40 2.90 407 209
4.50 2.90 410 207
4.60 2.90 412 205
4.70 2.90 414 203
4.80 2.90 417 202
4.90 2.90 419 200
5.00 2.90 421 198
5.10 2.90 423 197
5.20 2.90 425 195
5.30 2.90 428 193
5.40 2.90 430 192
5.50 2.90 433 190
5.60 2.90 435 188
5.70 2.90 437 187
5.80 2.90 439 186
5.90 2.90 441 186
6.00 2.90 444 188
6.10 2.90 446 190
6.20 2.90 0 0
6.30 2.90 0 0
6.40 2.90 0 0
6.50 2.90 0 0
6.60 2.90 0 0
6.70 2.90 467 217
6.80 2.90 469 215
6.90 2.90 471 214
7.00 2.90 468 192
7.10 2.90 0 0
7.20 2.90 470 140
7.30 2.90 471 139
7.40 2.90 473 138
7.50 2.90 474 137
7.60 2.90 477 135
7.70 2.90 479 134
7.80 2.90 481 133
7.90 2.90 483 132
8.00 2.90 485 131
8.10 2.90 488 130
8.20 2.90 489 129
8.30 2.90 492 128
8.40 2.90 494 127
8.50 2.90 497 126
8.60 2.90 499 125
8.70 2.90 501 124
8.80 2.90 504 123
8.90 2.90 505 121
9.00 2.90 506 120
9.10 2.90 507 119
-9.00 3.00 57 345
-8.90 3.00 60 344
-8.80 3.00 63 343
-8.70 3.00 66 341
-8.60 3.00 69 340
-8.50 3.00 72 338
-8.40 3.00 76 336
-8.30 3.00 79 335
-8.20 3.00 82 333
-8.10 3.00 85 332
-8.00 3.00 88 331
-7.90 3.00 91 329
-7.80 3.00 94 327
-7.70 3.00 96 326
-7.60 3.00 99 325
-7.50 3.00 102 324
-7.40 3.00 104 324
-7.30 3.00 0 0
-7.20 3.00 0 0
-7.10 3.00 0 0
-7.00 3.00 0 0
-6.90 3.00 0 0
-6.80 3.00 0 0
-6.70 3.00 0 0
-6.60 3.00 0 0
-6.50 3.00 0 0
-6.40 3.00 0 0
-6.30 3.00 0 0
-6.20 3.00 0 0
-6.10 3.00 0 0
-6.00 3.00 0 0
-5.90 3.00 0 0
-5.80 3.00 0 0
-5.70 3.00 0 0
-5.60 3.00 0 0
-5.50 3.00 0 0
-5.40 3.00 0 0
-5.30 3.00 0 0
-5.20 3.00 0 0
-5.10 3.00 169 323
-5.00 3.00 171 322
-4.90 3.00 174 322
-4.80 3.00 176 321
-4.70 3.00 179 321
-4.60 3.00 181 320
-4.50 3.00 184 320
-4.40 3.00 186 319
-4.30 3.00 189 318
-4.20 3.00 192 317
-4.10 3.00 195 317
-4.00 3.00 197 316
-3.90 3.00 200 316
-3.80 3.00 202 315
-3.70 3.00 205 315
-3.60 3.00 208 314
-3.50 3.00 210 314
-3.40 3.00 213 313
-3.30 3.00 215 313
-3.20 3.00 218 312
-3.10 3.00 220 312
-3.00 3.00 223 311
-2.90 3.00 226 311
-2.80 3.00 228 310
-2.70 3.00 231 310
-2.60 3.00 233 309
-2.50 3.00 236 309
-2.40 3.00 238 308
-2.30 3.00 241 307
-2.20 3.00 244 306
-2.10 3.00 246 305
-2.00 3.00 249 304
-1.90 3.00 252 303
-1.80 3.00 254 302
-1.70 3.00 257 301
-1.60 3.00 260 300
-1.50 3.00 262 299
-1.40 3.00 264 298
-1.30 3.00 268 297
-1.20 3.00 270 295
-1.10 3.00 273 294
-1.00 3.00 275 293
-0.90 3.00 278 292
-0.80 3.00 281 291
-0.70 3.00 283 289
-0.60 3.00 286 288
-0.50 3.00 288 287
-0.40 3.00 291 286
-0.30 3.00 293 284
-0.20 3.00 295 283
-0.10 3.00 298 282
-0.00 3.00 301 281
0.10 3.00 303 279
0.20 3.00 306 278
0.30 3.00 309 277
0.40 3.00 312 276
0.50 3.00 314 274
0.60 3.00 316 273
0.70 3.00 318 272
0.80 3.00 321 270
0.90 3.00 324 269
1.00 3.00 326 268
1.10 3.00 329 266
1.20 3.00 331 265
1.30 3.00 334 264
1.40 3.00 336 262
1.50 3.00 338 261
1.60 3.00 341 260
1.70 3.00 344 258
1.80 3.00 347 256
1.90 3.00 349 254
2.00 3.00 351 253
2.10 3.00 353 251
2.20 3.00 356 250
2.30 3.00 358 248
2.40 3.00 361 245
2.50 3.00 363 244
2.60 3.00 366 242
2.70 3.00 368 240
2.80 3.00 370 238
2.90 3.00 372 237
3.00 3.00 376 234
3.10 3.00 378 233
3.20 3.00 380 231
3.30 3.00 383 229
3.40 3.00 385 227
3.50 3.00 387 226
3.60 3.00 390 224
3.70 3.00 392 222
3.80 3.00 395 221
3.90 3.00 397 219
4.00 3.00 400 217
4.10 3.00 402 215
4.20 3.00 404 213
4.30 3.00 407 211
4.40 3.00 409 209
4.50 3.00 411 207
4.60 3.00 413 206
4.70 3.00 416 204
4.80 3.00 419 203
4.90 3.00 421 201
5.00 3.00 423 199
5.10 3.00 425 198
5.20 3.00 427 196
5.30 3.00 430 194
5.40 3.00 432 193
5.50 3.00 434 191
5.60 3.00 437 189
5.70 3.00 438 188
5.80 3.00 440 188
5.90 3.00 443 188
6.00 3.00 444 189
6.10 3.00 447 190
6.20 3.00 0 0
6.30 3.00 0 0
6.40 3.00 0 0
6.50 3.00 0 0
6.60 3.00 468 219
6.70 3.00 469 218
6.80 3.00 470 216
6.90 3.00 473 215
7.00 3.00 470 193
7.10 3.00 0 0
7.20 3.00 471 140
7.30 3.00 472 140
7.40 3.00 473 138
7.50 3.00 476 137
7.60 3.00 478 136
7.70 3.00 480 135
7.80 3.00 483 134
7.90 3.00 485 133
8.00 3.00 488 132
8.10 3.00 489 131
8.20 3.00 492 130
8.30 3.00 493 129
8.40 3.00 495 128
8.50 3.00 498 127
8.60 3.00 500 126
8.70 3.00 502 125
8.80 3.00 505 124
8.90 3.00 506 122
9.00 3.00 507 121
9.10 3.00 0 0
-9.00 3.10 58 347
-8.90 3.10 61 346
-8.80 3.10 64 344
-8.70 3.10 67 343
-8.60 3.10 70 341
-8.50 3.10 74 339
-8.40 3.10 77 338
-8.30 3.10 80 336
-8.20 3.10 83 335
-8.10 3.10 86 333
-8.00 3.10 89 332
-7.90 3.10 93 330
-7.80 3.10 96 328
-7.70 3.10 98 327
-7.60 3.10 101 326
-7.50 3.10 103 325
-7.40 3.10 105 324
-7.30 3.10 0 0
-7.20 3.10 0 0
-7.10 3.10 0 0
-7.00 3.10 0 0
-6.90 3.10 0 0
-6.80 3.10 0 0
-6.70 3.10 0 0
-6.60 3.10 0 0
-6.50 3.10 0 0
-6.40 3.10 0 0
-6.30 3.10 0 0
-6.20 3.10 0 0
-6.10 3.10 0 0
-6.00 3.10 0 0
-5.90 3.10 0 0
-5.80 3.10 0 0
-5.70 3.10 0 0
-5.60 3.10 0 0
-5.50 3.10 0 0
-5.40 3.10 0 0
-5.30 3.10 0 0
-5.20 3.10 0 0
-5.10 3.10 171 323
-5.00 3.10 173 323
-4.90 3.10 176 323
-4.80 3.10 177 322
-4.70 3.10 180 322
-4.60 3.10 183 321
-4.50 3.10 186 321
-4.40 3.10 188 320
-4.30 3.10 190 319
-4.20 3.10 194 319
-4.10 3.10 196 318
-4.00 3.10 199 318
-3.90 3.10 201 317
-3.80 3.10 204 317
-3.70 3.10 207 316
-3.60 3.10 209 316
-3.50 3.10 212 316
-3.40 3.10 214 315
-3.30 3.10 217 314
-3.20 3.10 219 314
-3.10 3.10 222 313
-3.00 3.10 224 313
-2.90 3.10 227 312
-2.80 3.10 230 311
-2.70 3.10 232 311
-2.60 3.10 235 311
-2.50 3.10 237 310
-2.40 3.10 240 309
-2.30 3.10 242 309
-2.20 3.10 245 308
-2.10 3.10 248 306
-2.00 3.10 251 305
-1.90 3.10 253 304
-1.80 3.10 256 303
-1.70 3.10 259 302
-1.60 3.10 261 301
-1.50 3.10 264 299
-1.40 3.10 266 299
-1.30 3.10 269 298
-1.20 3.10 272 297
-1.10 3.10 275 295
-1.00 3.10 277 294
-0.90 3.10 279 293
-0.80 3.10 282 292
-0.70 3.10 285 290
-0.60 3.10 287 289
-0.50 3.10 290 288
-0.40 3.10 292 287
-0.30 3.10 295 286
-0.20 3.10 297 284
-0.10 3.10 300 283
-0.00 3.10 303 282
0.10 3.10 305 281
0.20 3.10 307 279
0.30 3.10 310 278
0.40 3.10 313 277
0.50 3.10 315 275
0.60 3.10 318 274
0.70 3.10 321 273
0.80 3.10 323 271
0.90 3.10 326 270
1.00 3.10 328 269
1.10 3.10 330 268
1.20 3.10 333 266
1.30 3.10 335 265
1.40 3.10 338 263
1.50 3.10 341 262
1.60 3.10 343 260
1.70 3.10 345 259
1.80 3.10 348 257
1.90 3.10 351 256
2.00 3.10 353 254
2.10 3.10 355 252
2.20 3.10 357 250
2.30 3.10 360 248
2.40 3.10 363 246
2.50 3.10 365 245
2.60 3.10 367 243
2.70 3.10 369 241
2.80 3.10 372 239
2.90 3.10 374 237
3.00 3.10 377 235
3.10 3.10 380 233
3.20 3.10 382 232
3.30 3.10 384 230
3.40 3.10 387 228
3.50 3.10 389 226
3.60 3.10 392 224
3.70 3.10 394 223
3.80 3.10 397 221
3.90 3.10 399 220
4.00 3.10 401 218
4.10 3.10 404 216
4.20 3.10 406 214
4.30 3.10 408 212
4.40 3.10 410 210
4.50 3.10 413 209
4.60 3.10 415 206
4.70 3.10 418 205
4.80 3.10 420 204
4.90 3.10 422 202
5.00 3.10 424 200
5.10 3.10 427 199
5.20 3.10 429 197
5.30 3.10 432 195
5.40 3.10 434 194
5.50 3.10 436 192
5.60 3.10 438 190
5.70 3.10 440 190
5.80 3.10 441 189
5.90 3.10 444 190
6.00 3.10 446 190
6.10 3.10 447 191
6.20 3.10 0 0
6.30 3.10 0 0
6.40 3.10 0 0
6.50 3.10 0 0
6.60 3.10 468 221
6.70 3.10 470 220
6.80 3.10 471 217
6.90 3.10 474 216
7.00 3.10 0 0
7.10 3.10 471 142
7.20 3.10 472 142
7.30 3.10 473 141
7.40 3.10 475 139
7.50 3.10 477 139
7.60 3.10 480 137
7.70 3.10 482 136
7.80 3.10 484 135
7.90 3.10 487 134
8.00 3.10 489 133
8.10 3.10 491 132
8.20 3.10 493 131
8.30 3.10 495 130
8.40 3.10 497 129
8.50 3.10 500 128
8.60 3.10 502 127
8.70 3.10 504 126
8.80 3.10 506 125
8.90 3.10 507 124
9.00 3.10 0 0
9.10 3.10 0 0
-9.00 3.20 59 348
-8.90 3.20 62 347
-8.80 3.20 65 345
-8.70 3.20 69 344
-8.60 3.20 72 342
-8.50 3.20 75 341
-8.40 3.20 78 339
-8.30 3.20 81 338
-8.20 3.20 85 336
-8.10 3.20 88 335
-8.00 3.20 91 332
-7.90 3.20 94 331
-7.80 3.20 97 330
-7.70 3.20 100 328
-7.60 3.20 102 327
-7.50 3.20 105 326
-7.40 3.20 106 325
-7.30 3.20 0 0
-7.20 3.20 0 0
-7.10 3.20 0 0
-7.00 3.20 0 0
-6.90 3.20 0 0
-6.80 3.20 0 0
-6.70 3.20 0 0
-6.60 3.20 0 0
-6.50 3.20 0 0
-6.40 3.20 0 0
-6.30 3.20 0 0
-6.20 3.20 0 0
-6.10 3.20 0 0
-6.00 3.20 0 0
-5.90 3.20 0 0
-5.80 3.20 0 0
-5.70 3.20 0 0
-5.60 3.20 0 0
-5.50 3.20 0 0
-5.40 3.20 0 0
-5.30 3.20 0 0
-5.20 3.20 0 0
-5.10 3.20 173 325
-5.00 3.20 174 324
-4.90 3.20 177 324
-4.80 3.20 179 324
-4.70 3.20 181 323
-4.60 3.20 184 323
-4.50 3.20 186 322
-4.40 3.20 189 321
-4.30 3.20 192 321
-4.20 3.20 195 320
-4.10 3.20 197 320
-4.00 3.20 200 319
-3.90 3.20 203 319
-3.80 3.20 205 318
-3.70 3.20 208 318
-3.60 3.20 211 317
-3.50 3.20 213 316
-3.40 3.20 216 316
-3.30 3.20 218 316
-3.20 3.20 221 315
-3.10 3.20 223 315
-3.00 3.20 226 314
-2.90 3.20 229 314
-2.80 3.20 231 313
-2.70 3.20 234 313
-2.60 3.20 237 312
-2.50 3.20 239 311
-2.40 3.20 242 311
-2.30 3.20 245 310
-2.20 3.20 247 308
-2.10 3.20 250 308
-2.00 3.20 252 306
-1.90 3.20 255 305
-1.80 3.20 258 304
-1.70 3.20 261 303
-1.60 3.20 263 302
-1.50 3.20 266 301
-1.40 3.20 268 300
-1.30 3.20 271 299
-1.20 3.20 273 298
-1.10 3.20 275 297
-1.00 3.20 278 295
-0.90 3.20 281 294
-0.80 3.20 284 293
-0.70 3.20 287 291
-0.60 3.20 289 290
-0.50 3.20 291 289
-0.40 3.20 294 288
-0.30 3.20 297 287
-0.20 3.20 299 286
-0.10 3.20 302 284
-0.00 3.20 304 283
0.10 3.20 307 281
0.20 3.20 309 280
0.30 3.20 312 279
0.40 3.20 315 278
0.50 3.20 317 277
0.60 3.20 320 275
0.70 3.20 322 274
0.80 3.20 325 273
0.90 3.20 327 271
1.00 3.20 330 270
1.10 3.20 332 269
1.20 3.20 335 267
1.30 3.20 337 266
1.40 3.20 340 264
1.50 3.20 342 263
1.60 3.20 344 262
1.70 3.20 348 260
1.80 3.20 350 258
1.90 3.20 352 256
2.00 3.20 354 255
2.10 3.20 357 253
2.20 3.20 359 252
2.30 3.20 362 249
2.40 3.20 364 248
2.50 3.20 366 246
2.60 3.20 369 244
2.70 3.20 371 242
2.80 3.20 374 240
2.90 3.20 376 238
3.00 3.20 378 236
3.10 3.20 381 234
3.20 3.20 384 233
3.30 3.20 386 231
3.40 3.20 388 229
3.50 3.20 391 227
3.60 3.20 393 226
3.70 3.20 396 224
3.80 3.20 398 222
3.90 3.20 401 220
4.00 3.20 403 219
4.10 3.20 406 217
4.20 3.20 408 215
4.30 3.20 410 213
4.40 3.20 413 211
4.50 3.20 415 210
4.60 3.20 417 208
4.70 3.20 419 206
4.80 3.20 422 205
4.90 3.20 424 203
5.00 3.20 427 201
5.10 3.20 429 200
5.20 3.20 431 198
5.30 3.20 433 197
5.40 3.20 435 195
5.50 3.20 437 194
5.60 3.20 439 192
5.70 3.20 441 191
5.80 3.20 443 191
5.90 3.20 445 191
6.00 3.20 446 191
6.10 3.20 448 192
6.20 3.20 0 0
6.30 3.20 0 0
6.40 3.20 468 225
6.50 3.20 469 223
6.60 3.20 470 222
6.70 3.20 472 220
6.80 3.20 474 218
6.90 3.20 476 218
7.00 3.20 0 0
7.10 3.20 473 144
7.20 3.20 474 143
7.30 3.20 475 141
7.40 3.20 477 140
7.50 3.20 479 139
7.60 3.20 481 138
7.70 3.20 484 137
7.80 3.20 486 136
7.90 3.20 488 135
8.00 3.20 490 134
8.10 3.20 492 133
8.20 3.20 495 132
8.30 3.20 497 131
8.40 3.20 499 130
8.50 3.20 501 129
8.60 3.20 504 128
8.70 3.20 506 127
8.80 3.20 507 125
8.90 3.20 508 125
9.00 3.20 0 0
9.10 3.20 0 0
-9.00 3.30 61 349
-8.90 3.30 64 348
-8.80 3.30 67 346
-8.70 3.30 70 345
-8.60 3.30 74 343
-8.50 3.30 77 342
-8.40 3.30 80 340
-8.30 3.30 83 339
-8.20 3.30 86 337
-8.10 3.30 89 336
-8.00 3.30 92 334
-7.90 3.30 95 333
-7.80 3.30 99 331
-7.70 3.30 102 329
-7.60 3.30 104 329
-7.50 3.30 106 328
-7.40 3.30 108 327
-7.30 3.30 0 0
-7.20 3.30 0 0
-7.10 3.30 0 0
-7.00 3.30 0 0
-6.90 3.30 0 0
-6.80 3.30 0 0
-6.70 3.30 0 0
-6.60 3.30 0 0
-6.50 3.30 0 0
-6.40 3.30 0 0
-6.30 3.30 0 0
-6.20 3.30 0 0
-6.10 3.30 0 0
-6.00 3.30 0 0
-5.90 3.30 0 0
-5.80 3.30 0 0
-5.70 3.30 0 0
-5.60 3.30 0 0
-5.50 3.30 0 0
-5.40 3.30 0 0
-5.30 3.30 0 0
-5.20 3.30 0 0
-5.10 3.30 175 326
-5.00 3.30 176 325
-4.90 3.30 178 325
-4.80 3.30 180 325
-4.70 3.30 183 324
-4.60 3.30 185 324
-4.50 3.30 188 324
-4.40 3.30 191 323
-4.30 3.30 194 323
-4.20 3.30 196 322
-4.10 3.30 199 322
-4.00 3.30 201 321
-3.90 3.30 204 320
-3.80 3.30 207 320
-3.70 3.30 209 319
-3.60 3.30 212 318
-3.50 3.30 215 318
-3.40 3.30 217 318
-3.30 3.30 220 317
-3.20 3.30 222 316
-3.10 3.30 225 316
-3.00 3.30 228 315
-2.90 3.30 230 315
-2.80 3.30 233 314
-2.70 3.30 236 314
-2.60 3.30 238 313
-2.50 3.30 241 312
-2.40 3.30 243 311
-2.30 3.30 246 311
-2.20 3.30 249 310
-2.10 3.30 251 309
-2.00 3.30 254 308
-1.90 3.30 257 306
-1.80 3.30 259 305
-1.70 3.30 262 304
-1.60 3.30 264 303
-1.50 3.30 267 302
-1.40 3.30 270 301
-1.30 3.30 272 300
-1.20 3.30 275 298
-1.10 3.30 278 297
-1.00 3.30 280 296
-0.90 3.30 283 295
-0.80 3.30 286 294
-0.70 3.30 288 293
-0.60 3.30 291 291
-0.50 3.30 293 290
-0.40 3.30 296 289
-0.30 3.30 299 287
-0.20 3.30 301 286
-0.10 3.30 304 285
-0.00 3.30 306 284
0.10 3.30 309 283
0.20 3.30 311 282
0.30 3.30 314 280
0.40 3.30 316 279
0.50 3.30 319 278
0.60 3.30 321 276
0.70 3.30 324 275
0.80 3.30 326 274
0.90 3.30 328 273
1.00 3.30 331 271
1.10 3.30 334 270
1.20 3.30 336 269
1.30 3.30 338 267
1.40 3.30 342 265
1.50 3.30 344 264
1.60 3.30 346 262
1.70 3.30 349 261
1.80 3.30 351 260
1.90 3.30 354 258
2.00 3.30 356 256
2.10 3.30 359 254
2.20 3.30 361 252
2.30 3.30 364 250
2.40 3.30 366 248
2.50 3.30 368 247
2.60 3.30 371 245
2.70 3.30 373 243
2.80 3.30 375 241
2.90 3.30 378 239
3.00 3.30 380 237
3.10 3.30 383 235
3.20 3.30 386 234
3.30 3.30 388 232
3.40 3.30 390 230
3.50 3.30 393 229
3.60 3.30 395 226
3.70 3.30 398 225
3.80 3.30 400 223
3.90 3.30 403 221
4.00 3.30 405 220
4.10 3.30 407 218
4.20 3.30 409 216
4.30 3.30 411 215
4.40 3.30 414 213
4.50 3.30 416 211
4.60 3.30 419 209
4.70 3.30 422 207
4.80 3.30 424 205
4.90 3.30 426 204
5.00 3.30 428 202
5.10 3.30 430 201
5.20 3.30 432 199
5.30 3.30 435 198
5.40 3.30 437 196
5.50 3.30 439 194
5.60 3.30 441 193
5.70 3.30 442 193
5.80 3.30 445 193
5.90 3.30 447 193
6.00 3.30 448 193
6.10 3.30 449 193
6.20 3.30 0 0
6.30 3.30 468 227
6.40 3.30 469 226
6.50 3.30 470 224
6.60 3.30 471 223
6.70 3.30 472 221
6.80 3.30 476 220
6.90 3.30 477 219
7.00 3.30 0 0
7.10 3.30 474 145
7.20 3.30 475 144
7.30 3.30 477 142
7.40 3.30 478 141
7.50 3.30 480 140
7.60 3.30 483 139
7.70 3.30 485 138
7.80 3.30 488 137
7.90 3.30 490 136
8.00 3.30 492 135
8.10 3.30 494 134
8.20 3.30 496 133
8.30 3.30 498 132
8.40 3.30 501 131
8.50 3.30 502 130
8.60 3.30 505 129
8.70 3.30 506 128
8.80 3.30 507 126
8.90 3.30 0 0
9.00 3.30 0 0
9.10 3.30 0 0
-9.00 3.40 62 351
-8.90 3.40 65 349
-8.80 3.40 68 348
-8.70 3.40 71 347
-8.60 3.40 75 345
-8.50 3.40 78 343
-8.40 3.40 81 342
-8.30 3.40 84 340
-8.20 3.40 87 339
-8.10 3.40 90 337
-8.00 3.40 93 336
-7.90 3.40 97 334
-7.80 3.40 100 332
-7.70 3.40 103 331
-7.60 3.40 105 330
-7.50 3.40 108 329
-7.40 3.40 110 328
-7.30 3.40 112 327
-7.20 3.40 0 0
-7.10 3.40 0 0
-7.00 3.40 0 0
-6.90 3.40 0 0
-6.80 3.40 0 0
-6.70 3.40 0 0
-6.60 3.40 0 0
-6.50 3.40 0 0
-6.40 3.40 0 0
-6.30 3.40 0 0
-6.20 3.40 0 0
-6.10 3.40 0 0
-6.00 3.40 0 0
-5.90 3.40 0 0
-5.80 3.40 0 0
-5.70 3.40 0 0
-5.60 3.40 0 0
-5.50 3.40 0 0
-5.40 3.40 0 0
-5.30 3.40 0 0
-5.20 3.40 0 0
-5.10 3.40 176 326
-5.00 3.40 178 327
-4.90 3.40 180 327
-4.80 3.40 182 326
-4.70 3.40 184 326
-4.60 3.40 187 325
-4.50 3.40 190 325
-4.40 3.40 193 325
-4.30 3.40 196 324
-4.20 3.40 198 323
-4.10 3.40 201 323
-4.00 3.40 203 322
-3.90 3.40 205 322
-3.80 3.40 208 321
-3.70 3.40 211 321
-3.60 3.40 214 320
-3.50 3.40 216 319
-3.40 3.40 219 319
-3.30 3.40 221 318
-3.20 3.40 223 318
-3.10 3.40 226 318
-3.00 3.40 229 317
-2.90 3.40 232 316
-2.80 3.40 235 316
-2.70 3.40 237 315
-2.60 3.40 240 314
-2.50 3.40 243 314
-2.40 3.40 245 313
-2.30 3.40 248 312
-2.20 3.40 251 311
-2.10 3.40 253 310
-2.00 3.40 256 309
-1.90 3.40 258 308
-1.80 3.40 261 306
-1.70 3.40 263 305
-1.60 3.40 266 304
-1.50 3.40 269 303
-1.40 3.40 271 302
-1.30 3.40 274 301
-1.20 3.40 277 300
-1.10 3.40 279 298
-1.00 3.40 282 297
-0.90 3.40 284 296
-0.80 3.40 287 295
-0.70 3.40 289 294
-0.60 3.40 293 292
-0.50 3.40 295 291
-0.40 3.40 297 290
-0.30 3.40 300 289
-0.20 3.40 302 288
-0.10 3.40 305 286
-0.00 3.40 307 285
0.10 3.40 310 284
0.20 3.40 313 283
0.30 3.40 316 281
0.40 3.40 318 280
0.50 3.40 321 279
0.60 3.40 323 278
0.70 3.40 325 276
0.80 3.40 328 275
0.90 3.40 330 273
1.00 3.40 333 272
1.10 3.40 336 271
1.20 3.40 338 270
1.30 3.40 340 268
1.40 3.40 343 267
1.50 3.40 345 265
1.60 3.40 348 264
1.70 3.40 351 262
1.80 3.40 353 260
1.90 3.40 355 259
2.00 3.40 358 257
2.10 3.40 361 256
2.20 3.40 363 254
2.30 3.40 365 252
2.40 3.40 367 250
2.50 3.40 370 248
2.60 3.40 372 246
2.70 3.40 375 244
2.80 3.40 377 242
2.90 3.40 380 240
3.00 3.40 383 238
3.10 3.40 385 236
3.20 3.40 387 235
3.30 3.40 390 232
3.40 3.40 392 231
3.50 3.40 395 229
3.60 3.40 397 227
3.70 3.40 399 226
3.80 3.40 402 224
3.90 3.40 404 223
4.00 3.40 406 221
4.10 3.40 409 219
4.20 3.40 411 217
4.30 3.40 413 216
4.40 3.40 416 214
4.50 3.40 418 212
4.60 3.40 420 210
4.70 3.40 423 208
4.80 3.40 425 207
4.90 3.40 427 205
5.00 3.40 430 204
5.10 3.40 431 202
5.20 3.40 434 201
5.30 3.40 436 199
5.40 3.40 438 197
5.50 3.40 440 196
5.60 3.40 442 195
5.70 3.40 444 194
5.80 3.40 446 194
5.90 3.40 447 195
6.00 3.40 449 195
6.10 3.40 0 0
6.20 3.40 0 0
6.30 3.40 469 229
6.40 3.40 469 227
6.50 3.40 471 225
6.60 3.40 472 224
6.70 3.40 475 223
6.80 3.40 477 221
6.90 3.40 0 0
7.00 3.40 475 146
7.10 3.40 475 146
7.20 3.40 476 145
7.30 3.40 479 144
7.40 3.40 480 142
7.50 3.40 482 141
7.60 3.40 484 140
7.70 3.40 486 139
7.80 3.40 489 138
7.90 3.40 491 137
8.00 3.40 493 136
8.10 3.40 495 135
8.20 3.40 497 134
8.30 3.40 499 133
8.40 3.40 502 131
8.50 3.40 504 131
8.60 3.40 506 129
8.70 3.40 507 128
8.80 3.40 0 0
8.90 3.40 0 0
9.00 3.40 0 0
9.10 3.40 0 0
-9.00 3.50 63 352
-8.90 3.50 66 351
-8.80 3.50 69 349
-8.70 3.50 73 348
-8.60 3.50 76 346
-8.50 3.50 79 345
-8.40 3.50 82 343
-8.30 3.50 85 342
-8.20 3.50 88 340
-8.10 3.50 92 338
-8.00 3.50 95 337
-7.90 3.50 99 335
-7.80 3.50 102 334
-7.70 3.50 105 332
-7.60 3.50 108 331
-7.50 3.50 110 330
-7.40 3.50 112 329
-7.30 3.50 114 328
-7.20 3.50 0 0
-7.10 3.50 0 0
-7.00 3.50 0 0
-6.90 3.50 0 0
-6.80 3.50 0 0
-6.70 3.50 0 0
-6.60 3.50 0 0
-6.50 3.50 0 0
-6.40 3.50 0 0
-6.30 3.50 0 0
-6.20 3.50 0 0
-6.10 3.50 0 0
-6.00 3.50 0 0
-5.90 3.50 0 0
-5.80 3.50 0 0
-5.70 3.50 0 0
-5.60 3.50 0 0
-5.50 3.50 0 0
-5.40 3.50 0 0
-5.30 3.50 0 0
-5.20 3.50 0 0
-5.10 3.50 0 0
-5.00 3.50 178 331
-4.90 3.50 181 328
-4.80 3.50 184 328
-4.70 3.50 186 327
-4.60 3.50 188 327
-4.50 3.50 191 326
-4.40 3.50 194 326
-4.30 3.50 197 325
-4.20 3.50 199 325
-4.10 3.50 202 325
-4.00 3.50 204 324
-3.90 3.50 207 324
-3.80 3.50 210 323
-3.70 3.50 212 322
-3.60 3.50 215 321
-3.50 3.50 218 321
-3.40 3.50 220 320
-3.30 3.50 223 320
-3.20 3.50 226 319
-3.10 3.50 228 319
-3.00 3.50 230 318
-2.90 3.50 233 318
-2.80 3.50 236 317
-2.70 3.50 239 316
-2.60 3.50 241 316
-2.50 3.50 244 315
-2.40 3.50 246 314
-2.30 3.50 249 313
-2.20 3.50 252 312
-2.10 3.50 255 311
-2.00 3.50 257 310
-1.90 3.50 260 309
-1.80 3.50 263 307
-1.70 3.50 265 306
-1.60 3.50 268 305
-1.50 3.50 270 304
-1.40 3.50 273 303
-1.30 3.50 275 302
-1.20 3.50 278 301
-1.10 3.50 281 300
-1.00 3.50 283 298
-0.90 3.50 286 297
-0.80 3.50 289 296
-0.70 3.50 291 295
-0.60 3.50 294 293
-0.50 3.50 297 293
-0.40 3.50 299 291
-0.30 3.50 302 290
-0.20 3.50 304 289
-0.10 3.50 307 287
-0.00 3.50 309 286
0.10 3.50 312 285
0.20 3.50 315 284
0.30 3.50 317 282
0.40 3.50 320 281
0.50 3.50 322 280
0.60 3.50 325 278
0.70 3.50 327 277
0.80 3.50 330 276
0.90 3.50 332 274
1.00 3.50 335 273
1.10 3.50 337 271
1.20 3.50 339 270
1.30 3.50 342 269
1.40 3.50 345 267
1.50 3.50 347 266
1.60 3.50 350 265
1.70 3.50 353 263
1.80 3.50 355 261
1.90 3.50 358 260
2.00 3.50 360 258
2.10 3.50 362 257
2.20 3.50 365 254
2.30 3.50 367 253
2.40 3.50 369 251
2.50 3.50 371 249
2.60 3.50 374 247
2.70 3.50 376 245
2.80 3.50 379 243
2.90 3.50 382 241
3.00 3.50 384 239
3.10 3.50 387 237
3.20 3.50 389 236
3.30 3.50 391 234
3.40 3.50 393 232
3.50 3.50 396 231
3.60 3.50 399 229
3.70 3.50 401 227
3.80 3.50 403 225
3.90 3.50 406 223
4.00 3.50 408 222
4.10 3.50 411 220
4.20 3.50 413 218
4.30 3.50 415 217
4.40 3.50 418 215
4.50 3.50 420 213
4.60 3.50 422 212
4.70 3.50 425 210
4.80 3.50 427 208
4.90 3.50 429 206
5.00 3.50 431 205
5.10 3.50 433 203
5.20 3.50 435 202
5.30 3.50 438 200
5.40 3.50 439 198
5.50 3.50 441 197
5.60 3.50 443 196
5.70 3.50 445 196
5.80 3.50 447 196
5.90 3.50 449 197
6.00 3.50 450 197
6.10 3.50 0 0
6.20 3.50 465 230
6.30 3.50 469 230
6.40 3.50 470 228
6.50 3.50 472 226
6.60 3.50 473 225
6.70 3.50 477 223
6.80 3.50 479 222
6.90 3.50 0 0
7.00 3.50 475 148
7.10 3.50 476 147
7.20 3.50 478 145
7.30 3.50 480 145
7.40 3.50 482 144
7.50 3.50 484 142
7.60 3.50 486 141
7.70 3.50 488 140
7.80 3.50 491 139
7.90 3.50 493 137
8.00 3.50 495 137
8.10 3.50 496 136
8.20 3.50 499 135
8.30 3.50 502 134
8.40 3.50 504 133
8.50 3.50 506 131
8.60 3.50 507 130
8.70 3.50 0 0
8.80 3.50 0 0
8.90 3.50 0 0
9.00 3.50 0 0
9.10 3.50 0 0
-9.00 3.60 64 353
-8.90 3.60 68 352
-8.80 3.60 71 350
-8.70 3.60 74 349
-8.60 3.60 78 347
-8.50 3.60 80 346
-8.40 3.60 83 344
-8.30 3.60 87 343
-8.20 3.60 90 341
-8.10 3.60 94 339
-8.00 3.60 97 338
-7.90 3.60 100 336
-7.80 3.60 104 334
-7.70 3.60 107 333
-7.60 3.60 109 332
-7.50 3.60 112 331
-7.40 3.60 114 330
-7.30 3.60 116 330
-7.20 3.60 0 0
-7.10 3.60 0 0
-7.00 3.60 0 0
-6.90 3.60 0 0
-6.80 3.60 0 0
-6.70 3.60 0 0
-6.60 3.60 0 0
-6.50 3.60 0 0
-6.40 3.60 0 0
-6.30 3.60 0 0
-6.20 3.60 0 0
-6.10 3.60 0 0
-6.00 3.60 0 0
-5.90 3.60 0 0
-5.80 3.60 0 0
-5.70 3.60 0 0
-5.60 3.60 0 0
-5.50 3.60 0 0
-5.40 3.60 0 0
-5.30 3.60 0 0
-5.20 3.60 0 0
-5.10 3.60 0 0
-5.00 3.60 180 332
-4.90 3.60 182 330
-4.80 3.60 186 329
-4.70 3.60 188 329
-4.60 3.60 190 328
-4.50 3.60 193 328
-4.40 3.60 196 327
-4.30 3.60 198 327
-4.20 3.60 201 326
-4.10 3.60 203 326
-4.00 3.60 206 326
-3.90 3.60 208 325
-3.80 3.60 211 324
-3.70 3.60 214 324
-3.60 3.60 216 323
-3.50 3.60 219 322
-3.40 3.60 222 322
-3.30 3.60 224 321
-3.20 3.60 227 321
-3.10 3.60 230 320
-3.00 3.60 232 320
-2.90 3.60 235 319
-2.80 3.60 238 318
-2.70 3.60 240 318
-2.60 3.60 243 317
-2.50 3.60 246 316
-2.40 3.60 248 315
-2.30 3.60 251 314
-2.20 3.60 254 313
-2.10 3.60 256 312
-2.00 3.60 259 310
-1.90 3.60 261 310
-1.80 3.60 264 308
-1.70 3.60 267 307
-1.60 3.60 270 307
-1.50 3.60 272 305
-1.40 3.60 275 304
-1.30 3.60 277 303
-1.20 3.60 280 301
-1.10 3.60 282 300
-1.00 3.60 285 299
-0.90 3.60 288 298
-0.80 3.60 290 297
-0.70 3.60 293 296
-0.60 3.60 296 294
-0.50 3.60 298 293
-0.40 3.60 300 292
-0.30 3.60 303 291
-0.20 3.60 306 290
-0.10 3.60 309 288
-0.00 3.60 311 287
0.10 3.60 314 286
0.20 3.60 316 285
0.30 3.60 319 283
0.40 3.60 322 282
0.50 3.60 323 281
0.60 3.60 326 279
0.70 3.60 329 278
0.80 3.60 331 277
0.90 3.60 334 275
1.00 3.60 336 274
1.10 3.60 339 273
1.20 3.60 342 271
1.30 3.60 344 270
1.40 3.60 346 269
1.50 3.60 349 267
1.60 3.60 351 266
1.70 3.60 354 264
1.80 3.60 357 263
1.90 3.60 358 261
2.00 3.60 361 259
2.10 3.60 364 257
2.20 3.60 366 256
2.30 3.60 369 254
2.40 3.60 371 253
2.50 3.60 373 250
2.60 3.60 376 248
2.70 3.60 379 246
2.80 3.60 381 244
2.90 3.60 384 242
3.00 3.60 386 240
3.10 3.60 388 239
3.20 3.60 391 237
3.30 3.60 393 235
3.40 3.60 396 233
3.50 3.60 398 231
3.60 3.60 401 230
3.70 3.60 403 228
3.80 3.60 405 226
3.90 3.60 407 225
4.00 3.60 410 223
4.10 3.60 412 221
4.20 3.60 415 219
4.30 3.60 417 218
4.40 3.60 419 216
4.50 3.60 422 215
4.60 3.60 424 213
4.70 3.60 426 211
4.80 3.60 428 209
4.90 3.60 431 208
5.00 3.60 432 206
5.10 3.60 435 205
5.20 3.60 437 203
5.30 3.60 439 202
5.40 3.60 441 200
5.50 3.60 442 199
5.60 3.60 444 198
5.70 3.60 447 198
5.80 3.60 449 198
5.90 3.60 451 199
6.00 3.60 451 198
6.10 3.60 468 234
6.20 3.60 469 233
6.30 3.60 470 231
6.40 3.60 472 229
6.50 3.60 474 227
6.60 3.60 475 226
6.70 3.60 478 225
6.80 3.60 481 224
6.90 3.60 476 151
7.00 3.60 476 149
7.10 3.60 478 148
7.20 3.60 479 147
7.30 3.60 482 146
7.40 3.60 483 145
7.50 3.60 485 143
7.60 3.60 488 142
7.70 3.60 490 141
7.80 3.60 492 140
7.90 3.60 494 139
8.00 3.60 497 138
8.10 3.60 499 137
8.20 3.60 501 136
8.30 3.60 503 135
8.40 3.60 505 134
8.50 3.60 506 133
8.60 3.60 508 131
8.70 3.60 0 0
8.80 3.60 0 0
8.90 3.60 0 0
9.00 3.60 0 0
9.10 3.60 0 0
-9.00 3.70 66 355
-8.90 3.70 69 353
-8.80 3.70 72 352
-8.70 3.70 76 351
-8.60 3.70 79 349
-8.50 3.70 82 347
-8.40 3.70 85 346
-8.30 3.70 88 344
-8.20 3.70 92 342
-8.10 3.70 95 341
-8.00 3.70 98 339
-7.90 3.70 102 337
-7.80 3.70 105 336
-7.70 3.70 108 334
-7.60 3.70 111 333
-7.50 3.70 113 332
-7.40 3.70 116 331
-7.30 3.70 117 330
-7.20 3.70 0 0
-7.10 3.70 0 0
-7.00 3.70 0 0
-6.90 3.70 0 0
-6.80 3.70 0 0
-6.70 3.70 0 0
-6.60 3.70 0 0
-6.50 3.70 0 0
-6.40 3.70 0 0
-6.30 3.70 0 0
-6.20 3.70 0 0
-6.10 3.70 0 0
-6.00 3.70 0 0
-5.90 3.70 0 0
-5.80 3.70 0 0
-5.70 3.70 0 0
-5.60 3.70 0 0
-5.50 3.70 0 0
-5.40 3.70 0 0
-5.30 3.70 0 0
-5.20 3.70 0 0
-5.10 3.70 0 0
-5.00 3.70 182 333
-4.90 3.70 184 332
-4.80 3.70 187 330
-4.70 3.70 189 330
-4.60 3.70 191 330
-4.50 3.70 194 329
-4.40 3.70 197 329
-4.30 3.70 200 329
-4.20 3.70 202 328
-4.10 3.70 204 328
-4.00 3.70 207 327
-3.90 3.70 209 326
-3.80 3.70 212 326
-3.70 3.70 215 325
-3.60 3.70 218 324
-3.50 3.70 221 324
-3.40 3.70 224 323
-3.30 3.70 226 323
-3.20 3.70 228 322
-3.10 3.70 231 321
-3.00 3.70 234 321
-2.90 3.70 237 321
-2.80 3.70 239 319
-2.70 3.70 242 319
-2.60 3.70 245 318
-2.50 3.70 247 317
-2.40 3.70 250 316
-2.30 3.70 253 315
-2.20 3.70 255 314
-2.10 3.70 258 313
-2.00 3.70 260 311
-1.90 3.70 263 311
-1.80 3.70 265 310
-1.70 3.70 268 308
-1.60 3.70 271 307
-1.50 3.70 274 306
-1.40 3.70 276 305
-1.30 3.70 279 304
-1.20 3.70 281 302
-1.10 3.70 284 301
-1.00 3.70 287 300
-0.90 3.70 289 299
-0.80 3.70 292 298
-0.70 3.70 294 296
-0.60 3.70 297 296
-0.50 3.70 299 294
-0.40 3.70 302 293
-0.30 3.70 305 292
-0.20 3.70 308 291
-0.10 3.70 310 289
-0.00 3.70 313 288
0.10 3.70 316 287
0.20 3.70 318 285
0.30 3.70 320 284
0.40 3.70 323 283
0.50 3.70 325 282
0.60 3.70 328 281
0.70 3.70 330 279
0.80 3.70 333 278
0.90 3.70 336 276
1.00 3.70 338 275
1.10 3.70 340 274
1.20 3.70 343 272
1.30 3.70 346 271
1.40 3.70 349 269
1.50 3.70 351 268
1.60 3.70 353 267
1.70 3.70 356 265
1.80 3.70 358 264
1.90 3.70 360 262
2.00 3.70 363 260
2.10 3.70 365 259
2.20 3.70 368 257
2.30 3.70 370 255
2.40 3.70 373 253
2.50 3.70 375 251
2.60 3.70 378 249
2.70 3.70 380 247
2.80 3.70 383 245
2.90 3.70 385 243
3.00 3.70 387 241
3.10 3.70 390 239
3.20 3.70 392 238
3.30 3.70 395 236
3.40 3.70 397 234
3.50 3.70 400 233
3.60 3.70 402 231
3.70 3.70 404 229
3.80 3.70 407 227
3.90 3.70 409 226
4.00 3.70 412 224
4.10 3.70 414 223
4.20 3.70 416 221
4.30 3.70 418 219
4.40 3.70 421 218
4.50 3.70 423 216
4.60 3.70 425 214
4.70 3.70 428 212
4.80 3.70 430 211
4.90 3.70 432 209
5.00 3.70 434 207
5.10 3.70 436 206
5.20 3.70 438 204
5.30 3.70 440 203
5.40 3.70 442 201
5.50 3.70 444 200
5.60 3.70 446 200
5.70 3.70 448 200
5.80 3.70 450 200
5.90 3.70 452 200
6.00 3.70 468 236
6.10 3.70 469 235
6.20 3.70 470 234
6.30 3.70 471 232
6.40 3.70 473 230
6.50 3.70 476 229
6.60 3.70 477 227
6.70 3.70 480 226
6.80 3.70 481 225
6.90 3.70 477 152
7.00 3.70 477 151
7.10 3.70 479 149
7.20 3.70 481 148
7.30 3.70 483 146
7.40 3.70 485 145
7.50 3.70 487 144
7.60 3.70 489 143
7.70 3.70 491 142
7.80 3.70 494 141
7.90 3.70 495 140
8.00 3.70 499 138
8.10 3.70 500 137
8.20 3.70 503 137
8.30 3.70 505 136
8.40 3.70 506 135
8.50 3.70 507 134
8.60 3.70 0 0
8.70 3.70 0 0
8.80 3.70 0 0
8.90 3.70 0 0
9.00 3.70 0 0
9.10 3.70 0 0
-9.00 3.80 67 356
-8.90 3.80 71 354
-8.80 3.80 74 353
-8.70 3.80 77 352
-8.60 3.80 80 350
-8.50 3.80 83 349
-8.40 3.80 87 347
-8.30 3.80 90 345
-8.20 3.80 93 344
-8.10 3.80 97 342
-8.00 3.80 100 340
-7.90 3.80 103 339
-7.80 3.80 106 338
-7.70 3.80 109 336
-7.60 3.80 112 335
-7.50 3.80 115 333
-7.40 3.80 117 333
-7.30 3.80 120 332
-7.20 3.80 121 331
-7.10 3.80 0 0
-7.00 3.80 0 0
-6.90 3.80 0 0
-6.80 3.80 0 0
-6.70 3.80 0 0
-6.60 3.80 0 0
-6.50 3.80 0 0
-6.40 3.80 0 0
-6.30 3.80 0 0
-6.20 3.80 0 0
-6.10 3.80 0 0
-6.00 3.80 0 0
-5.90 3.80 0 0
-5.80 3.80 0 0
-5.70 3.80 0 0
-5.60 3.80 0 0
-5.50 3.80 0 0
-5.40 3.80 0 0
-5.30 3.80 0 0
-5.20 3.80 0 0
-5.10 3.80 0 0
-5.00 3.80 183 335
-4.90 3.80 185 334
-4.80 3.80 188 333
-4.70 3.80 191 332
-4.60 3.80 193 331
-4.50 3.80 196 331
-4.40 3.80 198 330
-4.30 3.80 201 330
-4.20 3.80 203 330
-4.10 3.80 206 329
-4.00 3.80 208 328
-3.90 3.80 211 328
-3.80 3.80 214 327
-3.70 3.80 217 327
-3.60 3.80 219 326
-3.50 3.80 222 325
-3.40 3.80 224 325
-3.30 3.80 227 324
-3.20 3.80 230 324
-3.10 3.80 233 323
-3.00 3.80 235 322
-2.90 3.80 238 321
-2.80 3.80 241 321
-2.70 3.80 243 320
-2.60 3.80 246 319
-2.50 3.80 249 318
-2.40 3.80 251 317
-2.30 3.80 254 316
-2.20 3.80 256 315
-2.10 3.80 259 314
-2.00 3.80 261 313
-1.90 3.80 265 311
-1.80 3.80 267 310
-1.70 3.80 270 309
-1.60 3.80 272 308
-1.50 3.80 275 307
-1.40 3.80 278 306
-1.30 3.80 280 304
-1.20 3.80 283 303
-1.10 3.80 286 302
-1.00 3.80 288 301
-0.90 3.80 291 300
-0.80 3.80 294 299
-0.70 3.80 297 298
-0.60 3.80 299 296
-0.50 3.80 301 295
-0.40 3.80 304 294
-0.30 3.80 307 293
-0.20 3.80 309 292
-0.10 3.80 312 290
-0.00 3.80 314 289
0.10 3.80 317 288
0.20 3.80 319 286
0.30 3.80 322 285
0.40 3.80 324 284
0.50 3.80 327 283
0.60 3.80 329 281
0.70 3.80 332 280
0.80 3.80 335 279
0.90 3.80 338 278
1.00 3.80 339 276
1.10 3.80 342 275
1.20 3.80 345 273
1.30 3.80 347 272
1.40 3.80 350 270
1.50 3.80 352 269
1.60 3.80 355 268
1.70 3.80 357 266
1.80 3.80 360 265
1.90 3.80 363 263
2.00 3.80 365 262
2.10 3.80 367 260
2.20 3.80 369 258
2.30 3.80 372 256
2.40 3.80 374 254
2.50 3.80 377 252
2.60 3.80 380 250
2.70 3.80 382 248
2.80 3.80 385 246
2.90 3.80 387 244
3.00 3.80 389 242
3.10 3.80 392 241
3.20 3.80 394 239
3.30 3.80 396 237
3.40 3.80 399 236
3.50 3.80 401 234
3.60 3.80 403 232
3.70 3.80 406 230
3.80 3.80 409 228
3.90 3.80 411 227
4.00 3.80 413 225
4.10 3.80 415 224
4.20 3.80 418 222
4.30 3.80 420 221
4.40 3.80 422 219
4.50 3.80 425 217
4.60 3.80 427 216
4.70 3.80 429 214
4.80 3.80 431 212
4.90 3.80 434 210
5.00 3.80 436 209
5.10 3.80 438 207
5.20 3.80 440 205
5.30 3.80 442 204
5.40 3.80 443 203
5.50 3.80 445 202
5.60 3.80 448 202
5.70 3.80 450 202
5.80 3.80 452 202
5.90 3.80 453 201
6.00 3.80 465 236
6.10 3.80 470 237
6.20 3.80 470 234
6.30 3.80 473 233
6.40 3.80 475 231
6.50 3.80 476 230
6.60 3.80 479 228
6.70 3.80 481 227
6.80 3.80 483 226
6.90 3.80 478 153
7.00 3.80 479 152
7.10 3.80 480 150
7.20 3.80 482 148
7.30 3.80 485 147
7.40 3.80 487 146
7.50 3.80 489 146
7.60 3.80 491 144
7.70 3.80 493 143
7.80 3.80 495 142
7.90 3.80 497 141
8.00 3.80 500 140
8.10 3.80 502 139
8.20 3.80 504 137
8.30 3.80 506 137
8.40 3.80 507 135
8.50 3.80 0 0
8.60 3.80 0 0
8.70 3.80 0 0
8.80 3.80 0 0
8.90 3.80 0 0
9.00 3.80 0 0
9.10 3.80 0 0
-9.00 3.90 69 357
-8.90 3.90 73 356
-8.80 3.90 75 355
-8.70 3.90 78 353
-8.60 3.90 81 352
-8.50 3.90 85 350
-8.40 3.90 88 348
-8.30 3.90 91 347
-8.20 3.90 95 345
-8.10 3.90 98 343
-8.00 3.90 101 342
-7.90 3.90 104 340
-7.80 3.90 108 339
-7.70 3.90 111 337
-7.60 3.90 114 335
-7.50 3.90 116 334
-7.40 3.90 119 334
-7.30 3.90 121 333
-7.20 3.90 123 332
-7.10 3.90 0 0
-7.00 3.90 0 0
-6.90 3.90 0 0
-6.80 3.90 0 0
-6.70 3.90 0 0
-6.60 3.90 0 0
-6.50 3.90 0 0
-6.40 3.90 0 0
-6.30 3.90 0 0
-6.20 3.90 0 0
-6.10 3.90 0 0
-6.00 3.90 0 0
-5.90 3.90 0 0
-5.80 3.90 0 0
-5.70 3.90 0 0
-5.60 3.90 0 0
-5.50 3.90 0 0
-5.40 3.90 0 0
-5.30 3.90 0 0
-5.20 3.90 0 0
-5.10 3.90 0 0
-5.00 3.90 0 0
-4.90 3.90 188 335
-4.80 3.90 190 335
-4.70 3.90 192 334
-4.60 3.90 194 334
-4.50 3.90 197 333
-4.40 3.90 200 332
-4.30 3.90 203 332
-4.20 3.90 205 331
-4.10 3.90 207 331
-4.00 3.90 210 330
-3.90 3.90 212 329
-3.80 3.90 215 329
-3.70 3.90 218 328
-3.60 3.90 221 328
-3.50 3.90 224 327
-3.40 3.90 226 326
-3.30 3.90 229 326
-3.20 3.90 231 325
-3.10 3.90 234 324
-3.00 3.90 237 323
-2.90 3.90 239 323
-2.80 3.90 242 322
-2.70 3.90 245 321
-2.60 3.90 248 320
-2.50 3.90 251 319
-2.40 3.90 253 318
-2.30 3.90 255 317
-2.20 3.90 258 316
-2.10 3.90 261 315
-2.00 3.90 264 314
-1.90 3.90 267 312
-1.80 3.90 269 311
-1.70 3.90 272 310
-1.60 3.90 274 309
-1.50 3.90 277 308
-1.40 3.90 280 306
-1.30 3.90 283 305
-1.20 3.90 285 304
-1.10 3.90 287 303
-1.00 3.90 290 302
-0.90 3.90 293 300
-0.80 3.90 296 299
-0.70 3.90 298 298
-0.60 3.90 301 297
-0.50 3.90 303 296
-0.40 3.90 306 295
-0.30 3.90 309 294
-0.20 3.90 311 293
-0.10 3.90 313 291
-0.00 3.90 316 290
0.10 3.90 318 289
0.20 3.90 321 288
0.30 3.90 324 286
0.40 3.90 327 285
0.50 3.90 329 284
0.60 3.90 331 283
0.70 3.90 334 281
0.80 3.90 336 280
0.90 3.90 339 278
1.00 3.90 341 277
1.10 3.90 344 276
1.20 3.90 346 274
1.30 3.90 349 273
1.40 3.90 351 271
1.50 3.90 354 270
1.60 3.90 357 269
1.70 3.90 359 267
1.80 3.90 362 266
1.90 3.90 364 264
2.00 3.90 367 262
2.10 3.90 369 261
2.20 3.90 371 259
2.30 3.90 374 258
2.40 3.90 376 256
2.50 3.90 379 254
2.60 3.90 381 252
2.70 3.90 384 249
2.80 3.90 386 247
2.90 3.90 389 246
3.00 3.90 391 243
3.10 3.90 393 242
3.20 3.90 396 240
3.30 3.90 398 238
3.40 3.90 400 237
3.50 3.90 403 235
3.60 3.90 406 233
3.70 3.90 408 232
3.80 3.90 410 230
3.90 3.90 413 228
4.00 3.90 415 227
4.10 3.90 417 225
4.20 3.90 419 223
4.30 3.90 421 222
4.40 3.90 424 220
4.50 3.90 426 218
4.60 3.90 429 217
4.70 3.90 431 215
4.80 3.90 433 214
4.90 3.90 435 212
5.00 3.90 437 211
5.10 3.90 439 209
5.20 3.90 441 207
5.30 3.90 443 205
5.40 3.90 445 204
5.50 3.90 448 204
5.60 3.90 450 204
5.70 3.90 452 204
5.80 3.90 454 204
5.90 3.90 468 241
6.00 3.90 466 238
6.10 3.90 471 238
6.20 3.90 472 236
6.30 3.90 474 234
6.40 3.90 476 233
6.50 3.90 478 231
6.60 3.90 480 229
6.70 3.90 479 206
6.80 3.90 478 154
6.90 3.90 479 154
7.00 3.90 480 153
7.10 3.90 482 151
7.20 3.90 484 149
7.30 3.90 486 148
7.40 3.90 489 147
7.50 3.90 490 146
7.60 3.90 493 145
7.70 3.90 495 144
7.80 3.90 497 143
7.90 3.90 499 142
8.00 3.90 502 141
8.10 3.90 504 140
8.20 3.90 505 138
8.30 3.90 506 137
8.40 3.90 508 136
8.50 3.90 0 0
8.60 3.90 0 0
8.70 3.90 0 0
8.80 3.90 0 0
8.90 3.90 0 0
9.00 3.90 0 0
9.10 3.90 0 0
-9.00 4.00 70 359
-8.90 4.00 73 357
-8.80 4.00 77 356
-8.70 4.00 79 354
-8.60 4.00 83 353
-8.50 4.00 86 351
-8.40 4.00 90 350
-8.30 4.00 93 348
-8.20 4.00 96 346
-8.10 4.00 99 345
-8.00 4.00 103 343
-7.90 4.00 106 341
-7.80 4.00 109 340
-7.70 4.00 112 338
-7.60 4.00 116 337
-7.50 4.00 118 336
-7.40 4.00 120 335
-7.30 4.00 123 334
-7.20 4.00 124 334
-7.10 4.00 0 0
-7.00 4.00 0 0
-6.90 4.00 0 0
-6.80 4.00 0 0
-6.70 4.00 0 0
-6.60 4.00 0 0
-6.50 4.00 0 0
-6.40 4.00 0 0
-6.30 4.00 0 0
-6.20 4.00 0 0
-6.10 4.00 0 0
-6.00 4.00 0 0
-5.90 4.00 0 0
-5.80 4.00 0 0
-5.70 4.00 0 0
-5.60 4.00 0 0
-5.50 4.00 0 0
-5.40 4.00 0 0
-5.30 4.00 0 0
-5.20 4.00 0 0
-5.10 4.00 0 0
-5.00 4.00 0 0
-4.90 4.00 190 337
-4.80 4.00 192 336
-4.70 4.00 194 336
-4.60 4.00 197 335
-4.50 4.00 199 335
-4.40 4.00 201 334
-4.30 4.00 203 334
-4.20 4.00 206 333
-4.10 4.00 209 332
-4.00 4.00 212 331
-3.90 4.00 214 331
-3.80 4.00 217 330
-3.70 4.00 219 330
-3.60 4.00 222 329
-3.50 4.00 226 328
-3.40 4.00 228 328
-3.30 4.00 230 327
-3.20 4.00 233 327
-3.10 4.00 235 325
-3.00 4.00 239 325
-2.90 4.00 241 324
-2.80 4.00 244 323
-2.70 4.00 247 322
-2.60 4.00 249 321
-2.50 4.00 252 320
-2.40 4.00 255 319
-2.30 4.00 256 318
-2.20 4.00 261 316
-2.10 4.00 263 315
-2.00 4.00 265 314
-1.90 4.00 268 313
-1.80 4.00 270 312
-1.70 4.00 273 311
-1.60 4.00 276 310
-1.50 4.00 279 308
-1.40 4.00 281 307
-1.30 4.00 284 306
-1.20 4.00 287 305
-1.10 4.00 289 303
-1.00 4.00 292 302
-0.90 4.00 294 301
-0.80 4.00 298 300
-0.70 4.00 300 299
-0.60 4.00 302 298
-0.50 4.00 305 297
-0.40 4.00 307 296
-0.30 4.00 310 295
-0.20 4.00 313 294
-0.10 4.00 315 292
-0.00 4.00 318 291
0.10 4.00 321 290
0.20 4.00 323 289
0.30 4.00 326 287
0.40 4.00 328 286
0.50 4.00 331 285
0.60 4.00 333 284
0.70 4.00 336 282
0.80 4.00 338 281
0.90 4.00 341 279
1.00 4.00 344 278
1.10 4.00 346 277
1.20 4.00 348 275
1.30 4.00 350 274
1.40 4.00 354 273
1.50 4.00 356 271
1.60 4.00 358 270
1.70 4.00 361 268
1.80 4.00 363 267
1.90 4.00 365 265
2.00 4.00 368 263
2.10 4.00 370 262
2.20 4.00 373 260
2.30 4.00 376 258
2.40 4.00 378 257
2.50 4.00 381 254
2.60 4.00 383 253
2.70 4.00 386 251
2.80 4.00 388 249
2.90 4.00 390 247
3.00 4.00 393 245
3.10 4.00 395 243
3.20 4.00 398 241
3.30 4.00 400 239
3.40 4.00 402 238
3.50 4.00 404 236
3.60 4.00 407 234
3.70 4.00 409 233
3.80 4.00 411 231
3.90 4.00 415 229
4.00 4.00 416 228
4.10 4.00 419 226
4.20 4.00 421 225
4.30 4.00 423 223
4.40 4.00 425 221
4.50 4.00 428 219
4.60 4.00 430 218
4.70 4.00 432 216
4.80 4.00 434 215
4.90 4.00 436 213
5.00 4.00 438 212
5.10 4.00 440 210
5.20 4.00 443 209
5.30 4.00 445 207
5.40 4.00 446 206
5.50 4.00 449 206
5.60 4.00 451 205
5.70 4.00 453 205
5.80 4.00 454 205
5.90 4.00 469 242
6.00 4.00 466 238
6.10 4.00 472 239
6.20 4.00 473 237
6.30 4.00 475 235
6.40 4.00 477 233
6.50 4.00 480 231
6.60 4.00 478 208
6.70 4.00 480 208
6.80 4.00 479 156
6.90 4.00 481 155
7.00 4.00 481 153
7.10 4.00 484 151
7.20 4.00 486 150
7.30 4.00 488 149
7.40 4.00 490 148
7.50 4.00 492 147
7.60 4.00 494 146
7.70 4.00 497 145
7.80 4.00 499 144
7.90 4.00 501 143
8.00 4.00 503 142
8.10 4.00 505 141
8.20 4.00 506 139
8.30 4.00 507 138
8.40 4.00 0 0
8.50 4.00 0 0
8.60 4.00 0 0
8.70 4.00 0 0
8.80 4.00 0 0
8.90 4.00 0 0
9.00 4.00 0 0
9.10 4.00 0 0
-9.00 4.10 72 360
-8.90 4.10 75 359
-8.80 4.10 78 357
-8.70 4.10 81 356
-8.60 4.10 84 354
-8.50 4.10 88 353
-8.40 4.10 91 351
-8.30 4.10 94 349
-8.20 4.10 98 347
-8.10 4.10 101 346
-8.00 4.10 105 344
-7.90 4.10 108 342
-7.80 4.10 111 341
-7.70 4.10 114 339
-7.60 4.10 117 338
-7.50 4.10 120 337
-7.40 4.10 122 336
-7.30 4.10 125 335
-7.20 4.10 126 335
-7.10 4.10 128 334
-7.00 4.10 0 0
-6.90 4.10 0 0
-6.80 4.10 0 0
-6.70 4.10 0 0
-6.60 4.10 0 0
-6.50 4.10 0 0
-6.40 4.10 0 0
-6.30 4.10 0 0
-6.20 4.10 0 0
-6.10 4.10 0 0
-6.00 4.10 0 0
-5.90 4.10 0 0
-5.80 4.10 0 0
-5.70 4.10 0 0
-5.60 4.10 0 0
-5.50 4.10 0 0
-5.40 4.10 0 0
-5.30 4.10 0 0
-5.20 4.10 0 0
-5.10 4.10 0 0
-5.00 4.10 0 0
-4.90 4.10 192 338
-4.80 4.10 194 338
-4.70 4.10 196 338
-4.60 4.10 198 337
-4.50 4.10 200 337
-4.40 4.10 202 336
-4.30 4.10 205 335
-4.20 4.10 208 335
-4.10 4.10 210 334
-4.00 4.10 213 333
-3.90 4.10 215 333
-3.80 4.10 218 332
-3.70 4.10 221 331
-3.60 4.10 223 330
-3.50 4.10 227 330
-3.40 4.10 230 329
-3.30 4.10 232 328
-3.20 4.10 235 328
-3.10 4.10 238 327
-3.00 4.10 240 326
-2.90 4.10 243 325
-2.80 4.10 246 324
-2.70 4.10 249 323
-2.60 4.10 251 322
-2.50 4.10 254 321
-2.40 4.10 256 320
-2.30 4.10 259 319
-2.20 4.10 262 317
-2.10 4.10 265 316
-2.00 4.10 267 315
-1.90 4.10 270 314
-1.80 4.10 272 313
-1.70 4.10 275 311
-1.60 4.10 278 310
-1.50 4.10 281 309
-1.40 4.10 283 308
-1.30 4.10 286 307
-1.20 4.10 289 305
-1.10 4.10 291 304
-1.00 4.10 293 303
-0.90 4.10 296 302
-0.80 4.10 299 301
-0.70 4.10 302 300
-0.60 4.10 304 299
-0.50 4.10 307 298
-0.40 4.10 309 296
-0.30 4.10 312 295
-0.20 4.10 314 294
-0.10 4.10 317 293
-0.00 4.10 320 292
0.10 4.10 322 291
0.20 4.10 325 290
0.30 4.10 328 288
0.40 4.10 330 287
0.50 4.10 332 286
0.60 4.10 335 284
0.70 4.10 338 283
0.80 4.10 339 282
0.90 4.10 342 280
1.00 4.10 345 279
1.10 4.10 348 278
1.20 4.10 350 276
1.30 4.10 353 275
1.40 4.10 355 274
1.50 4.10 357 272
1.60 4.10 360 271
1.70 4.10 362 269
1.80 4.10 365 267
1.90 4.10 367 266
2.00 4.10 370 264
2.10 4.10 373 262
2.20 4.10 375 261
2.30 4.10 377 260
2.40 4.10 380 258
2.50 4.10 382 256
2.60 4.10 385 254
2.70 4.10 387 252
2.80 4.10 390 250
2.90 4.10 392 248
3.00 4.10 394 246
3.10 4.10 397 244
3.20 4.10 399 243
3.30 4.10 402 241
3.40 4.10 404 239
3.50 4.10 406 237
3.60 4.10 408 236
3.70 4.10 411 234
3.80 4.10 413 232
3.90 4.10 416 231
4.00 4.10 418 229
4.10 4.10 420 227
4.20 4.10 422 226
4.30 4.10 425 224
4.40 4.10 427 223
4.50 4.10 429 221
4.60 4.10 431 220
4.70 4.10 434 218
4.80 4.10 436 216
4.90 4.10 438 214
5.00 4.10 440 213
5.10 4.10 442 211
5.20 4.10 444 210
5.30 4.10 446 209
5.40 4.10 448 208
5.50 4.10 451 207
5.60 4.10 453 207
5.70 4.10 455 207
5.80 4.10 466 242
5.90 4.10 471 243
6.00 4.10 471 242
6.10 4.10 473 240
6.20 4.10 474 238
6.30 4.10 476 236
6.40 4.10 479 235
6.50 4.10 481 232
6.60 4.10 480 210
6.70 4.10 480 158
6.80 4.10 481 158
6.90 4.10 481 156
7.00 4.10 483 154
7.10 4.10 485 152
7.20 4.10 487 151
7.30 4.10 490 150
7.40 4.10 492 149
7.50 4.10 493 148
7.60 4.10 496 147
7.70 4.10 498 146
7.80 4.10 500 145
7.90 4.10 503 144
8.00 4.10 505 143
8.10 4.10 506 142
8.20 4.10 507 140
8.30 4.10 508 140
8.40 4.10 0 0
8.50 4.10 0 0
8.60 4.10 0 0
8.70 4.10 0 0
8.80 4.10 0 0
8.90 4.10 0 0
9.00 4.10 0 0
9.10 4.10 0 0
-9.00 4.20 73 362
-8.90 4.20 76 360
-8.80 4.20 79 359
-8.70 4.20 83 357
-8.60 4.20 86 355
-8.50 4.20 90 353
-8.40 4.20 93 352
-8.30 4.20 96 350
-8.20 4.20 99 349
-8.10 4.20 102 347
-8.00 4.20 106 346
-7.90 4.20 109 344
-7.80 4.20 113 342
-7.70 4.20 115 341
-7.60 4.20 118 340
-7.50 4.20 121 338
-7.40 4.20 123 337
-7.30 4.20 126 337
-7.20 4.20 127 336
-7.10 4.20 129 335
-7.00 4.20 0 0
-6.90 4.20 0 0
-6.80 4.20 0 0
-6.70 4.20 0 0
-6.60 4.20 0 0
-6.50 4.20 0 0
-6.40 4.20 0 0
-6.30 4.20 0 0
-6.20 4.20 0 0
-6.10 4.20 0 0
-6.00 4.20 0 0
-5.90 4.20 0 0
-5.80 4.20 0 0
-5.70 4.20 0 0
-5.60 4.20 0 0
-5.50 4.20 0 0
-5.40 4.20 0 0
-5.30 4.20 0 0
-5.20 4.20 0 0
-5.10 4.20 0 0
-5.00 4.20 0 0
-4.90 4.20 0 0
-4.80 4.20 195 339
-4.70 4.20 197 339
-4.60 4.20 199 338
-4.50 4.20 202 338
-4.40 4.20 204 337
-4.30 4.20 206 337
-4.20 4.20 209 336
-4.10 4.20 212 335
-4.00 4.20 214 335
-3.90 4.20 217 334
-3.80 4.20 219 333
-3.70 4.20 222 333
-3.60 4.20 225 332
-3.50 4.20 228 331
-3.40 4.20 231 330
-3.30 4.20 234 329
-3.20 4.20 236 329
-3.10 4.20 239 328
-3.00 4.20 242 327
-2.90 4.20 244 326
-2.80 4.20 248 325
-2.70 4.20 250 324
-2.60 4.20 253 323
-2.50 4.20 255 322
-2.40 4.20 258 320
-2.30 4.20 261 319
-2.20 4.20 264 318
-2.10 4.20 266 317
-2.00 4.20 270 316
-1.90 4.20 271 315
-1.80 4.20 274 313
-1.70 4.20 277 312
-1.60 4.20 280 310
-1.50 4.20 282 309
-1.40 4.20 285 308
-1.30 4.20 288 307
-1.20 4.20 290 306
-1.10 4.20 293 305
-1.00 4.20 295 304
-0.90 4.20 298 303
-0.80 4.20 301 302
-0.70 4.20 303 300
-0.60 4.20 306 300
-0.50 4.20 308 299
-0.40 4.20 311 297
-0.30 4.20 314 296
-0.20 4.20 317 295
-0.10 4.20 319 294
-0.00 4.20 322 293
0.10 4.20 324 292
0.20 4.20 327 291
0.30 4.20 329 290
0.40 4.20 331 288
0.50 4.20 334 287
0.60 4.20 337 286
0.70 4.20 339 284
0.80 4.20 342 283
0.90 4.20 344 282
1.00 4.20 347 281
1.10 4.20 349 279
1.20 4.20 351 277
1.30 4.20 354 276
1.40 4.20 357 274
1.50 4.20 359 273
1.60 4.20 361 272
1.70 4.20 364 270
1.80 4.20 367 269
1.90 4.20 369 267
2.00 4.20 372 265
2.10 4.20 374 264
2.20 4.20 377 262
2.30 4.20 379 260
2.40 4.20 382 258
2.50 4.20 384 257
2.60 4.20 387 255
2.70 4.20 389 253
2.80 4.20 391 251
2.90 4.20 393 249
3.00 4.20 397 247
3.10 4.20 399 246
3.20 4.20 401 244
3.30 4.20 403 242
3.40 4.20 405 241
3.50 4.20 408 239
3.60 4.20 410 237
3.70 4.20 412 236
3.80 4.20 414 234
3.90 4.20 417 232
4.00 4.20 419 230
4.10 4.20 422 229
4.20 4.20 424 227
4.30 4.20 426 225
4.40 4.20 428 224
4.50 4.20 430 222
4.60 4.20 433 220
4.70 4.20 435 219
4.80 4.20 437 218
4.90 4.20 440 216
5.00 4.20 442 214
5.10 4.20 444 213
5.20 4.20 446 211
5.30 4.20 448 211
5.40 4.20 450 210
5.50 4.20 453 210
5.60 4.20 454 209
5.70 4.20 456 209
5.80 4.20 470 245
5.90 4.20 471 243
6.00 4.20 472 242
6.10 4.20 474 240
6.20 4.20 476 238
6.30 4.20 477 237
6.40 4.20 480 235
6.50 4.20 480 212
6.60 4.20 482 210
6.70 4.20 481 160
6.80 4.20 482 158
6.90 4.20 483 157
7.00 4.20 484 155
7.10 4.20 486 154
7.20 4.20 489 153
7.30 4.20 491 152
7.40 4.20 493 151
7.50 4.20 495 149
7.60 4.20 497 148
7.70 4.20 499 147
7.80 4.20 503 146
7.90 4.20 504 145
8.00 4.20 506 144
8.10 4.20 506 143
8.20 4.20 508 142
8.30 4.20 0 0
8.40 4.20 0 0
8.50 4.20 0 0
8.60 4.20 0 0
8.70 4.20 0 0
8.80 4.20 0 0
8.90 4.20 0 0
9.00 4.20 0 0
9.10 4.20 0 0
-9.00 4.30 74 363
-8.90 4.30 78 361
-8.80 4.30 81 360
-8.70 4.30 84 358
-8.60 4.30 88 356
-8.50 4.30 91 355
-8.40 4.30 94 353
-8.30 4.30 97 352
-8.20 4.30 101 350
-8.10 4.30 104 349
-8.00 4.30 107 347
-7.90 4.30 110 345
-7.80 4.30 114 344
-7.70 4.30 117 342
-7.60 4.30 120 341
-7.50 4.30 123 340
-7.40 4.30 125 339
-7.30 4.30 127 338
-7.20 4.30 129 337
-7.10 4.30 130 337
-7.00 4.30 0 0
-6.90 4.30 0 0
-6.80 4.30 0 0
-6.70 4.30 0 0
-6.60 4.30 0 0
-6.50 4.30 0 0
-6.40 4.30 0 0
-6.30 4.30 0 0
-6.20 4.30 0 0
-6.10 4.30 0 0
-6.00 4.30 0 0
-5.90 4.30 0 0
-5.80 4.30 0 0
-5.70 4.30 0 0
-5.60 4.30 0 0
-5.50 4.30 0 0
-5.40 4.30 0 0
-5.30 4.30 0 0
-5.20 4.30 0 0
-5.10 4.30 0 0
-5.00 4.30 0 0
-4.90 4.30 0 0
-4.80 4.30 197 340
-4.70 4.30 199 340
-4.60 4.30 200 340
-4.50 4.30 203 339
-4.40 4.30 205 339
-4.30 4.30 207 338
-4.20 4.30 210 337
-4.10 4.30 213 337
-4.00 4.30 215 336
-3.90 4.30 219 335
-3.80 4.30 221 334
-3.70 4.30 225 334
-3.60 4.30 227 333
-3.50 4.30 230 332
-3.40 4.30 232 331
-3.30 4.30 235 330
-3.20 4.30 238 330
-3.10 4.30 240 329
-3.00 4.30 243 328
-2.90 4.30 246 327
-2.80 4.30 249 326
-2.70 4.30 252 325
-2.60 4.30 254 324
-2.50 4.30 257 322
-2.40 4.30 260 322
-2.30 4.30 262 320
-2.20 4.30 265 319
-2.10 4.30 268 317
-2.00 4.30 271 316
-1.90 4.30 273 315
-1.80 4.30 276 314
-1.70 4.30 278 312
-1.60 4.30 282 311
-1.50 4.30 285 310
-1.40 4.30 287 309
-1.30 4.30 290 308
-1.20 4.30 292 306
-1.10 4.30 295 305
-1.00 4.30 0 0
-0.90 4.30 299 303
-0.80 4.30 303 302
-0.70 4.30 306 301
-0.60 4.30 307 300
-0.50 4.30 310 299
-0.40 4.30 313 298
-0.30 4.30 316 297
-0.20 4.30 318 296
-0.10 4.30 320 295
-0.00 4.30 323 294
0.10 4.30 325 293
0.20 4.30 328 292
0.30 4.30 331 290
0.40 4.30 333 289
0.50 4.30 336 288
0.60 4.30 338 286
0.70 4.30 340 285
0.80 4.30 343 284
0.90 4.30 346 282
1.00 4.30 348 281
1.10 4.30 351 280
1.20 4.30 353 278
1.30 4.30 356 277
1.40 4.30 359 276
1.50 4.30 361 274
1.60 4.30 363 273
1.70 4.30 366 272
1.80 4.30 368 270
1.90 4.30 371 268
2.00 4.30 374 266
2.10 4.30 376 265
2.20 4.30 379 263
2.30 4.30 381 261
2.40 4.30 383 259
2.50 4.30 386 258
2.60 4.30 388 256
2.70 4.30 390 254
2.80 4.30 392 253
2.90 4.30 395 251
3.00 4.30 397 249
3.10 4.30 400 247
3.20 4.30 402 245
3.30 4.30 405 243
3.40 4.30 407 241
3.50 4.30 409 240
3.60 4.30 411 239
3.70 4.30 413 237
3.80 4.30 416 236
3.90 4.30 418 233
4.00 4.30 421 232
4.10 4.30 423 230
4.20 4.30 425 228
4.30 4.30 427 227
4.40 4.30 430 225
4.50 4.30 432 224
4.60 4.30 434 222
4.70 4.30 437 220
4.80 4.30 439 218
4.90 4.30 441 217
5.00 4.30 443 216
5.10 4.30 445 214
5.20 4.30 447 213
5.30 4.30 450 212
5.40 4.30 452 212
5.50 4.30 454 211
5.60 4.30 456 211
5.70 4.30 469 248
5.80 4.30 470 246
5.90 4.30 472 244
6.00 4.30 473 243
6.10 4.30 475 241
6.20 4.30 476 239
6.30 4.30 478 237
6.40 4.30 480 214
6.50 4.30 481 213
6.60 4.30 483 212
6.70 4.30 482 160
6.80 4.30 483 159
6.90 4.30 484 158
7.00 4.30 486 156
7.10 4.30 488 155
7.20 4.30 491 154
7.30 4.30 492 153
7.40 4.30 495 152
7.50 4.30 497 150
7.60 4.30 499 149
7.70 4.30 501 148
7.80 4.30 504 147
7.90 4.30 505 146
8.00 4.30 506 144
8.10 4.30 507 143
8.20 4.30 508 142
8.30 4.30 0 0
8.40 4.30 0 0
8.50 4.30 0 0
8.60 4.30 0 0
8.70 4.30 0 0
8.80 4.30 0 0
8.90 4.30 0 0
9.00 4.30 0 0
9.10 4.30 0 0
-9.00 4.40 76 364
-8.90 4.40 79 363
-8.80 4.40 83 361
-8.70 4.40 86 359
-8.60 4.40 90 358
-8.50 4.40 92 356
-8.40 4.40 95 355
-8.30 4.40 99 353
-8.20 4.40 102 351
-8.10 4.40 106 350
-8.00 4.40 109 348
-7.90 4.40 112 347
-7.80 4.40 115 345
-7.70 4.40 118 344
-7.60 4.40 121 343
-7.50 4.40 124 341
-7.40 4.40 127 340
-7.30 4.40 129 339
-7.20 4.40 131 339
-7.10 4.40 133 338
-7.00 4.40 134 337
-6.90 4.40 0 0
-6.80 4.40 0 0
-6.70 4.40 0 0
-6.60 4.40 0 0
-6.50 4.40 0 0
-6.40 4.40 0 0
-6.30 4.40 0 0
-6.20 4.40 0 0
-6.10 4.40 0 0
-6.00 4.40 0 0
-5.90 4.40 0 0
-5.80 4.40 0 0
-5.70 4.40 0 0
-5.60 4.40 0 0
-5.50 4.40 0 0
-5.40 4.40 0 0
-5.30 4.40 0 0
-5.20 4.40 0 0
-5.10 4.40 0 0
-5.00 4.40 0 0
-4.90 4.40 0 0
-4.80 4.40 199 341
-4.70 4.40 200 341
-4.60 4.40 202 340
-4.50 4.40 204 340
-4.40 4.40 206 340
-4.30 4.40 210 339
-4.20 4.40 212 339
-4.10 4.40 215 338
-4.00 4.40 218 337
-3.90 4.40 221 337
-3.80 4.40 223 336
-3.70 4.40 225 335
-3.60 4.40 229 334
-3.50 4.40 231 334
-3.40 4.40 235 333
-3.30 4.40 237 332
-3.20 4.40 240 331
-3.10 4.40 242 330
-3.00 4.40 245 329
-2.90 4.40 248 328
-2.80 4.40 250 327
-2.70 4.40 253 326
-2.60 4.40 257 324
-2.50 4.40 259 323
-2.40 4.40 261 322
-2.30 4.40 264 321
-2.20 4.40 267 319
-2.10 4.40 270 318
-2.00 4.40 273 316
-1.90 4.40 276 315
-1.80 4.40 278 314
-1.70 4.40 281 313
-1.60 4.40 283 311
-1.50 4.40 286 310
-1.40 4.40 289 309
-1.30 4.40 291 308
-1.20 4.40 0 0
-1.10 4.40 297 306
-1.00 4.40 299 304
-0.90 4.40 0 0
-0.80 4.40 304 303
-0.70 4.40 307 302
-0.60 4.40 310 301
-0.50 4.40 312 300
-0.40 4.40 315 299
-0.30 4.40 318 298
-0.20 4.40 320 297
-0.10 4.40 322 296
-0.00 4.40 325 295
0.10 4.40 327 293
0.20 4.40 329 292
0.30 4.40 332 291
0.40 4.40 335 290
0.50 4.40 338 289
0.60 4.40 340 287
0.70 4.40 343 286
0.80 4.40 344 285
0.90 4.40 347 284
1.00 4.40 350 282
1.10 4.40 353 281
1.20 4.40 355 279
1.30 4.40 358 278
1.40 4.40 360 276
1.50 4.40 362 275
1.60 4.40 365 274
1.70 4.40 368 272
1.80 4.40 370 271
1.90 4.40 373 269
2.00 4.40 375 267
2.10 4.40 378 265
2.20 4.40 380 264
2.30 4.40 383 262
2.40 4.40 385 260
2.50 4.40 387 259
2.60 4.40 390 257
2.70 4.40 392 255
2.80 4.40 395 254
2.90 4.40 397 252
3.00 4.40 399 250
3.10 4.40 401 248
3.20 4.40 404 246
3.30 4.40 406 245
3.40 4.40 408 243
3.50 4.40 410 241
3.60 4.40 413 240
3.70 4.40 415 238
3.80 4.40 418 236
3.90 4.40 420 235
4.00 4.40 422 233
4.10 4.40 424 231
4.20 4.40 427 229
4.30 4.40 429 227
4.40 4.40 432 226
4.50 4.40 434 225
4.60 4.40 436 223
4.70 4.40 438 221
4.80 4.40 441 220
4.90 4.40 443 218
5.00 4.40 445 217
5.10 4.40 447 216
5.20 4.40 449 214
5.30 4.40 451 214
5.40 4.40 454 213
5.50 4.40 456 213
5.60 4.40 457 212
5.70 4.40 471 249
5.80 4.40 471 247
5.90 4.40 473 245
6.00 4.40 474 243
6.10 4.40 476 241
6.20 4.40 478 240
6.30 4.40 479 216
6.40 4.40 481 215
6.50 4.40 483 214
6.60 4.40 482 162
6.70 4.40 483 161
6.80 4.40 484 160
6.90 4.40 486 159
7.00 4.40 488 157
7.10 4.40 490 156
7.20 4.40 492 155
7.30 4.40 494 154
7.40 4.40 496 153
7.50 4.40 499 151
7.60 4.40 501 150
7.70 4.40 503 149
7.80 4.40 505 148
7.90 4.40 506 146
8.00 4.40 507 146
8.10 4.40 508 144
8.20 4.40 0 0
8.30 4.40 0 0
8.40 4.40 0 0
8.50 4.40 0 0
8.60 4.40 0 0
8.70 4.40 0 0
8.80 4.40 0 0
8.90 4.40 0 0
9.00 4.40 0 0
9.10 4.40 0 0
-9.00 4.50 77 366
-8.90 4.50 80 364
-8.80 4.50 84 363
-8.70 4.50 87 361
-8.60 4.50 90 359
-8.50 4.50 94 358
-8.40 4.50 97 356
-8.30 4.50 101 354
-8.20 4.50 104 353
-8.10 4.50 107 351
-8.00 4.50 110 350
-7.90 4.50 113 348
-7.80 4.50 116 347
-7.70 4.50 119 345
-7.60 4.50 123 344
-7.50 4.50 126 342
-7.40 4.50 128 341
-7.30 4.50 130 340
-7.20 4.50 132 340
-7.10 4.50 134 339
-7.00 4.50 136 338
-6.90 4.50 0 0
-6.80 4.50 0 0
-6.70 4.50 0 0
-6.60 4.50 0 0
-6.50 4.50 0 0
-6.40 4.50 0 0
-6.30 4.50 0 0
-6.20 4.50 0 0
-6.10 4.50 0 0
-6.00 4.50 0 0
-5.90 4.50 0 0
-5.80 4.50 0 0
-5.70 4.50 0 0
-5.60 4.50 0 0
-5.50 4.50 0 0
-5.40 4.50 0 0
-5.30 4.50 0 0
-5.20 4.50 0 0
-5.10 4.50 0 0
-5.00 4.50 0 0
-4.90 4.50 0 0
-4.80 4.50 0 0
-4.70 4.50 202 341
-4.60 4.50 204 341
-4.50 4.50 206 341
-4.40 4.50 208 341
-4.30 4.50 211 340
-4.20 4.50 214 340
-4.10 4.50 216 339
-4.00 4.50 219 339
-3.90 4.50 222 338
-3.80 4.50 224 337
-3.70 4.50 228 336
-3.60 4.50 231 335
-3.50 4.50 234 335
-3.40 4.50 236 334
-3.30 4.50 239 333
-3.20 4.50 241 332
-3.10 4.50 244 331
-3.00 4.50 247 330
-2.90 4.50 250 329
-2.80 4.50 252 328
-2.70 4.50 256 326
-2.60 4.50 258 325
-2.50 4.50 260 324
-2.40 4.50 263 323
-2.30 4.50 266 321
-2.20 4.50 269 319
-2.10 4.50 271 318
-2.00 4.50 274 317
-1.90 4.50 277 315
-1.80 4.50 279 314
-1.70 4.50 282 313
-1.60 4.50 285 312
-1.50 4.50 288 311
-1.40 4.50 291 310
-1.30 4.50 293 309
-1.20 4.50 296 307
-1.10 4.50 298 306
-1.00 4.50 301 305
-0.90 4.50 304 304
-0.80 4.50 306 303
-0.70 4.50 309 302
-0.60 4.50 312 301
-0.50 4.50 313 301
-0.40 4.50 316 299
-0.30 4.50 320 299
-0.20 4.50 322 298
-0.10 4.50 324 297
-0.00 4.50 326 296
0.10 4.50 329 294
0.20 4.50 332 293
0.30 4.50 334 292
0.40 4.50 337 291
0.50 4.50 340 289
0.60 4.50 342 288
0.70 4.50 344 287
0.80 4.50 347 285
0.90 4.50 349 284
1.00 4.50 352 283
1.10 4.50 354 282
1.20 4.50 357 280
1.30 4.50 359 279
1.40 4.50 362 278
1.50 4.50 364 276
1.60 4.50 367 274
1.70 4.50 369 273
1.80 4.50 371 271
1.90 4.50 374 270
2.00 4.50 377 268
2.10 4.50 379 267
2.20 4.50 382 264
2.30 4.50 384 263
2.40 4.50 387 261
2.50 4.50 389 260
2.60 4.50 391 258
2.70 4.50 393 256
2.80 4.50 396 255
2.90 4.50 398 253
3.00 4.50 401 251
3.10 4.50 403 249
3.20 4.50 405 247
3.30 4.50 408 246
3.40 4.50 410 244
3.50 4.50 412 243
3.60 4.50 415 241
3.70 4.50 416 239
3.80 4.50 419 238
3.90 4.50 421 236
4.00 4.50 424 234
4.10 4.50 426 233
4.20 4.50 428 231
4.30 4.50 431 229
4.40 4.50 433 227
4.50 4.50 435 226
4.60 4.50 438 224
4.70 4.50 440 223
4.80 4.50 442 221
4.90 4.50 444 220
5.00 4.50 446 218
5.10 4.50 448 217
5.20 4.50 451 216
5.30 4.50 454 215
5.40 4.50 455 215
5.50 4.50 457 214
5.60 4.50 470 251
5.70 4.50 471 249
5.80 4.50 471 248
5.90 4.50 474 246
6.00 4.50 475 244
6.10 4.50 477 220
6.20 4.50 479 218
6.30 4.50 481 217
6.40 4.50 483 216
6.50 4.50 484 215
6.60 4.50 483 163
6.70 4.50 484 162
6.80 4.50 486 160
6.90 4.50 487 159
7.00 4.50 489 158
7.10 4.50 491 157
7.20 4.50 493 156
7.30 4.50 496 155
7.40 4.50 498 153
7.50 4.50 500 152
7.60 4.50 503 151
7.70 4.50 505 150
7.80 4.50 506 149
7.90 4.50 507 148
8.00 4.50 508 147
8.10 4.50 0 0
8.20 4.50 0 0
8.30 4.50 0 0
8.40 4.50 0 0
8.50 4.50 0 0
8.60 4.50 0 0
8.70 4.50 0 0
8.80 4.50 0 0
8.90 4.50 0 0
9.00 4.50 0 0
9.10 4.50 0 0
-9.00 4.60 79 367
-8.90 4.60 82 365
-8.80 4.60 86 364
-8.70 4.60 89 362
-8.60 4.60 92 361
-8.50 4.60 95 359
-8.40 4.60 99 357
-8.30 4.60 102 355
-8.20 4.60 105 354
-8.10 4.60 109 352
-8.00 4.60 111 351
-7.90 4.60 114 350
-7.80 4.60 118 348
-7.70 4.60 121 347
-7.60 4.60 124 345
-7.50 4.60 127 344
-7.40 4.60 129 343
-7.30 4.60 131 342
-7.20 4.60 134 341
-7.10 4.60 136 340
-7.00 4.60 138 339
-6.90 4.60 0 0
-6.80 4.60 0 0
-6.70 4.60 0 0
-6.60 4.60 0 0
-6.50 4.60 0 0
-6.40 4.60 0 0
-6.30 4.60 0 0
-6.20 4.60 0 0
-6.10 4.60 0 0
-6.00 4.60 0 0
-5.90 4.60 0 0
-5.80 4.60 0 0
-5.70 4.60 0 0
-5.60 4.60 0 0
-5.50 4.60 0 0
-5.40 4.60 0 0
-5.30 4.60 0 0
-5.20 4.60 0 0
-5.10 4.60 0 0
-5.00 4.60 0 0
-4.90 4.60 0 0
-4.80 4.60 0 0
-4.70 4.60 0 0
-4.60 4.60 0 0
-4.50 4.60 207 342
-4.40 4.60 209 342
-4.30 4.60 213 342
-4.20 4.60 215 341
-4.10 4.60 218 341
-4.00 4.60 221 340
-3.90 4.60 224 339
-3.80 4.60 227 338
-3.70 4.60 229 337
-3.60 4.60 233 337
-3.50 4.60 235 336
-3.40 4.60 238 335
-3.30 4.60 241 334
-3.20 4.60 244 333
-3.10 4.60 247 332
-3.00 4.60 248 331
-2.90 4.60 252 330
-2.80 4.60 254 328
-2.70 4.60 257 327
-2.60 4.60 260 326
-2.50 4.60 262 324
-2.40 4.60 266 323
-2.30 4.60 268 322
-2.20 4.60 271 320
-2.10 4.60 274 319
-2.00 4.60 276 317
-1.90 4.60 279 316
-1.80 4.60 281 315
-1.70 4.60 284 313
-1.60 4.60 287 312
-1.50 4.60 289 311
-1.40 4.60 292 310
-1.30 4.60 295 309
-1.20 4.60 298 308
-1.10 4.60 300 307
-1.00 4.60 302 306
-0.90 4.60 306 305
-0.80 4.60 308 304
-0.70 4.60 310 303
-0.60 4.60 313 302
-0.50 4.60 315 301
-0.40 4.60 318 300
-0.30 4.60 321 299
-0.20 4.60 324 298
-0.10 4.60 326 297
-0.00 4.60 328 297
0.10 4.60 331 296
0.20 4.60 334 294
0.30 4.60 336 293
0.40 4.60 339 292
0.50 4.60 341 291
0.60 4.60 343 289
0.70 4.60 346 288
0.80 4.60 348 287
0.90 4.60 351 285
1.00 4.60 353 284
1.10 4.60 356 283
1.20 4.60 358 281
1.30 4.60 361 280
1.40 4.60 363 279
1.50 4.60 366 277
1.60 4.60 368 276
1.70 4.60 370 274
1.80 4.60 373 273
1.90 4.60 376 271
2.00 4.60 379 270
2.10 4.60 381 268
2.20 4.60 384 266
2.30 4.60 386 264
2.40 4.60 388 262
2.50 4.60 390 260
2.60 4.60 393 259
2.70 4.60 395 257
2.80 4.60 397 255
2.90 4.60 400 254
3.00 4.60 402 252
3.10 4.60 405 250
3.20 4.60 407 249
3.30 4.60 409 247
3.40 4.60 411 245
3.50 4.60 413 244
3.60 4.60 416 242
3.70 4.60 418 240
3.80 4.60 421 239
3.90 4.60 423 237
4.00 4.60 425 236
4.10 4.60 427 234
4.20 4.60 430 232
4.30 4.60 432 230
4.40 4.60 435 229
4.50 4.60 437 227
4.60 4.60 439 226
4.70 4.60 442 224
4.80 4.60 444 222
4.90 4.60 446 221
5.00 4.60 448 219
5.10 4.60 451 219
5.20 4.60 453 218
5.30 4.60 455 217
5.40 4.60 457 216
5.50 4.60 458 215
5.60 4.60 470 253
5.70 4.60 471 251
5.80 4.60 472 248
5.90 4.60 474 246
6.00 4.60 476 221
6.10 4.60 479 221
6.20 4.60 480 219
6.30 4.60 482 218
6.40 4.60 484 218
6.50 4.60 484 166
6.60 4.60 484 164
6.70 4.60 485 163
6.80 4.60 487 161
6.90 4.60 488 160
7.00 4.60 490 159
7.10 4.60 493 158
7.20 4.60 495 157
7.30 4.60 497 156
7.40 4.60 499 155
7.50 4.60 502 154
7.60 4.60 504 152
7.70 4.60 506 151
7.80 4.60 506 150
7.90 4.60 507 148
8.00 4.60 0 0
8.10 4.60 0 0
8.20 4.60 0 0
8.30 4.60 0 0
8.40 4.60 0 0
8.50 4.60 0 0
8.60 4.60 0 0
8.70 4.60 0 0
8.80 4.60 0 0
8.90 4.60 0 0
9.00 4.60 0 0
9.10 4.60 0 0
-9.00 4.70 80 369
-8.90 4.70 83 367
-8.80 4.70 87 365
-8.70 4.70 90 364
-8.60 4.70 94 362
-8.50 4.70 97 360
-8.40 4.70 101 359
-8.30 4.70 104 357
-8.20 4.70 107 355
-8.10 4.70 110 354
-8.00 4.70 113 353
-7.90 4.70 116 351
-7.80 4.70 119 350
-7.70 4.70 122 348
-7.60 4.70 125 346
-7.50 4.70 128 345
-7.40 4.70 130 344
-7.30 4.70 133 343
-7.20 4.70 136 342
-7.10 4.70 138 341
-7.00 4.70 141 340
-6.90 4.70 145 339
-6.80 4.70 0 0
-6.70 4.70 0 0
-6.60 4.70 0 0
-6.50 4.70 0 0
-6.40 4.70 0 0
-6.30 4.70 0 0
-6.20 4.70 0 0
-6.10 4.70 0 0
-6.00 4.70 0 0
-5.90 4.70 0 0
-5.80 4.70 0 0
-5.70 4.70 0 0
-5.60 4.70 0 0
-5.50 4.70 0 0
-5.40 4.70 0 0
-5.30 4.70 0 0
-5.20 4.70 0 0
-5.10 4.70 0 0
-5.00 4.70 0 0
-4.90 4.70 0 0
-4.80 4.70 0 0
-4.70 4.70 0 0
-4.60 4.70 0 0
-4.50 4.70 0 0
-4.40 4.70 212 343
-4.30 4.70 215 343
-4.20 4.70 218 342
-4.10 4.70 220 342
-4.00 4.70 223 341
-3.90 4.70 226 340
-3.80 4.70 228 339
-3.70 4.70 232 338
-3.60 4.70 235 338
-3.50 4.70 237 337
-3.40 4.70 240 336
-3.30 4.70 242 335
-3.20 4.70 245 334
-3.10 4.70 247 333
-3.00 4.70 251 332
-2.90 4.70 253 330
-2.80 4.70 256 329
-2.70 4.70 259 328
-2.60 4.70 261 326
-2.50 4.70 264 325
-2.40 4.70 267 323
-2.30 4.70 270 322
-2.20 4.70 272 320
-2.10 4.70 276 319
-2.00 4.70 278 318
-1.90 4.70 280 317
-1.80 4.70 283 315
-1.70 4.70 286 314
-1.60 4.70 288 313
-1.50 4.70 291 312
-1.40 4.70 294 311
-1.30 4.70 297 310
-1.20 4.70 299 308
-1.10 4.70 302 308
-1.00 4.70 304 307
-0.90 4.70 307 306
-0.80 4.70 310 305
-0.70 4.70 312 304
-0.60 4.70 315 303
-0.50 4.70 318 302
-0.40 4.70 320 301
-0.30 4.70 323 300
-0.20 4.70 326 299
-0.10 4.70 328 298
-0.00 4.70 330 297
0.10 4.70 333 296
0.20 4.70 335 295
0.30 4.70 338 294
0.40 4.70 341 293
0.50 4.70 343 291
0.60 4.70 345 290
0.70 4.70 348 289
0.80 4.70 351 288
0.90 4.70 353 286
1.00 4.70 355 285
1.10 4.70 358 284
1.20 4.70 360 282
1.30 4.70 363 281
1.40 4.70 365 279
1.50 4.70 367 278
1.60 4.70 370 277
1.70 4.70 372 275
1.80 4.70 375 274
1.90 4.70 377 272
2.00 4.70 380 270
2.10 4.70 382 269
2.20 4.70 385 267
2.30 4.70 387 265
2.40 4.70 390 263
2.50 4.70 392 261
2.60 4.70 394 260
2.70 4.70 397 258
2.80 4.70 399 256
2.90 4.70 401 255
3.00 4.70 404 254
3.10 4.70 406 252
3.20 4.70 409 250
3.30 4.70 411 248
3.40 4.70 413 246
3.50 4.70 415 245
3.60 4.70 417 243
3.70 4.70 420 242
3.80 4.70 422 240
3.90 4.70 425 238
4.00 4.70 427 237
4.10 4.70 430 235
4.20 4.70 432 233
4.30 4.70 434 232
4.40 4.70 436 230
4.50 4.70 439 229
4.60 4.70 441 227
4.70 4.70 444 225
4.80 4.70 446 224
4.90 4.70 447 223
5.00 4.70 450 221
5.10 4.70 452 220
5.20 4.70 454 219
5.30 4.70 456 219
5.40 4.70 458 218
5.50 4.70 470 255
5.60 4.70 470 253
5.70 4.70 471 251
5.80 4.70 473 249
5.90 4.70 474 247
6.00 4.70 478 224
6.10 4.70 480 222
6.20 4.70 482 221
6.30 4.70 484 219
6.40 4.70 485 219
6.50 4.70 485 167
6.60 4.70 486 166
6.70 4.70 486 164
6.80 4.70 488 163
6.90 4.70 490 162
7.00 4.70 492 160
7.10 4.70 495 159
7.20 4.70 496 158
7.30 4.70 499 157
7.40 4.70 501 156
7.50 4.70 504 155
7.60 4.70 505 154
7.70 4.70 506 152
7.80 4.70 507 151
7.90 4.70 508 149
8.00 4.70 0 0
8.10 4.70 0 0
8.20 4.70 0 0
8.30 4.70 0 0
8.40 4.70 0 0
8.50 4.70 0 0
8.60 4.70 0 0
8.70 4.70 0 0
8.80 4.70 0 0
8.90 4.70 0 0
9.00 4.70 0 0
9.10 4.70 0 0
-9.00 4.80 82 370
-8.90 4.80 85 368
-8.80 4.80 88 366
-8.70 4.80 92 365
-8.60 4.80 95 364
-8.50 4.80 98 362
-8.40 4.80 101 360
-8.30 4.80 105 359
-8.20 4.80 108 357
-8.10 4.80 111 356
-8.00 4.80 114 354
-7.90 4.80 117 353
-7.80 4.80 120 351
-7.70 4.80 123 350
-7.60 4.80 126 348
-7.50 4.80 129 347
-7.40 4.80 132 345
-7.30 4.80 135 344
-7.20 4.80 137 343
-7.10 4.80 140 342
-7.00 4.80 143 341
-6.90 4.80 146 340
-6.80 4.80 0 0
-6.70 4.80 0 0
-6.60 4.80 0 0
-6.50 4.80 0 0
-6.40 4.80 0 0
-6.30 4.80 0 0
-6.20 4.80 0 0
-6.10 4.80 0 0
-6.00 4.80 0 0
-5.90 4.80 0 0
-5.80 4.80 0 0
-5.70 4.80 0 0
-5.60 4.80 0 0
-5.50 4.80 0 0
-5.40 4.80 0 0
-5.30 4.80 0 0
-5.20 4.80 0 0
-5.10 4.80 0 0
-5.00 4.80 0 0
-4.90 4.80 0 0
-4.80 4.80 0 0
-4.70 4.80 0 0
-4.60 4.80 0 0
-4.50 4.80 0 0
-4.40 4.80 0 0
-4.30 4.80 217 343
-4.20 4.80 220 343
-4.10 4.80 222 343
-4.00 4.80 225 342
-3.90 4.80 227 341
-3.80 4.80 230 340
-3.70 4.80 233 339
-3.60 4.80 236 339
-3.50 4.80 239 338
-3.40 4.80 241 337
-3.30 4.80 244 336
-3.20 4.80 246 335
-3.10 4.80 250 334
-3.00 4.80 253 332
-2.90 4.80 255 331
-2.80 4.80 258 330
-2.70 4.80 260 328
-2.60 4.80 263 327
-2.50 4.80 265 325
-2.40 4.80 269 324
-2.30 4.80 272 322
-2.20 4.80 274 321
-2.10 4.80 277 319
-2.00 4.80 280 318
-1.90 4.80 282 317
-1.80 4.80 285 316
-1.70 4.80 288 315
-1.60 4.80 290 313
-1.50 4.80 293 312
-1.40 4.80 296 311
-1.30 4.80 298 310
-1.20 4.80 301 309
-1.10 4.80 304 308
-1.00 4.80 306 307
-0.90 4.80 309 306
-0.80 4.80 312 306
-0.70 4.80 314 304
-0.60 4.80 317 303
-0.50 4.80 319 303
-0.40 4.80 322 302
-0.30 4.80 324 301
-0.20 4.80 327 300
-0.10 4.80 330 299
-0.00 4.80 332 298
0.10 4.80 334 297
0.20 4.80 337 296
0.30 4.80 340 295
0.40 4.80 342 294
0.50 4.80 344 293
0.60 4.80 347 291
0.70 4.80 349 290
0.80 4.80 352 289
0.90 4.80 355 287
1.00 4.80 357 286
1.10 4.80 359 285
1.20 4.80 362 283
1.30 4.80 365 281
1.40 4.80 367 281
1.50 4.80 369 279
1.60 4.80 372 278
1.70 4.80 374 276
1.80 4.80 377 275
1.90 4.80 379 273
2.00 4.80 382 272
2.10 4.80 384 270
2.20 4.80 387 268
2.30 4.80 389 266
2.40 4.80 391 264
2.50 4.80 394 262
2.60 4.80 396 261
2.70 4.80 399 259
2.80 4.80 401 258
2.90 4.80 403 256
3.00 4.80 406 255
3.10 4.80 408 253
3.20 4.80 410 251
3.30 4.80 412 249
3.40 4.80 415 247
3.50 4.80 417 246
3.60 4.80 419 244
3.70 4.80 422 243
3.80 4.80 423 241
3.90 4.80 426 239
4.00 4.80 429 238
4.10 4.80 432 236
4.20 4.80 434 235
4.30 4.80 436 233
4.40 4.80 439 232
4.50 4.80 441 230
4.60 4.80 443 228
4.70 4.80 446 226
4.80 4.80 447 225
4.90 4.80 450 224
5.00 4.80 452 223
5.10 4.80 454 222
5.20 4.80 457 221
5.30 4.80 458 220
5.40 4.80 459 219
5.50 4.80 470 256
5.60 4.80 470 254
5.70 4.80 471 252
5.80 4.80 475 227
5.90 4.80 477 226
6.00 4.80 479 225
6.10 4.80 482 224
6.20 4.80 484 222
6.30 4.80 485 221
6.40 4.80 486 220
6.50 4.80 486 168
6.60 4.80 487 166
6.70 4.80 488 165
6.80 4.80 490 164
6.90 4.80 492 162
7.00 4.80 494 162
7.10 4.80 497 161
7.20 4.80 499 159
7.30 4.80 501 158
7.40 4.80 503 157
7.50 4.80 505 156
7.60 4.80 506 155
7.70 4.80 507 153
7.80 4.80 508 152
7.90 4.80 0 0
8.00 4.80 0 0
8.10 4.80 0 0
8.20 4.80 0 0
8.30 4.80 0 0
8.40 4.80 0 0
8.50 4.80 0 0
8.60 4.80 0 0
8.70 4.80 0 0
8.80 4.80 0 0
8.90 4.80 0 0
9.00 4.80 0 0
9.10 4.80 0 0
-9.00 4.90 83 372
-8.90 4.90 86 370
-8.80 4.90 90 368
-8.70 4.90 93 366
-8.60 4.90 96 365
-8.50 4.90 99 363
-8.40 4.90 103 362
-8.30 4.90 106 360
-8.20 4.90 109 359
-8.10 4.90 113 357
-8.00 4.90 116 356
-7.90 4.90 119 354
-7.80 4.90 121 353
-7.70 4.90 125 351
-7.60 4.90 127 350
-7.50 4.90 130 348
-7.40 4.90 133 347
-7.30 4.90 137 345
-7.20 4.90 140 344
-7.10 4.90 142 343
-7.00 4.90 145 341
-6.90 4.90 147 341
-6.80 4.90 149 340
-6.70 4.90 0 0
-6.60 4.90 0 0
-6.50 4.90 0 0
-6.40 4.90 0 0
-6.30 4.90 0 0
-6.20 4.90 0 0
-6.10 4.90 0 0
-6.00 4.90 0 0
-5.90 4.90 0 0
-5.80 4.90 0 0
-5.70 4.90 0 0
-5.60 4.90 0 0
-5.50 4.90 0 0
-5.40 4.90 0 0
-5.30 4.90 0 0
-5.20 4.90 0 0
-5.10 4.90 0 0
-5.00 4.90 0 0
-4.90 4.90 0 0
-4.80 4.90 0 0
-4.70 4.90 0 0
-4.60 4.90 0 0
-4.50 4.90 0 0
-4.40 4.90 0 0
-4.30 4.90 0 0
-4.20 4.90 223 344
-4.10 4.90 224 344
-4.00 4.90 227 343
-3.90 4.90 229 342
-3.80 4.90 232 341
-3.70 4.90 235 341
-3.60 4.90 238 340
-3.50 4.90 240 339
-3.40 4.90 243 338
-3.30 4.90 245 337
-3.20 4.90 248 336
-3.10 4.90 251 335
-3.00 4.90 254 334
-2.90 4.90 256 332
-2.80 4.90 259 330
-2.70 4.90 262 328
-2.60 4.90 265 327
-2.50 4.90 268 326
-2.40 4.90 271 324
-2.30 4.90 274 322
-2.20 4.90 276 321
-2.10 4.90 279 320
-2.00 4.90 281 319
-1.90 4.90 285 317
-1.80 4.90 287 316
-1.70 4.90 290 315
-1.60 4.90 292 314
-1.50 4.90 295 313
-1.40 4.90 298 312
-1.30 4.90 301 311
-1.20 4.90 303 310
-1.10 4.90 305 309
-1.00 4.90 309 308
-0.90 4.90 310 307
-0.80 4.90 313 306
-0.70 4.90 316 305
-0.60 4.90 318 304
-0.50 4.90 321 303
-0.40 4.90 324 303
-0.30 4.90 326 302
-0.20 4.90 328 301
-0.10 4.90 331 300
-0.00 4.90 333 299
0.10 4.90 336 298
0.20 4.90 339 297
0.30 4.90 341 296
0.40 4.90 344 295
0.50 4.90 346 294
0.60 4.90 349 292
0.70 4.90 351 291
0.80 4.90 354 289
0.90 4.90 356 288
1.00 4.90 359 286
1.10 4.90 361 285
1.20 4.90 363 284
1.30 4.90 366 283
1.40 4.90 369 281
1.50 4.90 371 280
1.60 4.90 374 278
1.70 4.90 376 277
1.80 4.90 379 275
1.90 4.90 381 274
2.00 4.90 384 272
2.10 4.90 386 271
2.20 4.90 389 269
2.30 4.90 391 268
2.40 4.90 393 266
2.50 4.90 396 264
2.60 4.90 398 262
2.70 4.90 400 261
2.80 4.90 402 259
2.90 4.90 405 258
3.00 4.90 407 256
3.10 4.90 409 254
3.20 4.90 411 252
3.30 4.90 414 251
3.40 4.90 416 249
3.50 4.90 419 247
3.60 4.90 421 245
3.70 4.90 423 244
3.80 4.90 426 242
3.90 4.90 428 241
4.00 4.90 431 239
4.10 4.90 434 237
4.20 4.90 436 236
4.30 4.90 438 234
4.40 4.90 440 233
4.50 4.90 443 231
4.60 4.90 445 229
4.70 4.90 447 228
4.80 4.90 450 226
4.90 4.90 452 225
5.00 4.90 454 224
5.10 4.90 456 223
5.20 4.90 458 222
5.30 4.90 459 221
5.40 4.90 459 219
5.50 4.90 0 0
5.60 4.90 0 0
5.70 4.90 475 230
5.80 4.90 477 228
5.90 4.90 478 227
6.00 4.90 481 226
6.10 4.90 483 224
6.20 4.90 485 223
6.30 4.90 486 222
6.40 4.90 486 170
6.50 4.90 487 169
6.60 4.90 488 167
6.70 4.90 489 166
6.80 4.90 491 164
6.90 4.90 493 163
7.00 4.90 496 163
7.10 4.90 498 162
7.20 4.90 500 160
7.30 4.90 503 159
7.40 4.90 504 158
7.50 4.90 505 157
7.60 4.90 507 156
7.70 4.90 508 154
7.80 4.90 0 0
7.90 4.90 0 0
8.00 4.90 0 0
8.10 4.90 0 0
8.20 4.90 0 0
8.30 4.90 0 0
8.40 4.90 0 0
8.50 4.90 0 0
8.60 4.90 0 0
8.70 4.90 0 0
8.80 4.90 0 0
8.90 4.90 0 0
9.00 4.90 0 0
9.10 4.90 0 0
-9.00 5.00 84 373
-8.90 5.00 88 371
-8.80 5.00 91 370
-8.70 5.00 95 367
-8.60 5.00 97 366
-8.50 5.00 101 365
-8.40 5.00 105 363
-8.30 5.00 108 362
-8.20 5.00 111 360
-8.10 5.00 114 359
-8.00 5.00 117 357
-7.90 5.00 120 355
-7.80 5.00 123 354
-7.70 5.00 126 353
-7.60 5.00 128 352
-7.50 5.00 131 350
-7.40 5.00 135 348
-7.30 5.00 138 346
-7.20 5.00 141 345
-7.10 5.00 144 343
-7.00 5.00 146 342
-6.90 5.00 149 341
-6.80 5.00 152 340
-6.70 5.00 0 0
-6.60 5.00 0 0
-6.50 5.00 0 0
-6.40 5.00 0 0
-6.30 5.00 0 0
-6.20 5.00 0 0
-6.10 5.00 0 0
-6.00 5.00 0 0
-5.90 5.00 0 0
-5.80 5.00 0 0
-5.70 5.00 0 0
-5.60 5.00 0 0
-5.50 5.00 0 0
-5.40 5.00 0 0
-5.30 5.00 0 0
-5.20 5.00 0 0
-5.10 5.00 0 0
-5.00 5.00 0 0
-4.90 5.00 0 0
-4.80 5.00 0 0
-4.70 5.00 0 0
-4.60 5.00 0 0
-4.50 5.00 0 0
-4.40 5.00 0 0
-4.30 5.00 0 0
-4.20 5.00 224 345
-4.10 5.00 226 344
-4.00 5.00 228 344
-3.90 5.00 231 343
-3.80 5.00 234 342
-3.70 5.00 236 342
-3.60 5.00 239 341
-3.50 5.00 242 340
-3.40 5.00 244 339
-3.30 5.00 247 338
-3.20 5.00 250 336
-3.10 5.00 253 335
-3.00 5.00 256 334
-2.90 5.00 259 332
-2.80 5.00 261 331
-2.70 5.00 264 329
-2.60 5.00 267 328
-2.50 5.00 269 326
-2.40 5.00 272 324
-2.30 5.00 276 323
-2.20 5.00 278 322
-2.10 5.00 280 320
-2.00 5.00 283 319
-1.90 5.00 286 318
-1.80 5.00 288 317
-1.70 5.00 291 316
-1.60 5.00 294 315
-1.50 5.00 297 313
-1.40 5.00 299 313
-1.30 5.00 302 312
-1.20 5.00 304 311
-1.10 5.00 307 310
-1.00 5.00 309 309
-0.90 5.00 312 308
-0.80 5.00 315 307
-0.70 5.00 318 306
-0.60 5.00 320 305
-0.50 5.00 323 304
-0.40 5.00 325 303
-0.30 5.00 328 303
-0.20 5.00 330 302
-0.10 5.00 333 301
-0.00 5.00 336 300
0.10 5.00 338 299
0.20 5.00 341 298
0.30 5.00 343 297
0.40 5.00 345 296
0.50 5.00 348 295
0.60 5.00 350 293
0.70 5.00 353 292
0.80 5.00 356 290
0.90 5.00 358 289
1.00 5.00 360 288
1.10 5.00 363 286
1.20 5.00 365 285
1.30 5.00 368 284
1.40 5.00 370 282
1.50 5.00 373 281
1.60 5.00 375 279
1.70 5.00 378 278
1.80 5.00 380 277
1.90 5.00 382 275
2.00 5.00 385 274
2.10 5.00 388 272
2.20 5.00 391 270
2.30 5.00 393 269
2.40 5.00 395 267
2.50 5.00 398 265
2.60 5.00 400 263
2.70 5.00 402 262
2.80 5.00 404 260
2.90 5.00 407 258
3.00 5.00 409 257
3.10 5.00 411 255
3.20 5.00 413 254
3.30 5.00 416 252
3.40 5.00 419 250
3.50 5.00 421 249
3.60 5.00 423 247
3.70 5.00 426 245
3.80 5.00 428 244
3.90 5.00 430 242
4.00 5.00 433 240
4.10 5.00 435 238
4.20 5.00 437 237
4.30 5.00 440 235
4.40 5.00 442 234
4.50 5.00 445 232
4.60 5.00 447 231
4.70 5.00 449 229
4.80 5.00 451 228
4.90 5.00 453 227
5.00 5.00 456 225
5.10 5.00 457 225
5.20 5.00 459 224
5.30 5.00 460 222
5.40 5.00 0 0
5.50 5.00 0 0
5.60 5.00 473 232
5.70 5.00 477 230
5.80 5.00 479 229
5.90 5.00 481 228
6.00 5.00 482 227
6.10 5.00 484 225
6.20 5.00 486 223
6.30 5.00 487 173
6.40 5.00 487 171
6.50 5.00 488 169
6.60 5.00 489 168
6.70 5.00 491 167
6.80 5.00 493 166
6.90 5.00 495 165
7.00 5.00 497 164
7.10 5.00 500 163
7.20 5.00 502 161
7.30 5.00 504 160
7.40 5.00 505 159
7.50 5.00 507 158
7.60 5.00 507 157
7.70 5.00 0 0
7.80 5.00 0 0
7.90 5.00 0 0
8.00 5.00 0 0
8.10 5.00 0 0
8.20 5.00 0 0
8.30 5.00 0 0
8.40 5.00 0 0
8.50 5.00 0 0
8.60 5.00 0 0
8.70 5.00 0 0
8.80 5.00 0 0
8.90 5.00 0 0
9.00 5.00 0 0
9.10 5.00 0 0
-9.00 5.10 86 375
-8.90 5.10 89 373
-8.80 5.10 92 371
-8.70 5.10 96 369
-8.60 5.10 99 367
-8.50 5.10 102 366
-8.40 5.10 106 364
-8.30 5.10 109 363
-8.20 5.10 112 362
-8.10 5.10 115 360
-8.00 5.10 118 359
-7.90 5.10 121 357
-7.80 5.10 124 356
-7.70 5.10 127 354
-7.60 5.10 130 353
-7.50 5.10 133 351
-7.40 5.10 136 350
-7.30 5.10 140 347
-7.20 5.10 143 346
-7.10 5.10 145 344
-7.00 5.10 148 343
-6.90 5.10 151 342
-6.80 5.10 154 341
-6.70 5.10 156 340
-6.60 5.10 0 0
-6.50 5.10 0 0
-6.40 5.10 0 0
-6.30 5.10 0 0
-6.20 5.10 0 0
-6.10 5.10 0 0
-6.00 5.10 0 0
-5.90 5.10 0 0
-5.80 5.10 0 0
-5.70 5.10 0 0
-5.60 5.10 0 0
-5.50 5.10 0 0
-5.40 5.10 0 0
-5.30 5.10 0 0
-5.20 5.10 0 0
-5.10 5.10 0 0
-5.00 5.10 0 0
-4.90 5.10 0 0
-4.80 5.10 0 0
-4.70 5.10 0 0
-4.60 5.10 0 0
-4.50 5.10 0 0
-4.40 5.10 0 0
-4.30 5.10 0 0
-4.20 5.10 0 0
-4.10 5.10 228 345
-4.00 5.10 230 345
-3.90 5.10 233 344
-3.80 5.10 235 343
-3.70 5.10 238 343
-3.60 5.10 241 342
-3.50 5.10 243 340
-3.40 5.10 247 340
-3.30 5.10 249 339
-3.20 5.10 252 337
-3.10 5.10 254 336
-3.00 5.10 257 335
-2.90 5.10 260 333
-2.80 5.10 263 331
-2.70 5.10 266 329
-2.60 5.10 268 328
-2.50 5.10 271 326
-2.40 5.10 274 325
-2.30 5.10 277 323
-2.20 5.10 280 322
-2.10 5.10 282 321
-2.00 5.10 285 320
-1.90 5.10 288 318
-1.80 5.10 290 318
-1.70 5.10 293 317
-1.60 5.10 295 315
-1.50 5.10 299 314
-1.40 5.10 301 313
-1.30 5.10 303 312
-1.20 5.10 306 311
-1.10 5.10 309 311
-1.00 5.10 311 310
-0.90 5.10 314 309
-0.80 5.10 316 308
-0.70 5.10 319 307
-0.60 5.10 322 306
-0.50 5.10 324 305
-0.40 5.10 327 304
-0.30 5.10 329 304
-0.20 5.10 332 303
-0.10 5.10 334 302
-0.00 5.10 337 301
0.10 5.10 340 300
0.20 5.10 342 299
0.30 5.10 345 298
0.40 5.10 348 296
0.50 5.10 349 295
0.60 5.10 352 294
0.70 5.10 355 293
0.80 5.10 357 292
0.90 5.10 360 290
1.00 5.10 362 289
1.10 5.10 365 287
1.20 5.10 367 286
1.30 5.10 370 284
1.40 5.10 372 283
1.50 5.10 375 282
1.60 5.10 377 280
1.70 5.10 379 279
1.80 5.10 382 277
1.90 5.10 384 276
2.00 5.10 388 274
2.10 5.10 389 273
2.20 5.10 392 271
2.30 5.10 395 270
2.40 5.10 397 268
2.50 5.10 399 267
2.60 5.10 401 265
2.70 5.10 404 263
2.80 5.10 406 261
2.90 5.10 408 260
3.00 5.10 411 258
3.10 5.10 413 256
3.20 5.10 416 255
3.30 5.10 418 253
3.40 5.10 420 252
3.50 5.10 423 250
3.60 5.10 426 248
3.70 5.10 428 247
3.80 5.10 430 245
3.90 5.10 433 243
4.00 5.10 435 242
4.10 5.10 437 240
4.20 5.10 439 238
4.30 5.10 442 236
4.40 5.10 444 235
4.50 5.10 446 233
4.60 5.10 449 232
4.70 5.10 450 231
4.80 5.10 452 229
4.90 5.10 455 228
5.00 5.10 457 227
5.10 5.10 459 226
5.20 5.10 460 225
5.30 5.10 460 223
5.40 5.10 0 0
5.50 5.10 473 234
5.60 5.10 475 233
5.70 5.10 478 232
5.80 5.10 480 230
5.90 5.10 482 229
6.00 5.10 483 227
6.10 5.10 486 226
6.20 5.10 0 0
6.30 5.10 488 173
6.40 5.10 488 172
6.50 5.10 489 171
6.60 5.10 491 169
6.70 5.10 493 168
6.80 5.10 495 167
6.90 5.10 497 166
7.00 5.10 499 165
7.10 5.10 502 163
7.20 5.10 504 162
7.30 5.10 505 161
7.40 5.10 506 160
7.50 5.10 507 159
7.60 5.10 508 158
7.70 5.10 0 0
7.80 5.10 0 0
7.90 5.10 0 0
8.00 5.10 0 0
8.10 5.10 0 0
8.20 5.10 0 0
8.30 5.10 0 0
8.40 5.10 0 0
8.50 5.10 0 0
8.60 5.10 0 0
8.70 5.10 0 0
8.80 5.10 0 0
8.90 5.10 0 0
9.00 5.10 0 0
9.10 5.10 0 0
-9.00 5.20 87 376
-8.90 5.20 91 374
-8.80 5.20 94 372
-8.70 5.20 97 371
-8.60 5.20 101 369
-8.50 5.20 105 367
-8.40 5.20 107 366
-8.30 5.20 110 364
-8.20 5.20 114 363
-8.10 5.20 116 362
-8.00 5.20 119 361
-7.90 5.20 122 359
-7.80 5.20 125 357
-7.70 5.20 128 356
-7.60 5.20 132 354
-7.50 5.20 134 353
-7.40 5.20 138 351
-7.30 5.20 141 349
-7.20 5.20 144 348
-7.10 5.20 147 346
-7.00 5.20 150 344
-6.90 5.20 153 343
-6.80 5.20 156 341
-6.70 5.20 158 341
-6.60 5.20 0 0
-6.50 5.20 0 0
-6.40 5.20 0 0
-6.30 5.20 0 0
-6.20 5.20 0 0
-6.10 5.20 0 0
-6.00 5.20 0 0
-5.90 5.20 0 0
-5.80 5.20 0 0
-5.70 5.20 0 0
-5.60 5.20 0 0
-5.50 5.20 0 0
-5.40 5.20 0 0
-5.30 5.20 0 0
-5.20 5.20 0 0
-5.10 5.20 0 0
-5.00 5.20 0 0
-4.90 5.20 0 0
-4.80 5.20 0 0
-4.70 5.20 0 0
-4.60 5.20 0 0
-4.50 5.20 0 0
-4.40 5.20 0 0
-4.30 5.20 0 0
-4.20 5.20 0 0
-4.10 5.20 230 346
-4.00 5.20 232 345
-3.90 5.20 235 345
-3.80 5.20 238 344
-3.70 5.20 240 344
-3.60 5.20 243 343
-3.50 5.20 245 342
-3.40 5.20 247 341
-3.30 5.20 251 339
-3.20 5.20 254 338
-3.10 5.20 257 336
-3.00 5.20 259 335
-2.90 5.20 262 334
-2.80 5.20 265 331
-2.70 5.20 267 330
-2.60 5.20 271 328
-2.50 5.20 273 327
-2.40 5.20 276 325
-2.30 5.20 279 324
-2.20 5.20 281 322
-2.10 5.20 284 321
-2.00 5.20 286 320
-1.90 5.20 289 319
-1.80 5.20 292 318
-1.70 5.20 295 317
-1.60 5.20 297 316
-1.50 5.20 300 315
-1.40 5.20 303 314
-1.30 5.20 305 313
-1.20 5.20 308 312
-1.10 5.20 310 311
-1.00 5.20 313 311
-0.90 5.20 315 309
-0.80 5.20 318 309
-0.70 5.20 321 308
-0.60 5.20 323 307
-0.50 5.20 326 306
-0.40 5.20 328 305
-0.30 5.20 331 305
-0.20 5.20 334 304
-0.10 5.20 336 303
-0.00 5.20 339 302
0.10 5.20 341 301
0.20 5.20 344 300
0.30 5.20 347 299
0.40 5.20 349 298
0.50 5.20 352 296
0.60 5.20 354 295
0.70 5.20 356 294
0.80 5.20 359 292
0.90 5.20 361 291
1.00 5.20 364 290
1.10 5.20 366 288
1.20 5.20 369 287
1.30 5.20 372 286
1.40 5.20 374 284
1.50 5.20 376 282
1.60 5.20 379 281
1.70 5.20 381 280
1.80 5.20 383 278
1.90 5.20 386 277
2.00 5.20 389 275
2.10 5.20 391 274
2.20 5.20 394 272
2.30 5.20 396 271
2.40 5.20 398 269
2.50 5.20 400 268
2.60 5.20 403 266
2.70 5.20 405 264
2.80 5.20 408 262
2.90 5.20 410 261
3.00 5.20 412 259
3.10 5.20 415 258
3.20 5.20 418 256
3.30 5.20 420 254
3.40 5.20 422 253
3.50 5.20 424 251
3.60 5.20 428 249
3.70 5.20 430 248
3.80 5.20 432 246
3.90 5.20 434 245
4.00 5.20 436 243
4.10 5.20 439 241
4.20 5.20 441 239
4.30 5.20 443 238
4.40 5.20 445 236
4.50 5.20 448 234
4.60 5.20 450 233
4.70 5.20 452 231
4.80 5.20 455 230
4.90 5.20 457 229
5.00 5.20 458 228
5.10 5.20 460 227
5.20 5.20 461 226
5.30 5.20 0 0
5.40 5.20 473 236
5.50 5.20 474 235
5.60 5.20 477 234
5.70 5.20 479 232
5.80 5.20 481 231
5.90 5.20 483 230
6.00 5.20 484 228
6.10 5.20 0 0
6.20 5.20 0 0
6.30 5.20 488 174
6.40 5.20 490 174
6.50 5.20 491 172
6.60 5.20 492 170
6.70 5.20 494 169
6.80 5.20 496 169
6.90 5.20 499 167
7.00 5.20 501 166
7.10 5.20 503 165
7.20 5.20 505 164
7.30 5.20 506 163
7.40 5.20 507 161
7.50 5.20 508 160
7.60 5.20 0 0
7.70 5.20 0 0
7.80 5.20 0 0
7.90 5.20 0 0
8.00 5.20 0 0
8.10 5.20 0 0
8.20 5.20 0 0
8.30 5.20 0 0
8.40 5.20 0 0
8.50 5.20 0 0
8.60 5.20 0 0
8.70 5.20 0 0
8.80 5.20 0 0
8.90 5.20 0 0
9.00 5.20 0 0
9.10 5.20 0 0
-9.00 5.30 88 377
-8.90 5.30 92 376
-8.80 5.30 95 374
-8.70 5.30 99 372
-8.60 5.30 103 371
-8.50 5.30 106 369
-8.40 5.30 109 368
-8.30 5.30 112 366
-8.20 5.30 115 364
-8.10 5.30 118 363
-8.00 5.30 120 362
-7.90 5.30 123 361
-7.80 5.30 126 359
-7.70 5.30 130 358
-7.60 5.30 133 356
-7.50 5.30 136 354
-7.40 5.30 139 352
-7.30 5.30 143 351
-7.20 5.30 146 349
-7.10 5.30 149 347
-7.00 5.30 152 345
-6.90 5.30 155 344
-6.80 5.30 158 343
-6.70 5.30 160 342
-6.60 5.30 163 341
-6.50 5.30 0 0
-6.40 5.30 0 0
-6.30 5.30 0 0
-6.20 5.30 0 0
-6.10 5.30 0 0
-6.00 5.30 0 0
-5.90 5.30 0 0
-5.80 5.30 0 0
-5.70 5.30 0 0
-5.60 5.30 0 0
-5.50 5.30 0 0
-5.40 5.30 0 0
-5.30 5.30 0 0
-5.20 5.30 0 0
-5.10 5.30 0 0
-5.00 5.30 0 0
-4.90 5.30 0 0
-4.80 5.30 0 0
-4.70 5.30 0 0
-4.60 5.30 0 0
-4.50 5.30 0 0
-4.40 5.30 0 0
-4.30 5.30 0 0
-4.20 5.30 0 0
-4.10 5.30 0 0
-4.00 5.30 233 346
-3.90 5.30 236 346
-3.80 5.30 239 345
-3.70 5.30 242 344
-3.60 5.30 244 344
-3.50 5.30 247 343
-3.40 5.30 250 341
-3.30 5.30 253 340
-3.20 5.30 255 339
-3.10 5.30 258 337
-3.00 5.30 261 336
-2.90 5.30 264 334
-2.80 5.30 266 332
-2.70 5.30 269 330
-2.60 5.30 272 329
-2.50 5.30 275 327
-2.40 5.30 278 326
-2.30 5.30 280 325
-2.20 5.30 284 323
-2.10 5.30 286 322
-2.00 5.30 288 321
-1.90 5.30 291 320
-1.80 5.30 294 319
-1.70 5.30 297 318
-1.60 5.30 300 317
-1.50 5.30 302 316
-1.40 5.30 304 315
-1.30 5.30 307 314
-1.20 5.30 309 314
-1.10 5.30 312 312
-1.00 5.30 314 311
-0.90 5.30 317 311
-0.80 5.30 320 310
-0.70 5.30 322 308
-0.60 5.30 325 308
-0.50 5.30 328 307
-0.40 5.30 330 307
-0.30 5.30 333 306
-0.20 5.30 335 305
-0.10 5.30 338 304
-0.00 5.30 340 303
0.10 5.30 343 302
0.20 5.30 346 301
0.30 5.30 348 300
0.40 5.30 350 299
0.50 5.30 354 297
0.60 5.30 356 296
0.70 5.30 358 294
0.80 5.30 361 293
0.90 5.30 363 292
1.00 5.30 366 290
1.10 5.30 369 289
1.20 5.30 371 288
1.30 5.30 373 286
1.40 5.30 376 285
1.50 5.30 378 283
1.60 5.30 380 282
1.70 5.30 383 280
1.80 5.30 385 279
1.90 5.30 388 277
2.00 5.30 390 276
2.10 5.30 393 275
2.20 5.30 395 273
2.30 5.30 397 272
2.40 5.30 400 270
2.50 5.30 403 269
2.60 5.30 405 267
2.70 5.30 407 265
2.80 5.30 410 264
2.90 5.30 412 262
3.00 5.30 415 260
3.10 5.30 417 259
3.20 5.30 419 257
3.30 5.30 422 255
3.40 5.30 424 254
3.50 5.30 427 252
3.60 5.30 429 250
3.70 5.30 431 249
3.80 5.30 434 247
3.90 5.30 436 245
4.00 5.30 438 244
4.10 5.30 441 242
4.20 5.30 442 241
4.30 5.30 445 238
4.40 5.30 448 237
4.50 5.30 449 235
4.60 5.30 452 234
4.70 5.30 454 233
4.80 5.30 456 231
4.90 5.30 458 230
5.00 5.30 460 229
5.10 5.30 461 228
5.20 5.30 0 0
5.30 5.30 472 239
5.40 5.30 474 238
5.50 5.30 476 237
5.60 5.30 478 235
5.70 5.30 480 234
5.80 5.30 482 233
5.90 5.30 0 0
6.00 5.30 0 0
6.10 5.30 0 0
6.20 5.30 489 177
6.30 5.30 489 175
6.40 5.30 491 174
6.50 5.30 492 173
6.60 5.30 494 171
6.70 5.30 496 170
6.80 5.30 499 169
6.90 5.30 500 168
7.00 5.30 503 167
7.10 5.30 504 166
7.20 5.30 506 165
7.30 5.30 507 164
7.40 5.30 508 162
7.50 5.30 0 0
7.60 5.30 0 0
7.70 5.30 0 0
7.80 5.30 0 0
7.90 5.30 0 0
8.00 5.30 0 0
8.10 5.30 0 0
8.20 5.30 0 0
8.30 5.30 0 0
8.40 5.30 0 0
8.50 5.30 0 0
8.60 5.30 0 0
8.70 5.30 0 0
8.80 5.30 0 0
8.90 5.30 0 0
9.00 5.30 0 0
9.10 5.30 0 0
-9.00 5.40 90 379
-8.90 5.40 94 377
-8.80 5.40 97 376
-8.70 5.40 100 374
-8.60 5.40 104 372
-8.50 5.40 108 370
-8.40 5.40 110 369
-8.30 5.40 113 368
-8.20 5.40 115 366
-8.10 5.40 119 365
-8.00 5.40 122 364
-7.90 5.40 125 362
-7.80 5.40 128 361
-7.70 5.40 131 359
-7.60 5.40 134 358
-7.50 5.40 137 356
-7.40 5.40 140 354
-7.30 5.40 144 352
-7.20 5.40 147 351
-7.10 5.40 151 348
-7.00 5.40 154 346
-6.90 5.40 157 345
-6.80 5.40 160 343
-6.70 5.40 162 342
-6.60 5.40 165 342
-6.50 5.40 0 0
-6.40 5.40 0 0
-6.30 5.40 0 0
-6.20 5.40 0 0
-6.10 5.40 0 0
-6.00 5.40 0 0
-5.90 5.40 0 0
-5.80 5.40 0 0
-5.70 5.40 0 0
-5.60 5.40 0 0
-5.50 5.40 0 0
-5.40 5.40 0 0
-5.30 5.40 0 0
-5.20 5.40 0 0
-5.10 5.40 0 0
-5.00 5.40 0 0
-4.90 5.40 0 0
-4.80 5.40 0 0
-4.70 5.40 0 0
-4.60 5.40 0 0
-4.50 5.40 0 0
-4.40 5.40 0 0
-4.30 5.40 0 0
-4.20 5.40 0 0
-4.10 5.40 0 0
-4.00 5.40 0 0
-3.90 5.40 0 0
-3.80 5.40 241 346
-3.70 5.40 243 345
-3.60 5.40 246 344
-3.50 5.40 249 344
-3.40 5.40 251 342
-3.30 5.40 254 341
-3.20 5.40 257 339
-3.10 5.40 259 338
-3.00 5.40 263 335
-2.90 5.40 265 334
-2.80 5.40 268 332
-2.70 5.40 271 331
-2.60 5.40 274 329
-2.50 5.40 277 328
-2.40 5.40 279 327
-2.30 5.40 282 325
-2.20 5.40 285 324
-2.10 5.40 287 323
-2.00 5.40 290 321
-1.90 5.40 293 321
-1.80 5.40 295 319
-1.70 5.40 298 319
-1.60 5.40 300 318
-1.50 5.40 303 317
-1.40 5.40 306 316
-1.30 5.40 309 315
-1.20 5.40 311 314
-1.10 5.40 314 314
-1.00 5.40 316 313
-0.90 5.40 319 312
-0.80 5.40 322 311
-0.70 5.40 324 310
-0.60 5.40 327 309
-0.50 5.40 329 308
-0.40 5.40 332 307
-0.30 5.40 334 307
-0.20 5.40 337 306
-0.10 5.40 340 305
-0.00 5.40 342 304
0.10 5.40 345 303
0.20 5.40 347 302
0.30 5.40 350 301
0.40 5.40 352 300
0.50 5.40 355 298
0.60 5.40 358 297
0.70 5.40 360 296
0.80 5.40 362 294
0.90 5.40 365 293
1.00 5.40 368 292
1.10 5.40 370 290
1.20 5.40 373 288
1.30 5.40 375 287
1.40 5.40 377 286
1.50 5.40 379 284
1.60 5.40 383 283
1.70 5.40 384 282
1.80 5.40 387 280
1.90 5.40 390 278
2.00 5.40 392 277
2.10 5.40 395 275
2.20 5.40 397 274
2.30 5.40 399 272
2.40 5.40 402 271
2.50 5.40 404 269
2.60 5.40 407 268
2.70 5.40 409 266
2.80 5.40 412 264
2.90 5.40 414 263
3.00 5.40 417 261
3.10 5.40 419 259
3.20 5.40 421 258
3.30 5.40 423 256
3.40 5.40 426 255
3.50 5.40 428 253
3.60 5.40 430 251
3.70 5.40 433 250
3.80 5.40 435 248
3.90 5.40 438 246
4.00 5.40 440 245
4.10 5.40 442 243
4.20 5.40 444 242
4.30 5.40 447 240
4.40 5.40 449 238
4.50 5.40 452 236
4.60 5.40 454 235
4.70 5.40 456 234
4.80 5.40 458 233
4.90 5.40 460 232
5.00 5.40 461 230
5.10 5.40 461 229
5.20 5.40 0 0
5.30 5.40 473 241
5.40 5.40 476 239
5.50 5.40 478 237
5.60 5.40 480 236
5.70 5.40 480 235
5.80 5.40 0 0
5.90 5.40 0 0
6.00 5.40 0 0
6.10 5.40 0 0
6.20 5.40 490 178
6.30 5.40 490 177
6.40 5.40 492 175
6.50 5.40 493 174
6.60 5.40 495 173
6.70 5.40 498 171
6.80 5.40 500 171
6.90 5.40 502 170
7.00 5.40 504 169
7.10 5.40 505 167
7.20 5.40 507 167
7.30 5.40 507 165
7.40 5.40 0 0
7.50 5.40 0 0
7.60 5.40 0 0
7.70 5.40 0 0
7.80 5.40 0 0
7.90 5.40 0 0
8.00 5.40 0 0
8.10 5.40 0 0
8.20 5.40 0 0
8.30 5.40 0 0
8.40 5.40 0 0
8.50 5.40 0 0
8.60 5.40 0 0
8.70 5.40 0 0
8.80 5.40 0 0
8.90 5.40 0 0
9.00 5.40 0 0
9.10 5.40 0 0
-9.00 5.50 91 381
-8.90 5.50 94 379
-8.80 5.50 98 378
-8.70 5.50 101 376
-8.60 5.50 105 374
-8.50 5.50 108 372
-8.40 5.50 111 371
-8.30 5.50 114 369
-8.20 5.50 117 368
-8.10 5.50 120 367
-8.00 5.50 123 365
-7.90 5.50 126 363
-7.80 5.50 129 362
-7.70 5.50 132 361
-7.60 5.50 136 359
-7.50 5.50 139 358
-7.40 5.50 142 356
-7.30 5.50 146 353
-7.20 5.50 149 351
-7.10 5.50 152 349
-7.00 5.50 156 347
-6.90 5.50 159 346
-6.80 5.50 161 344
-6.70 5.50 164 343
-6.60 5.50 167 342
-6.50 5.50 169 342
-6.40 5.50 0 0
-6.30 5.50 0 0
-6.20 5.50 0 0
-6.10 5.50 0 0
-6.00 5.50 0 0
-5.90 5.50 0 0
-5.80 5.50 0 0
-5.70 5.50 0 0
-5.60 5.50 0 0
-5.50 5.50 0 0
-5.40 5.50 0 0
-5.30 5.50 0 0
-5.20 5.50 0 0
-5.10 5.50 0 0
-5.00 5.50 0 0
-4.90 5.50 0 0
-4.80 5.50 0 0
-4.70 5.50 0 0
-4.60 5.50 0 0
-4.50 5.50 0 0
-4.40 5.50 0 0
-4.30 5.50 0 0
-4.20 5.50 0 0
-4.10 5.50 0 0
-4.00 5.50 0 0
-3.90 5.50 0 0
-3.80 5.50 0 0
-3.70 5.50 245 346
-3.60 5.50 248 345
-3.50 5.50 250 344
-3.40 5.50 253 343
-3.30 5.50 256 341
-3.20 5.50 259 340
-3.10 5.50 262 338
-3.00 5.50 265 336
-2.90 5.50 267 335
-2.80 5.50 270 333
-2.70 5.50 273 331
-2.60 5.50 275 330
-2.50 5.50 278 328
-2.40 5.50 282 327
-2.30 5.50 284 326
-2.20 5.50 287 324
-2.10 5.50 290 323
-2.00 5.50 292 322
-1.90 5.50 295 321
-1.80 5.50 297 321
-1.70 5.50 300 319
-1.60 5.50 303 319
-1.50 5.50 305 318
-1.40 5.50 308 317
-1.30 5.50 310 316
-1.20 5.50 313 315
-1.10 5.50 315 314
-1.00 5.50 318 314
-0.90 5.50 321 313
-0.80 5.50 323 312
-0.70 5.50 326 311
-0.60 5.50 328 310
-0.50 5.50 331 309
-0.40 5.50 333 308
-0.30 5.50 336 308
-0.20 5.50 339 307
-0.10 5.50 341 306
-0.00 5.50 343 305
0.10 5.50 346 304
0.20 5.50 349 303
0.30 5.50 351 302
0.40 5.50 354 300
0.50 5.50 356 299
0.60 5.50 359 298
0.70 5.50 361 296
0.80 5.50 364 295
0.90 5.50 367 293
1.00 5.50 369 292
1.10 5.50 372 291
1.20 5.50 374 289
1.30 5.50 376 288
1.40 5.50 379 287
1.50 5.50 381 285
1.60 5.50 384 284
1.70 5.50 387 282
1.80 5.50 389 280
1.90 5.50 391 280
2.00 5.50 394 278
2.10 5.50 396 276
2.20 5.50 399 275
2.30 5.50 401 273
2.40 5.50 404 271
2.50 5.50 406 270
2.60 5.50 409 268
2.70 5.50 411 267
2.80 5.50 413 266
2.90 5.50 416 263
3.00 5.50 418 262
3.10 5.50 421 260
3.20 5.50 423 259
3.30 5.50 425 257
3.40 5.50 427 255
3.50 5.50 430 254
3.60 5.50 432 253
3.70 5.50 434 250
3.80 5.50 437 249
3.90 5.50 439 247
4.00 5.50 442 246
4.10 5.50 444 244
4.20 5.50 446 243
4.30 5.50 449 241
4.40 5.50 451 239
4.50 5.50 454 238
4.60 5.50 456 236
4.70 5.50 458 235
4.80 5.50 460 234
4.90 5.50 461 233
5.00 5.50 462 231
5.10 5.50 0 0
5.20 5.50 474 242
5.30 5.50 476 241
5.40 5.50 478 240
5.50 5.50 479 239
5.60 5.50 0 0
5.70 5.50 0 0
5.80 5.50 0 0
5.90 5.50 0 0
6.00 5.50 0 0
6.10 5.50 490 181
6.20 5.50 491 179
6.30 5.50 492 178
6.40 5.50 493 177
6.50 5.50 495 175
6.60 5.50 497 174
6.70 5.50 499 173
6.80 5.50 502 172
6.90 5.50 504 171
7.00 5.50 505 169
7.10 5.50 506 168
7.20 5.50 507 167
7.30 5.50 508 166
7.40 5.50 0 0
7.50 5.50 0 0
7.60 5.50 0 0
7.70 5.50 0 0
7.80 5.50 0 0
7.90 5.50 0 0
8.00 5.50 0 0
8.10 5.50 0 0
8.20 5.50 0 0
8.30 5.50 0 0
8.40 5.50 0 0
8.50 5.50 0 0
8.60 5.50 0 0
8.70 5.50 0 0
8.80 5.50 0 0
8.90 5.50 0 0
9.00 5.50 0 0
9.10 5.50 0 0
-9.00 5.60 92 382
-8.90 5.60 95 381
-8.80 5.60 100 379
-8.70 5.60 103 377
-8.60 5.60 106 376
-8.50 5.60 109 374
-8.40 5.60 112 373
-8.30 5.60 115 371
-8.20 5.60 118 369
-8.10 5.60 122 368
-8.00 5.60 125 367
-7.90 5.60 127 365
-7.80 5.60 131 364
-7.70 5.60 134 362
-7.60 5.60 137 361
-7.50 5.60 140 359
-7.40 5.60 144 357
-7.30 5.60 147 355
-7.20 5.60 150 353
-7.10 5.60 154 351
-7.00 5.60 157 349
-6.90 5.60 160 347
-6.80 5.60 163 345
-6.70 5.60 165 344
-6.60 5.60 168 343
-6.50 5.60 170 343
-6.40 5.60 0 0
-6.30 5.60 0 0
-6.20 5.60 0 0
-6.10 5.60 0 0
-6.00 5.60 0 0
-5.90 5.60 0 0
-5.80 5.60 0 0
-5.70 5.60 0 0
-5.60 5.60 0 0
-5.50 5.60 0 0
-5.40 5.60 0 0
-5.30 5.60 0 0
-5.20 5.60 0 0
-5.10 5.60 0 0
-5.00 5.60 0 0
-4.90 5.60 0 0
-4.80 5.60 0 0
-4.70 5.60 0 0
-4.60 5.60 0 0
-4.50 5.60 0 0
-4.40 5.60 0 0
-4.30 5.60 0 0
-4.20 5.60 0 0
-4.10 5.60 0 0
-4.00 5.60 0 0
-3.90 5.60 0 0
-3.80 5.60 0 0
-3.70 5.60 247 346
-3.60 5.60 250 346
-3.50 5.60 253 344
-3.40 5.60 255 343
-3.30 5.60 258 342
-3.20 5.60 261 340
-3.10 5.60 263 338
-3.00 5.60 266 337
-2.90 5.60 269 335
-2.80 5.60 272 333
-2.70 5.60 275 332
-2.60 5.60 278 330
-2.50 5.60 280 329
-2.40 5.60 283 327
-2.30 5.60 286 326
-2.20 5.60 288 325
-2.10 5.60 291 324
-2.00 5.60 294 323
-1.90 5.60 297 322
-1.80 5.60 299 321
-1.70 5.60 302 320
-1.60 5.60 304 320
-1.50 5.60 307 319
-1.40 5.60 309 318
-1.30 5.60 312 317
-1.20 5.60 315 316
-1.10 5.60 317 316
-1.00 5.60 320 315
-0.90 5.60 322 314
-0.80 5.60 325 313
-0.70 5.60 328 312
-0.60 5.60 330 311
-0.50 5.60 333 310
-0.40 5.60 335 310
-0.30 5.60 337 309
-0.20 5.60 340 308
-0.10 5.60 342 307
-0.00 5.60 345 306
0.10 5.60 348 305
0.20 5.60 350 304
0.30 5.60 353 303
0.40 5.60 356 301
0.50 5.60 358 300
0.60 5.60 361 299
0.70 5.60 363 298
0.80 5.60 366 296
0.90 5.60 368 294
1.00 5.60 371 293
1.10 5.60 373 292
1.20 5.60 375 290
1.30 5.60 378 289
1.40 5.60 380 288
1.50 5.60 383 286
1.60 5.60 386 285
1.70 5.60 388 283
1.80 5.60 391 282
1.90 5.60 393 280
2.00 5.60 396 279
2.10 5.60 398 277
2.20 5.60 401 275
2.30 5.60 403 274
2.40 5.60 406 272
2.50 5.60 408 271
2.60 5.60 410 269
2.70 5.60 413 268
2.80 5.60 415 266
2.90 5.60 417 264
3.00 5.60 420 263
3.10 5.60 422 261
3.20 5.60 425 260
3.30 5.60 427 258
3.40 5.60 429 256
3.50 5.60 432 255
3.60 5.60 434 254
3.70 5.60 436 252
3.80 5.60 439 250
3.90 5.60 441 248
4.00 5.60 444 247
4.10 5.60 446 245
4.20 5.60 449 244
4.30 5.60 451 242
4.40 5.60 453 241
4.50 5.60 456 239
4.60 5.60 458 238
4.70 5.60 459 237
4.80 5.60 461 235
4.90 5.60 461 233
5.00 5.60 0 0
5.10 5.60 0 0
5.20 5.60 474 244
5.30 5.60 476 242
5.40 5.60 478 241
5.50 5.60 479 240
5.60 5.60 0 0
5.70 5.60 0 0
5.80 5.60 0 0
5.90 5.60 0 0
6.00 5.60 0 0
6.10 5.60 491 182
6.20 5.60 492 180
6.30 5.60 493 179
6.40 5.60 495 178
6.50 5.60 497 176
6.60 5.60 499 175
6.70 5.60 501 174
6.80 5.60 503 173
6.90 5.60 505 172
7.00 5.60 506 170
7.10 5.60 507 169
7.20 5.60 508 169
7.30 5.60 0 0
7.40 5.60 0 0
7.50 5.60 0 0
7.60 5.60 0 0
7.70 5.60 0 0
7.80 5.60 0 0
7.90 5.60 0 0
8.00 5.60 0 0
8.10 5.60 0 0
8.20 5.60 0 0
8.30 5.60 0 0
8.40 5.60 0 0
8.50 5.60 0 0
8.60 5.60 0 0
8.70 5.60 0 0
8.80 5.60 0 0
8.90 5.60 0 0
9.00 5.60 0 0
9.10 5.60 0 0
-9.00 5.70 94 385
-8.90 5.70 97 383
-8.80 5.70 101 381
-8.70 5.70 104 379
-8.60 5.70 107 377
-8.50 5.70 110 376
-8.40 5.70 114 374
-8.30 5.70 117 372
-8.20 5.70 120 371
-8.10 5.70 123 370
-8.00 5.70 126 368
-7.90 5.70 129 367
-7.80 5.70 132 365
-7.70 5.70 135 364
-7.60 5.70 139 362
-7.50 5.70 142 360
-7.40 5.70 145 358
-7.30 5.70 149 356
-7.20 5.70 152 354
-7.10 5.70 155 352
-7.00 5.70 159 350
-6.90 5.70 162 348
-6.80 5.70 165 346
-6.70 5.70 167 345
-6.60 5.70 169 344
-6.50 5.70 172 343
-6.40 5.70 174 343
-6.30 5.70 0 0
-6.20 5.70 0 0
-6.10 5.70 0 0
-6.00 5.70 0 0
-5.90 5.70 0 0
-5.80 5.70 0 0
-5.70 5.70 0 0
-5.60 5.70 0 0
-5.50 5.70 0 0
-5.40 5.70 0 0
-5.30 5.70 0 0
-5.20 5.70 0 0
-5.10 5.70 0 0
-5.00 5.70 0 0
-4.90 5.70 0 0
-4.80 5.70 0 0
-4.70 5.70 0 0
-4.60 5.70 0 0
-4.50 5.70 0 0
-4.40 5.70 0 0
-4.30 5.70 0 0
-4.20 5.70 0 0
-4.10 5.70 0 0
-4.00 5.70 0 0
-3.90 5.70 0 0
-3.80 5.70 0 0
-3.70 5.70 0 0
-3.60 5.70 252 346
-3.50 5.70 254 345
-3.40 5.70 257 344
-3.30 5.70 259 342
-3.20 5.70 261 341
-3.10 5.70 265 339
-3.00 5.70 268 337
-2.90 5.70 271 335
-2.80 5.70 274 334
-2.70 5.70 277 332
-2.60 5.70 279 331
-2.50 5.70 282 329
-2.40 5.70 284 328
-2.30 5.70 287 327
-2.20 5.70 290 326
-2.10 5.70 293 325
-2.00 5.70 295 324
-1.90 5.70 298 323
-1.80 5.70 300 322
-1.70 5.70 303 322
-1.60 5.70 306 321
-1.50 5.70 308 320
-1.40 5.70 311 319
-1.30 5.70 314 318
-1.20 5.70 316 318
-1.10 5.70 319 317
-1.00 5.70 322 316
-0.90 5.70 324 315
-0.80 5.70 327 314
-0.70 5.70 329 314
-0.60 5.70 332 313
-0.50 5.70 334 312
-0.40 5.70 337 311
-0.30 5.70 339 310
-0.20 5.70 342 309
-0.10 5.70 344 308
-0.00 5.70 347 307
0.10 5.70 349 306
0.20 5.70 352 305
0.30 5.70 355 304
0.40 5.70 357 303
0.50 5.70 360 301
0.60 5.70 362 300
0.70 5.70 365 298
0.80 5.70 367 297
0.90 5.70 370 296
1.00 5.70 373 294
1.10 5.70 375 293
1.20 5.70 377 291
1.30 5.70 380 290
1.40 5.70 382 288
1.50 5.70 385 287
1.60 5.70 387 286
1.70 5.70 390 284
1.80 5.70 392 283
1.90 5.70 395 281
2.00 5.70 397 280
2.10 5.70 400 278
2.20 5.70 402 276
2.30 5.70 405 275
2.40 5.70 408 273
2.50 5.70 410 272
2.60 5.70 412 270
2.70 5.70 414 268
2.80 5.70 417 267
2.90 5.70 419 265
3.00 5.70 422 264
3.10 5.70 424 262
3.20 5.70 426 260
3.30 5.70 428 259
3.40 5.70 431 257
3.50 5.70 433 256
3.60 5.70 436 254
3.70 5.70 438 252
3.80 5.70 441 251
3.90 5.70 443 249
4.00 5.70 446 247
4.10 5.70 448 246
4.20 5.70 451 244
4.30 5.70 452 243
4.40 5.70 455 242
4.50 5.70 457 240
4.60 5.70 459 239
4.70 5.70 460 238
4.80 5.70 461 236
4.90 5.70 461 234
5.00 5.70 0 0
5.10 5.70 474 246
5.20 5.70 475 244
5.30 5.70 0 0
5.40 5.70 0 0
5.50 5.70 0 0
5.60 5.70 0 0
5.70 5.70 0 0
5.80 5.70 0 0
5.90 5.70 0 0
6.00 5.70 490 184
6.10 5.70 492 183
6.20 5.70 493 181
6.30 5.70 495 180
6.40 5.70 496 179
6.50 5.70 499 178
6.60 5.70 501 177
6.70 5.70 503 175
6.80 5.70 504 174
6.90 5.70 506 173
7.00 5.70 507 172
7.10 5.70 508 170
7.20 5.70 0 0
7.30 5.70 0 0
7.40 5.70 0 0
7.50 5.70 0 0
7.60 5.70 0 0
7.70 5.70 0 0
7.80 5.70 0 0
7.90 5.70 0 0
8.00 5.70 0 0
8.10 5.70 0 0
8.20 5.70 0 0
8.30 5.70 0 0
8.40 5.70 0 0
8.50 5.70 0 0
8.60 5.70 0 0
8.70 5.70 0 0
8.80 5.70 0 0
8.90 5.70 0 0
9.00 5.70 0 0
9.10 5.70 0 0
-9.00 5.80 95 386
-8.90 5.80 99 384
-8.80 5.80 102 382
-8.70 5.80 105 381
-8.60 5.80 108 379
-8.50 5.80 111 377
-8.40 5.80 115 376
-8.30 5.80 118 374
-8.20 5.80 121 373
-8.10 5.80 124 371
-8.00 5.80 127 369
-7.90 5.80 130 368
-7.80 5.80 133 367
-7.70 5.80 137 365
-7.60 5.80 140 364
-7.50 5.80 143 361
-7.40 5.80 147 359
-7.30 5.80 151 357
-7.20 5.80 154 355
-7.10 5.80 157 353
-7.00 5.80 160 351
-6.90 5.80 164 349
-6.80 5.80 166 348
-6.70 5.80 168 346
-6.60 5.80 172 345
-6.50 5.80 174 344
-6.40 5.80 177 343
-6.30 5.80 178 343
-6.20 5.80 0 0
-6.10 5.80 0 0
-6.00 5.80 0 0
-5.90 5.80 0 0
-5.80 5.80 0 0
-5.70 5.80 0 0
-5.60 5.80 0 0
-5.50 5.80 0 0
-5.40 5.80 0 0
-5.30 5.80 0 0
-5.20 5.80 0 0
-5.10 5.80 0 0
-5.00 5.80 0 0
-4.90 5.80 0 0
-4.80 5.80 0 0
-4.70 5.80 0 0
-4.60 5.80 0 0
-4.50 5.80 0 0
-4.40 5.80 0 0
-4.30 5.80 0 0
-4.20 5.80 0 0
-4.10 5.80 0 0
-4.00 5.80 0 0
-3.90 5.80 0 0
-3.80 5.80 0 0
-3.70 5.80 0 0
-3.60 5.80 0 0
-3.50 5.80 256 345
-3.40 5.80 258 344
-3.30 5.80 261 342
-3.20 5.80 264 340
-3.10 5.80 267 339
-3.00 5.80 270 337
-2.90 5.80 273 336
-2.80 5.80 275 334
-2.70 5.80 278 333
-2.60 5.80 281 331
-2.50 5.80 284 330
-2.40 5.80 286 329
-2.30 5.80 289 328
-2.20 5.80 292 327
-2.10 5.80 295 326
-2.00 5.80 297 325
-1.90 5.80 300 324
-1.80 5.80 303 323
-1.70 5.80 305 323
-1.60 5.80 308 322
-1.50 5.80 310 321
-1.40 5.80 313 320
-1.30 5.80 316 319
-1.20 5.80 318 318
-1.10 5.80 320 318
-1.00 5.80 324 317
-0.90 5.80 326 316
-0.80 5.80 328 315
-0.70 5.80 331 315
-0.60 5.80 333 314
-0.50 5.80 336 313
-0.40 5.80 338 312
-0.30 5.80 341 311
-0.20 5.80 344 310
-0.10 5.80 346 309
-0.00 5.80 348 308
0.10 5.80 351 307
0.20 5.80 354 306
0.30 5.80 357 305
0.40 5.80 359 303
0.50 5.80 361 302
0.60 5.80 364 301
0.70 5.80 367 299
0.80 5.80 370 298
0.90 5.80 372 296
1.00 5.80 375 295
1.10 5.80 377 294
1.20 5.80 379 292
1.30 5.80 382 291
1.40 5.80 384 289
1.50 5.80 387 288
1.60 5.80 389 286
1.70 5.80 392 284
1.80 5.80 395 283
1.90 5.80 397 282
2.00 5.80 399 280
2.10 5.80 401 279
2.20 5.80 404 277
2.30 5.80 406 275
2.40 5.80 409 274
2.50 5.80 411 273
2.60 5.80 414 271
2.70 5.80 416 269
2.80 5.80 419 268
2.90 5.80 421 266
3.00 5.80 423 264
3.10 5.80 426 263
3.20 5.80 428 261
3.30 5.80 431 260
3.40 5.80 433 258
3.50 5.80 435 257
3.60 5.80 437 255
3.70 5.80 440 253
3.80 5.80 442 252
3.90 5.80 445 250
4.00 5.80 447 248
4.10 5.80 450 247
4.20 5.80 452 245
4.30 5.80 455 244
4.40 5.80 457 243
4.50 5.80 458 242
4.60 5.80 459 241
4.70 5.80 461 238
4.80 5.80 461 237
4.90 5.80 0 0
5.00 5.80 0 0
5.10 5.80 0 0
5.20 5.80 0 0
5.30 5.80 0 0
5.40 5.80 0 0
5.50 5.80 0 0
5.60 5.80 0 0
5.70 5.80 0 0
5.80 5.80 0 0
5.90 5.80 491 187
6.00 5.80 492 185
6.10 5.80 493 184
6.20 5.80 494 182
6.30 5.80 496 181
6.40 5.80 499 180
6.50 5.80 501 179
6.60 5.80 503 178
6.70 5.80 504 177
6.80 5.80 505 175
6.90 5.80 507 174
7.00 5.80 508 173
7.10 5.80 509 171
7.20 5.80 0 0
7.30 5.80 0 0
7.40 5.80 0 0
7.50 5.80 0 0
7.60 5.80 0 0
7.70 5.80 0 0
7.80 5.80 0 0
7.90 5.80 0 0
8.00 5.80 0 0
8.10 5.80 0 0
8.20 5.80 0 0
8.30 5.80 0 0
8.40 5.80 0 0
8.50 5.80 0 0
8.60 5.80 0 0
8.70 5.80 0 0
8.80 5.80 0 0
8.90 5.80 0 0
9.00 5.80 0 0
9.10 5.80 0 0
-9.00 5.90 97 388
-8.90 5.90 100 386
-8.80 5.90 103 384
-8.70 5.90 106 383
-8.60 5.90 109 381
-8.50 5.90 113 379
-8.40 5.90 116 377
-8.30 5.90 119 376
-8.20 5.90 122 374
-8.10 5.90 126 373
-8.00 5.90 129 371
-7.90 5.90 132 370
-7.80 5.90 135 368
-7.70 5.90 138 367
-7.60 5.90 141 365
-7.50 5.90 145 363
-7.40 5.90 148 361
-7.30 5.90 152 359
-7.20 5.90 156 356
-7.10 5.90 159 354
-7.00 5.90 162 352
-6.90 5.90 165 350
-6.80 5.90 167 349
-6.70 5.90 170 347
-6.60 5.90 173 346
-6.50 5.90 176 345
-6.40 5.90 178 344
-6.30 5.90 181 344
-6.20 5.90 0 0
-6.10 5.90 0 0
-6.00 5.90 0 0
-5.90 5.90 0 0
-5.80 5.90 0 0
-5.70 5.90 0 0
-5.60 5.90 0 0
-5.50 5.90 0 0
-5.40 5.90 0 0
-5.30 5.90 0 0
-5.20 5.90 0 0
-5.10 5.90 0 0
-5.00 5.90 0 0
-4.90 5.90 0 0
-4.80 5.90 0 0
-4.70 5.90 0 0
-4.60 5.90 0 0
-4.50 5.90 0 0
-4.40 5.90 0 0
-4.30 5.90 0 0
-4.20 5.90 0 0
-4.10 5.90 0 0
-4.00 5.90 0 0
-3.90 5.90 0 0
-3.80 5.90 0 0
-3.70 5.90 0 0
-3.60 5.90 0 0
-3.50 5.90 0 0
-3.40 5.90 260 344
-3.30 5.90 263 342
-3.20 5.90 266 341
-3.10 5.90 269 339
-3.00 5.90 272 338
-2.90 5.90 274 336
-2.80 5.90 277 335
-2.70 5.90 280 333
-2.60 5.90 283 332
-2.50 5.90 285 330
-2.40 5.90 289 330
-2.30 5.90 291 329
-2.20 5.90 294 328
-2.10 5.90 297 327
-2.00 5.90 299 326
-1.90 5.90 301 325
-1.80 5.90 304 324
-1.70 5.90 307 324
-1.60 5.90 309 323
-1.50 5.90 312 322
-1.40 5.90 314 322
-1.30 5.90 317 321
-1.20 5.90 320 320
-1.10 5.90 322 319
-1.00 5.90 325 318
-0.90 5.90 327 317
-0.80 5.90 330 316
-0.70 5.90 332 316
-0.60 5.90 335 315
-0.50 5.90 338 314
-0.40 5.90 340 313
-0.30 5.90 343 312
-0.20 5.90 345 311
-0.10 5.90 348 310
-0.00 5.90 351 309
0.10 5.90 353 308
0.20 5.90 356 307
0.30 5.90 358 306
0.40 5.90 361 304
0.50 5.90 363 303
0.60 5.90 365 301
0.70 5.90 369 300
0.80 5.90 372 298
0.90 5.90 374 297
1.00 5.90 376 296
1.10 5.90 379 294
1.20 5.90 381 293
1.30 5.90 384 291
1.40 5.90 386 290
1.50 5.90 389 288
1.60 5.90 391 287
1.70 5.90 394 285
1.80 5.90 396 284
1.90 5.90 399 282
2.00 5.90 401 281
2.10 5.90 403 279
2.20 5.90 406 278
2.30 5.90 408 276
2.40 5.90 411 275
2.50 5.90 413 273
2.60 5.90 416 271
2.70 5.90 418 270
2.80 5.90 420 268
2.90 5.90 423 267
3.00 5.90 425 265
3.10 5.90 427 263
3.20 5.90 430 262
3.30 5.90 432 260
3.40 5.90 434 258
3.50 5.90 437 257
3.60 5.90 439 256
3.70 5.90 442 254
3.80 5.90 445 253
3.90 5.90 447 251
4.00 5.90 449 249
4.10 5.90 452 248
4.20 5.90 454 246
4.30 5.90 456 245
4.40 5.90 458 243
4.50 5.90 459 242
4.60 5.90 460 241
4.70 5.90 461 240
4.80 5.90 0 0
4.90 5.90 0 0
5.00 5.90 0 0
5.10 5.90 0 0
5.20 5.90 0 0
5.30 5.90 0 0
5.40 5.90 0 0
5.50 5.90 0 0
5.60 5.90 0 0
5.70 5.90 0 0
5.80 5.90 491 190
5.90 5.90 492 188
6.00 5.90 493 187
6.10 5.90 494 185
6.20 5.90 496 184
6.30 5.90 498 182
6.40 5.90 500 181
6.50 5.90 502 180
6.60 5.90 504 179
6.70 5.90 505 178
6.80 5.90 506 176
6.90 5.90 507 175
7.00 5.90 508 174
7.10 5.90 0 0
7.20 5.90 0 0
7.30 5.90 0 0
7.40 5.90 0 0
7.50 5.90 0 0
7.60 5.90 0 0
7.70 5.90 0 0
7.80 5.90 0 0
7.90 5.90 0 0
8.00 5.90 0 0
8.10 5.90 0 0
8.20 5.90 0 0
8.30 5.90 0 0
8.40 5.90 0 0
8.50 5.90 0 0
8.60 5.90 0 0
8.70 5.90 0 0
8.80 5.90 0 0
8.90 5.90 0 0
9.00 5.90 0 0
9.10 5.90 0 0
-9.00 6.00 97 389
-8.90 6.00 101 388
-8.80 6.00 104 386
-8.70 6.00 107 384
-8.60 6.00 110 382
-8.50 6.00 114 381
-8.40 6.00 117 379
-8.30 6.00 121 377
-8.20 6.00 124 375
-8.10 6.00 127 374
-8.00 6.00 130 373
-7.90 6.00 133 371
-7.80 6.00 136 370
-7.70 6.00 139 368
-7.60 6.00 143 366
-7.50 6.00 146 364
-7.40 6.00 150 362
-7.30 6.00 154 360
-7.20 6.00 157 358
-7.10 6.00 160 356
-7.00 6.00 163 354
-6.90 6.00 166 352
-6.80 6.00 170 350
-6.70 6.00 172 348
-6.60 6.00 174 347
-6.50 6.00 177 346
-6.40 6.00 179 345
-6.30 6.00 182 345
-6.20 6.00 185 344
-6.10 6.00 0 0
-6.00 6.00 0 0
-5.90 6.00 0 0
-5.80 6.00 0 0
-5.70 6.00 0 0
-5.60 6.00 0 0
-5.50 6.00 0 0
-5.40 6.00 0 0
-5.30 6.00 0 0
-5.20 6.00 0 0
-5.10 6.00 0 0
-5.00 6.00 0 0
-4.90 6.00 0 0
-4.80 6.00 0 0
-4.70 6.00 0 0
-4.60 6.00 0 0
-4.50 6.00 0 0
-4.40 6.00 0 0
-4.30 6.00 0 0
-4.20 6.00 0 0
-4.10 6.00 0 0
-4.00 6.00 0 0
-3.90 6.00 0 0
-3.80 6.00 0 0
-3.70 6.00 0 0
-3.60 6.00 0 0
-3.50 6.00 0 0
-3.40 6.00 0 0
-3.30 6.00 265 342
-3.20 6.00 267 341
-3.10 6.00 271 339
-3.00 6.00 274 338
-2.90 6.00 276 337
-2.80 6.00 279 335
-2.70 6.00 282 334
-2.60 6.00 285 332
-2.50 6.00 287 332
-2.40 6.00 290 331
-2.30 6.00 292 329
-2.20 6.00 295 329
-2.10 6.00 298 328
-2.00 6.00 301 327
-1.90 6.00 303 326
-1.80 6.00 306 326
-1.70 6.00 309 325
-1.60 6.00 311 324
-1.50 6.00 314 323
-1.40 6.00 315 323
-1.30 6.00 319 322
-1.20 6.00 322 321
-1.10 6.00 324 320
-1.00 6.00 326 319
-0.90 6.00 329 318
-0.80 6.00 331 318
-0.70 6.00 334 317
-0.60 6.00 336 316
-0.50 6.00 339 315
-0.40 6.00 342 314
-0.30 6.00 345 313
-0.20 6.00 347 312
-0.10 6.00 350 311
-0.00 6.00 352 310
0.10 6.00 355 309
0.20 6.00 357 307
0.30 6.00 360 306
0.40 6.00 362 305
0.50 6.00 365 303
0.60 6.00 368 302
0.70 6.00 370 301
0.80 6.00 373 299
0.90 6.00 376 298
1.00 6.00 379 296
1.10 6.00 380 295
1.20 6.00 382 294
1.30 6.00 385 292
1.40 6.00 388 291
1.50 6.00 390 289
1.60 6.00 393 288
1.70 6.00 395 286
1.80 6.00 397 285
1.90 6.00 400 283
2.00 6.00 403 281
2.10 6.00 405 280
2.20 6.00 408 278
2.30 6.00 410 277
2.40 6.00 412 275
2.50 6.00 414 274
2.60 6.00 417 272
2.70 6.00 419 271
2.80 6.00 421 269
2.90 6.00 423 267
3.00 6.00 427 265
3.10 6.00 429 264
3.20 6.00 431 262
3.30 6.00 433 261
3.40 6.00 435 259
3.50 6.00 440 257
3.60 6.00 441 256
3.70 6.00 444 255
3.80 6.00 447 253
3.90 6.00 449 252
4.00 6.00 451 250
4.10 6.00 454 249
4.20 6.00 456 247
4.30 6.00 457 246
4.40 6.00 459 245
4.50 6.00 460 244
4.60 6.00 461 242
4.70 6.00 0 0
4.80 6.00 0 0
4.90 6.00 0 0
5.00 6.00 0 0
5.10 6.00 0 0
5.20 6.00 0 0
5.30 6.00 0 0
5.40 6.00 0 0
5.50 6.00 0 0
5.60 6.00 0 0
5.70 6.00 0 0
5.80 6.00 492 190
5.90 6.00 493 189
6.00 6.00 494 188
6.10 6.00 496 186
6.20 6.00 497 185
6.30 6.00 500 183
6.40 6.00 502 182
6.50 6.00 504 181
6.60 6.00 505 180
6.70 6.00 506 179
6.80 6.00 507 178
6.90 6.00 508 177
7.00 6.00 0 0
7.10 6.00 0 0
7.20 6.00 0 0
7.30 6.00 0 0
7.40 6.00 0 0
7.50 6.00 0 0
7.60 6.00 0 0
7.70 6.00 0 0
7.80 6.00 0 0
7.90 6.00 0 0
8.00 6.00 0 0
8.10 6.00 0 0
8.20 6.00 0 0
8.30 6.00 0 0
8.40 6.00 0 0
8.50 6.00 0 0
8.60 6.00 0 0
8.70 6.00 0 0
8.80 6.00 0 0
8.90 6.00 0 0
9.00 6.00 0 0
9.10 6.00 0 0
-9.00 6.10 99 391
-8.90 6.10 102 389
-8.80 6.10 105 387
-8.70 6.10 109 385
-8.60 6.10 112 384
-8.50 6.10 115 382
-8.40 6.10 119 380
-8.30 6.10 122 379
-8.20 6.10 125 377
-8.10 6.10 129 376
-8.00 6.10 132 374
-7.90 6.10 135 372
-7.80 6.10 138 371
-7.70 6.10 141 369
-7.60 6.10 145 367
-7.50 6.10 148 366
-7.40 6.10 151 364
-7.30 6.10 155 362
-7.20 6.10 158 360
-7.10 6.10 162 357
-7.00 6.10 164 356
-6.90 6.10 168 353
-6.80 6.10 171 351
-6.70 6.10 174 350
-6.60 6.10 176 349
-6.50 6.10 179 348
-6.40 6.10 181 346
-6.30 6.10 184 346
-6.20 6.10 186 345
-6.10 6.10 188 344
-6.00 6.10 0 0
-5.90 6.10 0 0
-5.80 6.10 0 0
-5.70 6.10 0 0
-5.60 6.10 0 0
-5.50 6.10 0 0
-5.40 6.10 0 0
-5.30 6.10 0 0
-5.20 6.10 0 0
-5.10 6.10 0 0
-5.00 6.10 0 0
-4.90 6.10 0 0
-4.80 6.10 0 0
-4.70 6.10 0 0
-4.60 6.10 0 0
-4.50 6.10 0 0
-4.40 6.10 0 0
-4.30 6.10 0 0
-4.20 6.10 0 0
-4.10 6.10 0 0
-4.00 6.10 0 0
-3.90 6.10 0 0
-3.80 6.10 0 0
-3.70 6.10 0 0
-3.60 6.10 0 0
-3.50 6.10 0 0
-3.40 6.10 0 0
-3.30 6.10 0 0
-3.20 6.10 270 341
-3.10 6.10 273 339
-3.00 6.10 276 338
-2.90 6.10 278 337
-2.80 6.10 281 336
-2.70 6.10 283 335
-2.60 6.10 287 333
-2.50 6.10 289 333
-2.40 6.10 292 331
-2.30 6.10 295 331
-2.20 6.10 297 330
-2.10 6.10 300 329
-2.00 6.10 303 328
-1.90 6.10 305 328
-1.80 6.10 308 327
-1.70 6.10 310 326
-1.60 6.10 313 325
-1.50 6.10 315 325
-1.40 6.10 318 324
-1.30 6.10 320 323
-1.20 6.10 323 323
-1.10 6.10 326 322
-1.00 6.10 328 321
-0.90 6.10 330 320
-0.80 6.10 333 319
-0.70 6.10 336 318
-0.60 6.10 338 317
-0.50 6.10 341 316
-0.40 6.10 344 315
-0.30 6.10 346 314
-0.20 6.10 349 313
-0.10 6.10 351 312
-0.00 6.10 354 311
0.10 6.10 357 310
0.20 6.10 359 308
0.30 6.10 362 307
0.40 6.10 364 306
0.50 6.10 367 304
0.60 6.10 370 303
0.70 6.10 372 302
0.80 6.10 375 300
0.90 6.10 377 299
1.00 6.10 380 297
1.10 6.10 383 296
1.20 6.10 385 295
1.30 6.10 387 293
1.40 6.10 390 292
1.50 6.10 392 290
1.60 6.10 394 289
1.70 6.10 397 287
1.80 6.10 400 285
1.90 6.10 402 284
2.00 6.10 404 282
2.10 6.10 407 281
2.20 6.10 409 279
2.30 6.10 411 277
2.40 6.10 413 276
2.50 6.10 416 274
2.60 6.10 419 272
2.70 6.10 421 271
2.80 6.10 423 269
2.90 6.10 426 268
3.00 6.10 428 266
3.10 6.10 431 264
3.20 6.10 433 262
3.30 6.10 435 261
3.40 6.10 439 260
3.50 6.10 442 258
3.60 6.10 444 257
3.70 6.10 447 255
3.80 6.10 449 254
3.90 6.10 451 252
4.00 6.10 453 251
4.10 6.10 455 250
4.20 6.10 457 248
4.30 6.10 459 247
4.40 6.10 460 246
4.50 6.10 461 244
4.60 6.10 0 0
4.70 6.10 0 0
4.80 6.10 0 0
4.90 6.10 0 0
5.00 6.10 0 0
5.10 6.10 0 0
5.20 6.10 0 0
5.30 6.10 0 0
5.40 6.10 0 0
5.50 6.10 0 0
5.60 6.10 0 0
5.70 6.10 492 193
5.80 6.10 493 191
5.90 6.10 494 190
6.00 6.10 496 189
6.10 6.10 497 187
6.20 6.10 499 186
6.30 6.10 501 185
6.40 6.10 503 183
6.50 6.10 504 182
6.60 6.10 506 181
6.70 6.10 507 179
6.80 6.10 508 179
6.90 6.10 0 0
7.00 6.10 0 0
7.10 6.10 0 0
7.20 6.10 0 0
7.30 6.10 0 0
7.40 6.10 0 0
7.50 6.10 0 0
7.60 6.10 0 0
7.70 6.10 0 0
7.80 6.10 0 0
7.90 6.10 0 0
8.00 6.10 0 0
8.10 6.10 0 0
8.20 6.10 0 0
8.30 6.10 0 0
8.40 6.10 0 0
8.50 6.10 0 0
8.60 6.10 0 0
8.70 6.10 0 0
8.80 6.10 0 0
8.90 6.10 0 0
9.00 6.10 0 0
9.10 6.10 0 0
-9.00 6.20 101 392
-8.90 6.20 103 391
-8.80 6.20 107 389
-8.70 6.20 110 387
-8.60 6.20 113 386
-8.50 6.20 117 384
-8.40 6.20 120 382
-8.30 6.20 124 380
-8.20 6.20 127 379
-8.10 6.20 130 377
-8.00 6.20 133 376
-7.90 6.20 136 374
-7.80 6.20 138 373
-7.70 6.20 142 371
-7.60 6.20 146 369
-7.50 6.20 150 367
-7.40 6.20 153 365
-7.30 6.20 156 363
-7.20 6.20 159 361
-7.10 6.20 162 359
-7.00 6.20 166 357
-6.90 6.20 169 355
-6.80 6.20 172 353
-6.70 6.20 175 350
-6.60 6.20 178 349
-6.50 6.20 180 349
-6.40 6.20 183 348
-6.30 6.20 185 347
-6.20 6.20 188 346
-6.10 6.20 190 346
-6.00 6.20 0 0
-5.90 6.20 0 0
-5.80 6.20 0 0
-5.70 6.20 0 0
-5.60 6.20 0 0
-5.50 6.20 0 0
-5.40 6.20 0 0
-5.30 6.20 0 0
-5.20 6.20 0 0
-5.10 6.20 0 0
-5.00 6.20 0 0
-4.90 6.20 0 0
-4.80 6.20 0 0
-4.70 6.20 0 0
-4.60 6.20 0 0
-4.50 6.20 0 0
-4.40 6.20 0 0
-4.30 6.20 0 0
-4.20 6.20 0 0
-4.10 6.20 0 0
-4.00 6.20 0 0
-3.90 6.20 0 0
-3.80 6.20 0 0
-3.70 6.20 0 0
-3.60 6.20 0 0
-3.50 6.20 0 0
-3.40 6.20 0 0
-3.30 6.20 0 0
-3.20 6.20 0 0
-3.10 6.20 0 0
-3.00 6.20 277 339
-2.90 6.20 280 338
-2.80 6.20 283 336
-2.70 6.20 286 335
-2.60 6.20 288 334
-2.50 6.20 291 333
-2.40 6.20 293 333
-2.30 6.20 295 332
-2.20 6.20 298 331
-2.10 6.20 301 330
-2.00 6.20 304 329
-1.90 6.20 307 329
-1.80 6.20 309 328
-1.70 6.20 311 327
-1.60 6.20 314 327
-1.50 6.20 317 326
-1.40 6.20 319 325
-1.30 6.20 321 324
-1.20 6.20 324 324
-1.10 6.20 328 323
-1.00 6.20 330 322
-0.90 6.20 332 321
-0.80 6.20 335 320
-0.70 6.20 338 320
-0.60 6.20 340 319
-0.50 6.20 343 317
-0.40 6.20 346 316
-0.30 6.20 348 315
-0.20 6.20 351 314
-0.10 6.20 353 313
-0.00 6.20 356 312
0.10 6.20 358 310
0.20 6.20 361 310
0.30 6.20 364 308
0.40 6.20 366 307
0.50 6.20 369 305
0.60 6.20 372 304
0.70 6.20 374 302
0.80 6.20 376 301
0.90 6.20 379 299
1.00 6.20 382 298
1.10 6.20 384 297
1.20 6.20 386 295
1.30 6.20 389 294
1.40 6.20 391 292
1.50 6.20 394 291
1.60 6.20 396 290
1.70 6.20 399 288
1.80 6.20 401 286
1.90 6.20 404 284
2.00 6.20 406 283
2.10 6.20 408 281
2.20 6.20 411 279
2.30 6.20 413 278
2.40 6.20 415 276
2.50 6.20 418 274
2.60 6.20 420 273
2.70 6.20 423 271
2.80 6.20 425 270
2.90 6.20 428 268
3.00 6.20 430 266
3.10 6.20 433 264
3.20 6.20 435 263
3.30 6.20 439 262
3.40 6.20 442 260
3.50 6.20 444 259
3.60 6.20 447 258
3.70 6.20 448 257
3.80 6.20 451 255
3.90 6.20 453 254
4.00 6.20 455 252
4.10 6.20 457 251
4.20 6.20 458 250
4.30 6.20 459 248
4.40 6.20 460 246
4.50 6.20 0 0
4.60 6.20 0 0
4.70 6.20 0 0
4.80 6.20 0 0
4.90 6.20 0 0
5.00 6.20 0 0
5.10 6.20 0 0
5.20 6.20 0 0
5.30 6.20 0 0
5.40 6.20 0 0
5.50 6.20 0 0
5.60 6.20 0 0
5.70 6.20 493 193
5.80 6.20 494 192
5.90 6.20 495 192
6.00 6.20 497 190
6.10 6.20 498 189
6.20 6.20 500 187
6.30 6.20 503 186
6.40 6.20 504 184
6.50 6.20 506 183
6.60 6.20 506 182
6.70 6.20 508 181
6.80 6.20 508 180
6.90 6.20 0 0
7.00 6.20 0 0
7.10 6.20 0 0
7.20 6.20 0 0
7.30 6.20 0 0
7.40 6.20 0 0
7.50 6.20 0 0
7.60 6.20 0 0
7.70 6.20 0 0
7.80 6.20 0 0
7.90 6.20 0 0
8.00 6.20 0 0
8.10 6.20 0 0
8.20 6.20 0 0
8.30 6.20 0 0
8.40 6.20 0 0
8.50 6.20 0 0
8.60 6.20 0 0
8.70 6.20 0 0
8.80 6.20 0 0
8.90 6.20 0 0
9.00 6.20 0 0
9.10 6.20 0 0
-9.00 6.30 102 393
-8.90 6.30 105 392
-8.80 6.30 108 390
-8.70 6.30 112 389
-8.60 6.30 115 387
-8.50 6.30 118 386
-8.40 6.30 121 384
-8.30 6.30 125 383
-8.20 6.30 128 381
-8.10 6.30 132 379
-8.00 6.30 135 377
-7.90 6.30 137 376
-7.80 6.30 140 374
-7.70 6.30 144 372
-7.60 6.30 147 370
-7.50 6.30 151 368
-7.40 6.30 154 366
-7.30 6.30 158 364
-7.20 6.30 161 362
-7.10 6.30 164 361
-7.00 6.30 167 358
-6.90 6.30 170 357
-6.80 6.30 174 354
-6.70 6.30 177 352
-6.60 6.30 180 351
-6.50 6.30 183 349
-6.40 6.30 185 349
-6.30 6.30 187 348
-6.20 6.30 189 347
-6.10 6.30 192 346
-6.00 6.30 194 346
-5.90 6.30 0 0
-5.80 6.30 0 0
-5.70 6.30 0 0
-5.60 6.30 0 0
-5.50 6.30 0 0
-5.40 6.30 0 0
-5.30 6.30 0 0
-5.20 6.30 0 0
-5.10 6.30 0 0
-5.00 6.30 0 0
-4.90 6.30 0 0
-4.80 6.30 0 0
-4.70 6.30 0 0
-4.60 6.30 0 0
-4.50 6.30 0 0
-4.40 6.30 0 0
-4.30 6.30 0 0
-4.20 6.30 0 0
-4.10 6.30 0 0
-4.00 6.30 0 0
-3.90 6.30 0 0
-3.80 6.30 0 0
-3.70 6.30 0 0
-3.60 6.30 0 0
-3.50 6.30 0 0
-3.40 6.30 0 0
-3.30 6.30 0 0
-3.20 6.30 0 0
-3.10 6.30 0 0
-3.00 6.30 279 339
-2.90 6.30 282 338
-2.80 6.30 284 337
-2.70 6.30 287 336
-2.60 6.30 290 335
-2.50 6.30 293 334
-2.40 6.30 295 334
-2.30 6.30 297 333
-2.20 6.30 300 332
-2.10 6.30 302 331
-2.00 6.30 306 331
-1.90 6.30 308 330
-1.80 6.30 311 329
-1.70 6.30 313 328
-1.60 6.30 316 328
-1.50 6.30 318 327
-1.40 6.30 321 326
-1.30 6.30 324 326
-1.20 6.30 327 324
-1.10 6.30 329 324
-1.00 6.30 331 323
-0.90 6.30 334 322
-0.80 6.30 337 321
-0.70 6.30 339 321
-0.60 6.30 342 319
-0.50 6.30 345 319
-0.40 6.30 348 317
-0.30 6.30 350 316
-0.20 6.30 353 315
-0.10 6.30 355 314
-0.00 6.30 358 312
0.10 6.30 360 311
0.20 6.30 363 310
0.30 6.30 366 309
0.40 6.30 368 307
0.50 6.30 371 306
0.60 6.30 373 304
0.70 6.30 375 303
0.80 6.30 378 302
0.90 6.30 381 300
1.00 6.30 383 299
1.10 6.30 386 298
1.20 6.30 388 296
1.30 6.30 390 295
1.40 6.30 393 293
1.50 6.30 396 292
1.60 6.30 398 290
1.70 6.30 400 288
1.80 6.30 403 286
1.90 6.30 405 285
2.00 6.30 407 283
2.10 6.30 410 281
2.20 6.30 413 280
2.30 6.30 415 278
2.40 6.30 417 276
2.50 6.30 419 275
2.60 6.30 422 273
2.70 6.30 425 272
2.80 6.30 427 270
2.90 6.30 430 268
3.00 6.30 432 266
3.10 6.30 435 264
3.20 6.30 439 264
3.30 6.30 441 263
3.40 6.30 444 262
3.50 6.30 446 260
3.60 6.30 448 259
3.70 6.30 450 258
3.80 6.30 452 256
3.90 6.30 454 254
4.00 6.30 456 253
4.10 6.30 458 252
4.20 6.30 459 250
4.30 6.30 460 249
4.40 6.30 0 0
4.50 6.30 0 0
4.60 6.30 0 0
4.70 6.30 0 0
4.80 6.30 0 0
4.90 6.30 0 0
5.00 6.30 0 0
5.10 6.30 0 0
5.20 6.30 0 0
5.30 6.30 0 0
5.40 6.30 0 0
5.50 6.30 0 0
5.60 6.30 493 196
5.70 6.30 494 195
5.80 6.30 495 194
5.90 6.30 496 192
6.00 6.30 498 191
6.10 6.30 500 190
6.20 6.30 502 189
6.30 6.30 504 188
6.40 6.30 505 186
6.50 6.30 507 184
6.60 6.30 507 183
6.70 6.30 509 182
6.80 6.30 0 0
6.90 6.30 0 0
7.00 6.30 0 0
7.10 6.30 0 0
7.20 6.30 0 0
7.30 6.30 0 0
7.40 6.30 0 0
7.50 6.30 0 0
7.60 6.30 0 0
7.70 6.30 0 0
7.80 6.30 0 0
7.90 6.30 0 0
8.00 6.30 0 0
8.10 6.30 0 0
8.20 6.30 0 0
8.30 6.30 0 0
8.40 6.30 0 0
8.50 6.30 0 0
8.60 6.30 0 0
8.70 6.30 0 0
8.80 6.30 0 0
8.90 6.30 0 0
9.00 6.30 0 0
9.10 6.30 0 0
-9.00 6.40 103 395
-8.90 6.40 106 393
-8.80 6.40 110 392
-8.70 6.40 113 390
-8.60 6.40 116 389
-8.50 6.40 120 387
-8.40 6.40 123 385
-8.30 6.40 126 385
-8.20 6.40 130 383
-8.10 6.40 133 381
-8.00 6.40 135 379
-7.90 6.40 139 378
-7.80 6.40 142 376
-7.70 6.40 146 373
-7.60 6.40 149 372
-7.50 6.40 153 370
-7.40 6.40 156 367
-7.30 6.40 159 366
-7.20 6.40 162 364
-7.10 6.40 165 362
-7.00 6.40 169 360
-6.90 6.40 172 357
-6.80 6.40 175 356
-6.70 6.40 179 354
-6.60 6.40 181 352
-6.50 6.40 184 351
-6.40 6.40 187 349
-6.30 6.40 189 349
-6.20 6.40 191 348
-6.10 6.40 194 347
-6.00 6.40 196 346
-5.90 6.40 198 346
-5.80 6.40 0 0
-5.70 6.40 0 0
-5.60 6.40 0 0
-5.50 6.40 0 0
-5.40 6.40 0 0
-5.30 6.40 0 0
-5.20 6.40 0 0
-5.10 6.40 0 0
-5.00 6.40 0 0
-4.90 6.40 0 0
-4.80 6.40 0 0
-4.70 6.40 0 0
-4.60 6.40 0 0
-4.50 6.40 0 0
-4.40 6.40 0 0
-4.30 6.40 0 0
-4.20 6.40 0 0
-4.10 6.40 0 0
-4.00 6.40 0 0
-3.90 6.40 0 0
-3.80 6.40 0 0
-3.70 6.40 0 0
-3.60 6.40 0 0
-3.50 6.40 0 0
-3.40 6.40 0 0
-3.30 6.40 0 0
-3.20 6.40 0 0
-3.10 6.40 0 0
-3.00 6.40 0 0
-2.90 6.40 283 338
-2.80 6.40 287 337
-2.70 6.40 289 337
-2.60 6.40 291 336
-2.50 6.40 294 336
-2.40 6.40 296 335
-2.30 6.40 299 334
-2.20 6.40 302 333
-2.10 6.40 304 333
-2.00 6.40 307 332
-1.90 6.40 310 331
-1.80 6.40 312 330
-1.70 6.40 316 330
-1.60 6.40 318 329
-1.50 6.40 320 328
-1.40 6.40 323 327
-1.30 6.40 325 327
-1.20 6.40 328 326
-1.10 6.40 330 325
-1.00 6.40 333 324
-0.90 6.40 336 324
-0.80 6.40 338 322
-0.70 6.40 341 322
-0.60 6.40 344 321
-0.50 6.40 346 320
-0.40 6.40 349 319
-0.30 6.40 352 317
-0.20 6.40 355 316
-0.10 6.40 357 314
-0.00 6.40 360 313
0.10 6.40 362 312
0.20 6.40 365 311
0.30 6.40 367 310
0.40 6.40 370 308
0.50 6.40 372 307
0.60 6.40 375 305
0.70 6.40 377 304
0.80 6.40 380 303
0.90 6.40 383 301
1.00 6.40 385 300
1.10 6.40 388 298
1.20 6.40 390 297
1.30 6.40 392 295
1.40 6.40 395 294
1.50 6.40 397 292
1.60 6.40 400 291
1.70 6.40 402 289
1.80 6.40 404 287
1.90 6.40 407 286
2.00 6.40 409 284
2.10 6.40 412 282
2.20 6.40 414 280
2.30 6.40 417 278
2.40 6.40 419 276
2.50 6.40 421 275
2.60 6.40 424 273
2.70 6.40 427 272
2.80 6.40 429 270
2.90 6.40 432 268
3.00 6.40 436 266
3.10 6.40 438 265
3.20 6.40 441 265
3.30 6.40 443 264
3.40 6.40 445 263
3.50 6.40 447 261
3.60 6.40 449 260
3.70 6.40 451 258
3.80 6.40 453 257
3.90 6.40 455 255
4.00 6.40 457 254
4.10 6.40 458 253
4.20 6.40 459 251
4.30 6.40 460 249
4.40 6.40 0 0
4.50 6.40 0 0
4.60 6.40 0 0
4.70 6.40 0 0
4.80 6.40 0 0
4.90 6.40 0 0
5.00 6.40 0 0
5.10 6.40 0 0
5.20 6.40 0 0
5.30 6.40 0 0
5.40 6.40 0 0
5.50 6.40 493 198
5.60 6.40 494 197
5.70 6.40 495 195
5.80 6.40 496 194
5.90 6.40 497 193
6.00 6.40 499 192
6.10 6.40 501 191
6.20 6.40 503 190
6.30 6.40 505 189
6.40 6.40 506 187
6.50 6.40 507 185
6.60 6.40 508 185
6.70 6.40 0 0
6.80 6.40 0 0
6.90 6.40 0 0
7.00 6.40 0 0
7.10 6.40 0 0
7.20 6.40 0 0
7.30 6.40 0 0
7.40 6.40 0 0
7.50 6.40 0 0
7.60 6.40 0 0
7.70 6.40 0 0
7.80 6.40 0 0
7.90 6.40 0 0
8.00 6.40 0 0
8.10 6.40 0 0
8.20 6.40 0 0
8.30 6.40 0 0
8.40 6.40 0 0
8.50 6.40 0 0
8.60 6.40 0 0
8.70 6.40 0 0
8.80 6.40 0 0
8.90 6.40 0 0
9.00 6.40 0 0
9.10 6.40 0 0
-9.00 6.50 105 397
-8.90 6.50 108 395
-8.80 6.50 111 393
-8.70 6.50 115 392
-8.60 6.50 118 390
-8.50 6.50 121 389
-8.40 6.50 124 387
-8.30 6.50 128 385
-8.20 6.50 131 384
-8.10 6.50 134 382
-8.00 6.50 136 381
-7.90 6.50 140 379
-7.80 6.50 144 377
-7.70 6.50 147 375
-7.60 6.50 151 373
-7.50 6.50 155 370
-7.40 6.50 157 369
-7.30 6.50 161 367
-7.20 6.50 164 365
-7.10 6.50 167 363
-7.00 6.50 170 361
-6.90 6.50 174 359
-6.80 6.50 177 357
-6.70 6.50 180 355
-6.60 6.50 183 353
-6.50 6.50 185 352
-6.40 6.50 188 351
-6.30 6.50 191 350
-6.20 6.50 193 349
-6.10 6.50 196 348
-6.00 6.50 198 347
-5.90 6.50 200 347
-5.80 6.50 0 0
-5.70 6.50 0 0
-5.60 6.50 0 0
-5.50 6.50 0 0
-5.40 6.50 0 0
-5.30 6.50 0 0
-5.20 6.50 0 0
-5.10 6.50 0 0
-5.00 6.50 0 0
-4.90 6.50 0 0
-4.80 6.50 0 0
-4.70 6.50 0 0
-4.60 6.50 0 0
-4.50 6.50 0 0
-4.40 6.50 0 0
-4.30 6.50 0 0
-4.20 6.50 0 0
-4.10 6.50 0 0
-4.00 6.50 0 0
-3.90 6.50 0 0
-3.80 6.50 0 0
-3.70 6.50 0 0
-3.60 6.50 0 0
-3.50 6.50 0 0
-3.40 6.50 0 0
-3.30 6.50 0 0
-3.20 6.50 0 0
-3.10 6.50 0 0
-3.00 6.50 0 0
-2.90 6.50 285 339
-2.80 6.50 287 338
-2.70 6.50 291 337
-2.60 6.50 293 337
-2.50 6.50 296 336
-2.40 6.50 298 336
-2.30 6.50 300 335
-2.20 6.50 303 334
-2.10 6.50 306 334
-2.00 6.50 309 333
-1.90 6.50 311 333
-1.80 6.50 314 332
-1.70 6.50 317 331
-1.60 6.50 319 330
-1.50 6.50 322 330
-1.40 6.50 325 329
-1.30 6.50 328 328
-1.20 6.50 330 327
-1.10 6.50 333 326
-1.00 6.50 335 325
-0.90 6.50 337 324
-0.80 6.50 340 324
-0.70 6.50 343 322
-0.60 6.50 345 322
-0.50 6.50 348 320
-0.40 6.50 351 319
-0.30 6.50 354 318
-0.20 6.50 357 316
-0.10 6.50 360 315
-0.00 6.50 362 314
0.10 6.50 364 313
0.20 6.50 367 312
0.30 6.50 369 310
0.40 6.50 371 309
0.50 6.50 375 308
0.60 6.50 377 306
0.70 6.50 379 305
0.80 6.50 382 304
0.90 6.50 384 302
1.00 6.50 387 301
1.10 6.50 390 299
1.20 6.50 392 297
1.30 6.50 394 296
1.40 6.50 396 295
1.50 6.50 399 293
1.60 6.50 401 291
1.70 6.50 404 289
1.80 6.50 406 287
1.90 6.50 409 286
2.00 6.50 411 284
2.10 6.50 414 282
2.20 6.50 416 281
2.30 6.50 419 279
2.40 6.50 421 277
2.50 6.50 424 275
2.60 6.50 427 273
2.70 6.50 429 272
2.80 6.50 432 270
2.90 6.50 435 269
3.00 6.50 438 268
3.10 6.50 440 267
3.20 6.50 442 266
3.30 6.50 444 265
3.40 6.50 446 264
3.50 6.50 449 262
3.60 6.50 451 261
3.70 6.50 453 259
3.80 6.50 454 258
3.90 6.50 456 257
4.00 6.50 458 255
4.10 6.50 459 254
4.20 6.50 0 0
4.30 6.50 0 0
4.40 6.50 0 0
4.50 6.50 0 0
4.60 6.50 0 0
4.70 6.50 0 0
4.80 6.50 0 0
4.90 6.50 0 0
5.00 6.50 0 0
5.10 6.50 0 0
5.20 6.50 0 0
5.30 6.50 0 0
5.40 6.50 0 0
5.50 6.50 493 200
5.60 6.50 495 198
5.70 6.50 496 197
5.80 6.50 497 195
5.90 6.50 499 194
6.00 6.50 501 193
6.10 6.50 503 192
6.20 6.50 504 191
6.30 6.50 505 189
6.40 6.50 507 188
6.50 6.50 508 187
6.60 6.50 0 0
6.70 6.50 0 0
6.80 6.50 0 0
6.90 6.50 0 0
7.00 6.50 0 0
7.10 6.50 0 0
7.20 6.50 0 0
7.30 6.50 0 0
7.40 6.50 0 0
7.50 6.50 0 0
7.60 6.50 0 0
7.70 6.50 0 0
7.80 6.50 0 0
7.90 6.50 0 0
8.00 6.50 0 0
8.10 6.50 0 0
8.20 6.50 0 0
8.30 6.50 0 0
8.40 6.50 0 0
8.50 6.50 0 0
8.60 6.50 0 0
8.70 6.50 0 0
8.80 6.50 0 0
8.90 6.50 0 0
9.00 6.50 0 0
9.10 6.50 0 0
-9.00 6.60 105 398
-8.90 6.60 109 397
-8.80 6.60 113 395
-8.70 6.60 116 393
-8.60 6.60 119 392
-8.50 6.60 123 390
-8.40 6.60 126 389
-8.30 6.60 129 387
-8.20 6.60 132 385
-8.10 6.60 134 384
-8.00 6.60 138 382
-7.90 6.60 142 380
-7.80 6.60 146 378
-7.70 6.60 149 376
-7.60 6.60 152 374
-7.50 6.60 155 372
-7.40 6.60 159 370
-7.30 6.60 162 369
-7.20 6.60 165 367
-7.10 6.60 169 364
-7.00 6.60 172 363
-6.90 6.60 175 361
-6.80 6.60 178 359
-6.70 6.60 181 357
-6.60 6.60 184 355
-6.50 6.60 186 353
-6.40 6.60 190 352
-6.30 6.60 192 350
-6.20 6.60 195 350
-6.10 6.60 198 349
-6.00 6.60 200 348
-5.90 6.60 202 348
-5.80 6.60 205 347
-5.70 6.60 0 0
-5.60 6.60 0 0
-5.50 6.60 0 0
-5.40 6.60 0 0
-5.30 6.60 0 0
-5.20 6.60 0 0
-5.10 6.60 0 0
-5.00 6.60 0 0
-4.90 6.60 0 0
-4.80 6.60 0 0
-4.70 6.60 0 0
-4.60 6.60 0 0
-4.50 6.60 0 0
-4.40 6.60 0 0
-4.30 6.60 0 0
-4.20 6.60 0 0
-4.10 6.60 0 0
-4.00 6.60 0 0
-3.90 6.60 0 0
-3.80 6.60 0 0
-3.70 6.60 0 0
-3.60 6.60 0 0
-3.50 6.60 0 0
-3.40 6.60 0 0
-3.30 6.60 0 0
-3.20 6.60 0 0
-3.10 6.60 0 0
-3.00 6.60 0 0
-2.90 6.60 0 0
-2.80 6.60 289 339
-2.70 6.60 292 338
-2.60 6.60 294 338
-2.50 6.60 297 337
-2.40 6.60 300 337
-2.30 6.60 302 336
-2.20 6.60 305 336
-2.10 6.60 308 335
-2.00 6.60 311 334
-1.90 6.60 313 334
-1.80 6.60 316 333
-1.70 6.60 319 333
-1.60 6.60 321 332
-1.50 6.60 324 331
-1.40 6.60 327 330
-1.30 6.60 329 329
-1.20 6.60 332 328
-1.10 6.60 334 327
-1.00 6.60 337 326
-0.90 6.60 339 325
-0.80 6.60 342 325
-0.70 6.60 345 324
-0.60 6.60 347 323
-0.50 6.60 350 322
-0.40 6.60 353 320
-0.30 6.60 356 319
-0.20 6.60 358 318
-0.10 6.60 360 316
-0.00 6.60 363 315
0.10 6.60 365 313
0.20 6.60 368 312
0.30 6.60 371 311
0.40 6.60 373 310
0.50 6.60 376 309
0.60 6.60 378 307
0.70 6.60 381 306
0.80 6.60 383 304
0.90 6.60 387 303
1.00 6.60 388 302
1.10 6.60 391 300
1.20 6.60 393 299
1.30 6.60 396 297
1.40 6.60 398 295
1.50 6.60 401 293
1.60 6.60 403 292
1.70 6.60 406 290
1.80 6.60 408 288
1.90 6.60 411 286
2.00 6.60 413 284
2.10 6.60 416 282
2.20 6.60 419 280
2.30 6.60 422 279
2.40 6.60 425 277
2.50 6.60 427 275
2.60 6.60 429 274
2.70 6.60 432 273
2.80 6.60 434 271
2.90 6.60 437 271
3.00 6.60 439 269
3.10 6.60 441 269
3.20 6.60 443 267
3.30 6.60 445 266
3.40 6.60 447 265
3.50 6.60 450 263
3.60 6.60 452 262
3.70 6.60 454 260
3.80 6.60 456 259
3.90 6.60 457 258
4.00 6.60 458 256
4.10 6.60 0 0
4.20 6.60 0 0
4.30 6.60 0 0
4.40 6.60 0 0
4.50 6.60 0 0
4.60 6.60 0 0
4.70 6.60 0 0
4.80 6.60 0 0
4.90 6.60 0 0
5.00 6.60 0 0
5.10 6.60 0 0
5.20 6.60 0 0
5.30 6.60 0 0
5.40 6.60 493 202
5.50 6.60 494 200
5.60 6.60 495 199
5.70 6.60 497 198
5.80 6.60 498 196
5.90 6.60 500 195
6.00 6.60 503 194
6.10 6.60 504 193
6.20 6.60 505 192
6.30 6.60 507 191
6.40 6.60 508 189
6.50 6.60 509 188
6.60 6.60 0 0
6.70 6.60 0 0
6.80 6.60 0 0
6.90 6.60 0 0
7.00 6.60 0 0
7.10 6.60 0 0
7.20 6.60 0 0
7.30 6.60 0 0
7.40 6.60 0 0
7.50 6.60 0 0
7.60 6.60 0 0
7.70 6.60 0 0
7.80 6.60 0 0
7.90 6.60 0 0
8.00 6.60 0 0
8.10 6.60 0 0
8.20 6.60 0 0
8.30 6.60 0 0
8.40 6.60 0 0
8.50 6.60 0 0
8.60 6.60 0 0
8.70 6.60 0 0
8.80 6.60 0 0
8.90 6.60 0 0
9.00 6.60 0 0
9.10 6.60 0 0
-9.00 6.70 107 400
-8.90 6.70 111 398
-8.80 6.70 114 396
-8.70 6.70 118 395
-8.60 6.70 121 393
-8.50 6.70 124 392
-8.40 6.70 127 391
-8.30 6.70 130 389
-8.20 6.70 133 387
-8.10 6.70 136 385
-8.00 6.70 140 384
-7.90 6.70 143 382
-7.80 6.70 147 380
-7.70 6.70 150 378
-7.60 6.70 154 376
-7.50 6.70 157 374
-7.40 6.70 160 372
-7.30 6.70 164 370
-7.20 6.70 167 368
-7.10 6.70 170 366
-7.00 6.70 173 364
-6.90 6.70 176 362
-6.80 6.70 179 360
-6.70 6.70 182 359
-6.60 6.70 186 356
-6.50 6.70 189 354
-6.40 6.70 191 353
-6.30 6.70 194 352
-6.20 6.70 196 351
-6.10 6.70 199 350
-6.00 6.70 202 349
-5.90 6.70 204 348
-5.80 6.70 207 348
-5.70 6.70 209 347
-5.60 6.70 0 0
-5.50 6.70 0 0
-5.40 6.70 0 0
-5.30 6.70 0 0
-5.20 6.70 0 0
-5.10 6.70 0 0
-5.00 6.70 0 0
-4.90 6.70 0 0
-4.80 6.70 0 0
-4.70 6.70 0 0
-4.60 6.70 0 0
-4.50 6.70 0 0
-4.40 6.70 0 0
-4.30 6.70 0 0
-4.20 6.70 0 0
-4.10 6.70 0 0
-4.00 6.70 0 0
-3.90 6.70 0 0
-3.80 6.70 0 0
-3.70 6.70 0 0
-3.60 6.70 0 0
-3.50 6.70 0 0
-3.40 6.70 0 0
-3.30 6.70 0 0
-3.20 6.70 0 0
-3.10 6.70 0 0
-3.00 6.70 0 0
-2.90 6.70 0 0
-2.80 6.70 0 0
-2.70 6.70 294 339
-2.60 6.70 296 339
-2.50 6.70 299 338
-2.40 6.70 302 338
-2.30 6.70 304 337
-2.20 6.70 306 337
-2.10 6.70 309 336
-2.00 6.70 312 336
-1.90 6.70 315 335
-1.80 6.70 318 334
-1.70 6.70 320 333
-1.60 6.70 323 333
-1.50 6.70 325 332
-1.40 6.70 328 332
-1.30 6.70 331 331
-1.20 6.70 333 330
-1.10 6.70 336 329
-1.00 6.70 339 327
-0.90 6.70 341 327
-0.80 6.70 343 326
-0.70 6.70 347 324
-0.60 6.70 349 324
-0.50 6.70 351 322
-0.40 6.70 354 321
-0.30 6.70 357 320
-0.20 6.70 360 318
-0.10 6.70 362 317
-0.00 6.70 365 316
0.10 6.70 368 315
0.20 6.70 370 313
0.30 6.70 373 312
0.40 6.70 375 311
0.50 6.70 377 309
0.60 6.70 380 308
0.70 6.70 382 306
0.80 6.70 385 305
0.90 6.70 388 304
1.00 6.70 390 303
1.10 6.70 392 301
1.20 6.70 395 299
1.30 6.70 398 297
1.40 6.70 400 295
1.50 6.70 403 294
1.60 6.70 405 292
1.70 6.70 408 290
1.80 6.70 410 288
1.90 6.70 413 287
2.00 6.70 416 285
2.10 6.70 419 283
2.20 6.70 422 281
2.30 6.70 425 279
2.40 6.70 427 277
2.50 6.70 429 276
2.60 6.70 431 275
2.70 6.70 433 274
2.80 6.70 436 273
2.90 6.70 438 272
3.00 6.70 440 271
3.10 6.70 442 270
3.20 6.70 445 269
3.30 6.70 447 267
3.40 6.70 449 266
3.50 6.70 451 264
3.60 6.70 453 263
3.70 6.70 455 262
3.80 6.70 456 260
3.90 6.70 457 258
4.00 6.70 459 257
4.10 6.70 0 0
4.20 6.70 0 0
4.30 6.70 0 0
4.40 6.70 0 0
4.50 6.70 0 0
4.60 6.70 0 0
4.70 6.70 0 0
4.80 6.70 0 0
4.90 6.70 0 0
5.00 6.70 0 0
5.10 6.70 0 0
5.20 6.70 0 0
5.30 6.70 0 0
5.40 6.70 494 203
5.50 6.70 495 202
5.60 6.70 496 200
5.70 6.70 498 199
5.80 6.70 500 198
5.90 6.70 502 196
6.00 6.70 504 195
6.10 6.70 505 194
6.20 6.70 506 193
6.30 6.70 507 191
6.40 6.70 0 0
6.50 6.70 0 0
6.60 6.70 0 0
6.70 6.70 0 0
6.80 6.70 0 0
6.90 6.70 0 0
7.00 6.70 0 0
7.10 6.70 0 0
7.20 6.70 0 0
7.30 6.70 0 0
7.40 6.70 0 0
7.50 6.70 0 0
7.60 6.70 0 0
7.70 6.70 0 0
7.80 6.70 0 0
7.90 6.70 0 0
8.00 6.70 0 0
8.10 6.70 0 0
8.20 6.70 0 0
8.30 6.70 0 0
8.40 6.70 0 0
8.50 6.70 0 0
8.60 6.70 0 0
8.70 6.70 0 0
8.80 6.70 0 0
8.90 6.70 0 0
9.00 6.70 0 0
9.10 6.70 0 0
-9.00 6.80 109 402
-8.90 6.80 112 400
-8.80 6.80 115 398
-8.70 6.80 119 396
-8.60 6.80 122 395
-8.50 6.80 125 393
-8.40 6.80 129 392
-8.30 6.80 132 390
-8.20 6.80 135 389
-8.10 6.80 138 387
-8.00 6.80 142 385
-7.90 6.80 145 383
-7.80 6.80 149 381
-7.70 6.80 152 379
-7.60 6.80 156 377
-7.50 6.80 159 375
-7.40 6.80 162 373
-7.30 6.80 165 371
-7.20 6.80 169 369
-7.10 6.80 172 367
-7.00 6.80 175 365
-6.90 6.80 178 363
-6.80 6.80 181 362
-6.70 6.80 184 360
-6.60 6.80 187 358
-6.50 6.80 190 356
-6.40 6.80 193 354
-6.30 6.80 196 353
-6.20 6.80 199 351
-6.10 6.80 201 350
-6.00 6.80 204 350
-5.90 6.80 206 349
-5.80 6.80 209 348
-5.70 6.80 211 348
-5.60 6.80 0 0
-5.50 6.80 0 0
-5.40 6.80 0 0
-5.30 6.80 0 0
-5.20 6.80 0 0
-5.10 6.80 0 0
-5.00 6.80 0 0
-4.90 6.80 0 0
-4.80 6.80 0 0
-4.70 6.80 0 0
-4.60 6.80 0 0
-4.50 6.80 0 0
-4.40 6.80 0 0
-4.30 6.80 0 0
-4.20 6.80 0 0
-4.10 6.80 0 0
-4.00 6.80 0 0
-3.90 6.80 0 0
-3.80 6.80 0 0
-3.70 6.80 0 0
-3.60 6.80 0 0
-3.50 6.80 0 0
-3.40 6.80 0 0
-3.30 6.80 0 0
-3.20 6.80 0 0
-3.10 6.80 0 0
-3.00 6.80 0 0
-2.90 6.80 0 0
-2.80 6.80 0 0
-2.70 6.80 0 0
-2.60 6.80 299 339
-2.50 6.80 301 339
-2.40 6.80 303 339
-2.30 6.80 306 338
-2.20 6.80 308 338
-2.10 6.80 311 337
-2.00 6.80 314 337
-1.90 6.80 317 336
-1.80 6.80 319 336
-1.70 6.80 322 335
-1.60 6.80 325 334
-1.50 6.80 328 333
-1.40 6.80 330 333
-1.30 6.80 332 332
-1.20 6.80 335 331
-1.10 6.80 337 330
-1.00 6.80 340 329
-0.90 6.80 343 328
-0.80 6.80 346 326
-0.70 6.80 348 325
-0.60 6.80 350 324
-0.50 6.80 353 323
-0.40 6.80 355 322
-0.30 6.80 358 321
-0.20 6.80 361 320
-0.10 6.80 364 318
-0.00 6.80 366 317
0.10 6.80 369 315
0.20 6.80 372 314
0.30 6.80 374 313
0.40 6.80 376 312
0.50 6.80 379 310
0.60 6.80 381 309
0.70 6.80 385 307
0.80 6.80 387 306
0.90 6.80 390 304
1.00 6.80 392 303
1.10 6.80 394 301
1.20 6.80 396 300
1.30 6.80 399 298
1.40 6.80 403 296
1.50 6.80 405 294
1.60 6.80 408 292
1.70 6.80 411 290
1.80 6.80 413 289
1.90 6.80 416 287
2.00 6.80 419 285
2.10 6.80 421 284
2.20 6.80 424 282
2.30 6.80 426 280
2.40 6.80 428 279
2.50 6.80 430 278
2.60 6.80 432 276
2.70 6.80 435 276
2.80 6.80 437 274
2.90 6.80 439 273
3.00 6.80 441 272
3.10 6.80 444 271
3.20 6.80 446 270
3.30 6.80 448 269
3.40 6.80 451 267
3.50 6.80 452 265
3.60 6.80 454 264
3.70 6.80 456 262
3.80 6.80 457 260
3.90 6.80 0 0
4.00 6.80 0 0
4.10 6.80 0 0
4.20 6.80 0 0
4.30 6.80 0 0
4.40 6.80 0 0
4.50 6.80 0 0
4.60 6.80 0 0
4.70 6.80 0 0
4.80 6.80 0 0
4.90 6.80 0 0
5.00 6.80 0 0
5.10 6.80 0 0
5.20 6.80 0 0
5.30 6.80 494 205
5.40 6.80 495 204
5.50 6.80 496 202
5.60 6.80 497 201
5.70 6.80 499 200
5.80 6.80 502 199
5.90 6.80 503 198
6.00 6.80 505 196
6.10 6.80 506 195
6.20 6.80 507 194
6.30 6.80 0 0
6.40 6.80 0 0
6.50 6.80 0 0
6.60 6.80 0 0
6.70 6.80 0 0
6.80 6.80 0 0
6.90 6.80 0 0
7.00 6.80 0 0
7.10 6.80 0 0
7.20 6.80 0 0
7.30 6.80 0 0
7.40 6.80 0 0
7.50 6.80 0 0
7.60 6.80 0 0
7.70 6.80 0 0
7.80 6.80 0 0
7.90 6.80 0 0
8.00 6.80 0 0
8.10 6.80 0 0
8.20 6.80 0 0
8.30 6.80 0 0
8.40 6.80 0 0
8.50 6.80 0 0
8.60 6.80 0 0
8.70 6.80 0 0
8.80 6.80 0 0
8.90 6.80 0 0
9.00 6.80 0 0
9.10 6.80 0 0
-9.00 6.90 110 404
-8.90 6.90 114 402
-8.80 6.90 118 399
-8.70 6.90 121 398
-8.60 6.90 124 397
-8.50 6.90 127 395
-8.40 6.90 130 393
-8.30 6.90 133 392
-8.20 6.90 137 390
-8.10 6.90 140 388
-8.00 6.90 144 386
-7.90 6.90 147 384
-7.80 6.90 151 382
-7.70 6.90 154 381
-7.60 6.90 157 379
-7.50 6.90 160 377
-7.40 6.90 164 375
-7.30 6.90 167 373
-7.20 6.90 170 371
-7.10 6.90 173 369
-7.00 6.90 176 367
-6.90 6.90 179 365
-6.80 6.90 182 363
-6.70 6.90 185 361
-6.60 6.90 189 359
-6.50 6.90 192 358
-6.40 6.90 194 356
-6.30 6.90 198 354
-6.20 6.90 200 353
-6.10 6.90 203 352
-6.00 6.90 206 351
-5.90 6.90 208 350
-5.80 6.90 211 349
-5.70 6.90 213 349
-5.60 6.90 216 348
-5.50 6.90 0 0
-5.40 6.90 0 0
-5.30 6.90 0 0
-5.20 6.90 0 0
-5.10 6.90 0 0
-5.00 6.90 0 0
-4.90 6.90 0 0
-4.80 6.90 0 0
-4.70 6.90 0 0
-4.60 6.90 0 0
-4.50 6.90 0 0
-4.40 6.90 0 0
-4.30 6.90 0 0
-4.20 6.90 0 0
-4.10 6.90 0 0
-4.00 6.90 0 0
-3.90 6.90 0 0
-3.80 6.90 0 0
-3.70 6.90 0 0
-3.60 6.90 0 0
-3.50 6.90 0 0
-3.40 6.90 0 0
-3.30 6.90 0 0
-3.20 6.90 0 0
-3.10 6.90 0 0
-3.00 6.90 0 0
-2.90 6.90 0 0
-2.80 6.90 0 0
-2.70 6.90 0 0
-2.60 6.90 0 0
-2.50 6.90 302 340
-2.40 6.90 305 340
-2.30 6.90 308 340
-2.20 6.90 310 339
-2.10 6.90 313 339
-2.00 6.90 316 338
-1.90 6.90 319 337
-1.80 6.90 321 337
-1.70 6.90 324 336
-1.60 6.90 327 335
-1.50 6.90 329 335
-1.40 6.90 331 334
-1.30 6.90 334 333
-1.20 6.90 337 332
-1.10 6.90 339 331
-1.00 6.90 341 330
-0.90 6.90 344 328
-0.80 6.90 347 327
-0.70 6.90 350 326
-0.60 6.90 352 325
-0.50 6.90 355 324
-0.40 6.90 357 323
-0.30 6.90 360 321
-0.20 6.90 363 320
-0.10 6.90 365 319
-0.00 6.90 368 318
0.10 6.90 371 316
0.20 6.90 373 315
0.30 6.90 375 314
0.40 6.90 379 312
0.50 6.90 381 311
0.60 6.90 383 309
0.70 6.90 386 308
0.80 6.90 389 307
0.90 6.90 391 305
1.00 6.90 393 304
1.10 6.90 396 302
1.20 6.90 399 300
1.30 6.90 402 298
1.40 6.90 405 296
1.50 6.90 408 294
1.60 6.90 410 293
1.70 6.90 412 291
1.80 6.90 415 290
1.90 6.90 418 287
2.00 6.90 421 286
2.10 6.90 423 284
2.20 6.90 425 283
2.30 6.90 427 281
2.40 6.90 429 280
2.50 6.90 431 279
2.60 6.90 433 278
2.70 6.90 435 277
2.80 6.90 438 275
2.90 6.90 440 274
3.00 6.90 443 273
3.10 6.90 446 273
3.20 6.90 447 271
3.30 6.90 450 269
3.40 6.90 452 268
3.50 6.90 453 266
3.60 6.90 455 265
3.70 6.90 456 263
3.80 6.90 0 0
3.90 6.90 0 0
4.00 6.90 0 0
4.10 6.90 0 0
4.20 6.90 0 0
4.30 6.90 0 0
4.40 6.90 0 0
4.50 6.90 0 0
4.60 6.90 0 0
4.70 6.90 0 0
4.80 6.90 0 0
4.90 6.90 0 0
5.00 6.90 0 0
5.10 6.90 0 0
5.20 6.90 0 0
5.30 6.90 494 207
5.40 6.90 496 205
5.50 6.90 497 203
5.60 6.90 499 202
5.70 6.90 501 201
5.80 6.90 504 199
5.90 6.90 505 198
6.00 6.90 507 197
6.10 6.90 507 196
6.20 6.90 508 195
6.30 6.90 0 0
6.40 6.90 0 0
6.50 6.90 0 0
6.60 6.90 0 0
6.70 6.90 0 0
6.80 6.90 0 0
6.90 6.90 0 0
7.00 6.90 0 0
7.10 6.90 0 0
7.20 6.90 0 0
7.30 6.90 0 0
7.40 6.90 0 0
7.50 6.90 0 0
7.60 6.90 0 0
7.70 6.90 0 0
7.80 6.90 0 0
7.90 6.90 0 0
8.00 6.90 0 0
8.10 6.90 0 0
8.20 6.90 0 0
8.30 6.90 0 0
8.40 6.90 0 0
8.50 6.90 0 0
8.60 6.90 0 0
8.70 6.90 0 0
8.80 6.90 0 0
8.90 6.90 0 0
9.00 6.90 0 0
9.10 6.90 0 0
-9.00 7.00 112 405
-8.90 7.00 115 403
-8.80 7.00 119 402
-8.70 7.00 122 400
-8.60 7.00 125 398
-8.50 7.00 128 397
-8.40 7.00 131 394
-8.30 7.00 135 393
-8.20 7.00 138 391
-8.10 7.00 142 389
-8.00 7.00 145 388
-7.90 7.00 149 386
-7.80 7.00 152 384
-7.70 7.00 155 382
-7.60 7.00 158 380
-7.50 7.00 162 378
-7.40 7.00 165 376
-7.30 7.00 168 374
-7.20 7.00 172 372
-7.10 7.00 175 371
-7.00 7.00 178 369
-6.90 7.00 181 366
-6.80 7.00 184 365
-6.70 7.00 188 363
-6.60 7.00 190 361
-6.50 7.00 193 359
-6.40 7.00 196 358
-6.30 7.00 199 356
-6.20 7.00 201 354
-6.10 7.00 204 353
-6.00 7.00 207 351
-5.90 7.00 210 351
-5.80 7.00 213 350
-5.70 7.00 215 349
-5.60 7.00 218 349
-5.50 7.00 219 348
-5.40 7.00 0 0
-5.30 7.00 0 0
-5.20 7.00 0 0
-5.10 7.00 0 0
-5.00 7.00 0 0
-4.90 7.00 0 0
-4.80 7.00 0 0
-4.70 7.00 0 0
-4.60 7.00 0 0
-4.50 7.00 0 0
-4.40 7.00 0 0
-4.30 7.00 0 0
-4.20 7.00 0 0
-4.10 7.00 0 0
-4.00 7.00 0 0
-3.90 7.00 0 0
-3.80 7.00 0 0
-3.70 7.00 0 0
-3.60 7.00 0 0
-3.50 7.00 0 0
-3.40 7.00 0 0
-3.30 7.00 0 0
-3.20 7.00 0 0
-3.10 7.00 0 0
-3.00 7.00 0 0
-2.90 7.00 0 0
-2.80 7.00 0 0
-2.70 7.00 0 0
-2.60 7.00 0 0
-2.50 7.00 0 0
-2.40 7.00 0 0
-2.30 7.00 309 340
-2.20 7.00 312 340
-2.10 7.00 315 340
-2.00 7.00 319 339
-1.90 7.00 321 339
-1.80 7.00 323 338
-1.70 7.00 326 337
-1.60 7.00 328 336
-1.50 7.00 331 336
-1.40 7.00 333 335
-1.30 7.00 336 334
-1.20 7.00 338 333
-1.10 7.00 341 332
-1.00 7.00 344 331
-0.90 7.00 346 330
-0.80 7.00 349 328
-0.70 7.00 351 327
-0.60 7.00 354 326
-0.50 7.00 356 325
-0.40 7.00 359 324
-0.30 7.00 362 322
-0.20 7.00 364 321
-0.10 7.00 367 320
-0.00 7.00 370 318
0.10 7.00 372 317
0.20 7.00 375 315
0.30 7.00 378 314
0.40 7.00 380 313
0.50 7.00 383 311
0.60 7.00 385 310
0.70 7.00 388 309
0.80 7.00 391 307
0.90 7.00 393 306
1.00 7.00 395 304
1.10 7.00 399 302
1.20 7.00 401 300
1.30 7.00 404 299
1.40 7.00 407 297
1.50 7.00 409 295
1.60 7.00 412 293
1.70 7.00 415 292
1.80 7.00 417 290
1.90 7.00 420 288
2.00 7.00 422 287
2.10 7.00 424 285
2.20 7.00 426 284
2.30 7.00 428 283
2.40 7.00 430 281
2.50 7.00 432 281
2.60 7.00 434 279
2.70 7.00 437 278
2.80 7.00 439 277
2.90 7.00 442 276
3.00 7.00 445 275
3.10 7.00 446 273
3.20 7.00 449 272
3.30 7.00 451 270
3.40 7.00 452 269
3.50 7.00 454 267
3.60 7.00 455 265
3.70 7.00 0 0
3.80 7.00 0 0
3.90 7.00 0 0
4.00 7.00 0 0
4.10 7.00 0 0
4.20 7.00 0 0
4.30 7.00 0 0
4.40 7.00 0 0
4.50 7.00 0 0
4.60 7.00 0 0
4.70 7.00 0 0
4.80 7.00 0 0
4.90 7.00 0 0
5.00 7.00 0 0
5.10 7.00 0 0
5.20 7.00 494 209
5.30 7.00 496 207
5.40 7.00 497 206
5.50 7.00 498 204
5.60 7.00 500 203
5.70 7.00 503 201
5.80 7.00 504 200
5.90 7.00 506 199
6.00 7.00 507 198
6.10 7.00 0 0
6.20 7.00 0 0
6.30 7.00 0 0
6.40 7.00 0 0
6.50 7.00 0 0
6.60 7.00 0 0
6.70 7.00 0 0
6.80 7.00 0 0
6.90 7.00 0 0
7.00 7.00 0 0
7.10 7.00 0 0
7.20 7.00 0 0
7.30 7.00 0 0
7.40 7.00 0 0
7.50 7.00 0 0
7.60 7.00 0 0
7.70 7.00 0 0
7.80 7.00 0 0
7.90 7.00 0 0
8.00 7.00 0 0
8.10 7.00 0 0
8.20 7.00 0 0
8.30 7.00 0 0
8.40 7.00 0 0
8.50 7.00 0 0
8.60 7.00 0 0
8.70 7.00 0 0
8.80 7.00 0 0
8.90 7.00 0 0
9.00 7.00 0 0
9.10 7.00 0 0
-9.00 7.10 114 407
-8.90 7.10 116 405
-8.80 7.10 120 403
-8.70 7.10 124 401
-8.60 7.10 126 399
-8.50 7.10 129 397
-8.40 7.10 132 396
-8.30 7.10 136 394
-8.20 7.10 140 392
-8.10 7.10 143 391
-8.00 7.10 147 389
-7.90 7.10 150 387
-7.80 7.10 153 385
-7.70 7.10 157 384
-7.60 7.10 160 382
-7.50 7.10 163 380
-7.40 7.10 166 378
-7.30 7.10 170 376
-7.20 7.10 173 374
-7.10 7.10 176 372
-7.00 7.10 179 370
-6.90 7.10 182 368
-6.80 7.10 186 366
-6.70 7.10 189 364
-6.60 7.10 192 362
-6.50 7.10 195 361
-6.40 7.10 198 359
-6.30 7.10 200 357
-6.20 7.10 203 355
-6.10 7.10 206 354
-6.00 7.10 209 353
-5.90 7.10 212 351
-5.80 7.10 214 351
-5.70 7.10 217 350
-5.60 7.10 219 350
-5.50 7.10 221 349
-5.40 7.10 0 0
-5.30 7.10 0 0
-5.20 7.10 0 0
-5.10 7.10 0 0
-5.00 7.10 0 0
-4.90 7.10 0 0
-4.80 7.10 0 0
-4.70 7.10 0 0
-4.60 7.10 0 0
-4.50 7.10 0 0
-4.40 7.10 0 0
-4.30 7.10 0 0
-4.20 7.10 0 0
-4.10 7.10 0 0
-4.00 7.10 0 0
-3.90 7.10 0 0
-3.80 7.10 0 0
-3.70 7.10 0 0
-3.60 7.10 0 0
-3.50 7.10 0 0
-3.40 7.10 0 0
-3.30 7.10 0 0
-3.20 7.10 0 0
-3.10 7.10 0 0
-3.00 7.10 0 0
-2.90 7.10 0 0
-2.80 7.10 0 0
-2.70 7.10 0 0
-2.60 7.10 0 0
-2.50 7.10 0 0
-2.40 7.10 0 0
-2.30 7.10 0 0
-2.20 7.10 314 341
-2.10 7.10 317 341
-2.00 7.10 320 340
-1.90 7.10 322 340
-1.80 7.10 325 339
-1.70 7.10 327 339
-1.60 7.10 330 338
-1.50 7.10 332 337
-1.40 7.10 335 336
-1.30 7.10 337 335
-1.20 7.10 340 334
-1.10 7.10 342 333
-1.00 7.10 345 332
-0.90 7.10 348 331
-0.80 7.10 350 329
-0.70 7.10 353 328
-0.60 7.10 356 326
-0.50 7.10 358 325
-0.40 7.10 361 324
-0.30 7.10 363 323
-0.20 7.10 366 322
-0.10 7.10 369 320
-0.00 7.10 371 319
0.10 7.10 374 317
0.20 7.10 377 316
0.30 7.10 379 315
0.40 7.10 382 313
0.50 7.10 384 312
0.60 7.10 387 311
0.70 7.10 390 309
0.80 7.10 393 308
0.90 7.10 395 307
1.00 7.10 398 305
1.10 7.10 401 303
1.20 7.10 403 301
1.30 7.10 406 300
1.40 7.10 409 298
1.50 7.10 411 296
1.60 7.10 414 294
1.70 7.10 416 293
1.80 7.10 419 291
1.90 7.10 421 289
2.00 7.10 423 288
2.10 7.10 425 286
2.20 7.10 427 285
2.30 7.10 429 284
2.40 7.10 431 283
2.50 7.10 433 281
2.60 7.10 436 280
2.70 7.10 438 279
2.80 7.10 441 278
2.90 7.10 443 277
3.00 7.10 447 275
3.10 7.10 448 274
3.20 7.10 450 272
3.30 7.10 452 271
3.40 7.10 453 269
3.50 7.10 0 0
3.60 7.10 0 0
3.70 7.10 0 0
3.80 7.10 0 0
3.90 7.10 0 0
4.00 7.10 0 0
4.10 7.10 0 0
4.20 7.10 0 0
4.30 7.10 0 0
4.40 7.10 0 0
4.50 7.10 0 0
4.60 7.10 0 0
4.70 7.10 0 0
4.80 7.10 0 0
4.90 7.10 0 0
5.00 7.10 0 0
5.10 7.10 494 211
5.20 7.10 495 209
5.30 7.10 497 208
5.40 7.10 498 206
5.50 7.10 501 205
5.60 7.10 503 204
5.70 7.10 505 202
5.80 7.10 506 201
5.90 7.10 507 200
6.00 7.10 0 0
6.10 7.10 0 0
6.20 7.10 0 0
6.30 7.10 0 0
6.40 7.10 0 0
6.50 7.10 0 0
6.60 7.10 0 0
6.70 7.10 0 0
6.80 7.10 0 0
6.90 7.10 0 0
7.00 7.10 0 0
7.10 7.10 0 0
7.20 7.10 0 0
7.30 7.10 0 0
7.40 7.10 0 0
7.50 7.10 0 0
7.60 7.10 0 0
7.70 7.10 0 0
7.80 7.10 0 0
7.90 7.10 0 0
8.00 7.10 0 0
8.10 7.10 0 0
8.20 7.10 0 0
8.30 7.10 0 0
8.40 7.10 0 0
8.50 7.10 0 0
8.60 7.10 0 0
8.70 7.10 0 0
8.80 7.10 0 0
8.90 7.10 0 0
9.00 7.10 0 0
9.10 7.10 0 0
-9.00 7.20 115 408
-8.90 7.20 118 407
-8.80 7.20 121 405
-8.70 7.20 124 403
-8.60 7.20 127 401
-8.50 7.20 131 400
-8.40 7.20 134 398
-8.30 7.20 138 396
-8.20 7.20 142 394
-8.10 7.20 145 392
-8.00 7.20 148 390
-7.90 7.20 152 388
-7.80 7.20 155 387
-7.70 7.20 158 385
-7.60 7.20 161 383
-7.50 7.20 165 381
-7.40 7.20 168 379
-7.30 7.20 171 377
-7.20 7.20 174 375
-7.10 7.20 177 373
-7.00 7.20 181 371
-6.90 7.20 184 370
-6.80 7.20 187 368
-6.70 7.20 191 366
-6.60 7.20 193 364
-6.50 7.20 196 362
-6.40 7.20 199 361
-6.30 7.20 202 359
-6.20 7.20 205 357
-6.10 7.20 208 356
-6.00 7.20 211 354
-5.90 7.20 213 353
-5.80 7.20 216 352
-5.70 7.20 218 351
-5.60 7.20 221 350
-5.50 7.20 224 350
-5.40 7.20 0 0
-5.30 7.20 0 0
-5.20 7.20 0 0
-5.10 7.20 0 0
-5.00 7.20 0 0
-4.90 7.20 0 0
-4.80 7.20 0 0
-4.70 7.20 0 0
-4.60 7.20 0 0
-4.50 7.20 0 0
-4.40 7.20 0 0
-4.30 7.20 0 0
-4.20 7.20 0 0
-4.10 7.20 0 0
-4.00 7.20 0 0
-3.90 7.20 0 0
-3.80 7.20 0 0
-3.70 7.20 0 0
-3.60 7.20 0 0
-3.50 7.20 0 0
-3.40 7.20 0 0
-3.30 7.20 0 0
-3.20 7.20 0 0
-3.10 7.20 0 0
-3.00 7.20 0 0
-2.90 7.20 0 0
-2.80 7.20 0 0
-2.70 7.20 0 0
-2.60 7.20 0 0
-2.50 7.20 0 0
-2.40 7.20 0 0
-2.30 7.20 0 0
-2.20 7.20 0 0
-2.10 7.20 318 342
-2.00 7.20 321 341
-1.90 7.20 324 341
-1.80 7.20 327 340
-1.70 7.20 329 340
-1.60 7.20 332 339
-1.50 7.20 334 338
-1.40 7.20 336 337
-1.30 7.20 339 336
-1.20 7.20 342 335
-1.10 7.20 344 334
-1.00 7.20 347 333
-0.90 7.20 349 332
-0.80 7.20 352 330
-0.70 7.20 355 329
-0.60 7.20 358 327
-0.50 7.20 360 326
-0.40 7.20 362 325
-0.30 7.20 365 324
-0.20 7.20 368 322
-0.10 7.20 371 321
-0.00 7.20 373 320
0.10 7.20 376 318
0.20 7.20 378 317
0.30 7.20 380 315
0.40 7.20 384 314
0.50 7.20 386 313
0.60 7.20 389 312
0.70 7.20 392 310
0.80 7.20 395 309
0.90 7.20 397 307
1.00 7.20 400 305
1.10 7.20 402 304
1.20 7.20 405 302
1.30 7.20 408 300
1.40 7.20 411 298
1.50 7.20 413 297
1.60 7.20 415 295
1.70 7.20 418 294
1.80 7.20 420 292
1.90 7.20 422 290
2.00 7.20 424 289
2.10 7.20 426 287
2.20 7.20 428 286
2.30 7.20 430 285
2.40 7.20 432 284
2.50 7.20 435 282
2.60 7.20 437 281
2.70 7.20 440 280
2.80 7.20 443 279
2.90 7.20 445 278
3.00 7.20 448 277
3.10 7.20 449 275
3.20 7.20 450 273
3.30 7.20 452 271
3.40 7.20 0 0
3.50 7.20 0 0
3.60 7.20 0 0
3.70 7.20 0 0
3.80 7.20 0 0
3.90 7.20 0 0
4.00 7.20 0 0
4.10 7.20 0 0
4.20 7.20 0 0
4.30 7.20 0 0
4.40 7.20 0 0
4.50 7.20 0 0
4.60 7.20 0 0
4.70 7.20 0 0
4.80 7.20 0 0
4.90 7.20 0 0
5.00 7.20 0 0
5.10 7.20 495 211
5.20 7.20 496 210
5.30 7.20 498 208
5.40 7.20 500 207
5.50 7.20 502 206
5.60 7.20 504 205
5.70 7.20 505 203
5.80 7.20 507 202
5.90 7.20 508 201
6.00 7.20 0 0
6.10 7.20 0 0
6.20 7.20 0 0
6.30 7.20 0 0
6.40 7.20 0 0
6.50 7.20 0 0
6.60 7.20 0 0
6.70 7.20 0 0
6.80 7.20 0 0
6.90 7.20 0 0
7.00 7.20 0 0
7.10 7.20 0 0
7.20 7.20 0 0
7.30 7.20 0 0
7.40 7.20 0 0
7.50 7.20 0 0
7.60 7.20 0 0
7.70 7.20 0 0
7.80 7.20 0 0
7.90 7.20 0 0
8.00 7.20 0 0
8.10 7.20 0 0
8.20 7.20 0 0
8.30 7.20 0 0
8.40 7.20 0 0
8.50 7.20 0 0
8.60 7.20 0 0
8.70 7.20 0 0
8.80 7.20 0 0
8.90 7.20 0 0
9.00 7.20 0 0
9.10 7.20 0 0
-9.00 7.30 116 409
-8.90 7.30 119 408
-8.80 7.30 123 406
-8.70 7.30 126 405
-8.60 7.30 129 403
-8.50 7.30 133 401
-8.40 7.30 137 399
-8.30 7.30 140 397
-8.20 7.30 144 395
-8.10 7.30 146 394
-8.00 7.30 150 392
-7.90 7.30 153 390
-7.80 7.30 157 388
-7.70 7.30 160 385
-7.60 7.30 163 384
-7.50 7.30 166 383
-7.40 7.30 169 381
-7.30 7.30 172 379
-7.20 7.30 175 377
-7.10 7.30 179 375
-7.00 7.30 182 373
-6.90 7.30 186 371
-6.80 7.30 189 369
-6.70 7.30 192 367
-6.60 7.30 195 366
-6.50 7.30 197 364
-6.40 7.30 200 362
-6.30 7.30 204 361
-6.20 7.30 207 359
-6.10 7.30 209 357
-6.00 7.30 212 355
-5.90 7.30 215 354
-5.80 7.30 218 353
-5.70 7.30 220 352
-5.60 7.30 223 351
-5.50 7.30 227 350
-5.40 7.30 230 350
-5.30 7.30 0 0
-5.20 7.30 0 0
-5.10 7.30 0 0
-5.00 7.30 0 0
-4.90 7.30 0 0
-4.80 7.30 0 0
-4.70 7.30 0 0
-4.60 7.30 0 0
-4.50 7.30 0 0
-4.40 7.30 0 0
-4.30 7.30 0 0
-4.20 7.30 0 0
-4.10 7.30 0 0
-4.00 7.30 0 0
-3.90 7.30 0 0
-3.80 7.30 0 0
-3.70 7.30 0 0
-3.60 7.30 0 0
-3.50 7.30 0 0
-3.40 7.30 0 0
-3.30 7.30 0 0
-3.20 7.30 0 0
-3.10 7.30 0 0
-3.00 7.30 0 0
-2.90 7.30 0 0
-2.80 7.30 0 0
-2.70 7.30 0 0
-2.60 7.30 0 0
-2.50 7.30 0 0
-2.40 7.30 0 0
-2.30 7.30 0 0
-2.20 7.30 0 0
-2.10 7.30 0 0
-2.00 7.30 323 342
-1.90 7.30 326 342
-1.80 7.30 328 341
-1.70 7.30 331 341
-1.60 7.30 333 340
-1.50 7.30 336 339
-1.40 7.30 338 338
-1.30 7.30 341 337
-1.20 7.30 343 336
-1.10 7.30 346 335
-1.00 7.30 348 333
-0.90 7.30 350 333
-0.80 7.30 354 331
-0.70 7.30 356 329
-0.60 7.30 359 328
-0.50 7.30 363 327
-0.40 7.30 365 326
-0.30 7.30 367 324
-0.20 7.30 370 323
-0.10 7.30 372 321
-0.00 7.30 375 320
0.10 7.30 378 319
0.20 7.30 381 317
0.30 7.30 384 316
0.40 7.30 386 315
0.50 7.30 389 313
0.60 7.30 391 312
0.70 7.30 394 311
0.80 7.30 397 309
0.90 7.30 399 308
1.00 7.30 401 306
1.10 7.30 404 304
1.20 7.30 407 303
1.30 7.30 410 301
1.40 7.30 412 299
1.50 7.30 414 298
1.60 7.30 416 296
1.70 7.30 419 295
1.80 7.30 421 293
1.90 7.30 423 291
2.00 7.30 425 290
2.10 7.30 427 289
2.20 7.30 430 287
2.30 7.30 432 286
2.40 7.30 434 285
2.50 7.30 436 284
2.60 7.30 439 283
2.70 7.30 442 282
2.80 7.30 445 280
2.90 7.30 446 279
3.00 7.30 448 277
3.10 7.30 450 275
3.20 7.30 0 0
3.30 7.30 0 0
3.40 7.30 0 0
3.50 7.30 0 0
3.60 7.30 0 0
3.70 7.30 0 0
3.80 7.30 0 0
3.90 7.30 0 0
4.00 7.30 0 0
4.10 7.30 0 0
4.20 7.30 0 0
4.30 7.30 0 0
4.40 7.30 0 0
4.50 7.30 0 0
4.60 7.30 0 0
4.70 7.30 0 0
4.80 7.30 0 0
4.90 7.30 493 215
5.00 7.30 494 214
5.10 7.30 496 212
5.20 7.30 497 210
5.30 7.30 500 209
5.40 7.30 501 208
5.50 7.30 505 206
5.60 7.30 505 206
5.70 7.30 507 204
5.80 7.30 0 0
5.90 7.30 0 0
6.00 7.30 0 0
6.10 7.30 0 0
6.20 7.30 0 0
6.30 7.30 0 0
6.40 7.30 0 0
6.50 7.30 0 0
6.60 7.30 0 0
6.70 7.30 0 0
6.80 7.30 0 0
6.90 7.30 0 0
7.00 7.30 0 0
7.10 7.30 0 0
7.20 7.30 0 0
7.30 7.30 0 0
7.40 7.30 0 0
7.50 7.30 0 0
7.60 7.30 0 0
7.70 7.30 0 0
7.80 7.30 0 0
7.90 7.30 0 0
8.00 7.30 0 0
8.10 7.30 0 0
8.20 7.30 0 0
8.30 7.30 0 0
8.40 7.30 0 0
8.50 7.30 0 0
8.60 7.30 0 0
8.70 7.30 0 0
8.80 7.30 0 0
8.90 7.30 0 0
9.00 7.30 0 0
9.10 7.30 0 0
-9.00 7.40 118 411
-8.90 7.40 121 409
-8.80 7.40 124 408
-8.70 7.40 127 406
-8.60 7.40 131 404
-8.50 7.40 134 403
-8.40 7.40 138 400
-8.30 7.40 141 399
-8.20 7.40 145 397
-8.10 7.40 148 395
-8.00 7.40 151 393
-7.90 7.40 155 391
-7.80 7.40 158 389
-7.70 7.40 161 388
-7.60 7.40 165 385
-7.50 7.40 168 384
-7.40 7.40 171 382
-7.30 7.40 174 380
-7.20 7.40 177 378
-7.10 7.40 180 377
-7.00 7.40 184 375
-6.90 7.40 187 372
-6.80 7.40 190 371
-6.70 7.40 194 369
-6.60 7.40 196 367
-6.50 7.40 199 365
-6.40 7.40 202 364
-6.30 7.40 205 362
-6.20 7.40 208 361
-6.10 7.40 211 359
-6.00 7.40 214 357
-5.90 7.40 217 355
-5.80 7.40 220 354
-5.70 7.40 222 353
-5.60 7.40 225 352
-5.50 7.40 228 351
-5.40 7.40 231 351
-5.30 7.40 235 350
-5.20 7.40 0 0
-5.10 7.40 0 0
-5.00 7.40 0 0
-4.90 7.40 0 0
-4.80 7.40 0 0
-4.70 7.40 0 0
-4.60 7.40 0 0
-4.50 7.40 0 0
-4.40 7.40 0 0
-4.30 7.40 0 0
-4.20 7.40 0 0
-4.10 7.40 0 0
-4.00 7.40 0 0
-3.90 7.40 0 0
-3.80 7.40 0 0
-3.70 7.40 0 0
-3.60 7.40 0 0
-3.50 7.40 0 0
-3.40 7.40 0 0
-3.30 7.40 0 0
-3.20 7.40 0 0
-3.10 7.40 0 0
-3.00 7.40 0 0
-2.90 7.40 0 0
-2.80 7.40 0 0
-2.70 7.40 0 0
-2.60 7.40 0 0
-2.50 7.40 0 0
-2.40 7.40 0 0
-2.30 7.40 0 0
-2.20 7.40 0 0
-2.10 7.40 0 0
-2.00 7.40 0 0
-1.90 7.40 327 342
-1.80 7.40 330 342
-1.70 7.40 332 342
-1.60 7.40 335 341
-1.50 7.40 337 340
-1.40 7.40 340 339
-1.30 7.40 342 338
-1.20 7.40 345 337
-1.10 7.40 347 336
-1.00 7.40 350 334
-0.90 7.40 353 333
-0.80 7.40 355 331
-0.70 7.40 359 330
-0.60 7.40 361 328
-0.50 7.40 364 327
-0.40 7.40 366 326
-0.30 7.40 369 325
-0.20 7.40 372 323
-0.10 7.40 374 322
-0.00 7.40 378 320
0.10 7.40 381 319
0.20 7.40 383 318
0.30 7.40 386 316
0.40 7.40 388 315
0.50 7.40 390 314
0.60 7.40 393 313
0.70 7.40 396 311
0.80 7.40 399 310
0.90 7.40 401 308
1.00 7.40 403 307
1.10 7.40 406 305
1.20 7.40 409 303
1.30 7.40 411 302
1.40 7.40 413 300
1.50 7.40 415 299
1.60 7.40 418 297
1.70 7.40 420 296
1.80 7.40 422 294
1.90 7.40 424 293
2.00 7.40 427 291
2.10 7.40 429 290
2.20 7.40 431 289
2.30 7.40 433 287
2.40 7.40 436 286
2.50 7.40 439 286
2.60 7.40 441 284
2.70 7.40 444 283
2.80 7.40 445 281
2.90 7.40 447 280
3.00 7.40 448 278
3.10 7.40 0 0
3.20 7.40 0 0
3.30 7.40 0 0
3.40 7.40 0 0
3.50 7.40 0 0
3.60 7.40 0 0
3.70 7.40 0 0
3.80 7.40 0 0
3.90 7.40 0 0
4.00 7.40 0 0
4.10 7.40 0 0
4.20 7.40 0 0
4.30 7.40 0 0
4.40 7.40 0 0
4.50 7.40 0 0
4.60 7.40 0 0
4.70 7.40 0 0
4.80 7.40 493 218
4.90 7.40 494 216
5.00 7.40 495 214
5.10 7.40 497 212
5.20 7.40 499 211
5.30 7.40 501 210
5.40 7.40 503 208
5.50 7.40 505 207
5.60 7.40 506 206
5.70 7.40 0 0
5.80 7.40 0 0
5.90 7.40 0 0
6.00 7.40 0 0
6.10 7.40 0 0
6.20 7.40 0 0
6.30 7.40 0 0
6.40 7.40 0 0
6.50 7.40 0 0
6.60 7.40 0 0
6.70 7.40 0 0
6.80 7.40 0 0
6.90 7.40 0 0
7.00 7.40 0 0
7.10 7.40 0 0
7.20 7.40 0 0
7.30 7.40 0 0
7.40 7.40 0 0
7.50 7.40 0 0
7.60 7.40 0 0
7.70 7.40 0 0
7.80 7.40 0 0
7.90 7.40 0 0
8.00 7.40 0 0
8.10 7.40 0 0
8.20 7.40 0 0
8.30 7.40 0 0
8.40 7.40 0 0
8.50 7.40 0 0
8.60 7.40 0 0
8.70 7.40 0 0
8.80 7.40 0 0
8.90 7.40 0 0
9.00 7.40 0 0
9.10 7.40 0 0
-9.00 7.50 119 412
-8.90 7.50 123 411
-8.80 7.50 126 409
-8.70 7.50 129 407
-8.60 7.50 133 405
-8.50 7.50 136 403
-8.40 7.50 140 401
-8.30 7.50 143 400
-8.20 7.50 146 398
-8.10 7.50 149 396
-8.00 7.50 152 395
-7.90 7.50 156 393
-7.80 7.50 159 391
-7.70 7.50 163 388
-7.60 7.50 166 387
-7.50 7.50 169 385
-7.40 7.50 172 383
-7.30 7.50 176 382
-7.20 7.50 179 380
-7.10 7.50 182 378
-7.00 7.50 186 376
-6.90 7.50 189 374
-6.80 7.50 192 372
-6.70 7.50 194 371
-6.60 7.50 197 369
-6.50 7.50 200 367
-6.40 7.50 203 365
-6.30 7.50 207 364
-6.20 7.50 209 362
-6.10 7.50 213 360
-6.00 7.50 215 358
-5.90 7.50 218 357
-5.80 7.50 221 355
-5.70 7.50 224 354
-5.60 7.50 227 353
-5.50 7.50 230 352
-5.40 7.50 233 351
-5.30 7.50 237 350
-5.20 7.50 239 350
-5.10 7.50 0 0
-5.00 7.50 0 0
-4.90 7.50 0 0
-4.80 7.50 0 0
-4.70 7.50 0 0
-4.60 7.50 0 0
-4.50 7.50 0 0
-4.40 7.50 0 0
-4.30 7.50 0 0
-4.20 7.50 0 0
-4.10 7.50 0 0
-4.00 7.50 0 0
-3.90 7.50 0 0
-3.80 7.50 0 0
-3.70 7.50 0 0
-3.60 7.50 0 0
-3.50 7.50 0 0
-3.40 7.50 0 0
-3.30 7.50 0 0
-3.20 7.50 0 0
-3.10 7.50 0 0
-3.00 7.50 0 0
-2.90 7.50 0 0
-2.80 7.50 0 0
-2.70 7.50 0 0
-2.60 7.50 0 0
-2.50 7.50 0 0
-2.40 7.50 0 0
-2.30 7.50 0 0
-2.20 7.50 0 0
-2.10 7.50 0 0
-2.00 7.50 0 0
-1.90 7.50 0 0
-1.80 7.50 331 343
-1.70 7.50 333 342
-1.60 7.50 336 342
-1.50 7.50 339 341
-1.40 7.50 342 340
-1.30 7.50 344 339
-1.20 7.50 347 338
-1.10 7.50 349 336
-1.00 7.50 352 335
-0.90 7.50 355 333
-0.80 7.50 358 331
-0.70 7.50 360 330
-0.60 7.50 363 329
-0.50 7.50 366 327
-0.40 7.50 369 326
-0.30 7.50 371 325
-0.20 7.50 374 323
-0.10 7.50 377 322
-0.00 7.50 380 321
0.10 7.50 383 319
0.20 7.50 385 319
0.30 7.50 388 317
0.40 7.50 390 316
0.50 7.50 393 315
0.60 7.50 395 314
0.70 7.50 398 312
0.80 7.50 401 311
0.90 7.50 403 309
1.00 7.50 405 308
1.10 7.50 408 306
1.20 7.50 410 304
1.30 7.50 413 303
1.40 7.50 415 301
1.50 7.50 416 300
1.60 7.50 419 298
1.70 7.50 421 297
1.80 7.50 424 295
1.90 7.50 425 294
2.00 7.50 428 293
2.10 7.50 430 291
2.20 7.50 433 290
2.30 7.50 435 289
2.40 7.50 439 288
2.50 7.50 441 286
2.60 7.50 442 285
2.70 7.50 444 284
2.80 7.50 446 282
2.90 7.50 0 0
3.00 7.50 0 0
3.10 7.50 0 0
3.20 7.50 0 0
3.30 7.50 0 0
3.40 7.50 0 0
3.50 7.50 0 0
3.60 7.50 0 0
3.70 7.50 0 0
3.80 7.50 0 0
3.90 7.50 0 0
4.00 7.50 0 0
4.10 7.50 0 0
4.20 7.50 0 0
4.30 7.50 0 0
4.40 7.50 0 0
4.50 7.50 0 0
4.60 7.50 0 0
4.70 7.50 0 0
4.80 7.50 493 217
4.90 7.50 494 216
5.00 7.50 496 214
5.10 7.50 498 213
5.20 7.50 500 211
5.30 7.50 502 210
5.40 7.50 505 209
5.50 7.50 506 208
5.60 7.50 0 0
5.70 7.50 0 0
5.80 7.50 0 0
5.90 7.50 0 0
6.00 7.50 0 0
6.10 7.50 0 0
6.20 7.50 0 0
6.30 7.50 0 0
6.40 7.50 0 0
6.50 7.50 0 0
6.60 7.50 0 0
6.70 7.50 0 0
6.80 7.50 0 0
6.90 7.50 0 0
7.00 7.50 0 0
7.10 7.50 0 0
7.20 7.50 0 0
7.30 7.50 0 0
7.40 7.50 0 0
7.50 7.50 0 0
7.60 7.50 0 0
7.70 7.50 0 0
7.80 7.50 0 0
7.90 7.50 0 0
8.00 7.50 0 0
8.10 7.50 0 0
8.20 7.50 0 0
8.30 7.50 0 0
8.40 7.50 0 0
8.50 7.50 0 0
8.60 7.50 0 0
8.70 7.50 0 0
8.80 7.50 0 0
8.90 7.50 0 0
9.00 7.50 0 0
9.10 7.50 0 0
-9.00 7.60 120 414
-8.90 7.60 124 412
-8.80 7.60 127 410
-8.70 7.60 130 408
-8.60 7.60 134 406
-8.50 7.60 137 405
-8.40 7.60 141 403
-8.30 7.60 144 402
-8.20 7.60 148 399
-8.10 7.60 151 398
-8.00 7.60 154 396
-7.90 7.60 158 394
-7.80 7.60 161 392
-7.70 7.60 164 390
-7.60 7.60 168 388
-7.50 7.60 171 386
-7.40 7.60 174 384
-7.30 7.60 177 382
-7.20 7.60 181 381
-7.10 7.60 184 379
-7.00 7.60 187 377
-6.90 7.60 190 375
-6.80 7.60 193 374
-6.70 7.60 196 372
-6.60 7.60 199 370
-6.50 7.60 202 368
-6.40 7.60 205 367
-6.30 7.60 208 365
-6.20 7.60 211 363
-6.10 7.60 214 362
-6.00 7.60 216 360
-5.90 7.60 220 358
-5.80 7.60 223 356
-5.70 7.60 226 355
-5.60 7.60 229 354
-5.50 7.60 232 353
-5.40 7.60 235 352
-5.30 7.60 237 351
-5.20 7.60 240 350
-5.10 7.60 242 350
-5.00 7.60 0 0
-4.90 7.60 0 0
-4.80 7.60 0 0
-4.70 7.60 0 0
-4.60 7.60 0 0
-4.50 7.60 0 0
-4.40 7.60 0 0
-4.30 7.60 0 0
-4.20 7.60 0 0
-4.10 7.60 0 0
-4.00 7.60 0 0
-3.90 7.60 0 0
-3.80 7.60 0 0
-3.70 7.60 0 0
-3.60 7.60 0 0
-3.50 7.60 0 0
-3.40 7.60 0 0
-3.30 7.60 0 0
-3.20 7.60 0 0
-3.10 7.60 0 0
-3.00 7.60 0 0
-2.90 7.60 0 0
-2.80 7.60 0 0
-2.70 7.60 0 0
-2.60 7.60 0 0
-2.50 7.60 0 0
-2.40 7.60 0 0
-2.30 7.60 0 0
-2.20 7.60 0 0
-2.10 7.60 0 0
-2.00 7.60 0 0
-1.90 7.60 0 0
-1.80 7.60 0 0
-1.70 7.60 335 343
-1.60 7.60 338 342
-1.50 7.60 340 342
-1.40 7.60 343 341
-1.30 7.60 346 340
-1.20 7.60 348 339
-1.10 7.60 351 337
-1.00 7.60 354 335
-0.90 7.60 0 0
-0.80 7.60 360 332
-0.70 7.60 0 0
-0.60 7.60 0 0
-0.50 7.60 368 328
-0.40 7.60 0 0
-0.30 7.60 373 325
-0.20 7.60 376 324
-0.10 7.60 380 322
-0.00 7.60 382 321
0.10 7.60 385 320
0.20 7.60 387 319
0.30 7.60 389 318
0.40 7.60 392 317
0.50 7.60 394 316
0.60 7.60 397 315
0.70 7.60 400 314
0.80 7.60 402 312
0.90 7.60 405 310
1.00 7.60 407 309
1.10 7.60 409 307
1.20 7.60 412 305
1.30 7.60 414 304
1.40 7.60 416 303
1.50 7.60 418 301
1.60 7.60 420 299
1.70 7.60 423 298
1.80 7.60 425 297
1.90 7.60 427 295
2.00 7.60 430 294
2.10 7.60 433 293
2.20 7.60 435 292
2.30 7.60 437 290
2.40 7.60 439 289
2.50 7.60 441 287
2.60 7.60 443 286
2.70 7.60 0 0
2.80 7.60 0 0
2.90 7.60 0 0
3.00 7.60 0 0
3.10 7.60 0 0
3.20 7.60 0 0
3.30 7.60 0 0
3.40 7.60 0 0
3.50 7.60 0 0
3.60 7.60 0 0
3.70 7.60 0 0
3.80 7.60 0 0
3.90 7.60 0 0
4.00 7.60 0 0
4.10 7.60 0 0
4.20 7.60 0 0
4.30 7.60 0 0
4.40 7.60 0 0
4.50 7.60 0 0
4.60 7.60 0 0
4.70 7.60 494 219
4.80 7.60 494 218
4.90 7.60 496 217
5.00 7.60 497 215
5.10 7.60 500 213
5.20 7.60 502 212
5.30 7.60 504 211
5.40 7.60 506 210
5.50 7.60 0 0
5.60 7.60 0 0
5.70 7.60 0 0
5.80 7.60 0 0
5.90 7.60 0 0
6.00 7.60 0 0
6.10 7.60 0 0
6.20 7.60 0 0
6.30 7.60 0 0
6.40 7.60 0 0
6.50 7.60 0 0
6.60 7.60 0 0
6.70 7.60 0 0
6.80 7.60 0 0
6.90 7.60 0 0
7.00 7.60 0 0
7.10 7.60 0 0
7.20 7.60 0 0
7.30 7.60 0 0
7.40 7.60 0 0
7.50 7.60 0 0
7.60 7.60 0 0
7.70 7.60 0 0
7.80 7.60 0 0
7.90 7.60 0 0
8.00 7.60 0 0
8.10 7.60 0 0
8.20 7.60 0 0
8.30 7.60 0 0
8.40 7.60 0 0
8.50 7.60 0 0
8.60 7.60 0 0
8.70 7.60 0 0
8.80 7.60 0 0
8.90 7.60 0 0
9.00 7.60 0 0
9.10 7.60 0 0
-9.00 7.70 122 415
-8.90 7.70 125 413
-8.80 7.70 128 411
-8.70 7.70 132 410
-8.60 7.70 136 408
-8.50 7.70 139 406
-8.40 7.70 142 404
-8.30 7.70 146 403
-8.20 7.70 149 401
-8.10 7.70 152 399
-8.00 7.70 155 397
-7.90 7.70 159 395
-7.80 7.70 162 393
-7.70 7.70 166 392
-7.60 7.70 169 390
-7.50 7.70 172 388
-7.40 7.70 175 386
-7.30 7.70 179 384
-7.20 7.70 182 382
-7.10 7.70 185 380
-7.00 7.70 188 378
-6.90 7.70 191 377
-6.80 7.70 194 375
-6.70 7.70 197 373
-6.60 7.70 200 371
-6.50 7.70 203 370
-6.40 7.70 206 368
-6.30 7.70 209 366
-6.20 7.70 212 365
-6.10 7.70 215 363
-6.00 7.70 218 361
-5.90 7.70 221 360
-5.80 7.70 224 358
-5.70 7.70 227 356
-5.60 7.70 231 355
-5.50 7.70 233 353
-5.40 7.70 237 352
-5.30 7.70 239 351
-5.20 7.70 241 351
-5.10 7.70 243 350
-5.00 7.70 245 350
-4.90 7.70 0 0
-4.80 7.70 0 0
-4.70 7.70 0 0
-4.60 7.70 0 0
-4.50 7.70 0 0
-4.40 7.70 0 0
-4.30 7.70 0 0
-4.20 7.70 0 0
-4.10 7.70 0 0
-4.00 7.70 0 0
-3.90 7.70 0 0
-3.80 7.70 0 0
-3.70 7.70 0 0
-3.60 7.70 0 0
-3.50 7.70 0 0
-3.40 7.70 0 0
-3.30 7.70 0 0
-3.20 7.70 0 0
-3.10 7.70 0 0
-3.00 7.70 0 0
-2.90 7.70 0 0
-2.80 7.70 0 0
-2.70 7.70 0 0
-2.60 7.70 0 0
-2.50 7.70 0 0
-2.40 7.70 0 0
-2.30 7.70 0 0
-2.20 7.70 0 0
-2.10 7.70 0 0
-2.00 7.70 0 0
-1.90 7.70 0 0
-1.80 7.70 0 0
-1.70 7.70 0 0
-1.60 7.70 0 0
-1.50 7.70 341 342
-1.40 7.70 345 341
-1.30 7.70 347 341
-1.20 7.70 350 339
-1.10 7.70 353 338
-1.00 7.70 356 336
-0.90 7.70 359 334
-0.80 7.70 0 0
-0.70 7.70 0 0
-0.60 7.70 0 0
-0.50 7.70 371 328
-0.40 7.70 373 327
-0.30 7.70 376 325
-0.20 7.70 379 324
-0.10 7.70 382 323
-0.00 7.70 384 322
0.10 7.70 386 321
0.20 7.70 389 320
0.30 7.70 391 319
0.40 7.70 394 318
0.50 7.70 396 317
0.60 7.70 399 316
0.70 7.70 401 315
0.80 7.70 403 313
0.90 7.70 406 311
1.00 7.70 408 310
1.10 7.70 410 308
1.20 7.70 413 306
1.30 7.70 415 305
1.40 7.70 417 304
1.50 7.70 420 302
1.60 7.70 422 301
1.70 7.70 424 299
1.80 7.70 426 298
1.90 7.70 429 297
2.00 7.70 432 295
2.10 7.70 434 294
2.20 7.70 437 292
2.30 7.70 438 291
2.40 7.70 440 290
2.50 7.70 0 0
2.60 7.70 0 0
2.70 7.70 0 0
2.80 7.70 0 0
2.90 7.70 0 0
3.00 7.70 0 0
3.10 7.70 0 0
3.20 7.70 0 0
3.30 7.70 0 0
3.40 7.70 0 0
3.50 7.70 0 0
3.60 7.70 0 0
3.70 7.70 0 0
3.80 7.70 0 0
3.90 7.70 0 0
4.00 7.70 0 0
4.10 7.70 0 0
4.20 7.70 0 0
4.30 7.70 0 0
4.40 7.70 0 0
4.50 7.70 0 0
4.60 7.70 0 0
4.70 7.70 494 219
4.80 7.70 496 218
4.90 7.70 497 217
5.00 7.70 499 215
5.10 7.70 501 214
5.20 7.70 504 213
5.30 7.70 506 212
5.40 7.70 507 211
5.50 7.70 0 0
5.60 7.70 0 0
5.70 7.70 0 0
5.80 7.70 0 0
5.90 7.70 0 0
6.00 7.70 0 0
6.10 7.70 0 0
6.20 7.70 0 0
6.30 7.70 0 0
6.40 7.70 0 0
6.50 7.70 0 0
6.60 7.70 0 0
6.70 7.70 0 0
6.80 7.70 0 0
6.90 7.70 0 0
7.00 7.70 0 0
7.10 7.70 0 0
7.20 7.70 0 0
7.30 7.70 0 0
7.40 7.70 0 0
7.50 7.70 0 0
7.60 7.70 0 0
7.70 7.70 0 0
7.80 7.70 0 0
7.90 7.70 0 0
8.00 7.70 0 0
8.10 7.70 0 0
8.20 7.70 0 0
8.30 7.70 0 0
8.40 7.70 0 0
8.50 7.70 0 0
8.60 7.70 0 0
8.70 7.70 0 0
8.80 7.70 0 0
8.90 7.70 0 0
9.00 7.70 0 0
9.10 7.70 0 0
-9.00 7.80 123 416
-8.90 7.80 127 414
-8.80 7.80 130 412
-8.70 7.80 133 411
-8.60 7.80 137 409
-8.50 7.80 140 407
-8.40 7.80 144 406
-8.30 7.80 147 404
-8.20 7.80 151 402
-8.10 7.80 154 400
-8.00 7.80 157 398
-7.90 7.80 161 396
-7.80 7.80 164 395
-7.70 7.80 167 393
-7.60 7.80 171 391
-7.50 7.80 174 389
-7.40 7.80 177 387
-7.30 7.80 180 385
-7.20 7.80 184 383
-7.10 7.80 187 382
-7.00 7.80 189 380
-6.90 7.80 193 378
-6.80 7.80 196 376
-6.70 7.80 199 374
-6.60 7.80 202 372
-6.50 7.80 205 371
-6.40 7.80 208 369
-6.30 7.80 211 368
-6.20 7.80 214 366
-6.10 7.80 217 364
-6.00 7.80 220 363
-5.90 7.80 223 361
-5.80 7.80 226 359
-5.70 7.80 229 358
-5.60 7.80 232 356
-5.50 7.80 235 354
-5.40 7.80 238 353
-5.30 7.80 240 352
-5.20 7.80 243 351
-5.10 7.80 245 351
-5.00 7.80 248 350
-4.90 7.80 250 350
-4.80 7.80 0 0
-4.70 7.80 0 0
-4.60 7.80 0 0
-4.50 7.80 0 0
-4.40 7.80 0 0
-4.30 7.80 0 0
-4.20 7.80 0 0
-4.10 7.80 0 0
-4.00 7.80 0 0
-3.90 7.80 0 0
-3.80 7.80 0 0
-3.70 7.80 0 0
-3.60 7.80 0 0
-3.50 7.80 0 0
-3.40 7.80 0 0
-3.30 7.80 0 0
-3.20 7.80 0 0
-3.10 7.80 0 0
-3.00 7.80 0 0
-2.90 7.80 0 0
-2.80 7.80 0 0
-2.70 7.80 0 0
-2.60 7.80 0 0
-2.50 7.80 0 0
-2.40 7.80 0 0
-2.30 7.80 0 0
-2.20 7.80 0 0
-2.10 7.80 0 0
-2.00 7.80 0 0
-1.90 7.80 0 0
-1.80 7.80 0 0
-1.70 7.80 0 0
-1.60 7.80 0 0
-1.50 7.80 0 0
-1.40 7.80 345 342
-1.30 7.80 349 341
-1.20 7.80 352 340
-1.10 7.80 355 338
-1.00 7.80 358 337
-0.90 7.80 361 335
-0.80 7.80 0 0
-0.70 7.80 0 0
-0.60 7.80 370 330
-0.50 7.80 372 328
-0.40 7.80 375 327
-0.30 7.80 377 326
-0.20 7.80 380 325
-0.10 7.80 383 324
-0.00 7.80 386 323
0.10 7.80 388 322
0.20 7.80 391 321
0.30 7.80 393 320
0.40 7.80 395 319
0.50 7.80 397 318
0.60 7.80 400 317
0.70 7.80 402 315
0.80 7.80 404 314
0.90 7.80 408 312
1.00 7.80 410 311
1.10 7.80 412 309
1.20 7.80 414 308
1.30 7.80 416 306
1.40 7.80 419 304
1.50 7.80 421 303
1.60 7.80 424 302
1.70 7.80 426 301
1.80 7.80 429 299
1.90 7.80 431 298
2.00 7.80 433 296
2.10 7.80 435 295
2.20 7.80 436 293
2.30 7.80 0 0
2.40 7.80 0 0
2.50 7.80 0 0
2.60 7.80 0 0
2.70 7.80 0 0
2.80 7.80 0 0
2.90 7.80 0 0
3.00 7.80 0 0
3.10 7.80 0 0
3.20 7.80 0 0
3.30 7.80 0 0
3.40 7.80 0 0
3.50 7.80 0 0
3.60 7.80 0 0
3.70 7.80 0 0
3.80 7.80 0 0
3.90 7.80 0 0
4.00 7.80 0 0
4.10 7.80 0 0
4.20 7.80 0 0
4.30 7.80 0 0
4.40 7.80 0 0
4.50 7.80 0 0
4.60 7.80 0 0
4.70 7.80 496 219
4.80 7.80 497 218
4.90 7.80 499 217
5.00 7.80 501 216
5.10 7.80 503 214
5.20 7.80 505 213
5.30 7.80 507 212
5.40 7.80 0 0
5.50 7.80 0 0
5.60 7.80 0 0
5.70 7.80 0 0
5.80 7.80 0 0
5.90 7.80 0 0
6.00 7.80 0 0
6.10 7.80 0 0
6.20 7.80 0 0
6.30 7.80 0 0
6.40 7.80 0 0
6.50 7.80 0 0
6.60 7.80 0 0
6.70 7.80 0 0
6.80 7.80 0 0
6.90 7.80 0 0
7.00 7.80 0 0
7.10 7.80 0 0
7.20 7.80 0 0
7.30 7.80 0 0
7.40 7.80 0 0
7.50 7.80 0 0
7.60 7.80 0 0
7.70 7.80 0 0
7.80 7.80 0 0
7.90 7.80 0 0
8.00 7.80 0 0
8.10 7.80 0 0
8.20 7.80 0 0
8.30 7.80 0 0
8.40 7.80 0 0
8.50 7.80 0 0
8.60 7.80 0 0
8.70 7.80 0 0
8.80 7.80 0 0
8.90 7.80 0 0
9.00 7.80 0 0
9.10 7.80 0 0
-9.00 7.90 125 418
-8.90 7.90 128 416
-8.80 7.90 132 414
-8.70 7.90 135 412
-8.60 7.90 139 410
-8.50 7.90 142 409
-8.40 7.90 145 407
-8.30 7.90 148 405
-8.20 7.90 152 403
-8.10 7.90 156 401
-8.00 7.90 159 399
-7.90 7.90 162 398
-7.80 7.90 165 396
-7.70 7.90 169 394
-7.60 7.90 172 392
-7.50 7.90 175 390
-7.40 7.90 178 388
-7.30 7.90 182 386
-7.20 7.90 185 385
-7.10 7.90 188 383
-7.00 7.90 191 381
-6.90 7.90 194 379
-6.80 7.90 197 377
-6.70 7.90 200 376
-6.60 7.90 204 374
-6.50 7.90 206 372
-6.40 7.90 210 370
-6.30 7.90 213 369
-6.20 7.90 216 367
-6.10 7.90 218 365
-6.00 7.90 222 364
-5.90 7.90 225 362
-5.80 7.90 227 360
-5.70 7.90 231 358
-5.60 7.90 234 356
-5.50 7.90 237 355
-5.40 7.90 239 354
-5.30 7.90 242 353
-5.20 7.90 244 352
-5.10 7.90 246 351
-5.00 7.90 249 351
-4.90 7.90 253 350
-4.80 7.90 256 349
-4.70 7.90 0 0
-4.60 7.90 0 0
-4.50 7.90 0 0
-4.40 7.90 0 0
-4.30 7.90 0 0
-4.20 7.90 0 0
-4.10 7.90 0 0
-4.00 7.90 0 0
-3.90 7.90 0 0
-3.80 7.90 0 0
-3.70 7.90 0 0
-3.60 7.90 0 0
-3.50 7.90 0 0
-3.40 7.90 0 0
-3.30 7.90 0 0
-3.20 7.90 0 0
-3.10 7.90 0 0
-3.00 7.90 0 0
-2.90 7.90 0 0
-2.80 7.90 0 0
-2.70 7.90 0 0
-2.60 7.90 0 0
-2.50 7.90 0 0
-2.40 7.90 0 0
-2.30 7.90 0 0
-2.20 7.90 0 0
-2.10 7.90 0 0
-2.00 7.90 0 0
-1.90 7.90 0 0
-1.80 7.90 0 0
-1.70 7.90 0 0
-1.60 7.90 0 0
-1.50 7.90 0 0
-1.40 7.90 0 0
-1.30 7.90 0 0
-1.20 7.90 0 0
-1.10 7.90 356 339
-1.00 7.90 359 337
-0.90 7.90 0 0
-0.80 7.90 0 0
-0.70 7.90 369 331
-0.60 7.90 0 0
-0.50 7.90 374 329
-0.40 7.90 376 328
-0.30 7.90 379 326
-0.20 7.90 382 326
-0.10 7.90 384 325
-0.00 7.90 386 324
0.10 7.90 389 323
0.20 7.90 392 322
0.30 7.90 394 321
0.40 7.90 396 320
0.50 7.90 399 319
0.60 7.90 401 317
0.70 7.90 404 316
0.80 7.90 406 315
0.90 7.90 408 313
1.00 7.90 411 312
1.10 7.90 413 310
1.20 7.90 415 309
1.30 7.90 418 307
1.40 7.90 420 306
1.50 7.90 423 304
1.60 7.90 425 303
1.70 7.90 427 302
1.80 7.90 429 300
1.90 7.90 0 0
2.00 7.90 0 0
2.10 7.90 0 0
2.20 7.90 0 0
2.30 7.90 0 0
2.40 7.90 0 0
2.50 7.90 0 0
2.60 7.90 0 0
2.70 7.90 0 0
2.80 7.90 0 0
2.90 7.90 0 0
3.00 7.90 0 0
3.10 7.90 0 0
3.20 7.90 0 0
3.30 7.90 0 0
3.40 7.90 0 0
3.50 7.90 0 0
3.60 7.90 0 0
3.70 7.90 0 0
3.80 7.90 0 0
3.90 7.90 0 0
4.00 7.90 0 0
4.10 7.90 0 0
4.20 7.90 0 0
4.30 7.90 0 0
4.40 7.90 0 0
4.50 7.90 0 0
4.60 7.90 496 221
4.70 7.90 498 220
4.80 7.90 498 219
4.90 7.90 501 218
5.00 7.90 503 216
5.10 7.90 505 215
5.20 7.90 506 214
5.30 7.90 0 0
5.40 7.90 0 0
5.50 7.90 0 0
5.60 7.90 0 0
5.70 7.90 0 0
5.80 7.90 0 0
5.90 7.90 0 0
6.00 7.90 0 0
6.10 7.90 0 0
6.20 7.90 0 0
6.30 7.90 0 0
6.40 7.90 0 0
6.50 7.90 0 0
6.60 7.90 0 0
6.70 7.90 0 0
6.80 7.90 0 0
6.90 7.90 0 0
7.00 7.90 0 0
7.10 7.90 0 0
7.20 7.90 0 0
7.30 7.90 0 0
7.40 7.90 0 0
7.50 7.90 0 0
7.60 7.90 0 0
7.70 7.90 0 0
7.80 7.90 0 0
7.90 7.90 0 0
8.00 7.90 0 0
8.10 7.90 0 0
8.20 7.90 0 0
8.30 7.90 0 0
8.40 7.90 0 0
8.50 7.90 0 0
8.60 7.90 0 0
8.70 7.90 0 0
8.80 7.90 0 0
8.90 7.90 0 0
9.00 7.90 0 0
9.10 7.90 0 0
-9.00 8.00 127 419
-8.90 8.00 130 417
-8.80 8.00 134 415
-8.70 8.00 137 413
-8.60 8.00 141 411
-8.50 8.00 144 410
-8.40 8.00 147 408
-8.30 8.00 150 406
-8.20 8.00 154 404
-8.10 8.00 157 402
-8.00 8.00 161 400
-7.90 8.00 164 399
-7.80 8.00 167 397
-7.70 8.00 171 395
-7.60 8.00 174 393
-7.50 8.00 177 392
-7.40 8.00 180 389
-7.30 8.00 183 387
-7.20 8.00 186 386
-7.10 8.00 190 384
-7.00 8.00 193 382
-6.90 8.00 195 381
-6.80 8.00 199 379
-6.70 8.00 202 377
-6.60 8.00 205 375
-6.50 8.00 208 373
-6.40 8.00 211 371
-6.30 8.00 214 370
-6.20 8.00 217 368
-6.10 8.00 220 367
-6.00 8.00 223 365
-5.90 8.00 226 363
-5.80 8.00 229 362
-5.70 8.00 232 360
-5.60 8.00 236 357
-5.50 8.00 239 356
-5.40 8.00 241 355
-5.30 8.00 243 354
-5.20 8.00 246 353
-5.10 8.00 248 352
-5.00 8.00 251 351
-4.90 8.00 255 350
-4.80 8.00 258 349
-4.70 8.00 0 0
-4.60 8.00 0 0
-4.50 8.00 0 0
-4.40 8.00 0 0
-4.30 8.00 0 0
-4.20 8.00 0 0
-4.10 8.00 0 0
-4.00 8.00 0 0
-3.90 8.00 0 0
-3.80 8.00 0 0
-3.70 8.00 0 0
-3.60 8.00 0 0
-3.50 8.00 0 0
-3.40 8.00 0 0
-3.30 8.00 0 0
-3.20 8.00 0 0
-3.10 8.00 0 0
-3.00 8.00 0 0
-2.90 8.00 0 0
-2.80 8.00 0 0
-2.70 8.00 0 0
-2.60 8.00 0 0
-2.50 8.00 0 0
-2.40 8.00 0 0
-2.30 8.00 0 0
-2.20 8.00 0 0
-2.10 8.00 0 0
-2.00 8.00 0 0
-1.90 8.00 0 0
-1.80 8.00 0 0
-1.70 8.00 0 0
-1.60 8.00 0 0
-1.50 8.00 0 0
-1.40 8.00 0 0
-1.30 8.00 0 0
-1.20 8.00 0 0
-1.10 8.00 0 0
-1.00 8.00 0 0
-0.90 8.00 0 0
-0.80 8.00 0 0
-0.70 8.00 0 0
-0.60 8.00 0 0
-0.50 8.00 0 0
-0.40 8.00 378 328
-0.30 8.00 381 327
-0.20 8.00 383 327
-0.10 8.00 385 326
-0.00 8.00 387 325
0.10 8.00 390 324
0.20 8.00 392 323
0.30 8.00 395 322
0.40 8.00 397 321
0.50 8.00 400 319
0.60 8.00 403 318
0.70 8.00 405 317
0.80 8.00 407 316
0.90 8.00 410 314
1.00 8.00 412 312
1.10 8.00 415 310
1.20 8.00 417 309
1.30 8.00 419 308
1.40 8.00 420 307
1.50 8.00 423 305
1.60 8.00 425 303
1.70 8.00 0 0
1.80 8.00 0 0
1.90 8.00 0 0
2.00 8.00 0 0
2.10 8.00 0 0
2.20 8.00 0 0
2.30 8.00 0 0
2.40 8.00 0 0
2.50 8.00 0 0
2.60 8.00 0 0
2.70 8.00 0 0
2.80 8.00 0 0
2.90 8.00 0 0
3.00 8.00 0 0
3.10 8.00 0 0
3.20 8.00 0 0
3.30 8.00 0 0
3.40 8.00 0 0
3.50 8.00 0 0
3.60 8.00 0 0
3.70 8.00 0 0
3.80 8.00 0 0
3.90 8.00 0 0
4.00 8.00 0 0
4.10 8.00 0 0
4.20 8.00 0 0
4.30 8.00 0 0
4.40 8.00 0 0
4.50 8.00 495 223
4.60 8.00 497 222
4.70 8.00 498 221
4.80 8.00 500 219
4.90 8.00 502 218
5.00 8.00 505 217
5.10 8.00 505 216
5.20 8.00 0 0
5.30 8.00 0 0
5.40 8.00 0 0
5.50 8.00 0 0
5.60 8.00 0 0
5.70 8.00 0 0
5.80 8.00 0 0
5.90 8.00 0 0
6.00 8.00 0 0
6.10 8.00 0 0
6.20 8.00 0 0
6.30 8.00 0 0
6.40 8.00 0 0
6.50 8.00 0 0
6.60 8.00 0 0
6.70 8.00 0 0
6.80 8.00 0 0
6.90 8.00 0 0
7.00 8.00 0 0
7.10 8.00 0 0
7.20 8.00 0 0
7.30 8.00 0 0
7.40 8.00 0 0
7.50 8.00 0 0
7.60 8.00 0 0
7.70 8.00 0 0
7.80 8.00 0 0
7.90 8.00 0 0
8.00 8.00 0 0
8.10 8.00 0 0
8.20 8.00 0 0
8.30 8.00 0 0
8.40 8.00 0 0
8.50 8.00 0 0
8.60 8.00 0 0
8.70 8.00 0 0
8.80 8.00 0 0
8.90 8.00 0 0
9.00 8.00 0 0
9.10 8.00 0 0
-9.00 8.10 129 420
-8.90 8.10 132 418
-8.80 8.10 135 417
-8.70 8.10 139 414
-8.60 8.10 142 413
-8.50 8.10 145 411
-8.40 8.10 148 409
-8.30 8.10 152 407
-8.20 8.10 155 406
-8.10 8.10 159 404
-8.00 8.10 162 402
-7.90 8.10 165 400
-7.80 8.10 169 398
-7.70 8.10 171 397
-7.60 8.10 175 394
-7.50 8.10 178 393
-7.40 8.10 182 391
-7.30 8.10 185 389
-7.20 8.10 188 387
-7.10 8.10 192 385
-7.00 8.10 194 384
-6.90 8.10 197 382
-6.80 8.10 200 380
-6.70 8.10 204 378
-6.60 8.10 206 376
-6.50 8.10 210 375
-6.40 8.10 213 373
-6.30 8.10 215 371
-6.20 8.10 219 369
-6.10 8.10 222 368
-6.00 8.10 225 366
-5.90 8.10 228 364
-5.80 8.10 231 363
-5.70 8.10 234 361
-5.60 8.10 237 359
-5.50 8.10 240 357
-5.40 8.10 243 356
-5.30 8.10 245 354
-5.20 8.10 248 353
-5.10 8.10 251 352
-5.00 8.10 254 352
-4.90 8.10 257 351
-4.80 8.10 260 350
-4.70 8.10 263 349
-4.60 8.10 0 0
-4.50 8.10 0 0
-4.40 8.10 0 0
-4.30 8.10 0 0
-4.20 8.10 0 0
-4.10 8.10 0 0
-4.00 8.10 0 0
-3.90 8.10 0 0
-3.80 8.10 0 0
-3.70 8.10 0 0
-3.60 8.10 0 0
-3.50 8.10 0 0
-3.40 8.10 0 0
-3.30 8.10 0 0
-3.20 8.10 0 0
-3.10 8.10 0 0
-3.00 8.10 0 0
-2.90 8.10 0 0
-2.80 8.10 0 0
-2.70 8.10 0 0
-2.60 8.10 0 0
-2.50 8.10 0 0
-2.40 8.10 0 0
-2.30 8.10 0 0
-2.20 8.10 0 0
-2.10 8.10 0 0
-2.00 8.10 0 0
-1.90 8.10 0 0
-1.80 8.10 0 0
-1.70 8.10 0 0
-1.60 8.10 0 0
-1.50 8.10 0 0
-1.40 8.10 0 0
-1.30 8.10 0 0
-1.20 8.10 0 0
-1.10 8.10 0 0
-1.00 8.10 0 0
-0.90 8.10 0 0
-0.80 8.10 0 0
-0.70 8.10 0 0
-0.60 8.10 0 0
-0.50 8.10 0 0
-0.40 8.10 0 0
-0.30 8.10 0 0
-0.20 8.10 383 327
-0.10 8.10 386 327
-0.00 8.10 388 326
0.10 8.10 391 325
0.20 8.10 393 324
0.30 8.10 396 322
0.40 8.10 398 321
0.50 8.10 401 320
0.60 8.10 403 319
0.70 8.10 406 317
0.80 8.10 408 316
0.90 8.10 410 314
1.00 8.10 413 313
1.10 8.10 415 311
1.20 8.10 0 0
1.30 8.10 0 0
1.40 8.10 0 0
1.50 8.10 0 0
1.60 8.10 0 0
1.70 8.10 0 0
1.80 8.10 0 0
1.90 8.10 0 0
2.00 8.10 0 0
2.10 8.10 0 0
2.20 8.10 0 0
2.30 8.10 0 0
2.40 8.10 0 0
2.50 8.10 0 0
2.60 8.10 0 0
2.70 8.10 0 0
2.80 8.10 0 0
2.90 8.10 0 0
3.00 8.10 0 0
3.10 8.10 0 0
3.20 8.10 0 0
3.30 8.10 0 0
3.40 8.10 0 0
3.50 8.10 0 0
3.60 8.10 0 0
3.70 8.10 0 0
3.80 8.10 0 0
3.90 8.10 0 0
4.00 8.10 0 0
4.10 8.10 0 0
4.20 8.10 0 0
4.30 8.10 0 0
4.40 8.10 0 0
4.50 8.10 497 223
4.60 8.10 498 222
4.70 8.10 500 221
4.80 8.10 502 220
4.90 8.10 504 219
5.00 8.10 506 218
5.10 8.10 507 217
5.20 8.10 0 0
5.30 8.10 0 0
5.40 8.10 0 0
5.50 8.10 0 0
5.60 8.10 0 0
5.70 8.10 0 0
5.80 8.10 0 0
5.90 8.10 0 0
6.00 8.10 0 0
6.10 8.10 0 0
6.20 8.10 0 0
6.30 8.10 0 0
6.40 8.10 0 0
6.50 8.10 0 0
6.60 8.10 0 0
6.70 8.10 0 0
6.80 8.10 0 0
6.90 8.10 0 0
7.00 8.10 0 0
7.10 8.10 0 0
7.20 8.10 0 0
7.30 8.10 0 0
7.40 8.10 0 0
7.50 8.10 0 0
7.60 8.10 0 0
7.70 8.10 0 0
7.80 8.10 0 0
7.90 8.10 0 0
8.00 8.10 0 0
8.10 8.10 0 0
8.20 8.10 0 0
8.30 8.10 0 0
8.40 8.10 0 0
8.50 8.10 0 0
8.60 8.10 0 0
8.70 8.10 0 0
8.80 8.10 0 0
8.90 8.10 0 0
9.00 8.10 0 0
9.10 8.10 0 0
-9.00 8.20 129 422
-8.90 8.20 133 420
-8.80 8.20 137 418
-8.70 8.20 140 416
-8.60 8.20 143 414
-8.50 8.20 147 412
-8.40 8.20 150 410
-8.30 8.20 153 409
-8.20 8.20 157 407
-8.10 8.20 160 405
-8.00 8.20 164 403
-7.90 8.20 167 401
-7.80 8.20 171 399
-7.70 8.20 173 398
-7.60 8.20 177 396
-7.50 8.20 180 394
-7.40 8.20 184 392
-7.30 8.20 187 390
-7.20 8.20 190 388
-7.10 8.20 193 387
-7.00 8.20 196 385
-6.90 8.20 199 383
-6.80 8.20 202 381
-6.70 8.20 205 380
-6.60 8.20 208 378
-6.50 8.20 212 376
-6.40 8.20 215 374
-6.30 8.20 218 372
-6.20 8.20 220 371
-6.10 8.20 223 369
-6.00 8.20 226 368
-5.90 8.20 229 366
-5.80 8.20 233 364
-5.70 8.20 235 363
-5.60 8.20 239 361
-5.50 8.20 242 359
-5.40 8.20 244 357
-5.30 8.20 246 356
-5.20 8.20 249 354
-5.10 8.20 253 353
-5.00 8.20 256 352
-4.90 8.20 258 351
-4.80 8.20 261 351
-4.70 8.20 264 350
-4.60 8.20 266 349
-4.50 8.20 269 348
-4.40 8.20 0 0
-4.30 8.20 0 0
-4.20 8.20 0 0
-4.10 8.20 0 0
-4.00 8.20 0 0
-3.90 8.20 0 0
-3.80 8.20 0 0
-3.70 8.20 0 0
-3.60 8.20 0 0
-3.50 8.20 0 0
-3.40 8.20 0 0
-3.30 8.20 0 0
-3.20 8.20 0 0
-3.10 8.20 0 0
-3.00 8.20 0 0
-2.90 8.20 0 0
-2.80 8.20 0 0
-2.70 8.20 0 0
-2.60 8.20 0 0
-2.50 8.20 0 0
-2.40 8.20 0 0
-2.30 8.20 0 0
-2.20 8.20 0 0
-2.10 8.20 0 0
-2.00 8.20 0 0
-1.90 8.20 0 0
-1.80 8.20 0 0
-1.70 8.20 0 0
-1.60 8.20 0 0
-1.50 8.20 0 0
-1.40 8.20 0 0
-1.30 8.20 0 0
-1.20 8.20 0 0
-1.10 8.20 0 0
-1.00 8.20 0 0
-0.90 8.20 0 0
-0.80 8.20 0 0
-0.70 8.20 0 0
-0.60 8.20 0 0
-0.50 8.20 0 0
-0.40 8.20 0 0
-0.30 8.20 0 0
-0.20 8.20 0 0
-0.10 8.20 0 0
-0.00 8.20 0 0
0.10 8.20 0 0
0.20 8.20 0 0
0.30 8.20 0 0
0.40 8.20 0 0
0.50 8.20 0 0
0.60 8.20 0 0
0.70 8.20 0 0
0.80 8.20 0 0
0.90 8.20 0 0
1.00 8.20 0 0
1.10 8.20 0 0
1.20 8.20 0 0
1.30 8.20 0 0
1.40 8.20 0 0
1.50 8.20 0 0
1.60 8.20 0 0
1.70 8.20 0 0
1.80 8.20 0 0
1.90 8.20 0 0
2.00 8.20 0 0
2.10 8.20 0 0
2.20 8.20 0 0
2.30 8.20 0 0
2.40 8.20 0 0
2.50 8.20 0 0
2.60 8.20 0 0
2.70 8.20 0 0
2.80 8.20 0 0
2.90 8.20 0 0
3.00 8.20 0 0
3.10 8.20 0 0
3.20 8.20 0 0
3.30 8.20 0 0
3.40 8.20 0 0
3.50 8.20 0 0
3.60 8.20 0 0
3.70 8.20 0 0
3.80 8.20 0 0
3.90 8.20 0 0
4.00 8.20 0 0
4.10 8.20 0 0
4.20 8.20 0 0
4.30 8.20 494 227
4.40 8.20 495 225
4.50 8.20 498 224
4.60 8.20 500 223
4.70 8.20 502 222
4.80 8.20 504 220
4.90 8.20 505 219
5.00 8.20 506 218
5.10 8.20 0 0
5.20 8.20 0 0
5.30 8.20 0 0
5.40 8.20 0 0
5.50 8.20 0 0
5.60 8.20 0 0
5.70 8.20 0 0
5.80 8.20 0 0
5.90 8.20 0 0
6.00 8.20 0 0
6.10 8.20 0 0
6.20 8.20 0 0
6.30 8.20 0 0
6.40 8.20 0 0
6.50 8.20 0 0
6.60 8.20 0 0
6.70 8.20 0 0
6.80 8.20 0 0
6.90 8.20 0 0
7.00 8.20 0 0
7.10 8.20 0 0
7.20 8.20 0 0
7.30 8.20 0 0
7.40 8.20 0 0
7.50 8.20 0 0
7.60 8.20 0 0
7.70 8.20 0 0
7.80 8.20 0 0
7.90 8.20 0 0
8.00 8.20 0 0
8.10 8.20 0 0
8.20 8.20 0 0
8.30 8.20 0 0
8.40 8.20 0 0
8.50 8.20 0 0
8.60 8.20 0 0
8.70 8.20 0 0
8.80 8.20 0 0
8.90 8.20 0 0
9.00 8.20 0 0
9.10 8.20 0 0
-9.00 8.30 131 423
-8.90 8.30 135 421
-8.80 8.30 139 419
-8.70 8.30 142 417
-8.60 8.30 145 416
-8.50 8.30 149 414
-8.40 8.30 152 412
-8.30 8.30 156 409
-8.20 8.30 159 408
-8.10 8.30 162 406
-8.00 8.30 166 404
-7.90 8.30 169 403
-7.80 8.30 172 401
-7.70 8.30 175 399
-7.60 8.30 179 397
-7.50 8.30 182 395
-7.40 8.30 186 393
-7.30 8.30 189 392
-7.20 8.30 192 390
-7.10 8.30 195 388
-7.00 8.30 198 386
-6.90 8.30 201 385
-6.80 8.30 204 383
-6.70 8.30 207 381
-6.60 8.30 210 379
-6.50 8.30 213 377
-6.40 8.30 216 376
-6.30 8.30 219 374
-6.20 8.30 222 372
-6.10 8.30 225 371
-6.00 8.30 229 369
-5.90 8.30 231 367
-5.80 8.30 235 366
-5.70 8.30 238 364
-5.60 8.30 240 363
-5.50 8.30 243 361
-5.40 8.30 246 359
-5.30 8.30 249 357
-5.20 8.30 252 356
-5.10 8.30 255 354
-5.00 8.30 258 353
-4.90 8.30 261 352
-4.80 8.30 263 351
-4.70 8.30 265 351
-4.60 8.30 269 349
-4.50 8.30 272 349
-4.40 8.30 0 0
-4.30 8.30 0 0
-4.20 8.30 0 0
-4.10 8.30 0 0
-4.00 8.30 0 0
-3.90 8.30 0 0
-3.80 8.30 0 0
-3.70 8.30 0 0
-3.60 8.30 0 0
-3.50 8.30 0 0
-3.40 8.30 0 0
-3.30 8.30 0 0
-3.20 8.30 0 0
-3.10 8.30 0 0
-3.00 8.30 0 0
-2.90 8.30 0 0
-2.80 8.30 0 0
-2.70 8.30 0 0
-2.60 8.30 0 0
-2.50 8.30 0 0
-2.40 8.30 0 0
-2.30 8.30 0 0
-2.20 8.30 0 0
-2.10 8.30 0 0
-2.00 8.30 0 0
-1.90 8.30 0 0
-1.80 8.30 0 0
-1.70 8.30 0 0
-1.60 8.30 0 0
-1.50 8.30 0 0
-1.40 8.30 0 0
-1.30 8.30 0 0
-1.20 8.30 0 0
-1.10 8.30 0 0
-1.00 8.30 0 0
-0.90 8.30 0 0
-0.80 8.30 0 0
-0.70 8.30 0 0
-0.60 8.30 0 0
-0.50 8.30 0 0
-0.40 8.30 0 0
-0.30 8.30 0 0
-0.20 8.30 0 0
-0.10 8.30 0 0
-0.00 8.30 0 0
0.10 8.30 0 0
0.20 8.30 0 0
0.30 8.30 0 0
0.40 8.30 0 0
0.50 8.30 0 0
0.60 8.30 0 0
0.70 8.30 0 0
0.80 8.30 0 0
0.90 8.30 0 0
1.00 8.30 0 0
1.10 8.30 0 0
1.20 8.30 0 0
1.30 8.30 0 0
1.40 8.30 0 0
1.50 8.30 0 0
1.60 8.30 0 0
1.70 8.30 0 0
1.80 8.30 0 0
1.90 8.30 0 0
2.00 8.30 0 0
2.10 8.30 0 0
2.20 8.30 0 0
2.30 8.30 0 0
2.40 8.30 0 0
2.50 8.30 0 0
2.60 8.30 0 0
2.70 8.30 0 0
2.80 8.30 0 0
2.90 8.30 0 0
3.00 8.30 0 0
3.10 8.30 0 0
3.20 8.30 0 0
3.30 8.30 0 0
3.40 8.30 0 0
3.50 8.30 0 0
3.60 8.30 0 0
3.70 8.30 0 0
3.80 8.30 0 0
3.90 8.30 0 0
4.00 8.30 0 0
4.10 8.30 0 0
4.20 8.30 494 228
4.30 8.30 495 227
4.40 8.30 497 226
4.50 8.30 499 225
4.60 8.30 501 223
4.70 8.30 503 222
4.80 8.30 505 221
4.90 8.30 506 220
5.00 8.30 0 0
5.10 8.30 0 0
5.20 8.30 0 0
5.30 8.30 0 0
5.40 8.30 0 0
5.50 8.30 0 0
5.60 8.30 0 0
5.70 8.30 0 0
5.80 8.30 0 0
5.90 8.30 0 0
6.00 8.30 0 0
6.10 8.30 0 0
6.20 8.30 0 0
6.30 8.30 0 0
6.40 8.30 0 0
6.50 8.30 0 0
6.60 8.30 0 0
6.70 8.30 0 0
6.80 8.30 0 0
6.90 8.30 0 0
7.00 8.30 0 0
7.10 8.30 0 0
7.20 8.30 0 0
7.30 8.30 0 0
7.40 8.30 0 0
7.50 8.30 0 0
7.60 8.30 0 0
7.70 8.30 0 0
7.80 8.30 0 0
7.90 8.30 0 0
8.00 8.30 0 0
8.10 8.30 0 0
8.20 8.30 0 0
8.30 8.30 0 0
8.40 8.30 0 0
8.50 8.30 0 0
8.60 8.30 0 0
8.70 8.30 0 0
8.80 8.30 0 0
8.90 8.30 0 0
9.00 8.30 0 0
9.10 8.30 0 0
-9.00 8.40 133 425
-8.90 8.40 137 422
-8.80 8.40 140 420
-8.70 8.40 143 419
-8.60 8.40 147 417
-8.50 8.40 150 415
-8.40 8.40 154 413
-8.30 8.40 157 411
-8.20 8.40 161 409
-8.10 8.40 164 407
-8.00 8.40 167 406
-7.90 8.40 170 404
-7.80 8.40 174 402
-7.70 8.40 177 400
-7.60 8.40 180 399
-7.50 8.40 184 396
-7.40 8.40 187 394
-7.30 8.40 190 393
-7.20 8.40 193 391
-7.10 8.40 196 389
-7.00 8.40 199 388
-6.90 8.40 203 386
-6.80 8.40 205 384
-6.70 8.40 209 382
-6.60 8.40 213 380
-6.50 8.40 215 379
-6.40 8.40 218 377
-6.30 8.40 222 375
-6.20 8.40 225 374
-6.10 8.40 228 372
-6.00 8.40 230 371
-5.90 8.40 233 369
-5.80 8.40 237 367
-5.70 8.40 240 366
-5.60 8.40 243 364
-5.50 8.40 245 362
-5.40 8.40 249 361
-5.30 8.40 251 359
-5.20 8.40 254 358
-5.10 8.40 257 356
-5.00 8.40 260 355
-4.90 8.40 262 353
-4.80 8.40 265 352
-4.70 8.40 267 352
-4.60 8.40 271 350
-4.50 8.40 274 349
-4.40 8.40 278 348
-4.30 8.40 282 347
-4.20 8.40 0 0
-4.10 8.40 0 0
-4.00 8.40 0 0
-3.90 8.40 0 0
-3.80 8.40 0 0
-3.70 8.40 0 0
-3.60 8.40 0 0
-3.50 8.40 0 0
-3.40 8.40 0 0
-3.30 8.40 0 0
-3.20 8.40 0 0
-3.10 8.40 0 0
-3.00 8.40 0 0
-2.90 8.40 0 0
-2.80 8.40 0 0
-2.70 8.40 0 0
-2.60 8.40 0 0
-2.50 8.40 0 0
-2.40 8.40 0 0
-2.30 8.40 0 0
-2.20 8.40 0 0
-2.10 8.40 0 0
-2.00 8.40 0 0
-1.90 8.40 0 0
-1.80 8.40 0 0
-1.70 8.40 0 0
-1.60 8.40 0 0
-1.50 8.40 0 0
-1.40 8.40 0 0
-1.30 8.40 0 0
-1.20 8.40 0 0
-1.10 8.40 0 0
-1.00 8.40 0 0
-0.90 8.40 0 0
-0.80 8.40 0 0
-0.70 8.40 0 0
-0.60 8.40 0 0
-0.50 8.40 0 0
-0.40 8.40 0 0
-0.30 8.40 0 0
-0.20 8.40 0 0
-0.10 8.40 0 0
-0.00 8.40 0 0
0.10 8.40 0 0
0.20 8.40 0 0
0.30 8.40 0 0
0.40 8.40 0 0
0.50 8.40 0 0
0.60 8.40 0 0
0.70 8.40 0 0
0.80 8.40 0 0
0.90 8.40 0 0
1.00 8.40 0 0
1.10 8.40 0 0
1.20 8.40 0 0
1.30 8.40 0 0
1.40 8.40 0 0
1.50 8.40 0 0
1.60 8.40 0 0
1.70 8.40 0 0
1.80 8.40 0 0
1.90 8.40 0 0
2.00 8.40 0 0
2.10 8.40 0 0
2.20 8.40 0 0
2.30 8.40 0 0
2.40 8.40 0 0
2.50 8.40 0 0
2.60 8.40 0 0
2.70 8.40 0 0
2.80 8.40 0 0
2.90 8.40 0 0
3.00 8.40 0 0
3.10 8.40 0 0
3.20 8.40 0 0
3.30 8.40 0 0
3.40 8.40 0 0
3.50 8.40 0 0
3.60 8.40 0 0
3.70 8.40 0 0
3.80 8.40 488 235
3.90 8.40 489 233
4.00 8.40 490 232
4.10 8.40 493 230
4.20 8.40 495 229
4.30 8.40 496 228
4.40 8.40 498 226
4.50 8.40 501 225
4.60 8.40 503 224
4.70 8.40 505 223
4.80 8.40 506 222
4.90 8.40 507 221
5.00 8.40 0 0
5.10 8.40 0 0
5.20 8.40 0 0
5.30 8.40 0 0
5.40 8.40 0 0
5.50 8.40 0 0
5.60 8.40 0 0
5.70 8.40 0 0
5.80 8.40 0 0
5.90 8.40 0 0
6.00 8.40 0 0
6.10 8.40 0 0
6.20 8.40 0 0
6.30 8.40 0 0
6.40 8.40 0 0
6.50 8.40 0 0
6.60 8.40 0 0
6.70 8.40 0 0
6.80 8.40 0 0
6.90 8.40 0 0
7.00 8.40 0 0
7.10 8.40 0 0
7.20 8.40 0 0
7.30 8.40 0 0
7.40 8.40 0 0
7.50 8.40 0 0
7.60 8.40 0 0
7.70 8.40 0 0
7.80 8.40 0 0
7.90 8.40 0 0
8.00 8.40 0 0
8.10 8.40 0 0
8.20 8.40 0 0
8.30 8.40 0 0
8.40 8.40 0 0
8.50 8.40 0 0
8.60 8.40 0 0
8.70 8.40 0 0
8.80 8.40 0 0
8.90 8.40 0 0
9.00 8.40 0 0
9.10 8.40 0 0
-9.00 8.50 135 425
-8.90 8.50 138 424
-8.80 8.50 142 422
-8.70 8.50 145 420
-8.60 8.50 149 418
-8.50 8.50 152 416
-8.40 8.50 156 414
-8.30 8.50 159 412
-8.20 8.50 162 410
-8.10 8.50 165 409
-8.00 8.50 168 407
-7.90 8.50 172 405
-7.80 8.50 175 403
-7.70 8.50 179 402
-7.60 8.50 182 400
-7.50 8.50 186 398
-7.40 8.50 189 396
-7.30 8.50 192 394
-7.20 8.50 195 393
-7.10 8.50 198 391
-7.00 8.50 201 389
-6.90 8.50 204 388
-6.80 8.50 208 386
-6.70 8.50 211 384
-6.60 8.50 214 382
-6.50 8.50 217 380
-6.40 8.50 220 379
-6.30 8.50 223 377
-6.20 8.50 226 375
-6.10 8.50 230 373
-6.00 8.50 233 372
-5.90 8.50 235 370
-5.80 8.50 239 369
-5.70 8.50 241 367
-5.60 8.50 244 366
-5.50 8.50 247 364
-5.40 8.50 250 362
-5.30 8.50 253 361
-5.20 8.50 256 359
-5.10 8.50 259 358
-5.00 8.50 261 357
-4.90 8.50 264 355
-4.80 8.50 267 354
-4.70 8.50 269 352
-4.60 8.50 272 352
-4.50 8.50 276 350
-4.40 8.50 280 349
-4.30 8.50 283 348
-4.20 8.50 286 347
-4.10 8.50 0 0
-4.00 8.50 0 0
-3.90 8.50 0 0
-3.80 8.50 0 0
-3.70 8.50 0 0
-3.60 8.50 0 0
-3.50 8.50 0 0
-3.40 8.50 0 0
-3.30 8.50 0 0
-3.20 8.50 0 0
-3.10 8.50 0 0
-3.00 8.50 0 0
-2.90 8.50 0 0
-2.80 8.50 0 0
-2.70 8.50 0 0
-2.60 8.50 0 0
-2.50 8.50 0 0
-2.40 8.50 0 0
-2.30 8.50 0 0
-2.20 8.50 0 0
-2.10 8.50 0 0
-2.00 8.50 0 0
-1.90 8.50 0 0
-1.80 8.50 0 0
-1.70 8.50 0 0
-1.60 8.50 0 0
-1.50 8.50 0 0
-1.40 8.50 0 0
-1.30 8.50 0 0
-1.20 8.50 0 0
-1.10 8.50 0 0
-1.00 8.50 0 0
-0.90 8.50 0 0
-0.80 8.50 0 0
-0.70 8.50 0 0
-0.60 8.50 0 0
-0.50 8.50 0 0
-0.40 8.50 0 0
-0.30 8.50 0 0
-0.20 8.50 0 0
-0.10 8.50 0 0
-0.00 8.50 0 0
0.10 8.50 0 0
0.20 8.50 0 0
0.30 8.50 0 0
0.40 8.50 0 0
0.50 8.50 0 0
0.60 8.50 0 0
0.70 8.50 0 0
0.80 8.50 0 0
0.90 8.50 0 0
1.00 8.50 0 0
1.10 8.50 0 0
1.20 8.50 0 0
1.30 8.50 0 0
1.40 8.50 0 0
1.50 8.50 0 0
1.60 8.50 0 0
1.70 8.50 0 0
1.80 8.50 0 0
1.90 8.50 0 0
2.00 8.50 0 0
2.10 8.50 0 0
2.20 8.50 0 0
2.30 8.50 0 0
2.40 8.50 0 0
2.50 8.50 0 0
2.60 8.50 0 0
2.70 8.50 0 0
2.80 8.50 0 0
2.90 8.50 0 0
3.00 8.50 0 0
3.10 8.50 0 0
3.20 8.50 0 0
3.30 8.50 0 0
3.40 8.50 0 0
3.50 8.50 485 241
3.60 8.50 486 239
3.70 8.50 487 238
3.80 8.50 488 236
3.90 8.50 490 235
4.00 8.50 492 233
4.10 8.50 494 231
4.20 8.50 496 230
4.30 8.50 498 228
4.40 8.50 500 227
4.50 8.50 502 226
4.60 8.50 505 225
4.70 8.50 506 224
4.80 8.50 507 223
4.90 8.50 508 221
5.00 8.50 0 0
5.10 8.50 0 0
5.20 8.50 0 0
5.30 8.50 0 0
5.40 8.50 0 0
5.50 8.50 0 0
5.60 8.50 0 0
5.70 8.50 0 0
5.80 8.50 0 0
5.90 8.50 0 0
6.00 8.50 0 0
6.10 8.50 0 0
6.20 8.50 0 0
6.30 8.50 0 0
6.40 8.50 0 0
6.50 8.50 0 0
6.60 8.50 0 0
6.70 8.50 0 0
6.80 8.50 0 0
6.90 8.50 0 0
7.00 8.50 0 0
7.10 8.50 0 0
7.20 8.50 0 0
7.30 8.50 0 0
7.40 8.50 0 0
7.50 8.50 0 0
7.60 8.50 0 0
7.70 8.50 0 0
7.80 8.50 0 0
7.90 8.50 0 0
8.00 8.50 0 0
8.10 8.50 0 0
8.20 8.50 0 0
8.30 8.50 0 0
8.40 8.50 0 0
8.50 8.50 0 0
8.60 8.50 0 0
8.70 8.50 0 0
8.80 8.50 0 0
8.90 8.50 0 0
9.00 8.50 0 0
9.10 8.50 0 0
-9.00 8.60 137 427
-8.90 8.60 140 426
-8.80 8.60 143 424
-8.70 8.60 146 423
-8.60 8.60 150 420
-8.50 8.60 154 418
-8.40 8.60 158 416
-8.30 8.60 160 414
-8.20 8.60 163 413
-8.10 8.60 166 411
-8.00 8.60 170 408
-7.90 8.60 174 406
-7.80 8.60 177 404
-7.70 8.60 180 403
-7.60 8.60 184 401
-7.50 8.60 187 399
-7.40 8.60 190 398
-7.30 8.60 193 396
-7.20 8.60 196 394
-7.10 8.60 200 392
-7.00 8.60 203 391
-6.90 8.60 206 389
-6.80 8.60 209 387
-6.70 8.60 212 386
-6.60 8.60 215 384
-6.50 8.60 218 382
-6.40 8.60 222 380
-6.30 8.60 224 379
-6.20 8.60 227 377
-6.10 8.60 231 374
-6.00 8.60 235 373
-5.90 8.60 237 372
-5.80 8.60 240 370
-5.70 8.60 243 369
-5.60 8.60 245 367
-5.50 8.60 249 365
-5.40 8.60 252 364
-5.30 8.60 255 362
-5.20 8.60 257 361
-5.10 8.60 260 359
-5.00 8.60 262 358
-4.90 8.60 266 357
-4.80 8.60 268 355
-4.70 8.60 271 353
-4.60 8.60 274 352
-4.50 8.60 278 351
-4.40 8.60 281 350
-4.30 8.60 284 349
-4.20 8.60 287 348
-4.10 8.60 289 347
-4.00 8.60 291 347
-3.90 8.60 0 0
-3.80 8.60 0 0
-3.70 8.60 0 0
-3.60 8.60 0 0
-3.50 8.60 0 0
-3.40 8.60 0 0
-3.30 8.60 0 0
-3.20 8.60 0 0
-3.10 8.60 0 0
-3.00 8.60 0 0
-2.90 8.60 0 0
-2.80 8.60 0 0
-2.70 8.60 0 0
-2.60 8.60 0 0
-2.50 8.60 0 0
-2.40 8.60 0 0
-2.30 8.60 0 0
-2.20 8.60 0 0
-2.10 8.60 0 0
-2.00 8.60 0 0
-1.90 8.60 0 0
-1.80 8.60 0 0
-1.70 8.60 0 0
-1.60 8.60 0 0
-1.50 8.60 0 0
-1.40 8.60 0 0
-1.30 8.60 0 0
-1.20 8.60 0 0
-1.10 8.60 0 0
-1.00 8.60 0 0
-0.90 8.60 0 0
-0.80 8.60 0 0
-0.70 8.60 0 0
-0.60 8.60 0 0
-0.50 8.60 0 0
-0.40 8.60 0 0
-0.30 8.60 0 0
-0.20 8.60 0 0
-0.10 8.60 0 0
-0.00 8.60 0 0
0.10 8.60 0 0
0.20 8.60 0 0
0.30 8.60 0 0
0.40 8.60 0 0
0.50 8.60 0 0
0.60 8.60 0 0
0.70 8.60 0 0
0.80 8.60 0 0
0.90 8.60 0 0
1.00 8.60 0 0
1.10 8.60 0 0
1.20 8.60 0 0
1.30 8.60 0 0
1.40 8.60 0 0
1.50 8.60 0 0
1.60 8.60 0 0
1.70 8.60 0 0
1.80 8.60 0 0
1.90 8.60 0 0
2.00 8.60 0 0
2.10 8.60 0 0
2.20 8.60 0 0
2.30 8.60 0 0
2.40 8.60 0 0
2.50 8.60 0 0
2.60 8.60 0 0
2.70 8.60 0 0
2.80 8.60 0 0
2.90 8.60 0 0
3.00 8.60 0 0
3.10 8.60 0 0
3.20 8.60 0 0
3.30 8.60 483 245
3.40 8.60 484 243
3.50 8.60 485 241
3.60 8.60 487 240
3.70 8.60 488 238
3.80 8.60 489 237
3.90 8.60 491 236
4.00 8.60 493 234
4.10 8.60 495 233
4.20 8.60 497 231
4.30 8.60 500 229
4.40 8.60 502 228
4.50 8.60 504 227
4.60 8.60 505 226
4.70 8.60 506 225
4.80 8.60 507 223
4.90 8.60 0 0
5.00 8.60 0 0
5.10 8.60 0 0
5.20 8.60 0 0
5.30 8.60 0 0
5.40 8.60 0 0
5.50 8.60 0 0
5.60 8.60 0 0
5.70 8.60 0 0
5.80 8.60 0 0
5.90 8.60 0 0
6.00 8.60 0 0
6.10 8.60 0 0
6.20 8.60 0 0
6.30 8.60 0 0
6.40 8.60 0 0
6.50 8.60 0 0
6.60 8.60 0 0
6.70 8.60 0 0
6.80 8.60 0 0
6.90 8.60 0 0
7.00 8.60 0 0
7.10 8.60 0 0
7.20 8.60 0 0
7.30 8.60 0 0
7.40 8.60 0 0
7.50 8.60 0 0
7.60 8.60 0 0
7.70 8.60 0 0
7.80 8.60 0 0
7.90 8.60 0 0
8.00 8.60 0 0
8.10 8.60 0 0
8.20 8.60 0 0
8.30 8.60 0 0
8.40 8.60 0 0
8.50 8.60 0 0
8.60 8.60 0 0
8.70 8.60 0 0
8.80 8.60 0 0
8.90 8.60 0 0
9.00 8.60 0 0
9.10 8.60 0 0
-9.00 8.70 138 429
-8.90 8.70 141 428
-8.80 8.70 145 425
-8.70 8.70 149 423
-8.60 8.70 152 422
-8.50 8.70 156 419
-8.40 8.70 159 418
-8.30 8.70 162 416
-8.20 8.70 165 415
-8.10 8.70 168 412
-8.00 8.70 172 410
-7.90 8.70 176 408
-7.80 8.70 179 406
-7.70 8.70 182 404
-7.60 8.70 185 403
-7.50 8.70 188 401
-7.40 8.70 191 399
-7.30 8.70 194 398
-7.20 8.70 198 396
-7.10 8.70 201 394
-7.00 8.70 205 392
-6.90 8.70 208 390
-6.80 8.70 210 389
-6.70 8.70 213 387
-6.60 8.70 216 385
-6.50 8.70 220 384
-6.40 8.70 223 382
-6.30 8.70 227 380
-6.20 8.70 229 378
-6.10 8.70 233 376
-6.00 8.70 236 375
-5.90 8.70 238 373
-5.80 8.70 241 372
-5.70 8.70 244 370
-5.60 8.70 247 369
-5.50 8.70 250 367
-5.40 8.70 253 365
-5.30 8.70 256 364
-5.20 8.70 259 362
-5.10 8.70 262 361
-5.00 8.70 265 359
-4.90 8.70 268 358
-4.80 8.70 270 356
-4.70 8.70 273 355
-4.60 8.70 276 353
-4.50 8.70 280 352
-4.40 8.70 283 350
-4.30 8.70 285 350
-4.20 8.70 287 349
-4.10 8.70 290 348
-4.00 8.70 292 347
-3.90 8.70 294 347
-3.80 8.70 0 0
-3.70 8.70 0 0
-3.60 8.70 0 0
-3.50 8.70 0 0
-3.40 8.70 0 0
-3.30 8.70 0 0
-3.20 8.70 0 0
-3.10 8.70 0 0
-3.00 8.70 0 0
-2.90 8.70 0 0
-2.80 8.70 0 0
-2.70 8.70 0 0
-2.60 8.70 0 0
-2.50 8.70 0 0
-2.40 8.70 0 0
-2.30 8.70 0 0
-2.20 8.70 0 0
-2.10 8.70 0 0
-2.00 8.70 0 0
-1.90 8.70 0 0
-1.80 8.70 0 0
-1.70 8.70 0 0
-1.60 8.70 0 0
-1.50 8.70 0 0
-1.40 8.70 0 0
-1.30 8.70 0 0
-1.20 8.70 0 0
-1.10 8.70 0 0
-1.00 8.70 0 0
-0.90 8.70 0 0
-0.80 8.70 0 0
-0.70 8.70 0 0
-0.60 8.70 0 0
-0.50 8.70 0 0
-0.40 8.70 0 0
-0.30 8.70 0 0
-0.20 8.70 0 0
-0.10 8.70 0 0
-0.00 8.70 0 0
0.10 8.70 0 0
0.20 8.70 0 0
0.30 8.70 0 0
0.40 8.70 0 0
0.50 8.70 0 0
0.60 8.70 0 0
0.70 8.70 0 0
0.80 8.70 0 0
0.90 8.70 0 0
1.00 8.70 0 0
1.10 8.70 0 0
1.20 8.70 0 0
1.30 8.70 0 0
1.40 8.70 0 0
1.50 8.70 0 0
1.60 8.70 0 0
1.70 8.70 0 0
1.80 8.70 0 0
1.90 8.70 0 0
2.00 8.70 0 0
2.10 8.70 0 0
2.20 8.70 0 0
2.30 8.70 0 0
2.40 8.70 0 0
2.50 8.70 0 0
2.60 8.70 0 0
2.70 8.70 0 0
2.80 8.70 0 0
2.90 8.70 0 0
3.00 8.70 0 0
3.10 8.70 0 0
3.20 8.70 480 249
3.30 8.70 483 245
3.40 8.70 485 244
3.50 8.70 486 242
3.60 8.70 488 241
3.70 8.70 489 239
3.80 8.70 491 238
3.90 8.70 492 236
4.00 8.70 494 235
4.10 8.70 496 234
4.20 8.70 499 232
4.30 8.70 501 231
4.40 8.70 504 229
4.50 8.70 505 228
4.60 8.70 506 227
4.70 8.70 507 225
4.80 8.70 0 0
4.90 8.70 0 0
5.00 8.70 0 0
5.10 8.70 0 0
5.20 8.70 0 0
5.30 8.70 0 0
5.40 8.70 0 0
5.50 8.70 0 0
5.60 8.70 0 0
5.70 8.70 0 0
5.80 8.70 0 0
5.90 8.70 0 0
6.00 8.70 0 0
6.10 8.70 0 0
6.20 8.70 0 0
6.30 8.70 0 0
6.40 8.70 0 0
6.50 8.70 0 0
6.60 8.70 0 0
6.70 8.70 0 0
6.80 8.70 0 0
6.90 8.70 0 0
7.00 8.70 0 0
7.10 8.70 0 0
7.20 8.70 0 0
7.30 8.70 0 0
7.40 8.70 0 0
7.50 8.70 0 0
7.60 8.70 0 0
7.70 8.70 0 0
7.80 8.70 0 0
7.90 8.70 0 0
8.00 8.70 0 0
8.10 8.70 0 0
8.20 8.70 0 0
8.30 8.70 0 0
8.40 8.70 0 0
8.50 8.70 0 0
8.60 8.70 0 0
8.70 8.70 0 0
8.80 8.70 0 0
8.90 8.70 0 0
9.00 8.70 0 0
9.10 8.70 0 0
-9.00 8.80 139 431
-8.90 8.80 142 430
-8.80 8.80 146 427
-8.70 8.80 150 425
-8.60 8.80 153 424
-8.50 8.80 156 422
-8.40 8.80 160 420
-8.30 8.80 163 418
-8.20 8.80 166 416
-8.10 8.80 170 414
-8.00 8.80 173 412
-7.90 8.80 177 410
-7.80 8.80 180 407
-7.70 8.80 184 405
-7.60 8.80 187 404
-7.50 8.80 190 402
-7.40 8.80 193 400
-7.30 8.80 196 399
-7.20 8.80 199 397
-7.10 8.80 203 395
-7.00 8.80 206 394
-6.90 8.80 210 392
-6.80 8.80 212 390
-6.70 8.80 215 388
-6.60 8.80 219 387
-6.50 8.80 221 385
-6.40 8.80 224 383
-6.30 8.80 228 382
-6.20 8.80 231 380
-6.10 8.80 234 378
-6.00 8.80 237 377
-5.90 8.80 240 375
-5.80 8.80 243 373
-5.70 8.80 246 372
-5.60 8.80 249 370
-5.50 8.80 252 369
-5.40 8.80 255 367
-5.30 8.80 258 365
-5.20 8.80 261 363
-5.10 8.80 264 362
-5.00 8.80 266 361
-4.90 8.80 269 359
-4.80 8.80 272 358
-4.70 8.80 275 356
-4.60 8.80 279 355
-4.50 8.80 281 353
-4.40 8.80 284 352
-4.30 8.80 287 350
-4.20 8.80 289 349
-4.10 8.80 292 349
-4.00 8.80 294 348
-3.90 8.80 297 347
-3.80 8.80 299 347
-3.70 8.80 0 0
-3.60 8.80 0 0
-3.50 8.80 0 0
-3.40 8.80 0 0
-3.30 8.80 0 0
-3.20 8.80 0 0
-3.10 8.80 0 0
-3.00 8.80 0 0
-2.90 8.80 0 0
-2.80 8.80 0 0
-2.70 8.80 0 0
-2.60 8.80 0 0
-2.50 8.80 0 0
-2.40 8.80 0 0
-2.30 8.80 0 0
-2.20 8.80 0 0
-2.10 8.80 0 0
-2.00 8.80 0 0
-1.90 8.80 0 0
-1.80 8.80 0 0
-1.70 8.80 0 0
-1.60 8.80 0 0
-1.50 8.80 0 0
-1.40 8.80 0 0
-1.30 8.80 0 0
-1.20 8.80 0 0
-1.10 8.80 0 0
-1.00 8.80 0 0
-0.90 8.80 0 0
-0.80 8.80 0 0
-0.70 8.80 0 0
-0.60 8.80 0 0
-0.50 8.80 0 0
-0.40 8.80 0 0
-0.30 8.80 0 0
-0.20 8.80 0 0
-0.10 8.80 0 0
-0.00 8.80 0 0
0.10 8.80 0 0
0.20 8.80 0 0
0.30 8.80 0 0
0.40 8.80 0 0
0.50 8.80 0 0
0.60 8.80 0 0
0.70 8.80 0 0
0.80 8.80 0 0
0.90 8.80 0 0
1.00 8.80 0 0
1.10 8.80 0 0
1.20 8.80 0 0
1.30 8.80 0 0
1.40 8.80 0 0
1.50 8.80 0 0
1.60 8.80 0 0
1.70 8.80 0 0
1.80 8.80 0 0
1.90 8.80 0 0
2.00 8.80 0 0
2.10 8.80 0 0
2.20 8.80 0 0
2.30 8.80 0 0
2.40 8.80 0 0
2.50 8.80 0 0
2.60 8.80 0 0
2.70 8.80 0 0
2.80 8.80 0 0
2.90 8.80 0 0
3.00 8.80 477 254
3.10 8.80 480 252
3.20 8.80 482 249
3.30 8.80 484 246
3.40 8.80 485 244
3.50 8.80 487 243
3.60 8.80 489 241
3.70 8.80 490 240
3.80 8.80 492 239
3.90 8.80 494 237
4.00 8.80 496 236
4.10 8.80 498 235
4.20 8.80 500 234
4.30 8.80 503 232
4.40 8.80 505 230
4.50 8.80 506 229
4.60 8.80 507 228
4.70 8.80 508 227
4.80 8.80 0 0
4.90 8.80 0 0
5.00 8.80 0 0
5.10 8.80 0 0
5.20 8.80 0 0
5.30 8.80 0 0
5.40 8.80 0 0
5.50 8.80 0 0
5.60 8.80 0 0
5.70 8.80 0 0
5.80 8.80 0 0
5.90 8.80 0 0
6.00 8.80 0 0
6.10 8.80 0 0
6.20 8.80 0 0
6.30 8.80 0 0
6.40 8.80 0 0
6.50 8.80 0 0
6.60 8.80 0 0
6.70 8.80 0 0
6.80 8.80 0 0
6.90 8.80 0 0
7.00 8.80 0 0
7.10 8.80 0 0
7.20 8.80 0 0
7.30 8.80 0 0
7.40 8.80 0 0
7.50 8.80 0 0
7.60 8.80 0 0
7.70 8.80 0 0
7.80 8.80 0 0
7.90 8.80 0 0
8.00 8.80 0 0
8.10 8.80 0 0
8.20 8.80 0 0
8.30 8.80 0 0
8.40 8.80 0 0
8.50 8.80 0 0
8.60 8.80 0 0
8.70 8.80 0 0
8.80 8.80 0 0
8.90 8.80 0 0
9.00 8.80 0 0
9.10 8.80 0 0
-9.00 8.90 141 432
-8.90 8.90 145 431
-8.80 8.90 148 429
-8.70 8.90 151 427
-8.60 8.90 155 425
-8.50 8.90 158 423
-8.40 8.90 161 421
-8.30 8.90 165 419
-8.20 8.90 168 418
-8.10 8.90 171 416
-8.00 8.90 175 414
-7.90 8.90 178 412
-7.80 8.90 181 410
-7.70 8.90 184 408
-7.60 8.90 188 406
-7.50 8.90 191 403
-7.40 8.90 195 402
-7.30 8.90 198 400
-7.20 8.90 201 398
-7.10 8.90 205 397
-7.00 8.90 207 395
-6.90 8.90 210 394
-6.80 8.90 214 391
-6.70 8.90 217 390
-6.60 8.90 220 388
-6.50 8.90 223 387
-6.40 8.90 226 385
-6.30 8.90 229 383
-6.20 8.90 232 382
-6.10 8.90 236 380
-6.00 8.90 239 378
-5.90 8.90 242 376
-5.80 8.90 245 375
-5.70 8.90 247 373
-5.60 8.90 250 372
-5.50 8.90 254 370
-5.40 8.90 256 368
-5.30 8.90 259 367
-5.20 8.90 262 365
-5.10 8.90 266 363
-5.00 8.90 268 362
-4.90 8.90 271 361
-4.80 8.90 274 359
-4.70 8.90 276 358
-4.60 8.90 280 356
-4.50 8.90 283 355
-4.40 8.90 286 353
-4.30 8.90 288 352
-4.20 8.90 291 351
-4.10 8.90 293 350
-4.00 8.90 296 349
-3.90 8.90 298 348
-3.80 8.90 301 348
-3.70 8.90 305 347
-3.60 8.90 0 0
-3.50 8.90 0 0
-3.40 8.90 0 0
-3.30 8.90 0 0
-3.20 8.90 0 0
-3.10 8.90 0 0
-3.00 8.90 0 0
-2.90 8.90 0 0
-2.80 8.90 0 0
-2.70 8.90 0 0
-2.60 8.90 0 0
-2.50 8.90 0 0
-2.40 8.90 0 0
-2.30 8.90 0 0
-2.20 8.90 0 0
-2.10 8.90 0 0
-2.00 8.90 0 0
-1.90 8.90 0 0
-1.80 8.90 0 0
-1.70 8.90 0 0
-1.60 8.90 0 0
-1.50 8.90 0 0
-1.40 8.90 0 0
-1.30 8.90 0 0
-1.20 8.90 0 0
-1.10 8.90 0 0
-1.00 8.90 0 0
-0.90 8.90 0 0
-0.80 8.90 0 0
-0.70 8.90 0 0
-0.60 8.90 0 0
-0.50 8.90 0 0
-0.40 8.90 0 0
-0.30 8.90 0 0
-0.20 8.90 0 0
-0.10 8.90 0 0
-0.00 8.90 0 0
0.10 8.90 0 0
0.20 8.90 0 0
0.30 8.90 0 0
0.40 8.90 0 0
0.50 8.90 0 0
0.60 8.90 0 0
0.70 8.90 0 0
0.80 8.90 0 0
0.90 8.90 0 0
1.00 8.90 0 0
1.10 8.90 0 0
1.20 8.90 0 0
1.30 8.90 0 0
1.40 8.90 0 0
1.50 8.90 0 0
1.60 8.90 0 0
1.70 8.90 0 0
1.80 8.90 0 0
1.90 8.90 0 0
2.00 8.90 0 0
2.10 8.90 0 0
2.20 8.90 0 0
2.30 8.90 0 0
2.40 8.90 0 0
2.50 8.90 0 0
2.60 8.90 0 0
2.70 8.90 0 0
2.80 8.90 0 0
2.90 8.90 477 255
3.00 8.90 479 254
3.10 8.90 481 252
3.20 8.90 483 249
3.30 8.90 485 247
3.40 8.90 486 245
3.50 8.90 488 244
3.60 8.90 490 242
3.70 8.90 491 241
3.80 8.90 493 239
3.90 8.90 495 238
4.00 8.90 497 237
4.10 8.90 500 236
4.20 8.90 502 235
4.30 8.90 504 233
4.40 8.90 505 232
4.50 8.90 507 230
4.60 8.90 508 229
4.70 8.90 0 0
4.80 8.90 0 0
4.90 8.90 0 0
5.00 8.90 0 0
5.10 8.90 0 0
5.20 8.90 0 0
5.30 8.90 0 0
5.40 8.90 0 0
5.50 8.90 0 0
5.60 8.90 0 0
5.70 8.90 0 0
5.80 8.90 0 0
5.90 8.90 0 0
6.00 8.90 0 0
6.10 8.90 0 0
6.20 8.90 0 0
6.30 8.90 0 0
6.40 8.90 0 0
6.50 8.90 0 0
6.60 8.90 0 0
6.70 8.90 0 0
6.80 8.90 0 0
6.90 8.90 0 0
7.00 8.90 0 0
7.10 8.90 0 0
7.20 8.90 0 0
7.30 8.90 0 0
7.40 8.90 0 0
7.50 8.90 0 0
7.60 8.90 0 0
7.70 8.90 0 0
7.80 8.90 0 0
7.90 8.90 0 0
8.00 8.90 0 0
8.10 8.90 0 0
8.20 8.90 0 0
8.30 8.90 0 0
8.40 8.90 0 0
8.50 8.90 0 0
8.60 8.90 0 0
8.70 8.90 0 0
8.80 8.90 0 0
8.90 8.90 0 0
9.00 8.90 0 0
9.10 8.90 0 0
-9.00 9.00 142 434
-8.90 9.00 146 432
-8.80 9.00 149 430
-8.70 9.00 152 428
-8.60 9.00 156 426
-8.50 9.00 159 424
-8.40 9.00 162 423
-8.30 9.00 167 421
-8.20 9.00 170 419
-8.10 9.00 173 417
-8.00 9.00 176 416
-7.90 9.00 179 414
-7.80 9.00 182 412
-7.70 9.00 186 410
-7.60 9.00 189 408
-7.50 9.00 192 406
-7.40 9.00 196 404
-7.30 9.00 200 401
-7.20 9.00 203 399
-7.10 9.00 205 398
-7.00 9.00 209 396
-6.90 9.00 212 395
-6.80 9.00 215 393
-6.70 9.00 218 391
-6.60 9.00 221 390
-6.50 9.00 225 388
-6.40 9.00 228 386
-6.30 9.00 231 385
-6.20 9.00 234 383
-6.10 9.00 237 381
-6.00 9.00 240 380
-5.90 9.00 243 378
-5.80 9.00 246 376
-5.70 9.00 249 375
-5.60 9.00 252 373
-5.50 9.00 255 372
-5.40 9.00 258 370
-5.30 9.00 261 368
-5.20 9.00 264 367
-5.10 9.00 267 365
-5.00 9.00 270 363
-4.90 9.00 272 362
-4.80 9.00 275 361
-4.70 9.00 278 359
-4.60 9.00 281 358
-4.50 9.00 284 356
-4.40 9.00 287 354
-4.30 9.00 289 353
-4.20 9.00 292 352
-4.10 9.00 294 351
-4.00 9.00 298 350
-3.90 9.00 300 349
-3.80 9.00 303 348
-3.70 9.00 306 348
-3.60 9.00 309 347
-3.50 9.00 312 347
-3.40 9.00 0 0
-3.30 9.00 0 0
-3.20 9.00 0 0
-3.10 9.00 0 0
-3.00 9.00 0 0
-2.90 9.00 0 0
-2.80 9.00 0 0
-2.70 9.00 0 0
-2.60 9.00 0 0
-2.50 9.00 0 0
-2.40 9.00 0 0
-2.30 9.00 0 0
-2.20 9.00 0 0
-2.10 9.00 0 0
-2.00 9.00 0 0
-1.90 9.00 0 0
-1.80 9.00 0 0
-1.70 9.00 0 0
-1.60 9.00 0 0
-1.50 9.00 0 0
-1.40 9.00 0 0
-1.30 9.00 0 0
-1.20 9.00 0 0
-1.10 9.00 0 0
-1.00 9.00 0 0
-0.90 9.00 0 0
-0.80 9.00 0 0
-0.70 9.00 0 0
-0.60 9.00 0 0
-0.50 9.00 0 0
-0.40 9.00 0 0
-0.30 9.00 0 0
-0.20 9.00 0 0
-0.10 9.00 0 0
-0.00 9.00 0 0
0.10 9.00 0 0
0.20 9.00 0 0
0.30 9.00 0 0
0.40 9.00 0 0
0.50 9.00 0 0
0.60 9.00 0 0
0.70 9.00 0 0
0.80 9.00 0 0
0.90 9.00 0 0
1.00 9.00 0 0
1.10 9.00 0 0
1.20 9.00 0 0
1.30 9.00 0 0
1.40 9.00 0 0
1.50 9.00 0 0
1.60 9.00 0 0
1.70 9.00 0 0
1.80 9.00 0 0
1.90 9.00 0 0
2.00 9.00 0 0
2.10 9.00 0 0
2.20 9.00 0 0
2.30 9.00 0 0
2.40 9.00 0 0
2.50 9.00 0 0
2.60 9.00 0 0
2.70 9.00 475 259
2.80 9.00 477 257
2.90 9.00 479 256
3.00 9.00 480 254
3.10 9.00 482 253
3.20 9.00 484 251
3.30 9.00 486 248
3.40 9.00 488 247
3.50 9.00 489 245
3.60 9.00 491 243
3.70 9.00 492 242
3.80 9.00 494 241
3.90 9.00 497 240
4.00 9.00 499 238
4.10 9.00 501 237
4.20 9.00 503 235
4.30 9.00 505 234
4.40 9.00 506 232
4.50 9.00 507 231
4.60 9.00 508 230
4.70 9.00 0 0
4.80 9.00 0 0
4.90 9.00 0 0
5.00 9.00 0 0
5.10 9.00 0 0
5.20 9.00 0 0
5.30 9.00 0 0
5.40 9.00 0 0
5.50 9.00 0 0
5.60 9.00 0 0
5.70 9.00 0 0
5.80 9.00 0 0
5.90 9.00 0 0
6.00 9.00 0 0
6.10 9.00 0 0
6.20 9.00 0 0
6.30 9.00 0 0
6.40 9.00 0 0
6.50 9.00 0 0
6.60 9.00 0 0
6.70 9.00 0 0
6.80 9.00 0 0
6.90 9.00 0 0
7.00 9.00 0 0
7.10 9.00 0 0
7.20 9.00 0 0
7.30 9.00 0 0
7.40 9.00 0 0
7.50 9.00 0 0
7.60 9.00 0 0
7.70 9.00 0 0
7.80 9.00 0 0
7.90 9.00 0 0
8.00 9.00 0 0
8.10 9.00 0 0
8.20 9.00 0 0
8.30 9.00 0 0
8.40 9.00 0 0
8.50 9.00 0 0
8.60 9.00 0 0
8.70 9.00 0 0
8.80 9.00 0 0
8.90 9.00 0 0
9.00 9.00 0 0
9.10 9.00 0 0
-9.00 9.10 144 436
-8.90 9.10 147 434
-8.80 9.10 150 432
-8.70 9.10 154 430
-8.60 9.10 157 428
-8.50 9.10 160 426
-8.40 9.10 164 424
-8.30 9.10 168 422
-8.20 9.10 171 420
-8.10 9.10 175 419
-8.00 9.10 178 417
-7.90 9.10 181 416
-7.80 9.10 184 414
-7.70 9.10 188 412
-7.60 9.10 191 410
-7.50 9.10 194 408
-7.40 9.10 197 406
-7.30 9.10 200 404
-7.20 9.10 204 402
-7.10 9.10 207 400
-7.00 9.10 210 397
-6.90 9.10 213 396
-6.80 9.10 217 394
-6.70 9.10 220 392
-6.60 9.10 223 391
-6.50 9.10 226 390
-6.40 9.10 229 388
-6.30 9.10 233 386
-6.20 9.10 236 385
-6.10 9.10 238 383
-6.00 9.10 242 381
-5.90 9.10 245 379
-5.80 9.10 248 378
-5.70 9.10 251 376
-5.60 9.10 254 375
-5.50 9.10 257 373
-5.40 9.10 259 371
-5.30 9.10 262 370
-5.20 9.10 265 368
-5.10 9.10 268 367
-5.00 9.10 271 365
-4.90 9.10 274 364
-4.80 9.10 277 362
-4.70 9.10 280 361
-4.60 9.10 283 359
-4.50 9.10 286 357
-4.40 9.10 288 356
-4.30 9.10 291 354
-4.20 9.10 294 353
-4.10 9.10 297 352
-4.00 9.10 300 351
-3.90 9.10 302 350
-3.80 9.10 305 349
-3.70 9.10 308 348
-3.60 9.10 310 348
-3.50 9.10 313 347
-3.40 9.10 314 347
-3.30 9.10 0 0
-3.20 9.10 0 0
-3.10 9.10 0 0
-3.00 9.10 0 0
-2.90 9.10 0 0
-2.80 9.10 0 0
-2.70 9.10 0 0
-2.60 9.10 0 0
-2.50 9.10 0 0
-2.40 9.10 0 0
-2.30 9.10 0 0
-2.20 9.10 0 0
-2.10 9.10 0 0
-2.00 9.10 0 0
-1.90 9.10 0 0
-1.80 9.10 0 0
-1.70 9.10 0 0
-1.60 9.10 0 0
-1.50 9.10 0 0
-1.40 9.10 0 0
-1.30 9.10 0 0
-1.20 9.10 0 0
-1.10 9.10 0 0
-1.00 9.10 0 0
-0.90 9.10 0 0
-0.80 9.10 0 0
-0.70 9.10 0 0
-0.60 9.10 0 0
-0.50 9.10 0 0
-0.40 9.10 0 0
-0.30 9.10 0 0
-0.20 9.10 0 0
-0.10 9.10 0 0
-0.00 9.10 0 0
0.10 9.10 0 0
0.20 9.10 0 0
0.30 9.10 0 0
0.40 9.10 0 0
0.50 9.10 0 0
0.60 9.10 0 0
0.70 9.10 0 0
0.80 9.10 0 0
0.90 9.10 0 0
1.00 9.10 0 0
1.10 9.10 0 0
1.20 9.10 0 0
1.30 9.10 0 0
1.40 9.10 0 0
1.50 9.10 0 0
1.60 9.10 0 0
1.70 9.10 0 0
1.80 9.10 0 0
1.90 9.10 0 0
2.00 9.10 0 0
2.10 9.10 0 0
2.20 9.10 0 0
2.30 9.10 0 0
2.40 9.10 0 0
2.50 9.10 0 0
2.60 9.10 474 262
2.70 9.10 476 260
2.80 9.10 478 258
2.90 9.10 480 256
3.00 9.10 481 255
3.10 9.10 483 253
3.20 9.10 485 251
3.30 9.10 487 250
3.40 9.10 489 248
3.50 9.10 490 246
3.60 9.10 492 245
3.70 9.10 494 243
3.80 9.10 496 242
3.90 9.10 498 240
4.00 9.10 501 239
4.10 9.10 503 238
4.20 9.10 504 237
4.30 9.10 505 235
4.40 9.10 507 234
4.50 9.10 508 233
4.60 9.10 0 0
4.70 9.10 0 0
4.80 9.10 0 0
4.90 9.10 0 0
5.00 9.10 0 0
5.10 9.10 0 0
5.20 9.10 0 0
5.30 9.10 0 0
5.40 9.10 0 0
5.50 9.10 0 0
5.60 9.10 0 0
5.70 9.10 0 0
5.80 9.10 0 0
5.90 9.10 0 0
6.00 9.10 0 0
6.10 9.10 0 0
6.20 9.10 0 0
6.30 9.10 0 0
6.40 9.10 0 0
6.50 9.10 0 0
6.60 9.10 0 0
6.70 9.10 0 0
6.80 9.10 0 0
6.90 9.10 0 0
7.00 9.10 0 0
7.10 9.10 0 0
7.20 9.10 0 0
7.30 9.10 0 0
7.40 9.10 0 0
7.50 9.10 0 0
7.60 9.10 0 0
7.70 9.10 0 0
7.80 9.10 0 0
7.90 9.10 0 0
8.00 9.10 0 0
8.10 9.10 0 0
8.20 9.10 0 0
8.30 9.10 0 0
8.40 9.10 0 0
8.50 9.10 0 0
8.60 9.10 0 0
8.70 9.10 0 0
8.80 9.10 0 0
8.90 9.10 0 0
9.00 9.10 0 0
9.10 9.10 0 0
