-9.00 -9.00 0 0
-8.90 -9.00 0 0
-8.80 -9.00 0 0
-8.70 -9.00 0 0
-8.60 -9.00 0 0
-8.50 -9.00 0 0
-8.40 -9.00 0 0
-8.30 -9.00 0 0
-8.20 -9.00 0 0
-8.10 -9.00 0 0
-8.00 -9.00 0 0
-7.90 -9.00 0 0
-7.80 -9.00 0 0
-7.70 -9.00 0 0
-7.60 -9.00 0 0
-7.50 -9.00 0 0
-7.40 -9.00 0 0
-7.30 -9.00 0 0
-7.20 -9.00 0 0
-7.10 -9.00 0 0
-7.00 -9.00 0 0
-6.90 -9.00 0 0
-6.80 -9.00 0 0
-6.70 -9.00 0 0
-6.60 -9.00 0 0
-6.50 -9.00 0 0
-6.40 -9.00 0 0
-6.30 -9.00 0 0
-6.20 -9.00 0 0
-6.10 -9.00 0 0
-6.00 -9.00 0 0
-5.90 -9.00 0 0
-5.80 -9.00 0 0
-5.70 -9.00 0 0
-5.60 -9.00 0 0
-5.50 -9.00 0 0
-5.40 -9.00 0 0
-5.30 -9.00 0 0
-5.20 -9.00 0 0
-5.10 -9.00 0 0
-5.00 -9.00 0 0
-4.90 -9.00 0 0
-4.80 -9.00 0 0
-4.70 -9.00 0 0
-4.60 -9.00 0 0
-4.50 -9.00 0 0
-4.40 -9.00 0 0
-4.30 -9.00 0 0
-4.20 -9.00 0 0
-4.10 -9.00 0 0
-4.00 -9.00 0 0
-3.90 -9.00 0 0
-3.80 -9.00 0 0
-3.70 -9.00 0 0
-3.60 -9.00 0 0
-3.50 -9.00 0 0
-3.40 -9.00 0 0
-3.30 -9.00 0 0
-3.20 -9.00 0 0
-3.10 -9.00 0 0
-3.00 -9.00 0 0
-2.90 -9.00 0 0
-2.80 -9.00 0 0
-2.70 -9.00 0 0
-2.60 -9.00 0 0
-2.50 -9.00 0 0
-2.40 -9.00 0 0
-2.30 -9.00 0 0
-2.20 -9.00 0 0
-2.10 -9.00 0 0
-2.00 -9.00 0 0
-1.90 -9.00 0 0
-1.80 -9.00 0 0
-1.70 -9.00 0 0
-1.60 -9.00 0 0
-1.50 -9.00 0 0
-1.40 -9.00 0 0
-1.30 -9.00 0 0
-1.20 -9.00 0 0
-1.10 -9.00 0 0
-1.00 -9.00 0 0
-0.90 -9.00 0 0
-0.80 -9.00 0 0
-0.70 -9.00 0 0
-0.60 -9.00 0 0
-0.50 -9.00 0 0
-0.40 -9.00 0 0
-0.30 -9.00 0 0
-0.20 -9.00 0 0
-0.10 -9.00 0 0
-0.00 -9.00 0 0
0.10 -9.00 0 0
0.20 -9.00 0 0
0.30 -9.00 0 0
0.40 -9.00 0 0
0.50 -9.00 0 0
0.60 -9.00 0 0
0.70 -9.00 63 195
0.80 -9.00 65 193
0.90 -9.00 69 191
1.00 -9.00 70 192
1.10 -9.00 73 190
1.20 -9.00 76 189
1.30 -9.00 78 188
1.40 -9.00 81 187
1.50 -9.00 84 186
1.60 -9.00 86 185
1.70 -9.00 88 184
1.80 -9.00 91 182
1.90 -9.00 94 181
2.00 -9.00 96 180
2.10 -9.00 99 178
2.20 -9.00 102 179
2.30 -9.00 104 177
2.40 -9.00 106 176
2.50 -9.00 109 175
2.60 -9.00 112 173
2.70 -9.00 114 173
2.80 -9.00 117 171
2.90 -9.00 119 170
3.00 -9.00 122 169
3.10 -9.00 124 167
3.20 -9.00 127 167
3.30 -9.00 130 165
3.40 -9.00 131 165
3.50 -9.00 134 163
3.60 -9.00 137 163
3.70 -9.00 138 161
3.80 -9.00 0 0
3.90 -9.00 0 0
4.00 -9.00 0 0
4.10 -9.00 0 0
4.20 -9.00 0 0
4.30 -9.00 0 0
4.40 -9.00 0 0
4.50 -9.00 0 0
4.60 -9.00 0 0
4.70 -9.00 0 0
4.80 -9.00 0 0
4.90 -9.00 0 0
5.00 -9.00 0 0
5.10 -9.00 0 0
5.20 -9.00 0 0
5.30 -9.00 0 0
5.40 -9.00 0 0
5.50 -9.00 0 0
5.60 -9.00 0 0
5.70 -9.00 0 0
5.80 -9.00 0 0
5.90 -9.00 0 0
6.00 -9.00 0 0
6.10 -9.00 0 0
6.20 -9.00 0 0
6.30 -9.00 0 0
6.40 -9.00 208 137
6.50 -9.00 207 137
6.60 -9.00 212 138
6.70 -9.00 214 139
6.80 -9.00 218 137
6.90 -9.00 218 136
7.00 -9.00 220 137
7.10 -9.00 224 136
7.20 -9.00 226 136
7.30 -9.00 0 0
7.40 -9.00 0 0
7.50 -9.00 0 0
7.60 -9.00 0 0
7.70 -9.00 0 0
7.80 -9.00 0 0
7.90 -9.00 0 0
8.00 -9.00 0 0
8.10 -9.00 0 0
8.20 -9.00 0 0
8.30 -9.00 0 0
8.40 -9.00 0 0
8.50 -9.00 0 0
8.60 -9.00 0 0
8.70 -9.00 0 0
8.80 -9.00 0 0
8.90 -9.00 0 0
9.00 -9.00 0 0
9.10 -9.00 0 0
-9.00 -8.90 0 0
-8.90 -8.90 0 0
-8.80 -8.90 0 0
-8.70 -8.90 0 0
-8.60 -8.90 0 0
-8.50 -8.90 0 0
-8.40 -8.90 0 0
-8.30 -8.90 0 0
-8.20 -8.90 0 0
-8.10 -8.90 0 0
-8.00 -8.90 0 0
-7.90 -8.90 0 0
-7.80 -8.90 0 0
-7.70 -8.90 0 0
-7.60 -8.90 0 0
-7.50 -8.90 0 0
-7.40 -8.90 0 0
-7.30 -8.90 0 0
-7.20 -8.90 0 0
-7.10 -8.90 0 0
-7.00 -8.90 0 0
-6.90 -8.90 0 0
-6.80 -8.90 0 0
-6.70 -8.90 0 0
-6.60 -8.90 0 0
-6.50 -8.90 0 0
-6.40 -8.90 0 0
-6.30 -8.90 0 0
-6.20 -8.90 0 0
-6.10 -8.90 0 0
-6.00 -8.90 0 0
-5.90 -8.90 0 0
-5.80 -8.90 0 0
-5.70 -8.90 0 0
-5.60 -8.90 0 0
-5.50 -8.90 0 0
-5.40 -8.90 0 0
-5.30 -8.90 0 0
-5.20 -8.90 0 0
-5.10 -8.90 0 0
-5.00 -8.90 0 0
-4.90 -8.90 0 0
-4.80 -8.90 0 0
-4.70 -8.90 0 0
-4.60 -8.90 0 0
-4.50 -8.90 0 0
-4.40 -8.90 0 0
-4.30 -8.90 0 0
-4.20 -8.90 0 0
-4.10 -8.90 0 0
-4.00 -8.90 0 0
-3.90 -8.90 0 0
-3.80 -8.90 0 0
-3.70 -8.90 0 0
-3.60 -8.90 0 0
-3.50 -8.90 0 0
-3.40 -8.90 0 0
-3.30 -8.90 0 0
-3.20 -8.90 0 0
-3.10 -8.90 0 0
-3.00 -8.90 0 0
-2.90 -8.90 0 0
-2.80 -8.90 0 0
-2.70 -8.90 0 0
-2.60 -8.90 0 0
-2.50 -8.90 0 0
-2.40 -8.90 0 0
-2.30 -8.90 0 0
-2.20 -8.90 0 0
-2.10 -8.90 0 0
-2.00 -8.90 0 0
-1.90 -8.90 0 0
-1.80 -8.90 0 0
-1.70 -8.90 0 0
-1.60 -8.90 0 0
-1.50 -8.90 0 0
-1.40 -8.90 0 0
-1.30 -8.90 0 0
-1.20 -8.90 0 0
-1.10 -8.90 0 0
-1.00 -8.90 0 0
-0.90 -8.90 0 0
-0.80 -8.90 0 0
-0.70 -8.90 0 0
-0.60 -8.90 0 0
-0.50 -8.90 0 0
-0.40 -8.90 0 0
-0.30 -8.90 0 0
-0.20 -8.90 0 0
-0.10 -8.90 0 0
-0.00 -8.90 0 0
0.10 -8.90 0 0
0.20 -8.90 0 0
0.30 -8.90 53 198
0.40 -8.90 56 198
0.50 -8.90 58 198
0.60 -8.90 60 197
0.70 -8.90 63 195
0.80 -8.90 66 194
0.90 -8.90 69 193
1.00 -8.90 72 191
1.10 -8.90 75 191
1.20 -8.90 77 190
1.30 -8.90 80 188
1.40 -8.90 82 188
1.50 -8.90 83 187
1.60 -8.90 88 183
1.70 -8.90 90 184
1.80 -8.90 92 183
1.90 -8.90 95 183
2.00 -8.90 98 182
2.10 -8.90 101 180
2.20 -8.90 102 179
2.30 -8.90 105 178
2.40 -8.90 108 177
2.50 -8.90 111 174
2.60 -8.90 113 174
2.70 -8.90 115 173
2.80 -8.90 118 171
2.90 -8.90 120 172
3.00 -8.90 122 170
3.10 -8.90 126 167
3.20 -8.90 128 166
3.30 -8.90 130 166
3.40 -8.90 134 163
3.50 -8.90 136 162
3.60 -8.90 138 163
3.70 -8.90 140 162
3.80 -8.90 143 161
3.90 -8.90 146 161
4.00 -8.90 148 159
4.10 -8.90 157 142
4.20 -8.90 160 141
4.30 -8.90 163 140
4.40 -8.90 0 0
4.50 -8.90 0 0
4.60 -8.90 0 0
4.70 -8.90 0 0
4.80 -8.90 0 0
4.90 -8.90 0 0
5.00 -8.90 0 0
5.10 -8.90 0 0
5.20 -8.90 0 0
5.30 -8.90 0 0
5.40 -8.90 0 0
5.50 -8.90 0 0
5.60 -8.90 0 0
5.70 -8.90 0 0
5.80 -8.90 0 0
5.90 -8.90 0 0
6.00 -8.90 0 0
6.10 -8.90 0 0
6.20 -8.90 0 0
6.30 -8.90 0 0
6.40 -8.90 0 0
6.50 -8.90 0 0
6.60 -8.90 0 0
6.70 -8.90 215 139
6.80 -8.90 218 138
6.90 -8.90 221 138
7.00 -8.90 223 137
7.10 -8.90 224 138
7.20 -8.90 227 136
7.30 -8.90 229 136
7.40 -8.90 231 135
7.50 -8.90 234 135
7.60 -8.90 0 0
7.70 -8.90 0 0
7.80 -8.90 0 0
7.90 -8.90 0 0
8.00 -8.90 0 0
8.10 -8.90 0 0
8.20 -8.90 0 0
8.30 -8.90 0 0
8.40 -8.90 0 0
8.50 -8.90 0 0
8.60 -8.90 0 0
8.70 -8.90 0 0
8.80 -8.90 0 0
8.90 -8.90 0 0
9.00 -8.90 0 0
9.10 -8.90 0 0
-9.00 -8.80 0 0
-8.90 -8.80 0 0
-8.80 -8.80 0 0
-8.70 -8.80 0 0
-8.60 -8.80 0 0
-8.50 -8.80 0 0
-8.40 -8.80 0 0
-8.30 -8.80 0 0
-8.20 -8.80 0 0
-8.10 -8.80 0 0
-8.00 -8.80 0 0
-7.90 -8.80 0 0
-7.80 -8.80 0 0
-7.70 -8.80 0 0
-7.60 -8.80 0 0
-7.50 -8.80 0 0
-7.40 -8.80 0 0
-7.30 -8.80 0 0
-7.20 -8.80 0 0
-7.10 -8.80 0 0
-7.00 -8.80 0 0
-6.90 -8.80 0 0
-6.80 -8.80 0 0
-6.70 -8.80 0 0
-6.60 -8.80 0 0
-6.50 -8.80 0 0
-6.40 -8.80 0 0
-6.30 -8.80 0 0
-6.20 -8.80 0 0
-6.10 -8.80 0 0
-6.00 -8.80 0 0
-5.90 -8.80 0 0
-5.80 -8.80 0 0
-5.70 -8.80 0 0
-5.60 -8.80 0 0
-5.50 -8.80 0 0
-5.40 -8.80 0 0
-5.30 -8.80 0 0
-5.20 -8.80 0 0
-5.10 -8.80 0 0
-5.00 -8.80 0 0
-4.90 -8.80 0 0
-4.80 -8.80 0 0
-4.70 -8.80 0 0
-4.60 -8.80 0 0
-4.50 -8.80 0 0
-4.40 -8.80 0 0
-4.30 -8.80 0 0
-4.20 -8.80 0 0
-4.10 -8.80 0 0
-4.00 -8.80 0 0
-3.90 -8.80 0 0
-3.80 -8.80 0 0
-3.70 -8.80 0 0
-3.60 -8.80 0 0
-3.50 -8.80 0 0
-3.40 -8.80 0 0
-3.30 -8.80 0 0
-3.20 -8.80 0 0
-3.10 -8.80 0 0
-3.00 -8.80 0 0
-2.90 -8.80 0 0
-2.80 -8.80 0 0
-2.70 -8.80 0 0
-2.60 -8.80 0 0
-2.50 -8.80 0 0
-2.40 -8.80 0 0
-2.30 -8.80 0 0
-2.20 -8.80 0 0
-2.10 -8.80 0 0
-2.00 -8.80 0 0
-1.90 -8.80 0 0
-1.80 -8.80 0 0
-1.70 -8.80 0 0
-1.60 -8.80 0 0
-1.50 -8.80 0 0
-1.40 -8.80 0 0
-1.30 -8.80 0 0
-1.20 -8.80 0 0
-1.10 -8.80 0 0
-1.00 -8.80 0 0
-0.90 -8.80 0 0
-0.80 -8.80 0 0
-0.70 -8.80 0 0
-0.60 -8.80 0 0
-0.50 -8.80 0 0
-0.40 -8.80 0 0
-0.30 -8.80 0 0
-0.20 -8.80 0 0
-0.10 -8.80 0 0
-0.00 -8.80 46 205
0.10 -8.80 49 205
0.20 -8.80 51 203
0.30 -8.80 53 201
0.40 -8.80 57 198
0.50 -8.80 58 200
0.60 -8.80 60 198
0.70 -8.80 63 195
0.80 -8.80 67 196
0.90 -8.80 71 193
1.00 -8.80 74 191
1.10 -8.80 76 190
1.20 -8.80 79 188
1.30 -8.80 80 190
1.40 -8.80 83 190
1.50 -8.80 86 186
1.60 -8.80 87 187
1.70 -8.80 91 185
1.80 -8.80 92 185
1.90 -8.80 97 182
2.00 -8.80 98 182
2.10 -8.80 101 180
2.20 -8.80 103 180
2.30 -8.80 107 178
2.40 -8.80 108 177
2.50 -8.80 112 176
2.60 -8.80 114 175
2.70 -8.80 116 174
2.80 -8.80 119 174
2.90 -8.80 121 172
3.00 -8.80 124 171
3.10 -8.80 126 169
3.20 -8.80 129 168
3.30 -8.80 131 166
3.40 -8.80 134 165
3.50 -8.80 137 163
3.60 -8.80 140 162
3.70 -8.80 142 161
3.80 -8.80 144 160
3.90 -8.80 147 161
4.00 -8.80 150 157
4.10 -8.80 152 160
4.20 -8.80 155 158
4.30 -8.80 159 152
4.40 -8.80 166 140
4.50 -8.80 169 139
4.60 -8.80 171 138
4.70 -8.80 0 0
4.80 -8.80 0 0
4.90 -8.80 0 0
5.00 -8.80 0 0
5.10 -8.80 0 0
5.20 -8.80 0 0
5.30 -8.80 0 0
5.40 -8.80 0 0
5.50 -8.80 0 0
5.60 -8.80 0 0
5.70 -8.80 0 0
5.80 -8.80 0 0
5.90 -8.80 0 0
6.00 -8.80 0 0
6.10 -8.80 0 0
6.20 -8.80 0 0
6.30 -8.80 0 0
6.40 -8.80 0 0
6.50 -8.80 0 0
6.60 -8.80 0 0
6.70 -8.80 0 0
6.80 -8.80 0 0
6.90 -8.80 221 140
7.00 -8.80 224 139
7.10 -8.80 228 138
7.20 -8.80 228 138
7.30 -8.80 232 137
7.40 -8.80 233 138
7.50 -8.80 236 135
7.60 -8.80 0 0
7.70 -8.80 239 135
7.80 -8.80 0 0
7.90 -8.80 0 0
8.00 -8.80 0 0
8.10 -8.80 0 0
8.20 -8.80 0 0
8.30 -8.80 0 0
8.40 -8.80 0 0
8.50 -8.80 0 0
8.60 -8.80 0 0
8.70 -8.80 0 0
8.80 -8.80 0 0
8.90 -8.80 0 0
9.00 -8.80 0 0
9.10 -8.80 0 0
-9.00 -8.70 0 0
-8.90 -8.70 0 0
-8.80 -8.70 0 0
-8.70 -8.70 0 0
-8.60 -8.70 0 0
-8.50 -8.70 0 0
-8.40 -8.70 0 0
-8.30 -8.70 0 0
-8.20 -8.70 0 0
-8.10 -8.70 0 0
-8.00 -8.70 0 0
-7.90 -8.70 0 0
-7.80 -8.70 0 0
-7.70 -8.70 0 0
-7.60 -8.70 0 0
-7.50 -8.70 0 0
-7.40 -8.70 0 0
-7.30 -8.70 0 0
-7.20 -8.70 0 0
-7.10 -8.70 0 0
-7.00 -8.70 0 0
-6.90 -8.70 0 0
-6.80 -8.70 0 0
-6.70 -8.70 0 0
-6.60 -8.70 0 0
-6.50 -8.70 0 0
-6.40 -8.70 0 0
-6.30 -8.70 0 0
-6.20 -8.70 0 0
-6.10 -8.70 0 0
-6.00 -8.70 0 0
-5.90 -8.70 0 0
-5.80 -8.70 0 0
-5.70 -8.70 0 0
-5.60 -8.70 0 0
-5.50 -8.70 0 0
-5.40 -8.70 0 0
-5.30 -8.70 0 0
-5.20 -8.70 0 0
-5.10 -8.70 0 0
-5.00 -8.70 0 0
-4.90 -8.70 0 0
-4.80 -8.70 0 0
-4.70 -8.70 0 0
-4.60 -8.70 0 0
-4.50 -8.70 0 0
-4.40 -8.70 0 0
-4.30 -8.70 0 0
-4.20 -8.70 0 0
-4.10 -8.70 0 0
-4.00 -8.70 0 0
-3.90 -8.70 0 0
-3.80 -8.70 0 0
-3.70 -8.70 0 0
-3.60 -8.70 0 0
-3.50 -8.70 0 0
-3.40 -8.70 0 0
-3.30 -8.70 0 0
-3.20 -8.70 0 0
-3.10 -8.70 0 0
-3.00 -8.70 0 0
-2.90 -8.70 0 0
-2.80 -8.70 0 0
-2.70 -8.70 0 0
-2.60 -8.70 0 0
-2.50 -8.70 0 0
-2.40 -8.70 0 0
-2.30 -8.70 0 0
-2.20 -8.70 0 0
-2.10 -8.70 0 0
-2.00 -8.70 0 0
-1.90 -8.70 0 0
-1.80 -8.70 0 0
-1.70 -8.70 0 0
-1.60 -8.70 0 0
-1.50 -8.70 0 0
-1.40 -8.70 0 0
-1.30 -8.70 0 0
-1.20 -8.70 0 0
-1.10 -8.70 0 0
-1.00 -8.70 0 0
-0.90 -8.70 0 0
-0.80 -8.70 0 0
-0.70 -8.70 0 0
-0.60 -8.70 0 0
-0.50 -8.70 0 0
-0.40 -8.70 0 0
-0.30 -8.70 38 212
-0.20 -8.70 41 210
-0.10 -8.70 44 208
-0.00 -8.70 46 208
0.10 -8.70 48 208
0.20 -8.70 51 206
0.30 -8.70 55 204
0.40 -8.70 57 204
0.50 -8.70 59 203
0.60 -8.70 62 202
0.70 -8.70 65 198
0.80 -8.70 67 198
0.90 -8.70 71 195
1.00 -8.70 75 193
1.10 -8.70 77 193
1.20 -8.70 78 192
1.30 -8.70 82 190
1.40 -8.70 84 189
1.50 -8.70 87 189
1.60 -8.70 89 187
1.70 -8.70 91 188
1.80 -8.70 93 186
1.90 -8.70 96 185
2.00 -8.70 99 183
2.10 -8.70 102 183
2.20 -8.70 104 180
2.30 -8.70 106 181
2.40 -8.70 109 180
2.50 -8.70 112 178
2.60 -8.70 114 177
2.70 -8.70 117 177
2.80 -8.70 118 175
2.90 -8.70 122 173
3.00 -8.70 124 172
3.10 -8.70 127 172
3.20 -8.70 130 170
3.30 -8.70 133 168
3.40 -8.70 135 167
3.50 -8.70 137 166
3.60 -8.70 140 164
3.70 -8.70 142 163
3.80 -8.70 145 162
3.90 -8.70 148 160
4.00 -8.70 151 159
4.10 -8.70 153 158
4.20 -8.70 156 158
4.30 -8.70 159 157
4.40 -8.70 161 154
4.50 -8.70 164 153
4.60 -8.70 165 156
4.70 -8.70 175 138
4.80 -8.70 177 138
4.90 -8.70 181 137
5.00 -8.70 182 136
5.10 -8.70 185 136
5.20 -8.70 0 0
5.30 -8.70 0 0
5.40 -8.70 0 0
5.50 -8.70 0 0
5.60 -8.70 0 0
5.70 -8.70 0 0
5.80 -8.70 0 0
5.90 -8.70 0 0
6.00 -8.70 0 0
6.10 -8.70 0 0
6.20 -8.70 0 0
6.30 -8.70 0 0
6.40 -8.70 0 0
6.50 -8.70 0 0
6.60 -8.70 0 0
6.70 -8.70 0 0
6.80 -8.70 0 0
6.90 -8.70 0 0
7.00 -8.70 225 139
7.10 -8.70 228 139
7.20 -8.70 230 138
7.30 -8.70 231 138
7.40 -8.70 236 137
7.50 -8.70 235 137
7.60 -8.70 236 136
7.70 -8.70 242 136
7.80 -8.70 250 135
7.90 -8.70 0 0
8.00 -8.70 251 132
8.10 -8.70 251 133
8.20 -8.70 257 133
8.30 -8.70 258 132
8.40 -8.70 262 132
8.50 -8.70 0 0
8.60 -8.70 0 0
8.70 -8.70 0 0
8.80 -8.70 0 0
8.90 -8.70 0 0
9.00 -8.70 0 0
9.10 -8.70 0 0
-9.00 -8.60 0 0
-8.90 -8.60 0 0
-8.80 -8.60 0 0
-8.70 -8.60 0 0
-8.60 -8.60 0 0
-8.50 -8.60 0 0
-8.40 -8.60 0 0
-8.30 -8.60 0 0
-8.20 -8.60 0 0
-8.10 -8.60 0 0
-8.00 -8.60 0 0
-7.90 -8.60 0 0
-7.80 -8.60 0 0
-7.70 -8.60 0 0
-7.60 -8.60 0 0
-7.50 -8.60 0 0
-7.40 -8.60 0 0
-7.30 -8.60 0 0
-7.20 -8.60 0 0
-7.10 -8.60 0 0
-7.00 -8.60 0 0
-6.90 -8.60 0 0
-6.80 -8.60 0 0
-6.70 -8.60 0 0
-6.60 -8.60 0 0
-6.50 -8.60 0 0
-6.40 -8.60 0 0
-6.30 -8.60 0 0
-6.20 -8.60 0 0
-6.10 -8.60 0 0
-6.00 -8.60 0 0
-5.90 -8.60 0 0
-5.80 -8.60 0 0
-5.70 -8.60 0 0
-5.60 -8.60 0 0
-5.50 -8.60 0 0
-5.40 -8.60 0 0
-5.30 -8.60 0 0
-5.20 -8.60 0 0
-5.10 -8.60 0 0
-5.00 -8.60 0 0
-4.90 -8.60 0 0
-4.80 -8.60 0 0
-4.70 -8.60 0 0
-4.60 -8.60 0 0
-4.50 -8.60 0 0
-4.40 -8.60 0 0
-4.30 -8.60 0 0
-4.20 -8.60 0 0
-4.10 -8.60 0 0
-4.00 -8.60 0 0
-3.90 -8.60 0 0
-3.80 -8.60 0 0
-3.70 -8.60 0 0
-3.60 -8.60 0 0
-3.50 -8.60 0 0
-3.40 -8.60 0 0
-3.30 -8.60 0 0
-3.20 -8.60 0 0
-3.10 -8.60 0 0
-3.00 -8.60 0 0
-2.90 -8.60 0 0
-2.80 -8.60 0 0
-2.70 -8.60 0 0
-2.60 -8.60 0 0
-2.50 -8.60 0 0
-2.40 -8.60 0 0
-2.30 -8.60 0 0
-2.20 -8.60 0 0
-2.10 -8.60 0 0
-2.00 -8.60 0 0
-1.90 -8.60 0 0
-1.80 -8.60 0 0
-1.70 -8.60 0 0
-1.60 -8.60 0 0
-1.50 -8.60 0 0
-1.40 -8.60 0 0
-1.30 -8.60 0 0
-1.20 -8.60 0 0
-1.10 -8.60 0 0
-1.00 -8.60 0 0
-0.90 -8.60 0 0
-0.80 -8.60 0 0
-0.70 -8.60 0 0
-0.60 -8.60 0 0
-0.50 -8.60 33 218
-0.40 -8.60 37 216
-0.30 -8.60 40 215
-0.20 -8.60 42 214
-0.10 -8.60 43 212
-0.00 -8.60 48 210
0.10 -8.60 50 210
0.20 -8.60 53 209
0.30 -8.60 55 207
0.40 -8.60 57 205
0.50 -8.60 60 203
0.60 -8.60 62 202
0.70 -8.60 65 202
0.80 -8.60 68 199
0.90 -8.60 72 197
1.00 -8.60 75 195
1.10 -8.60 77 195
1.20 -8.60 78 195
1.30 -8.60 82 193
1.40 -8.60 84 192
1.50 -8.60 86 191
1.60 -8.60 89 190
1.70 -8.60 91 190
1.80 -8.60 94 189
1.90 -8.60 97 187
2.00 -8.60 100 186
2.10 -8.60 102 184
2.20 -8.60 105 183
2.30 -8.60 108 183
2.40 -8.60 109 182
2.50 -8.60 113 180
2.60 -8.60 115 179
2.70 -8.60 118 178
2.80 -8.60 121 177
2.90 -8.60 122 176
3.00 -8.60 125 174
3.10 -8.60 127 173
3.20 -8.60 130 172
3.30 -8.60 133 170
3.40 -8.60 136 169
3.50 -8.60 138 169
3.60 -8.60 141 166
3.70 -8.60 143 165
3.80 -8.60 144 166
3.90 -8.60 149 164
4.00 -8.60 151 161
4.10 -8.60 154 161
4.20 -8.60 156 160
4.30 -8.60 159 159
4.40 -8.60 162 157
4.50 -8.60 164 159
4.60 -8.60 166 157
4.70 -8.60 169 154
4.80 -8.60 171 158
4.90 -8.60 181 137
5.00 -8.60 183 136
5.10 -8.60 186 135
5.20 -8.60 189 136
5.30 -8.60 0 0
5.40 -8.60 0 0
5.50 -8.60 0 0
5.60 -8.60 0 0
5.70 -8.60 0 0
5.80 -8.60 0 0
5.90 -8.60 0 0
6.00 -8.60 0 0
6.10 -8.60 0 0
6.20 -8.60 0 0
6.30 -8.60 0 0
6.40 -8.60 0 0
6.50 -8.60 0 0
6.60 -8.60 0 0
6.70 -8.60 0 0
6.80 -8.60 0 0
6.90 -8.60 0 0
7.00 -8.60 0 0
7.10 -8.60 0 0
7.20 -8.60 232 140
7.30 -8.60 234 139
7.40 -8.60 236 138
7.50 -8.60 238 137
7.60 -8.60 238 137
7.70 -8.60 241 135
7.80 -8.60 248 135
7.90 -8.60 251 135
8.00 -8.60 254 133
8.10 -8.60 254 133
8.20 -8.60 258 133
8.30 -8.60 259 133
8.40 -8.60 261 132
8.50 -8.60 264 132
8.60 -8.60 0 0
8.70 -8.60 0 0
8.80 -8.60 0 0
8.90 -8.60 0 0
9.00 -8.60 0 0
9.10 -8.60 0 0
-9.00 -8.50 0 0
-8.90 -8.50 0 0
-8.80 -8.50 0 0
-8.70 -8.50 0 0
-8.60 -8.50 0 0
-8.50 -8.50 0 0
-8.40 -8.50 0 0
-8.30 -8.50 0 0
-8.20 -8.50 0 0
-8.10 -8.50 0 0
-8.00 -8.50 0 0
-7.90 -8.50 0 0
-7.80 -8.50 0 0
-7.70 -8.50 0 0
-7.60 -8.50 0 0
-7.50 -8.50 0 0
-7.40 -8.50 0 0
-7.30 -8.50 0 0
-7.20 -8.50 0 0
-7.10 -8.50 0 0
-7.00 -8.50 0 0
-6.90 -8.50 0 0
-6.80 -8.50 0 0
-6.70 -8.50 0 0
-6.60 -8.50 0 0
-6.50 -8.50 0 0
-6.40 -8.50 0 0
-6.30 -8.50 0 0
-6.20 -8.50 0 0
-6.10 -8.50 0 0
-6.00 -8.50 0 0
-5.90 -8.50 0 0
-5.80 -8.50 0 0
-5.70 -8.50 0 0
-5.60 -8.50 0 0
-5.50 -8.50 0 0
-5.40 -8.50 0 0
-5.30 -8.50 0 0
-5.20 -8.50 0 0
-5.10 -8.50 0 0
-5.00 -8.50 0 0
-4.90 -8.50 0 0
-4.80 -8.50 0 0
-4.70 -8.50 0 0
-4.60 -8.50 0 0
-4.50 -8.50 0 0
-4.40 -8.50 0 0
-4.30 -8.50 0 0
-4.20 -8.50 0 0
-4.10 -8.50 0 0
-4.00 -8.50 0 0
-3.90 -8.50 0 0
-3.80 -8.50 0 0
-3.70 -8.50 0 0
-3.60 -8.50 0 0
-3.50 -8.50 0 0
-3.40 -8.50 0 0
-3.30 -8.50 0 0
-3.20 -8.50 0 0
-3.10 -8.50 0 0
-3.00 -8.50 0 0
-2.90 -8.50 0 0
-2.80 -8.50 0 0
-2.70 -8.50 0 0
-2.60 -8.50 0 0
-2.50 -8.50 0 0
-2.40 -8.50 0 0
-2.30 -8.50 0 0
-2.20 -8.50 0 0
-2.10 -8.50 0 0
-2.00 -8.50 0 0
-1.90 -8.50 0 0
-1.80 -8.50 0 0
-1.70 -8.50 0 0
-1.60 -8.50 0 0
-1.50 -8.50 0 0
-1.40 -8.50 0 0
-1.30 -8.50 0 0
-1.20 -8.50 0 0
-1.10 -8.50 0 0
-1.00 -8.50 0 0
-0.90 -8.50 0 0
-0.80 -8.50 27 224
-0.70 -8.50 29 222
-0.60 -8.50 31 222
-0.50 -8.50 35 220
-0.40 -8.50 37 218
-0.30 -8.50 39 216
-0.20 -8.50 43 216
-0.10 -8.50 45 213
-0.00 -8.50 48 213
0.10 -8.50 51 212
0.20 -8.50 54 210
0.30 -8.50 56 209
0.40 -8.50 58 207
0.50 -8.50 61 207
0.60 -8.50 64 204
0.70 -8.50 66 204
0.80 -8.50 68 202
0.90 -8.50 72 201
1.00 -8.50 75 199
1.10 -8.50 77 199
1.20 -8.50 80 197
1.30 -8.50 83 195
1.40 -8.50 85 195
1.50 -8.50 88 194
1.60 -8.50 90 193
1.70 -8.50 93 192
1.80 -8.50 95 191
1.90 -8.50 98 190
2.00 -8.50 101 190
2.10 -8.50 103 187
2.20 -8.50 106 186
2.30 -8.50 107 185
2.40 -8.50 111 183
2.50 -8.50 112 183
2.60 -8.50 115 182
2.70 -8.50 118 182
2.80 -8.50 120 179
2.90 -8.50 124 178
3.00 -8.50 125 177
3.10 -8.50 128 176
3.20 -8.50 130 175
3.30 -8.50 133 174
3.40 -8.50 135 173
3.50 -8.50 138 172
3.60 -8.50 142 171
3.70 -8.50 144 170
3.80 -8.50 146 168
3.90 -8.50 148 167
4.00 -8.50 152 166
4.10 -8.50 154 165
4.20 -8.50 158 165
4.30 -8.50 160 163
4.40 -8.50 163 163
4.50 -8.50 164 162
4.60 -8.50 167 160
4.70 -8.50 170 160
4.80 -8.50 173 160
4.90 -8.50 175 160
5.00 -8.50 176 159
5.10 -8.50 186 135
5.20 -8.50 189 135
5.30 -8.50 193 135
5.40 -8.50 195 135
5.50 -8.50 198 134
5.60 -8.50 201 134
5.70 -8.50 0 0
5.80 -8.50 0 0
5.90 -8.50 0 0
6.00 -8.50 0 0
6.10 -8.50 0 0
6.20 -8.50 0 0
6.30 -8.50 0 0
6.40 -8.50 0 0
6.50 -8.50 0 0
6.60 -8.50 0 0
6.70 -8.50 0 0
6.80 -8.50 0 0
6.90 -8.50 0 0
7.00 -8.50 0 0
7.10 -8.50 0 0
7.20 -8.50 0 0
7.30 -8.50 234 138
7.40 -8.50 238 139
7.50 -8.50 241 138
7.60 -8.50 245 137
7.70 -8.50 249 137
7.80 -8.50 250 135
7.90 -8.50 251 136
8.00 -8.50 254 134
8.10 -8.50 257 134
8.20 -8.50 257 133
8.30 -8.50 260 133
8.40 -8.50 263 132
8.50 -8.50 261 132
8.60 -8.50 0 0
8.70 -8.50 0 0
8.80 -8.50 0 0
8.90 -8.50 0 0
9.00 -8.50 0 0
9.10 -8.50 0 0
-9.00 -8.40 0 0
-8.90 -8.40 0 0
-8.80 -8.40 0 0
-8.70 -8.40 0 0
-8.60 -8.40 0 0
-8.50 -8.40 0 0
-8.40 -8.40 0 0
-8.30 -8.40 0 0
-8.20 -8.40 0 0
-8.10 -8.40 0 0
-8.00 -8.40 0 0
-7.90 -8.40 0 0
-7.80 -8.40 0 0
-7.70 -8.40 0 0
-7.60 -8.40 0 0
-7.50 -8.40 0 0
-7.40 -8.40 0 0
-7.30 -8.40 0 0
-7.20 -8.40 0 0
-7.10 -8.40 0 0
-7.00 -8.40 0 0
-6.90 -8.40 0 0
-6.80 -8.40 0 0
-6.70 -8.40 0 0
-6.60 -8.40 0 0
-6.50 -8.40 0 0
-6.40 -8.40 0 0
-6.30 -8.40 0 0
-6.20 -8.40 0 0
-6.10 -8.40 0 0
-6.00 -8.40 0 0
-5.90 -8.40 0 0
-5.80 -8.40 0 0
-5.70 -8.40 0 0
-5.60 -8.40 0 0
-5.50 -8.40 0 0
-5.40 -8.40 0 0
-5.30 -8.40 0 0
-5.20 -8.40 0 0
-5.10 -8.40 0 0
-5.00 -8.40 0 0
-4.90 -8.40 0 0
-4.80 -8.40 0 0
-4.70 -8.40 0 0
-4.60 -8.40 0 0
-4.50 -8.40 0 0
-4.40 -8.40 0 0
-4.30 -8.40 0 0
-4.20 -8.40 0 0
-4.10 -8.40 0 0
-4.00 -8.40 0 0
-3.90 -8.40 0 0
-3.80 -8.40 0 0
-3.70 -8.40 0 0
-3.60 -8.40 0 0
-3.50 -8.40 0 0
-3.40 -8.40 0 0
-3.30 -8.40 0 0
-3.20 -8.40 0 0
-3.10 -8.40 0 0
-3.00 -8.40 0 0
-2.90 -8.40 0 0
-2.80 -8.40 0 0
-2.70 -8.40 0 0
-2.60 -8.40 0 0
-2.50 -8.40 0 0
-2.40 -8.40 0 0
-2.30 -8.40 0 0
-2.20 -8.40 0 0
-2.10 -8.40 0 0
-2.00 -8.40 0 0
-1.90 -8.40 0 0
-1.80 -8.40 0 0
-1.70 -8.40 0 0
-1.60 -8.40 0 0
-1.50 -8.40 0 0
-1.40 -8.40 0 0
-1.30 -8.40 0 0
-1.20 -8.40 0 0
-1.10 -8.40 0 0
-1.00 -8.40 0 0
-0.90 -8.40 24 228
-0.80 -8.40 27 225
-0.70 -8.40 29 224
-0.60 -8.40 32 224
-0.50 -8.40 35 222
-0.40 -8.40 38 220
-0.30 -8.40 41 219
-0.20 -8.40 44 217
-0.10 -8.40 47 217
-0.00 -8.40 49 215
0.10 -8.40 53 213
0.20 -8.40 55 212
0.30 -8.40 58 212
0.40 -8.40 59 210
0.50 -8.40 64 209
0.60 -8.40 66 208
0.70 -8.40 68 208
0.80 -8.40 71 207
0.90 -8.40 75 205
1.00 -8.40 77 204
1.10 -8.40 80 202
1.20 -8.40 82 201
1.30 -8.40 84 199
1.40 -8.40 87 198
1.50 -8.40 89 198
1.60 -8.40 91 197
1.70 -8.40 94 196
1.80 -8.40 97 196
1.90 -8.40 99 194
2.00 -8.40 101 193
2.10 -8.40 103 191
2.20 -8.40 106 190
2.30 -8.40 109 188
2.40 -8.40 111 188
2.50 -8.40 114 187
2.60 -8.40 117 186
2.70 -8.40 120 184
2.80 -8.40 122 183
2.90 -8.40 124 182
3.00 -8.40 126 181
3.10 -8.40 129 179
3.20 -8.40 132 178
3.30 -8.40 135 178
3.40 -8.40 136 176
3.50 -8.40 141 175
3.60 -8.40 143 174
3.70 -8.40 146 173
3.80 -8.40 148 171
3.90 -8.40 150 171
4.00 -8.40 152 170
4.10 -8.40 156 169
4.20 -8.40 158 168
4.30 -8.40 160 168
4.40 -8.40 164 166
4.50 -8.40 166 164
4.60 -8.40 168 163
4.70 -8.40 171 162
4.80 -8.40 173 161
4.90 -8.40 177 161
5.00 -8.40 179 159
5.10 -8.40 181 159
5.20 -8.40 184 159
5.30 -8.40 186 159
5.40 -8.40 196 134
5.50 -8.40 199 133
5.60 -8.40 201 133
5.70 -8.40 0 0
5.80 -8.40 206 133
5.90 -8.40 0 0
6.00 -8.40 0 0
6.10 -8.40 0 0
6.20 -8.40 0 0
6.30 -8.40 0 0
6.40 -8.40 0 0
6.50 -8.40 0 0
6.60 -8.40 0 0
6.70 -8.40 0 0
6.80 -8.40 0 0
6.90 -8.40 0 0
7.00 -8.40 0 0
7.10 -8.40 0 0
7.20 -8.40 0 0
7.30 -8.40 0 0
7.40 -8.40 0 0
7.50 -8.40 240 140
7.60 -8.40 248 138
7.70 -8.40 250 137
7.80 -8.40 253 136
7.90 -8.40 255 136
8.00 -8.40 256 134
8.10 -8.40 257 134
8.20 -8.40 260 134
8.30 -8.40 262 132
8.40 -8.40 265 132
8.50 -8.40 267 132
8.60 -8.40 0 0
8.70 -8.40 0 0
8.80 -8.40 0 0
8.90 -8.40 0 0
9.00 -8.40 0 0
9.10 -8.40 0 0
-9.00 -8.30 0 0
-8.90 -8.30 0 0
-8.80 -8.30 0 0
-8.70 -8.30 0 0
-8.60 -8.30 0 0
-8.50 -8.30 0 0
-8.40 -8.30 0 0
-8.30 -8.30 0 0
-8.20 -8.30 0 0
-8.10 -8.30 0 0
-8.00 -8.30 0 0
-7.90 -8.30 0 0
-7.80 -8.30 0 0
-7.70 -8.30 0 0
-7.60 -8.30 0 0
-7.50 -8.30 0 0
-7.40 -8.30 0 0
-7.30 -8.30 0 0
-7.20 -8.30 0 0
-7.10 -8.30 0 0
-7.00 -8.30 0 0
-6.90 -8.30 0 0
-6.80 -8.30 0 0
-6.70 -8.30 0 0
-6.60 -8.30 0 0
-6.50 -8.30 0 0
-6.40 -8.30 0 0
-6.30 -8.30 0 0
-6.20 -8.30 0 0
-6.10 -8.30 0 0
-6.00 -8.30 0 0
-5.90 -8.30 0 0
-5.80 -8.30 0 0
-5.70 -8.30 0 0
-5.60 -8.30 0 0
-5.50 -8.30 0 0
-5.40 -8.30 0 0
-5.30 -8.30 0 0
-5.20 -8.30 0 0
-5.10 -8.30 0 0
-5.00 -8.30 0 0
-4.90 -8.30 0 0
-4.80 -8.30 0 0
-4.70 -8.30 0 0
-4.60 -8.30 0 0
-4.50 -8.30 0 0
-4.40 -8.30 0 0
-4.30 -8.30 0 0
-4.20 -8.30 0 0
-4.10 -8.30 0 0
-4.00 -8.30 0 0
-3.90 -8.30 0 0
-3.80 -8.30 0 0
-3.70 -8.30 0 0
-3.60 -8.30 0 0
-3.50 -8.30 0 0
-3.40 -8.30 0 0
-3.30 -8.30 0 0
-3.20 -8.30 0 0
-3.10 -8.30 0 0
-3.00 -8.30 0 0
-2.90 -8.30 0 0
-2.80 -8.30 0 0
-2.70 -8.30 0 0
-2.60 -8.30 0 0
-2.50 -8.30 0 0
-2.40 -8.30 0 0
-2.30 -8.30 0 0
-2.20 -8.30 0 0
-2.10 -8.30 0 0
-2.00 -8.30 0 0
-1.90 -8.30 0 0
-1.80 -8.30 0 0
-1.70 -8.30 0 0
-1.60 -8.30 0 0
-1.50 -8.30 0 0
-1.40 -8.30 0 0
-1.30 -8.30 0 0
-1.20 -8.30 0 0
-1.10 -8.30 20 231
-1.00 -8.30 23 230
-0.90 -8.30 26 228
-0.80 -8.30 29 228
-0.70 -8.30 31 226
-0.60 -8.30 34 224
-0.50 -8.30 37 223
-0.40 -8.30 39 222
-0.30 -8.30 43 222
-0.20 -8.30 46 220
-0.10 -8.30 48 219
-0.00 -8.30 50 218
0.10 -8.30 53 215
0.20 -8.30 57 216
0.30 -8.30 59 214
0.40 -8.30 62 212
0.50 -8.30 64 212
0.60 -8.30 67 211
0.70 -8.30 70 211
0.80 -8.30 73 210
0.90 -8.30 75 208
1.00 -8.30 78 207
1.10 -8.30 80 205
1.20 -8.30 83 204
1.30 -8.30 85 203
1.40 -8.30 88 201
1.50 -8.30 90 200
1.60 -8.30 93 199
1.70 -8.30 95 197
1.80 -8.30 97 197
1.90 -8.30 100 196
2.00 -8.30 103 194
2.10 -8.30 104 195
2.20 -8.30 107 193
2.30 -8.30 110 192
2.40 -8.30 112 190
2.50 -8.30 114 190
2.60 -8.30 117 188
2.70 -8.30 120 187
2.80 -8.30 123 185
2.90 -8.30 125 184
3.00 -8.30 128 183
3.10 -8.30 130 182
3.20 -8.30 131 181
3.30 -8.30 135 180
3.40 -8.30 139 178
3.50 -8.30 141 177
3.60 -8.30 142 176
3.70 -8.30 146 176
3.80 -8.30 148 175
3.90 -8.30 151 173
4.00 -8.30 154 172
4.10 -8.30 157 170
4.20 -8.30 158 170
4.30 -8.30 161 168
4.40 -8.30 163 167
4.50 -8.30 167 166
4.60 -8.30 170 165
4.70 -8.30 172 165
4.80 -8.30 175 163
4.90 -8.30 177 163
5.00 -8.30 180 162
5.10 -8.30 183 161
5.20 -8.30 185 160
5.30 -8.30 188 159
5.40 -8.30 191 157
5.50 -8.30 193 157
5.60 -8.30 202 133
5.70 -8.30 204 133
5.80 -8.30 207 133
5.90 -8.30 210 134
6.00 -8.30 214 134
6.10 -8.30 0 0
6.20 -8.30 0 0
6.30 -8.30 0 0
6.40 -8.30 0 0
6.50 -8.30 0 0
6.60 -8.30 0 0
6.70 -8.30 0 0
6.80 -8.30 0 0
6.90 -8.30 0 0
7.00 -8.30 0 0
7.10 -8.30 0 0
7.20 -8.30 0 0
7.30 -8.30 247 87
7.40 -8.30 249 87
7.50 -8.30 0 0
7.60 -8.30 0 0
7.70 -8.30 250 138
7.80 -8.30 253 137
7.90 -8.30 256 135
8.00 -8.30 255 135
8.10 -8.30 258 134
8.20 -8.30 262 134
8.30 -8.30 265 133
8.40 -8.30 266 132
8.50 -8.30 267 133
8.60 -8.30 0 0
8.70 -8.30 0 0
8.80 -8.30 0 0
8.90 -8.30 0 0
9.00 -8.30 0 0
9.10 -8.30 0 0
-9.00 -8.20 0 0
-8.90 -8.20 0 0
-8.80 -8.20 0 0
-8.70 -8.20 0 0
-8.60 -8.20 0 0
-8.50 -8.20 0 0
-8.40 -8.20 0 0
-8.30 -8.20 0 0
-8.20 -8.20 0 0
-8.10 -8.20 0 0
-8.00 -8.20 0 0
-7.90 -8.20 0 0
-7.80 -8.20 0 0
-7.70 -8.20 0 0
-7.60 -8.20 0 0
-7.50 -8.20 0 0
-7.40 -8.20 0 0
-7.30 -8.20 0 0
-7.20 -8.20 0 0
-7.10 -8.20 0 0
-7.00 -8.20 0 0
-6.90 -8.20 0 0
-6.80 -8.20 0 0
-6.70 -8.20 0 0
-6.60 -8.20 0 0
-6.50 -8.20 0 0
-6.40 -8.20 0 0
-6.30 -8.20 0 0
-6.20 -8.20 0 0
-6.10 -8.20 0 0
-6.00 -8.20 0 0
-5.90 -8.20 0 0
-5.80 -8.20 0 0
-5.70 -8.20 0 0
-5.60 -8.20 0 0
-5.50 -8.20 0 0
-5.40 -8.20 0 0
-5.30 -8.20 0 0
-5.20 -8.20 0 0
-5.10 -8.20 0 0
-5.00 -8.20 0 0
-4.90 -8.20 0 0
-4.80 -8.20 0 0
-4.70 -8.20 0 0
-4.60 -8.20 0 0
-4.50 -8.20 0 0
-4.40 -8.20 0 0
-4.30 -8.20 0 0
-4.20 -8.20 0 0
-4.10 -8.20 0 0
-4.00 -8.20 0 0
-3.90 -8.20 0 0
-3.80 -8.20 0 0
-3.70 -8.20 0 0
-3.60 -8.20 0 0
-3.50 -8.20 0 0
-3.40 -8.20 0 0
-3.30 -8.20 0 0
-3.20 -8.20 0 0
-3.10 -8.20 0 0
-3.00 -8.20 0 0
-2.90 -8.20 0 0
-2.80 -8.20 0 0
-2.70 -8.20 0 0
-2.60 -8.20 0 0
-2.50 -8.20 0 0
-2.40 -8.20 0 0
-2.30 -8.20 0 0
-2.20 -8.20 0 0
-2.10 -8.20 0 0
-2.00 -8.20 0 0
-1.90 -8.20 0 0
-1.80 -8.20 0 0
-1.70 -8.20 0 0
-1.60 -8.20 0 0
-1.50 -8.20 0 0
-1.40 -8.20 0 0
-1.30 -8.20 16 235
-1.20 -8.20 18 235
-1.10 -8.20 21 234
-1.00 -8.20 24 232
-0.90 -8.20 27 230
-0.80 -8.20 29 229
-0.70 -8.20 32 228
-0.60 -8.20 35 226
-0.50 -8.20 37 225
-0.40 -8.20 41 223
-0.30 -8.20 44 223
-0.20 -8.20 47 222
-0.10 -8.20 48 220
-0.00 -8.20 52 219
0.10 -8.20 55 218
0.20 -8.20 58 216
0.30 -8.20 61 215
0.40 -8.20 64 213
0.50 -8.20 67 213
0.60 -8.20 70 213
0.70 -8.20 71 213
0.80 -8.20 74 211
0.90 -8.20 75 211
1.00 -8.20 79 209
1.10 -8.20 81 207
1.20 -8.20 84 205
1.30 -8.20 86 205
1.40 -8.20 89 203
1.50 -8.20 91 202
1.60 -8.20 93 202
1.70 -8.20 96 200
1.80 -8.20 97 199
1.90 -8.20 101 197
2.00 -8.20 103 197
2.10 -8.20 105 196
2.20 -8.20 109 194
2.30 -8.20 111 192
2.40 -8.20 113 192
2.50 -8.20 115 191
2.60 -8.20 118 190
2.70 -8.20 121 188
2.80 -8.20 123 187
2.90 -8.20 124 186
3.00 -8.20 127 184
3.10 -8.20 131 183
3.20 -8.20 134 181
3.30 -8.20 138 181
3.40 -8.20 138 180
3.50 -8.20 141 179
3.60 -8.20 144 177
3.70 -8.20 147 177
3.80 -8.20 150 175
3.90 -8.20 152 174
4.00 -8.20 154 173
4.10 -8.20 158 172
4.20 -8.20 159 170
4.30 -8.20 161 170
4.40 -8.20 165 169
4.50 -8.20 168 167
4.60 -8.20 171 166
4.70 -8.20 172 166
4.80 -8.20 176 164
4.90 -8.20 178 163
5.00 -8.20 180 163
5.10 -8.20 183 161
5.20 -8.20 186 161
5.30 -8.20 188 160
5.40 -8.20 191 160
5.50 -8.20 193 158
5.60 -8.20 196 157
5.70 -8.20 206 133
5.80 -8.20 208 132
5.90 -8.20 212 132
6.00 -8.20 214 132
6.10 -8.20 216 132
6.20 -8.20 219 133
6.30 -8.20 0 0
6.40 -8.20 0 0
6.50 -8.20 0 0
6.60 -8.20 0 0
6.70 -8.20 0 0
6.80 -8.20 0 0
6.90 -8.20 0 0
7.00 -8.20 0 0
7.10 -8.20 0 0
7.20 -8.20 0 0
7.30 -8.20 248 88
7.40 -8.20 0 0
7.50 -8.20 0 0
7.60 -8.20 0 0
7.70 -8.20 0 0
7.80 -8.20 0 0
7.90 -8.20 0 0
8.00 -8.20 0 0
8.10 -8.20 0 0
8.20 -8.20 0 0
8.30 -8.20 265 134
8.40 -8.20 269 133
8.50 -8.20 268 133
8.60 -8.20 271 132
8.70 -8.20 0 0
8.80 -8.20 0 0
8.90 -8.20 0 0
9.00 -8.20 0 0
9.10 -8.20 0 0
-9.00 -8.10 0 0
-8.90 -8.10 0 0
-8.80 -8.10 0 0
-8.70 -8.10 0 0
-8.60 -8.10 0 0
-8.50 -8.10 0 0
-8.40 -8.10 0 0
-8.30 -8.10 0 0
-8.20 -8.10 0 0
-8.10 -8.10 0 0
-8.00 -8.10 0 0
-7.90 -8.10 0 0
-7.80 -8.10 0 0
-7.70 -8.10 0 0
-7.60 -8.10 0 0
-7.50 -8.10 0 0
-7.40 -8.10 0 0
-7.30 -8.10 0 0
-7.20 -8.10 0 0
-7.10 -8.10 0 0
-7.00 -8.10 0 0
-6.90 -8.10 0 0
-6.80 -8.10 0 0
-6.70 -8.10 0 0
-6.60 -8.10 0 0
-6.50 -8.10 0 0
-6.40 -8.10 0 0
-6.30 -8.10 0 0
-6.20 -8.10 0 0
-6.10 -8.10 0 0
-6.00 -8.10 0 0
-5.90 -8.10 0 0
-5.80 -8.10 0 0
-5.70 -8.10 0 0
-5.60 -8.10 0 0
-5.50 -8.10 0 0
-5.40 -8.10 0 0
-5.30 -8.10 0 0
-5.20 -8.10 0 0
-5.10 -8.10 0 0
-5.00 -8.10 0 0
-4.90 -8.10 0 0
-4.80 -8.10 0 0
-4.70 -8.10 0 0
-4.60 -8.10 0 0
-4.50 -8.10 0 0
-4.40 -8.10 0 0
-4.30 -8.10 0 0
-4.20 -8.10 0 0
-4.10 -8.10 0 0
-4.00 -8.10 0 0
-3.90 -8.10 0 0
-3.80 -8.10 0 0
-3.70 -8.10 0 0
-3.60 -8.10 0 0
-3.50 -8.10 0 0
-3.40 -8.10 0 0
-3.30 -8.10 0 0
-3.20 -8.10 0 0
-3.10 -8.10 0 0
-3.00 -8.10 0 0
-2.90 -8.10 0 0
-2.80 -8.10 0 0
-2.70 -8.10 0 0
-2.60 -8.10 0 0
-2.50 -8.10 0 0
-2.40 -8.10 0 0
-2.30 -8.10 0 0
-2.20 -8.10 0 0
-2.10 -8.10 0 0
-2.00 -8.10 0 0
-1.90 -8.10 0 0
-1.80 -8.10 0 0
-1.70 -8.10 0 0
-1.60 -8.10 0 0
-1.50 -8.10 13 241
-1.40 -8.10 15 240
-1.30 -8.10 18 237
-1.20 -8.10 21 236
-1.10 -8.10 23 235
-1.00 -8.10 26 234
-0.90 -8.10 29 233
-0.80 -8.10 33 231
-0.70 -8.10 35 228
-0.60 -8.10 37 228
-0.50 -8.10 41 226
-0.40 -8.10 43 224
-0.30 -8.10 46 225
-0.20 -8.10 47 223
-0.10 -8.10 50 221
-0.00 -8.10 53 222
0.10 -8.10 57 219
0.20 -8.10 60 218
0.30 -8.10 62 217
0.40 -8.10 65 216
0.50 -8.10 68 215
0.60 -8.10 71 214
0.70 -8.10 73 214
0.80 -8.10 74 212
0.90 -8.10 76 212
1.00 -8.10 80 210
1.10 -8.10 81 209
1.20 -8.10 85 207
1.30 -8.10 87 205
1.40 -8.10 89 204
1.50 -8.10 92 203
1.60 -8.10 94 202
1.70 -8.10 98 200
1.80 -8.10 99 200
1.90 -8.10 102 199
2.00 -8.10 104 198
2.10 -8.10 107 197
2.20 -8.10 109 195
2.30 -8.10 112 193
2.40 -8.10 114 192
2.50 -8.10 116 191
2.60 -8.10 118 190
2.70 -8.10 121 188
2.80 -8.10 123 187
2.90 -8.10 126 186
3.00 -8.10 128 185
3.10 -8.10 130 184
3.20 -8.10 134 182
3.30 -8.10 137 181
3.40 -8.10 141 179
3.50 -8.10 143 179
3.60 -8.10 145 178
3.70 -8.10 147 176
3.80 -8.10 149 175
3.90 -8.10 151 174
4.00 -8.10 154 172
4.10 -8.10 157 172
4.20 -8.10 160 170
4.30 -8.10 162 169
4.40 -8.10 165 168
4.50 -8.10 167 167
4.60 -8.10 172 166
4.70 -8.10 173 165
4.80 -8.10 176 165
4.90 -8.10 179 163
5.00 -8.10 182 162
5.10 -8.10 184 161
5.20 -8.10 186 160
5.30 -8.10 188 160
5.40 -8.10 191 159
5.50 -8.10 194 158
5.60 -8.10 197 157
5.70 -8.10 200 157
5.80 -8.10 203 156
5.90 -8.10 207 156
6.00 -8.10 215 131
6.10 -8.10 217 131
6.20 -8.10 220 132
6.30 -8.10 222 132
6.40 -8.10 226 134
6.50 -8.10 228 135
6.60 -8.10 0 0
6.70 -8.10 0 0
6.80 -8.10 0 0
6.90 -8.10 0 0
7.00 -8.10 0 0
7.10 -8.10 0 0
7.20 -8.10 0 0
7.30 -8.10 0 0
7.40 -8.10 251 88
7.50 -8.10 254 87
7.60 -8.10 256 87
7.70 -8.10 253 138
7.80 -8.10 254 137
7.90 -8.10 258 138
8.00 -8.10 261 138
8.10 -8.10 263 137
8.20 -8.10 264 136
8.30 -8.10 266 135
8.40 -8.10 267 135
8.50 -8.10 271 134
8.60 -8.10 272 133
8.70 -8.10 275 133
8.80 -8.10 274 133
8.90 -8.10 280 133
9.00 -8.10 281 132
9.10 -8.10 0 0
-9.00 -8.00 0 0
-8.90 -8.00 0 0
-8.80 -8.00 0 0
-8.70 -8.00 0 0
-8.60 -8.00 0 0
-8.50 -8.00 0 0
-8.40 -8.00 0 0
-8.30 -8.00 0 0
-8.20 -8.00 0 0
-8.10 -8.00 0 0
-8.00 -8.00 0 0
-7.90 -8.00 0 0
-7.80 -8.00 0 0
-7.70 -8.00 0 0
-7.60 -8.00 0 0
-7.50 -8.00 0 0
-7.40 -8.00 0 0
-7.30 -8.00 0 0
-7.20 -8.00 0 0
-7.10 -8.00 0 0
-7.00 -8.00 0 0
-6.90 -8.00 0 0
-6.80 -8.00 0 0
-6.70 -8.00 0 0
-6.60 -8.00 0 0
-6.50 -8.00 0 0
-6.40 -8.00 0 0
-6.30 -8.00 0 0
-6.20 -8.00 0 0
-6.10 -8.00 0 0
-6.00 -8.00 0 0
-5.90 -8.00 0 0
-5.80 -8.00 0 0
-5.70 -8.00 0 0
-5.60 -8.00 0 0
-5.50 -8.00 0 0
-5.40 -8.00 0 0
-5.30 -8.00 0 0
-5.20 -8.00 0 0
-5.10 -8.00 0 0
-5.00 -8.00 0 0
-4.90 -8.00 0 0
-4.80 -8.00 0 0
-4.70 -8.00 0 0
-4.60 -8.00 0 0
-4.50 -8.00 0 0
-4.40 -8.00 0 0
-4.30 -8.00 0 0
-4.20 -8.00 0 0
-4.10 -8.00 0 0
-4.00 -8.00 0 0
-3.90 -8.00 0 0
-3.80 -8.00 0 0
-3.70 -8.00 0 0
-3.60 -8.00 0 0
-3.50 -8.00 0 0
-3.40 -8.00 0 0
-3.30 -8.00 0 0
-3.20 -8.00 0 0
-3.10 -8.00 0 0
-3.00 -8.00 0 0
-2.90 -8.00 0 0
-2.80 -8.00 0 0
-2.70 -8.00 0 0
-2.60 -8.00 0 0
-2.50 -8.00 0 0
-2.40 -8.00 0 0
-2.30 -8.00 0 0
-2.20 -8.00 0 0
-2.10 -8.00 0 0
-2.00 -8.00 19 217
-1.90 -8.00 21 216
-1.80 -8.00 10 247
-1.70 -8.00 13 246
-1.60 -8.00 16 245
-1.50 -8.00 18 243
-1.40 -8.00 21 241
-1.30 -8.00 22 240
-1.20 -8.00 25 238
-1.10 -8.00 28 235
-1.00 -8.00 29 235
-0.90 -8.00 31 233
-0.80 -8.00 34 232
-0.70 -8.00 37 228
-0.60 -8.00 39 228
-0.50 -8.00 42 225
-0.40 -8.00 43 226
-0.30 -8.00 47 222
-0.20 -8.00 50 221
-0.10 -8.00 52 219
-0.00 -8.00 55 220
0.10 -8.00 58 218
0.20 -8.00 60 218
0.30 -8.00 63 216
0.40 -8.00 66 216
0.50 -8.00 67 216
0.60 -8.00 70 215
0.70 -8.00 72 213
0.80 -8.00 75 213
0.90 -8.00 77 211
1.00 -8.00 80 210
1.10 -8.00 82 209
1.20 -8.00 85 208
1.30 -8.00 87 205
1.40 -8.00 89 205
1.50 -8.00 92 203
1.60 -8.00 94 202
1.70 -8.00 96 201
1.80 -8.00 99 198
1.90 -8.00 101 198
2.00 -8.00 104 196
2.10 -8.00 106 195
2.20 -8.00 108 194
2.30 -8.00 110 192
2.40 -8.00 113 191
2.50 -8.00 115 190
2.60 -8.00 117 188
2.70 -8.00 120 187
2.80 -8.00 122 186
2.90 -8.00 124 185
3.00 -8.00 128 183
3.10 -8.00 130 182
3.20 -8.00 133 181
3.30 -8.00 135 179
3.40 -8.00 138 178
3.50 -8.00 140 177
3.60 -8.00 144 175
3.70 -8.00 146 175
3.80 -8.00 149 173
3.90 -8.00 151 172
4.00 -8.00 154 171
4.10 -8.00 157 169
4.20 -8.00 159 169
4.30 -8.00 162 168
4.40 -8.00 165 167
4.50 -8.00 167 165
4.60 -8.00 170 165
4.70 -8.00 174 163
4.80 -8.00 175 163
4.90 -8.00 179 161
5.00 -8.00 182 160
5.10 -8.00 184 160
5.20 -8.00 186 158
5.30 -8.00 189 157
5.40 -8.00 193 155
5.50 -8.00 195 155
5.60 -8.00 198 157
5.70 -8.00 201 152
5.80 -8.00 204 151
5.90 -8.00 207 151
6.00 -8.00 209 154
6.10 -8.00 213 147
6.20 -8.00 214 153
6.30 -8.00 224 132
6.40 -8.00 227 132
6.50 -8.00 229 133
6.60 -8.00 232 136
6.70 -8.00 234 137
6.80 -8.00 238 139
6.90 -8.00 0 0
7.00 -8.00 0 0
7.10 -8.00 0 0
7.20 -8.00 0 0
7.30 -8.00 0 0
7.40 -8.00 253 88
7.50 -8.00 255 87
7.60 -8.00 257 87
7.70 -8.00 255 140
7.80 -8.00 257 139
7.90 -8.00 260 137
8.00 -8.00 261 138
8.10 -8.00 264 137
8.20 -8.00 266 137
8.30 -8.00 267 136
8.40 -8.00 270 136
8.50 -8.00 272 136
8.60 -8.00 274 135
8.70 -8.00 275 134
8.80 -8.00 279 134
8.90 -8.00 282 133
9.00 -8.00 283 133
9.10 -8.00 287 133
-9.00 -7.90 0 0
-8.90 -7.90 0 0
-8.80 -7.90 0 0
-8.70 -7.90 0 0
-8.60 -7.90 0 0
-8.50 -7.90 0 0
-8.40 -7.90 0 0
-8.30 -7.90 0 0
-8.20 -7.90 0 0
-8.10 -7.90 0 0
-8.00 -7.90 0 0
-7.90 -7.90 0 0
-7.80 -7.90 0 0
-7.70 -7.90 0 0
-7.60 -7.90 0 0
-7.50 -7.90 0 0
-7.40 -7.90 0 0
-7.30 -7.90 0 0
-7.20 -7.90 0 0
-7.10 -7.90 0 0
-7.00 -7.90 0 0
-6.90 -7.90 0 0
-6.80 -7.90 0 0
-6.70 -7.90 0 0
-6.60 -7.90 0 0
-6.50 -7.90 0 0
-6.40 -7.90 0 0
-6.30 -7.90 0 0
-6.20 -7.90 0 0
-6.10 -7.90 0 0
-6.00 -7.90 0 0
-5.90 -7.90 0 0
-5.80 -7.90 0 0
-5.70 -7.90 0 0
-5.60 -7.90 0 0
-5.50 -7.90 0 0
-5.40 -7.90 0 0
-5.30 -7.90 0 0
-5.20 -7.90 0 0
-5.10 -7.90 0 0
-5.00 -7.90 0 0
-4.90 -7.90 0 0
-4.80 -7.90 0 0
-4.70 -7.90 0 0
-4.60 -7.90 0 0
-4.50 -7.90 0 0
-4.40 -7.90 0 0
-4.30 -7.90 0 0
-4.20 -7.90 0 0
-4.10 -7.90 0 0
-4.00 -7.90 0 0
-3.90 -7.90 0 0
-3.80 -7.90 0 0
-3.70 -7.90 0 0
-3.60 -7.90 0 0
-3.50 -7.90 0 0
-3.40 -7.90 0 0
-3.30 -7.90 0 0
-3.20 -7.90 0 0
-3.10 -7.90 0 0
-3.00 -7.90 0 0
-2.90 -7.90 0 0
-2.80 -7.90 0 0
-2.70 -7.90 0 0
-2.60 -7.90 0 0
-2.50 -7.90 0 0
-2.40 -7.90 0 0
-2.30 -7.90 0 0
-2.20 -7.90 0 0
-2.10 -7.90 18 219
-2.00 -7.90 20 218
-1.90 -7.90 9 249
-1.80 -7.90 11 248
-1.70 -7.90 13 248
-1.60 -7.90 16 246
-1.50 -7.90 18 244
-1.40 -7.90 20 242
-1.30 -7.90 23 241
-1.20 -7.90 25 240
-1.10 -7.90 27 238
-1.00 -7.90 30 235
-0.90 -7.90 32 234
-0.80 -7.90 34 232
-0.70 -7.90 37 231
-0.60 -7.90 39 230
-0.50 -7.90 43 228
-0.40 -7.90 45 227
-0.30 -7.90 47 226
-0.20 -7.90 50 225
-0.10 -7.90 53 224
-0.00 -7.90 56 223
0.10 -7.90 59 222
0.20 -7.90 62 221
0.30 -7.90 64 220
0.40 -7.90 67 218
0.50 -7.90 69 218
0.60 -7.90 72 217
0.70 -7.90 74 216
0.80 -7.90 78 214
0.90 -7.90 79 214
1.00 -7.90 82 212
1.10 -7.90 85 211
1.20 -7.90 86 210
1.30 -7.90 89 208
1.40 -7.90 90 206
1.50 -7.90 93 206
1.60 -7.90 96 204
1.70 -7.90 98 203
1.80 -7.90 100 201
1.90 -7.90 103 199
2.00 -7.90 104 198
2.10 -7.90 107 197
2.20 -7.90 109 195
2.30 -7.90 112 194
2.40 -7.90 114 193
2.50 -7.90 117 191
2.60 -7.90 119 190
2.70 -7.90 122 189
2.80 -7.90 123 187
2.90 -7.90 125 187
3.00 -7.90 129 185
3.10 -7.90 131 184
3.20 -7.90 136 182
3.30 -7.90 137 181
3.40 -7.90 141 180
3.50 -7.90 142 178
3.60 -7.90 146 176
3.70 -7.90 147 176
3.80 -7.90 151 174
3.90 -7.90 153 174
4.00 -7.90 155 173
4.10 -7.90 158 172
4.20 -7.90 159 171
4.30 -7.90 163 169
4.40 -7.90 166 168
4.50 -7.90 169 168
4.60 -7.90 171 166
4.70 -7.90 175 166
4.80 -7.90 178 164
4.90 -7.90 180 163
5.00 -7.90 183 163
5.10 -7.90 186 162
5.20 -7.90 188 161
5.30 -7.90 191 160
5.40 -7.90 194 160
5.50 -7.90 197 158
5.60 -7.90 199 158
5.70 -7.90 201 157
5.80 -7.90 206 155
5.90 -7.90 207 155
6.00 -7.90 210 154
6.10 -7.90 214 154
6.20 -7.90 216 154
6.30 -7.90 218 154
6.40 -7.90 227 132
6.50 -7.90 230 132
6.60 -7.90 233 133
6.70 -7.90 235 135
6.80 -7.90 238 135
6.90 -7.90 240 137
7.00 -7.90 0 0
7.10 -7.90 0 0
7.20 -7.90 0 0
7.30 -7.90 0 0
7.40 -7.90 0 0
7.50 -7.90 0 0
7.60 -7.90 258 88
7.70 -7.90 261 87
7.80 -7.90 264 86
7.90 -7.90 261 139
8.00 -7.90 263 138
8.10 -7.90 265 137
8.20 -7.90 268 137
8.30 -7.90 269 137
8.40 -7.90 271 136
8.50 -7.90 273 136
8.60 -7.90 274 134
8.70 -7.90 277 134
8.80 -7.90 280 133
8.90 -7.90 283 133
9.00 -7.90 285 133
9.10 -7.90 289 133
-9.00 -7.80 0 0
-8.90 -7.80 0 0
-8.80 -7.80 0 0
-8.70 -7.80 0 0
-8.60 -7.80 0 0
-8.50 -7.80 0 0
-8.40 -7.80 0 0
-8.30 -7.80 0 0
-8.20 -7.80 0 0
-8.10 -7.80 0 0
-8.00 -7.80 0 0
-7.90 -7.80 0 0
-7.80 -7.80 0 0
-7.70 -7.80 0 0
-7.60 -7.80 0 0
-7.50 -7.80 0 0
-7.40 -7.80 0 0
-7.30 -7.80 0 0
-7.20 -7.80 0 0
-7.10 -7.80 0 0
-7.00 -7.80 0 0
-6.90 -7.80 0 0
-6.80 -7.80 0 0
-6.70 -7.80 0 0
-6.60 -7.80 0 0
-6.50 -7.80 0 0
-6.40 -7.80 0 0
-6.30 -7.80 0 0
-6.20 -7.80 0 0
-6.10 -7.80 0 0
-6.00 -7.80 0 0
-5.90 -7.80 0 0
-5.80 -7.80 0 0
-5.70 -7.80 0 0
-5.60 -7.80 0 0
-5.50 -7.80 0 0
-5.40 -7.80 0 0
-5.30 -7.80 0 0
-5.20 -7.80 0 0
-5.10 -7.80 0 0
-5.00 -7.80 0 0
-4.90 -7.80 0 0
-4.80 -7.80 0 0
-4.70 -7.80 0 0
-4.60 -7.80 0 0
-4.50 -7.80 0 0
-4.40 -7.80 0 0
-4.30 -7.80 0 0
-4.20 -7.80 0 0
-4.10 -7.80 0 0
-4.00 -7.80 0 0
-3.90 -7.80 0 0
-3.80 -7.80 0 0
-3.70 -7.80 0 0
-3.60 -7.80 0 0
-3.50 -7.80 0 0
-3.40 -7.80 0 0
-3.30 -7.80 0 0
-3.20 -7.80 0 0
-3.10 -7.80 0 0
-3.00 -7.80 0 0
-2.90 -7.80 0 0
-2.80 -7.80 0 0
-2.70 -7.80 0 0
-2.60 -7.80 0 0
-2.50 -7.80 0 0
-2.40 -7.80 0 0
-2.30 -7.80 0 0
-2.20 -7.80 0 0
-2.10 -7.80 5 254
-2.00 -7.80 9 252
-1.90 -7.80 11 250
-1.80 -7.80 13 249
-1.70 -7.80 15 247
-1.60 -7.80 17 245
-1.50 -7.80 19 245
-1.40 -7.80 21 243
-1.30 -7.80 24 242
-1.20 -7.80 26 241
-1.10 -7.80 28 238
-1.00 -7.80 31 237
-0.90 -7.80 33 235
-0.80 -7.80 35 234
-0.70 -7.80 39 232
-0.60 -7.80 41 231
-0.50 -7.80 44 231
-0.40 -7.80 46 229
-0.30 -7.80 50 228
-0.20 -7.80 52 227
-0.10 -7.80 55 225
-0.00 -7.80 58 225
0.10 -7.80 61 223
0.20 -7.80 64 223
0.30 -7.80 66 221
0.40 -7.80 68 221
0.50 -7.80 71 219
0.60 -7.80 72 219
0.70 -7.80 75 217
0.80 -7.80 78 216
0.90 -7.80 81 214
1.00 -7.80 82 214
1.10 -7.80 84 212
1.20 -7.80 87 211
1.30 -7.80 89 209
1.40 -7.80 92 208
1.50 -7.80 94 206
1.60 -7.80 97 204
1.70 -7.80 100 203
1.80 -7.80 101 201
1.90 -7.80 103 200
2.00 -7.80 105 199
2.10 -7.80 108 197
2.20 -7.80 110 197
2.30 -7.80 112 195
2.40 -7.80 114 194
2.50 -7.80 118 192
2.60 -7.80 119 191
2.70 -7.80 122 189
2.80 -7.80 125 188
2.90 -7.80 126 187
3.00 -7.80 130 186
3.10 -7.80 133 185
3.20 -7.80 136 183
3.30 -7.80 140 182
3.40 -7.80 141 180
3.50 -7.80 144 179
3.60 -7.80 146 178
3.70 -7.80 149 177
3.80 -7.80 152 176
3.90 -7.80 154 174
4.00 -7.80 157 174
4.10 -7.80 159 173
4.20 -7.80 161 171
4.30 -7.80 164 170
4.40 -7.80 169 169
4.50 -7.80 170 168
4.60 -7.80 172 167
4.70 -7.80 176 166
4.80 -7.80 178 165
4.90 -7.80 181 164
5.00 -7.80 183 163
5.10 -7.80 187 163
5.20 -7.80 189 162
5.30 -7.80 192 161
5.40 -7.80 194 160
5.50 -7.80 199 158
5.60 -7.80 201 158
5.70 -7.80 204 158
5.80 -7.80 206 157
5.90 -7.80 209 156
6.00 -7.80 211 155
6.10 -7.80 214 154
6.20 -7.80 217 154
6.30 -7.80 220 153
6.40 -7.80 223 153
6.50 -7.80 225 152
6.60 -7.80 234 131
6.70 -7.80 237 131
6.80 -7.80 239 133
6.90 -7.80 241 133
7.00 -7.80 244 137
7.10 -7.80 0 0
7.20 -7.80 0 0
7.30 -7.80 0 0
7.40 -7.80 0 0
7.50 -7.80 0 0
7.60 -7.80 0 0
7.70 -7.80 262 88
7.80 -7.80 265 87
7.90 -7.80 267 86
8.00 -7.80 269 85
8.10 -7.80 271 85
8.20 -7.80 268 137
8.30 -7.80 270 136
8.40 -7.80 273 137
8.50 -7.80 274 136
8.60 -7.80 278 135
8.70 -7.80 281 134
8.80 -7.80 283 134
8.90 -7.80 285 134
9.00 -7.80 287 134
9.10 -7.80 291 133
-9.00 -7.70 0 0
-8.90 -7.70 0 0
-8.80 -7.70 0 0
-8.70 -7.70 0 0
-8.60 -7.70 0 0
-8.50 -7.70 0 0
-8.40 -7.70 0 0
-8.30 -7.70 0 0
-8.20 -7.70 0 0
-8.10 -7.70 0 0
-8.00 -7.70 0 0
-7.90 -7.70 0 0
-7.80 -7.70 0 0
-7.70 -7.70 0 0
-7.60 -7.70 0 0
-7.50 -7.70 0 0
-7.40 -7.70 0 0
-7.30 -7.70 0 0
-7.20 -7.70 0 0
-7.10 -7.70 0 0
-7.00 -7.70 0 0
-6.90 -7.70 0 0
-6.80 -7.70 0 0
-6.70 -7.70 0 0
-6.60 -7.70 0 0
-6.50 -7.70 0 0
-6.40 -7.70 0 0
-6.30 -7.70 0 0
-6.20 -7.70 0 0
-6.10 -7.70 0 0
-6.00 -7.70 0 0
-5.90 -7.70 0 0
-5.80 -7.70 0 0
-5.70 -7.70 0 0
-5.60 -7.70 0 0
-5.50 -7.70 0 0
-5.40 -7.70 0 0
-5.30 -7.70 0 0
-5.20 -7.70 0 0
-5.10 -7.70 0 0
-5.00 -7.70 0 0
-4.90 -7.70 0 0
-4.80 -7.70 0 0
-4.70 -7.70 0 0
-4.60 -7.70 0 0
-4.50 -7.70 0 0
-4.40 -7.70 0 0
-4.30 -7.70 0 0
-4.20 -7.70 0 0
-4.10 -7.70 0 0
-4.00 -7.70 0 0
-3.90 -7.70 0 0
-3.80 -7.70 0 0
-3.70 -7.70 0 0
-3.60 -7.70 0 0
-3.50 -7.70 0 0
-3.40 -7.70 0 0
-3.30 -7.70 0 0
-3.20 -7.70 0 0
-3.10 -7.70 0 0
-3.00 -7.70 0 0
-2.90 -7.70 0 0
-2.80 -7.70 0 0
-2.70 -7.70 0 0
-2.60 -7.70 0 0
-2.50 -7.70 0 0
-2.40 -7.70 0 0
-2.30 -7.70 15 223
-2.20 -7.70 5 257
-2.10 -7.70 8 255
-2.00 -7.70 10 252
-1.90 -7.70 13 252
-1.80 -7.70 14 250
-1.70 -7.70 16 249
-1.60 -7.70 18 247
-1.50 -7.70 21 246
-1.40 -7.70 23 244
-1.30 -7.70 25 243
-1.20 -7.70 27 241
-1.10 -7.70 29 240
-1.00 -7.70 33 237
-0.90 -7.70 36 237
-0.80 -7.70 38 237
-0.70 -7.70 41 235
-0.60 -7.70 44 234
-0.50 -7.70 47 232
-0.40 -7.70 49 232
-0.30 -7.70 52 230
-0.20 -7.70 55 229
-0.10 -7.70 58 228
-0.00 -7.70 60 227
0.10 -7.70 62 226
0.20 -7.70 64 226
0.30 -7.70 68 223
0.40 -7.70 68 222
0.50 -7.70 72 221
0.60 -7.70 74 219
0.70 -7.70 76 218
0.80 -7.70 79 217
0.90 -7.70 82 216
1.00 -7.70 83 215
1.10 -7.70 86 214
1.20 -7.70 89 213
1.30 -7.70 90 211
1.40 -7.70 95 210
1.50 -7.70 97 208
1.60 -7.70 98 206
1.70 -7.70 103 205
1.80 -7.70 103 203
1.90 -7.70 106 201
2.00 -7.70 109 201
2.10 -7.70 111 199
2.20 -7.70 112 198
2.30 -7.70 116 197
2.40 -7.70 117 195
2.50 -7.70 119 195
2.60 -7.70 122 193
2.70 -7.70 124 192
2.80 -7.70 126 191
2.90 -7.70 131 188
3.00 -7.70 134 187
3.10 -7.70 135 186
3.20 -7.70 139 184
3.30 -7.70 141 184
3.40 -7.70 145 181
3.50 -7.70 147 180
3.60 -7.70 148 180
3.70 -7.70 150 179
3.80 -7.70 153 178
3.90 -7.70 159 175
4.00 -7.70 159 175
4.10 -7.70 161 174
4.20 -7.70 162 173
4.30 -7.70 164 173
4.40 -7.70 170 169
4.50 -7.70 171 170
4.60 -7.70 176 168
4.70 -7.70 180 167
4.80 -7.70 181 167
4.90 -7.70 181 166
5.00 -7.70 186 165
5.10 -7.70 187 163
5.20 -7.70 191 163
5.30 -7.70 194 162
5.40 -7.70 197 161
5.50 -7.70 200 160
5.60 -7.70 202 159
5.70 -7.70 206 158
5.80 -7.70 207 158
5.90 -7.70 211 157
6.00 -7.70 214 156
6.10 -7.70 217 155
6.20 -7.70 218 155
6.30 -7.70 220 154
6.40 -7.70 224 154
6.50 -7.70 226 153
6.60 -7.70 231 152
6.70 -7.70 238 131
6.80 -7.70 240 131
6.90 -7.70 243 132
7.00 -7.70 245 132
7.10 -7.70 0 0
7.20 -7.70 0 0
7.30 -7.70 0 0
7.40 -7.70 0 0
7.50 -7.70 0 0
7.60 -7.70 0 0
7.70 -7.70 0 0
7.80 -7.70 0 0
7.90 -7.70 0 0
8.00 -7.70 270 86
8.10 -7.70 273 86
8.20 -7.70 275 85
8.30 -7.70 278 85
8.40 -7.70 279 84
8.50 -7.70 282 83
8.60 -7.70 278 135
8.70 -7.70 283 135
8.80 -7.70 288 135
8.90 -7.70 288 134
9.00 -7.70 290 133
9.10 -7.70 292 133
-9.00 -7.60 0 0
-8.90 -7.60 0 0
-8.80 -7.60 0 0
-8.70 -7.60 0 0
-8.60 -7.60 0 0
-8.50 -7.60 0 0
-8.40 -7.60 0 0
-8.30 -7.60 0 0
-8.20 -7.60 0 0
-8.10 -7.60 0 0
-8.00 -7.60 0 0
-7.90 -7.60 0 0
-7.80 -7.60 0 0
-7.70 -7.60 0 0
-7.60 -7.60 0 0
-7.50 -7.60 0 0
-7.40 -7.60 0 0
-7.30 -7.60 0 0
-7.20 -7.60 0 0
-7.10 -7.60 0 0
-7.00 -7.60 0 0
-6.90 -7.60 0 0
-6.80 -7.60 0 0
-6.70 -7.60 0 0
-6.60 -7.60 0 0
-6.50 -7.60 0 0
-6.40 -7.60 0 0
-6.30 -7.60 0 0
-6.20 -7.60 0 0
-6.10 -7.60 0 0
-6.00 -7.60 0 0
-5.90 -7.60 0 0
-5.80 -7.60 0 0
-5.70 -7.60 0 0
-5.60 -7.60 0 0
-5.50 -7.60 0 0
-5.40 -7.60 0 0
-5.30 -7.60 0 0
-5.20 -7.60 0 0
-5.10 -7.60 0 0
-5.00 -7.60 0 0
-4.90 -7.60 0 0
-4.80 -7.60 0 0
-4.70 -7.60 0 0
-4.60 -7.60 0 0
-4.50 -7.60 0 0
-4.40 -7.60 0 0
-4.30 -7.60 0 0
-4.20 -7.60 0 0
-4.10 -7.60 0 0
-4.00 -7.60 0 0
-3.90 -7.60 0 0
-3.80 -7.60 0 0
-3.70 -7.60 0 0
-3.60 -7.60 0 0
-3.50 -7.60 0 0
-3.40 -7.60 0 0
-3.30 -7.60 0 0
-3.20 -7.60 0 0
-3.10 -7.60 0 0
-3.00 -7.60 0 0
-2.90 -7.60 0 0
-2.80 -7.60 0 0
-2.70 -7.60 0 0
-2.60 -7.60 0 0
-2.50 -7.60 0 0
-2.40 -7.60 0 0
-2.30 -7.60 0 0
-2.20 -7.60 5 258
-2.10 -7.60 7 257
-2.00 -7.60 10 253
-1.90 -7.60 11 253
-1.80 -7.60 13 251
-1.70 -7.60 16 249
-1.60 -7.60 18 247
-1.50 -7.60 21 246
-1.40 -7.60 23 246
-1.30 -7.60 28 245
-1.20 -7.60 30 242
-1.10 -7.60 32 241
-1.00 -7.60 35 239
-0.90 -7.60 37 239
-0.80 -7.60 40 238
-0.70 -7.60 43 236
-0.60 -7.60 45 235
-0.50 -7.60 47 234
-0.40 -7.60 50 233
-0.30 -7.60 53 231
-0.20 -7.60 57 230
-0.10 -7.60 58 229
-0.00 -7.60 60 228
0.10 -7.60 63 227
0.20 -7.60 66 226
0.30 -7.60 69 224
0.40 -7.60 71 223
0.50 -7.60 73 221
0.60 -7.60 75 221
0.70 -7.60 78 219
0.80 -7.60 80 218
0.90 -7.60 83 217
1.00 -7.60 85 217
1.10 -7.60 88 215
1.20 -7.60 90 214
1.30 -7.60 93 212
1.40 -7.60 95 210
1.50 -7.60 98 209
1.60 -7.60 100 207
1.70 -7.60 103 205
1.80 -7.60 107 204
1.90 -7.60 106 203
2.00 -7.60 109 202
2.10 -7.60 113 200
2.20 -7.60 116 198
2.30 -7.60 117 198
2.40 -7.60 119 196
2.50 -7.60 120 196
2.60 -7.60 124 193
2.70 -7.60 0 0
2.80 -7.60 126 191
2.90 -7.60 0 0
3.00 -7.60 0 0
3.10 -7.60 0 0
3.20 -7.60 0 0
3.30 -7.60 0 0
3.40 -7.60 0 0
3.50 -7.60 0 0
3.60 -7.60 0 0
3.70 -7.60 0 0
3.80 -7.60 0 0
3.90 -7.60 0 0
4.00 -7.60 0 0
4.10 -7.60 0 0
4.20 -7.60 0 0
4.30 -7.60 0 0
4.40 -7.60 0 0
4.50 -7.60 0 0
4.60 -7.60 0 0
4.70 -7.60 177 168
4.80 -7.60 0 0
4.90 -7.60 0 0
5.00 -7.60 186 165
5.10 -7.60 186 165
5.20 -7.60 193 164
5.30 -7.60 196 162
5.40 -7.60 197 161
5.50 -7.60 201 161
5.60 -7.60 203 159
5.70 -7.60 205 160
5.80 -7.60 208 158
5.90 -7.60 212 157
6.00 -7.60 215 157
6.10 -7.60 219 156
6.20 -7.60 220 156
6.30 -7.60 223 154
6.40 -7.60 225 154
6.50 -7.60 228 153
6.60 -7.60 230 153
6.70 -7.60 0 0
6.80 -7.60 241 130
6.90 -7.60 244 129
7.00 -7.60 247 131
7.10 -7.60 0 0
7.20 -7.60 0 0
7.30 -7.60 0 0
7.40 -7.60 0 0
7.50 -7.60 0 0
7.60 -7.60 0 0
7.70 -7.60 0 0
7.80 -7.60 0 0
7.90 -7.60 0 0
8.00 -7.60 0 0
8.10 -7.60 0 0
8.20 -7.60 0 0
8.30 -7.60 0 0
8.40 -7.60 0 0
8.50 -7.60 284 84
8.60 -7.60 0 0
8.70 -7.60 0 0
8.80 -7.60 0 0
8.90 -7.60 292 134
9.00 -7.60 292 134
9.10 -7.60 295 134
-9.00 -7.50 0 0
-8.90 -7.50 0 0
-8.80 -7.50 0 0
-8.70 -7.50 0 0
-8.60 -7.50 0 0
-8.50 -7.50 0 0
-8.40 -7.50 0 0
-8.30 -7.50 0 0
-8.20 -7.50 0 0
-8.10 -7.50 0 0
-8.00 -7.50 0 0
-7.90 -7.50 0 0
-7.80 -7.50 0 0
-7.70 -7.50 0 0
-7.60 -7.50 0 0
-7.50 -7.50 0 0
-7.40 -7.50 0 0
-7.30 -7.50 0 0
-7.20 -7.50 0 0
-7.10 -7.50 0 0
-7.00 -7.50 0 0
-6.90 -7.50 0 0
-6.80 -7.50 0 0
-6.70 -7.50 0 0
-6.60 -7.50 0 0
-6.50 -7.50 0 0
-6.40 -7.50 0 0
-6.30 -7.50 0 0
-6.20 -7.50 0 0
-6.10 -7.50 0 0
-6.00 -7.50 0 0
-5.90 -7.50 0 0
-5.80 -7.50 0 0
-5.70 -7.50 0 0
-5.60 -7.50 0 0
-5.50 -7.50 0 0
-5.40 -7.50 0 0
-5.30 -7.50 0 0
-5.20 -7.50 0 0
-5.10 -7.50 0 0
-5.00 -7.50 0 0
-4.90 -7.50 0 0
-4.80 -7.50 0 0
-4.70 -7.50 0 0
-4.60 -7.50 0 0
-4.50 -7.50 0 0
-4.40 -7.50 0 0
-4.30 -7.50 0 0
-4.20 -7.50 0 0
-4.10 -7.50 0 0
-4.00 -7.50 0 0
-3.90 -7.50 0 0
-3.80 -7.50 0 0
-3.70 -7.50 0 0
-3.60 -7.50 0 0
-3.50 -7.50 0 0
-3.40 -7.50 0 0
-3.30 -7.50 0 0
-3.20 -7.50 0 0
-3.10 -7.50 0 0
-3.00 -7.50 0 0
-2.90 -7.50 0 0
-2.80 -7.50 0 0
-2.70 -7.50 0 0
-2.60 -7.50 0 0
-2.50 -7.50 0 0
-2.40 -7.50 0 0
-2.30 -7.50 5 259
-2.20 -7.50 7 258
-2.10 -7.50 9 256
-2.00 -7.50 10 255
-1.90 -7.50 13 253
-1.80 -7.50 16 251
-1.70 -7.50 17 250
-1.60 -7.50 20 249
-1.50 -7.50 23 247
-1.40 -7.50 26 247
-1.30 -7.50 28 245
-1.20 -7.50 31 244
-1.10 -7.50 35 243
-1.00 -7.50 36 242
-0.90 -7.50 41 239
-0.80 -7.50 41 239
-0.70 -7.50 44 238
-0.60 -7.50 46 236
-0.50 -7.50 51 234
-0.40 -7.50 52 234
-0.30 -7.50 56 233
-0.20 -7.50 58 232
-0.10 -7.50 60 231
-0.00 -7.50 62 229
0.10 -7.50 65 228
0.20 -7.50 66 228
0.30 -7.50 70 226
0.40 -7.50 72 224
0.50 -7.50 73 224
0.60 -7.50 76 222
0.70 -7.50 80 220
0.80 -7.50 82 219
0.90 -7.50 84 218
1.00 -7.50 87 217
1.10 -7.50 89 216
1.20 -7.50 91 215
1.30 -7.50 95 213
1.40 -7.50 96 212
1.50 -7.50 100 210
1.60 -7.50 102 208
1.70 -7.50 103 206
1.80 -7.50 105 205
1.90 -7.50 108 203
2.00 -7.50 111 202
2.10 -7.50 113 200
2.20 -7.50 116 199
2.30 -7.50 116 198
2.40 -7.50 121 195
2.50 -7.50 121 196
2.60 -7.50 125 192
2.70 -7.50 0 0
2.80 -7.50 0 0
2.90 -7.50 0 0
3.00 -7.50 0 0
3.10 -7.50 0 0
3.20 -7.50 0 0
3.30 -7.50 0 0
3.40 -7.50 0 0
3.50 -7.50 0 0
3.60 -7.50 0 0
3.70 -7.50 0 0
3.80 -7.50 0 0
3.90 -7.50 0 0
4.00 -7.50 0 0
4.10 -7.50 0 0
4.20 -7.50 0 0
4.30 -7.50 0 0
4.40 -7.50 0 0
4.50 -7.50 0 0
4.60 -7.50 0 0
4.70 -7.50 0 0
4.80 -7.50 0 0
4.90 -7.50 0 0
5.00 -7.50 0 0
5.10 -7.50 194 163
5.20 -7.50 0 0
5.30 -7.50 198 162
5.40 -7.50 197 162
5.50 -7.50 202 161
5.60 -7.50 206 160
5.70 -7.50 207 159
5.80 -7.50 210 159
5.90 -7.50 213 158
6.00 -7.50 215 157
6.10 -7.50 218 157
6.20 -7.50 221 155
6.30 -7.50 222 155
6.40 -7.50 227 155
6.50 -7.50 229 154
6.60 -7.50 232 153
6.70 -7.50 235 152
6.80 -7.50 237 154
6.90 -7.50 245 130
7.00 -7.50 248 130
7.10 -7.50 0 0
7.20 -7.50 252 131
7.30 -7.50 0 0
7.40 -7.50 0 0
7.50 -7.50 0 0
7.60 -7.50 0 0
7.70 -7.50 0 0
7.80 -7.50 0 0
7.90 -7.50 0 0
8.00 -7.50 0 0
8.10 -7.50 0 0
8.20 -7.50 0 0
8.30 -7.50 280 86
8.40 -7.50 0 0
8.50 -7.50 286 84
8.60 -7.50 287 84
8.70 -7.50 290 84
8.80 -7.50 0 0
8.90 -7.50 289 134
9.00 -7.50 291 135
9.10 -7.50 292 134
-9.00 -7.40 0 0
-8.90 -7.40 0 0
-8.80 -7.40 0 0
-8.70 -7.40 0 0
-8.60 -7.40 0 0
-8.50 -7.40 0 0
-8.40 -7.40 0 0
-8.30 -7.40 0 0
-8.20 -7.40 0 0
-8.10 -7.40 0 0
-8.00 -7.40 0 0
-7.90 -7.40 0 0
-7.80 -7.40 0 0
-7.70 -7.40 0 0
-7.60 -7.40 0 0
-7.50 -7.40 0 0
-7.40 -7.40 0 0
-7.30 -7.40 0 0
-7.20 -7.40 0 0
-7.10 -7.40 0 0
-7.00 -7.40 0 0
-6.90 -7.40 0 0
-6.80 -7.40 0 0
-6.70 -7.40 0 0
-6.60 -7.40 0 0
-6.50 -7.40 0 0
-6.40 -7.40 0 0
-6.30 -7.40 0 0
-6.20 -7.40 0 0
-6.10 -7.40 0 0
-6.00 -7.40 0 0
-5.90 -7.40 0 0
-5.80 -7.40 0 0
-5.70 -7.40 0 0
-5.60 -7.40 0 0
-5.50 -7.40 0 0
-5.40 -7.40 0 0
-5.30 -7.40 0 0
-5.20 -7.40 0 0
-5.10 -7.40 0 0
-5.00 -7.40 0 0
-4.90 -7.40 0 0
-4.80 -7.40 0 0
-4.70 -7.40 0 0
-4.60 -7.40 0 0
-4.50 -7.40 0 0
-4.40 -7.40 0 0
-4.30 -7.40 0 0
-4.20 -7.40 0 0
-4.10 -7.40 0 0
-4.00 -7.40 0 0
-3.90 -7.40 0 0
-3.80 -7.40 0 0
-3.70 -7.40 0 0
-3.60 -7.40 0 0
-3.50 -7.40 0 0
-3.40 -7.40 0 0
-3.30 -7.40 0 0
-3.20 -7.40 0 0
-3.10 -7.40 0 0
-3.00 -7.40 0 0
-2.90 -7.40 0 0
-2.80 -7.40 0 0
-2.70 -7.40 0 0
-2.60 -7.40 0 0
-2.50 -7.40 2 263
-2.40 -7.40 4 262
-2.30 -7.40 6 261
-2.20 -7.40 8 260
-2.10 -7.40 10 257
-2.00 -7.40 12 255
-1.90 -7.40 14 255
-1.80 -7.40 18 253
-1.70 -7.40 19 252
-1.60 -7.40 22 250
-1.50 -7.40 25 249
-1.40 -7.40 28 247
-1.30 -7.40 29 247
-1.20 -7.40 33 245
-1.10 -7.40 35 244
-1.00 -7.40 37 244
-0.90 -7.40 40 241
-0.80 -7.40 43 240
-0.70 -7.40 44 240
-0.60 -7.40 49 238
-0.50 -7.40 51 236
-0.40 -7.40 53 235
-0.30 -7.40 56 234
-0.20 -7.40 58 234
-0.10 -7.40 60 232
-0.00 -7.40 63 231
0.10 -7.40 66 230
0.20 -7.40 68 228
0.30 -7.40 70 226
0.40 -7.40 73 225
0.50 -7.40 76 224
0.60 -7.40 79 222
0.70 -7.40 81 221
0.80 -7.40 83 220
0.90 -7.40 85 219
1.00 -7.40 88 218
1.10 -7.40 89 217
1.20 -7.40 92 216
1.30 -7.40 95 214
1.40 -7.40 97 212
1.50 -7.40 98 211
1.60 -7.40 104 207
1.70 -7.40 107 207
1.80 -7.40 108 205
1.90 -7.40 109 204
2.00 -7.40 110 204
2.10 -7.40 114 201
2.20 -7.40 0 0
2.30 -7.40 0 0
2.40 -7.40 0 0
2.50 -7.40 0 0
2.60 -7.40 0 0
2.70 -7.40 0 0
2.80 -7.40 0 0
2.90 -7.40 0 0
3.00 -7.40 0 0
3.10 -7.40 0 0
3.20 -7.40 0 0
3.30 -7.40 0 0
3.40 -7.40 0 0
3.50 -7.40 0 0
3.60 -7.40 0 0
3.70 -7.40 0 0
3.80 -7.40 0 0
3.90 -7.40 0 0
4.00 -7.40 0 0
4.10 -7.40 0 0
4.20 -7.40 0 0
4.30 -7.40 0 0
4.40 -7.40 0 0
4.50 -7.40 0 0
4.60 -7.40 0 0
4.70 -7.40 0 0
4.80 -7.40 0 0
4.90 -7.40 0 0
5.00 -7.40 0 0
5.10 -7.40 0 0
5.20 -7.40 0 0
5.30 -7.40 0 0
5.40 -7.40 200 161
5.50 -7.40 202 162
5.60 -7.40 0 0
5.70 -7.40 208 160
5.80 -7.40 210 159
5.90 -7.40 213 159
6.00 -7.40 217 157
6.10 -7.40 221 157
6.20 -7.40 223 156
6.30 -7.40 225 156
6.40 -7.40 227 155
6.50 -7.40 230 154
6.60 -7.40 232 154
6.70 -7.40 236 153
6.80 -7.40 240 153
6.90 -7.40 242 152
7.00 -7.40 249 129
7.10 -7.40 252 130
7.20 -7.40 254 130
7.30 -7.40 256 132
7.40 -7.40 0 0
7.50 -7.40 0 0
7.60 -7.40 0 0
7.70 -7.40 0 0
7.80 -7.40 0 0
7.90 -7.40 0 0
8.00 -7.40 0 0
8.10 -7.40 0 0
8.20 -7.40 0 0
8.30 -7.40 277 142
8.40 -7.40 0 0
8.50 -7.40 286 85
8.60 -7.40 288 84
8.70 -7.40 291 84
8.80 -7.40 293 83
8.90 -7.40 294 134
9.00 -7.40 296 136
9.10 -7.40 297 135
-9.00 -7.30 0 0
-8.90 -7.30 0 0
-8.80 -7.30 0 0
-8.70 -7.30 0 0
-8.60 -7.30 0 0
-8.50 -7.30 0 0
-8.40 -7.30 0 0
-8.30 -7.30 0 0
-8.20 -7.30 0 0
-8.10 -7.30 0 0
-8.00 -7.30 0 0
-7.90 -7.30 0 0
-7.80 -7.30 0 0
-7.70 -7.30 0 0
-7.60 -7.30 0 0
-7.50 -7.30 0 0
-7.40 -7.30 0 0
-7.30 -7.30 0 0
-7.20 -7.30 0 0
-7.10 -7.30 0 0
-7.00 -7.30 0 0
-6.90 -7.30 0 0
-6.80 -7.30 0 0
-6.70 -7.30 0 0
-6.60 -7.30 0 0
-6.50 -7.30 0 0
-6.40 -7.30 0 0
-6.30 -7.30 0 0
-6.20 -7.30 0 0
-6.10 -7.30 0 0
-6.00 -7.30 0 0
-5.90 -7.30 0 0
-5.80 -7.30 0 0
-5.70 -7.30 0 0
-5.60 -7.30 0 0
-5.50 -7.30 0 0
-5.40 -7.30 0 0
-5.30 -7.30 0 0
-5.20 -7.30 0 0
-5.10 -7.30 0 0
-5.00 -7.30 0 0
-4.90 -7.30 0 0
-4.80 -7.30 0 0
-4.70 -7.30 0 0
-4.60 -7.30 0 0
-4.50 -7.30 0 0
-4.40 -7.30 0 0
-4.30 -7.30 0 0
-4.20 -7.30 0 0
-4.10 -7.30 0 0
-4.00 -7.30 0 0
-3.90 -7.30 0 0
-3.80 -7.30 0 0
-3.70 -7.30 0 0
-3.60 -7.30 0 0
-3.50 -7.30 0 0
-3.40 -7.30 0 0
-3.30 -7.30 0 0
-3.20 -7.30 0 0
-3.10 -7.30 0 0
-3.00 -7.30 0 0
-2.90 -7.30 0 0
-2.80 -7.30 0 0
-2.70 -7.30 0 0
-2.60 -7.30 0 0
-2.50 -7.30 4 263
-2.40 -7.30 6 262
-2.30 -7.30 8 261
-2.20 -7.30 9 260
-2.10 -7.30 11 257
-2.00 -7.30 13 256
-1.90 -7.30 16 254
-1.80 -7.30 19 254
-1.70 -7.30 21 252
-1.60 -7.30 25 251
-1.50 -7.30 26 250
-1.40 -7.30 29 249
-1.30 -7.30 31 248
-1.20 -7.30 35 247
-1.10 -7.30 36 246
-1.00 -7.30 39 244
-0.90 -7.30 41 243
-0.80 -7.30 45 241
-0.70 -7.30 48 241
-0.60 -7.30 50 239
-0.50 -7.30 53 238
-0.40 -7.30 54 237
-0.30 -7.30 58 235
-0.20 -7.30 59 235
-0.10 -7.30 63 233
-0.00 -7.30 64 232
0.10 -7.30 67 231
0.20 -7.30 69 229
0.30 -7.30 72 228
0.40 -7.30 75 227
0.50 -7.30 77 225
0.60 -7.30 80 223
0.70 -7.30 82 222
0.80 -7.30 86 220
0.90 -7.30 88 220
1.00 -7.30 90 219
1.10 -7.30 92 217
1.20 -7.30 94 216
1.30 -7.30 96 215
1.40 -7.30 99 213
1.50 -7.30 100 212
1.60 -7.30 105 208
1.70 -7.30 107 207
1.80 -7.30 0 0
1.90 -7.30 0 0
2.00 -7.30 113 202
2.10 -7.30 0 0
2.20 -7.30 0 0
2.30 -7.30 0 0
2.40 -7.30 0 0
2.50 -7.30 0 0
2.60 -7.30 0 0
2.70 -7.30 0 0
2.80 -7.30 0 0
2.90 -7.30 0 0
3.00 -7.30 0 0
3.10 -7.30 0 0
3.20 -7.30 0 0
3.30 -7.30 0 0
3.40 -7.30 0 0
3.50 -7.30 0 0
3.60 -7.30 0 0
3.70 -7.30 0 0
3.80 -7.30 0 0
3.90 -7.30 0 0
4.00 -7.30 0 0
4.10 -7.30 0 0
4.20 -7.30 0 0
4.30 -7.30 0 0
4.40 -7.30 0 0
4.50 -7.30 0 0
4.60 -7.30 0 0
4.70 -7.30 0 0
4.80 -7.30 0 0
4.90 -7.30 0 0
5.00 -7.30 0 0
5.10 -7.30 0 0
5.20 -7.30 0 0
5.30 -7.30 0 0
5.40 -7.30 0 0
5.50 -7.30 0 0
5.60 -7.30 0 0
5.70 -7.30 0 0
5.80 -7.30 212 160
5.90 -7.30 214 159
6.00 -7.30 218 158
6.10 -7.30 221 157
6.20 -7.30 224 157
6.30 -7.30 226 156
6.40 -7.30 229 155
6.50 -7.30 232 154
6.60 -7.30 234 154
6.70 -7.30 236 154
6.80 -7.30 238 153
6.90 -7.30 243 153
7.00 -7.30 245 153
7.10 -7.30 252 128
7.20 -7.30 255 128
7.30 -7.30 257 129
7.40 -7.30 260 130
7.50 -7.30 262 133
7.60 -7.30 0 0
7.70 -7.30 0 0
7.80 -7.30 0 0
7.90 -7.30 0 0
8.00 -7.30 0 0
8.10 -7.30 0 0
8.20 -7.30 0 0
8.30 -7.30 0 0
8.40 -7.30 281 141
8.50 -7.30 288 86
8.60 -7.30 290 85
8.70 -7.30 292 84
8.80 -7.30 294 84
8.90 -7.30 297 83
9.00 -7.30 298 82
9.10 -7.30 299 135
-9.00 -7.20 0 0
-8.90 -7.20 0 0
-8.80 -7.20 0 0
-8.70 -7.20 0 0
-8.60 -7.20 0 0
-8.50 -7.20 0 0
-8.40 -7.20 0 0
-8.30 -7.20 0 0
-8.20 -7.20 0 0
-8.10 -7.20 0 0
-8.00 -7.20 0 0
-7.90 -7.20 0 0
-7.80 -7.20 0 0
-7.70 -7.20 0 0
-7.60 -7.20 0 0
-7.50 -7.20 0 0
-7.40 -7.20 0 0
-7.30 -7.20 0 0
-7.20 -7.20 0 0
-7.10 -7.20 0 0
-7.00 -7.20 0 0
-6.90 -7.20 0 0
-6.80 -7.20 0 0
-6.70 -7.20 0 0
-6.60 -7.20 0 0
-6.50 -7.20 0 0
-6.40 -7.20 0 0
-6.30 -7.20 0 0
-6.20 -7.20 0 0
-6.10 -7.20 0 0
-6.00 -7.20 0 0
-5.90 -7.20 0 0
-5.80 -7.20 0 0
-5.70 -7.20 0 0
-5.60 -7.20 0 0
-5.50 -7.20 0 0
-5.40 -7.20 0 0
-5.30 -7.20 0 0
-5.20 -7.20 0 0
-5.10 -7.20 0 0
-5.00 -7.20 0 0
-4.90 -7.20 0 0
-4.80 -7.20 0 0
-4.70 -7.20 0 0
-4.60 -7.20 0 0
-4.50 -7.20 0 0
-4.40 -7.20 0 0
-4.30 -7.20 0 0
-4.20 -7.20 0 0
-4.10 -7.20 0 0
-4.00 -7.20 0 0
-3.90 -7.20 0 0
-3.80 -7.20 0 0
-3.70 -7.20 0 0
-3.60 -7.20 0 0
-3.50 -7.20 0 0
-3.40 -7.20 0 0
-3.30 -7.20 0 0
-3.20 -7.20 0 0
-3.10 -7.20 0 0
-3.00 -7.20 0 0
-2.90 -7.20 0 0
-2.80 -7.20 0 0
-2.70 -7.20 0 0
-2.60 -7.20 4 266
-2.50 -7.20 5 264
-2.40 -7.20 7 264
-2.30 -7.20 8 261
-2.20 -7.20 10 260
-2.10 -7.20 11 258
-2.00 -7.20 15 257
-1.90 -7.20 17 256
-1.80 -7.20 21 254
-1.70 -7.20 24 254
-1.60 -7.20 26 253
-1.50 -7.20 28 251
-1.40 -7.20 30 250
-1.30 -7.20 33 249
-1.20 -7.20 36 249
-1.10 -7.20 38 247
-1.00 -7.20 40 246
-0.90 -7.20 44 244
-0.80 -7.20 45 243
-0.70 -7.20 49 243
-0.60 -7.20 51 241
-0.50 -7.20 52 240
-0.40 -7.20 55 238
-0.30 -7.20 58 237
-0.20 -7.20 62 236
-0.10 -7.20 65 234
-0.00 -7.20 66 234
0.10 -7.20 68 232
0.20 -7.20 71 230
0.30 -7.20 74 231
0.40 -7.20 74 228
0.50 -7.20 80 227
0.60 -7.20 82 225
0.70 -7.20 86 224
0.80 -7.20 87 221
0.90 -7.20 89 220
1.00 -7.20 92 218
1.10 -7.20 93 218
1.20 -7.20 96 217
1.30 -7.20 97 215
1.40 -7.20 99 214
1.50 -7.20 100 213
1.60 -7.20 105 209
1.70 -7.20 0 0
1.80 -7.20 0 0
1.90 -7.20 0 0
2.00 -7.20 0 0
2.10 -7.20 0 0
2.20 -7.20 0 0
2.30 -7.20 0 0
2.40 -7.20 0 0
2.50 -7.20 0 0
2.60 -7.20 0 0
2.70 -7.20 0 0
2.80 -7.20 0 0
2.90 -7.20 0 0
3.00 -7.20 0 0
3.10 -7.20 0 0
3.20 -7.20 0 0
3.30 -7.20 0 0
3.40 -7.20 0 0
3.50 -7.20 0 0
3.60 -7.20 0 0
3.70 -7.20 0 0
3.80 -7.20 0 0
3.90 -7.20 0 0
4.00 -7.20 0 0
4.10 -7.20 0 0
4.20 -7.20 0 0
4.30 -7.20 0 0
4.40 -7.20 0 0
4.50 -7.20 0 0
4.60 -7.20 0 0
4.70 -7.20 0 0
4.80 -7.20 0 0
4.90 -7.20 0 0
5.00 -7.20 0 0
5.10 -7.20 0 0
5.20 -7.20 0 0
5.30 -7.20 0 0
5.40 -7.20 0 0
5.50 -7.20 0 0
5.60 -7.20 0 0
5.70 -7.20 0 0
5.80 -7.20 212 159
5.90 -7.20 213 159
6.00 -7.20 0 0
6.10 -7.20 219 158
6.20 -7.20 226 156
6.30 -7.20 228 156
6.40 -7.20 231 156
6.50 -7.20 235 155
6.60 -7.20 234 155
6.70 -7.20 239 154
6.80 -7.20 241 154
6.90 -7.20 244 153
7.00 -7.20 246 152
7.10 -7.20 250 151
7.20 -7.20 256 128
7.30 -7.20 259 128
7.40 -7.20 261 129
7.50 -7.20 264 129
7.60 -7.20 266 133
7.70 -7.20 0 0
7.80 -7.20 0 0
7.90 -7.20 0 0
8.00 -7.20 0 0
8.10 -7.20 0 0
8.20 -7.20 0 0
8.30 -7.20 280 143
8.40 -7.20 0 0
8.50 -7.20 289 141
8.60 -7.20 285 141
8.70 -7.20 293 85
8.80 -7.20 296 84
8.90 -7.20 298 84
9.00 -7.20 300 82
9.10 -7.20 303 83
-9.00 -7.10 0 0
-8.90 -7.10 0 0
-8.80 -7.10 0 0
-8.70 -7.10 0 0
-8.60 -7.10 0 0
-8.50 -7.10 0 0
-8.40 -7.10 0 0
-8.30 -7.10 0 0
-8.20 -7.10 0 0
-8.10 -7.10 0 0
-8.00 -7.10 0 0
-7.90 -7.10 0 0
-7.80 -7.10 0 0
-7.70 -7.10 0 0
-7.60 -7.10 0 0
-7.50 -7.10 0 0
-7.40 -7.10 0 0
-7.30 -7.10 0 0
-7.20 -7.10 0 0
-7.10 -7.10 0 0
-7.00 -7.10 0 0
-6.90 -7.10 0 0
-6.80 -7.10 0 0
-6.70 -7.10 0 0
-6.60 -7.10 0 0
-6.50 -7.10 0 0
-6.40 -7.10 0 0
-6.30 -7.10 0 0
-6.20 -7.10 0 0
-6.10 -7.10 0 0
-6.00 -7.10 0 0
-5.90 -7.10 0 0
-5.80 -7.10 0 0
-5.70 -7.10 0 0
-5.60 -7.10 0 0
-5.50 -7.10 0 0
-5.40 -7.10 0 0
-5.30 -7.10 0 0
-5.20 -7.10 0 0
-5.10 -7.10 0 0
-5.00 -7.10 0 0
-4.90 -7.10 0 0
-4.80 -7.10 0 0
-4.70 -7.10 0 0
-4.60 -7.10 0 0
-4.50 -7.10 0 0
-4.40 -7.10 0 0
-4.30 -7.10 0 0
-4.20 -7.10 0 0
-4.10 -7.10 0 0
-4.00 -7.10 0 0
-3.90 -7.10 0 0
-3.80 -7.10 0 0
-3.70 -7.10 0 0
-3.60 -7.10 0 0
-3.50 -7.10 0 0
-3.40 -7.10 0 0
-3.30 -7.10 0 0
-3.20 -7.10 0 0
-3.10 -7.10 0 0
-3.00 -7.10 0 0
-2.90 -7.10 0 0
-2.80 -7.10 0 0
-2.70 -7.10 4 271
-2.60 -7.10 4 267
-2.50 -7.10 6 265
-2.40 -7.10 8 263
-2.30 -7.10 10 263
-2.20 -7.10 11 261
-2.10 -7.10 13 258
-2.00 -7.10 16 258
-1.90 -7.10 19 257
-1.80 -7.10 23 256
-1.70 -7.10 25 255
-1.60 -7.10 27 254
-1.50 -7.10 30 253
-1.40 -7.10 33 251
-1.30 -7.10 35 251
-1.20 -7.10 38 249
-1.10 -7.10 39 248
-1.00 -7.10 42 247
-0.90 -7.10 45 246
-0.80 -7.10 47 245
-0.70 -7.10 51 244
-0.60 -7.10 53 242
-0.50 -7.10 54 241
-0.40 -7.10 55 240
-0.30 -7.10 61 238
-0.20 -7.10 63 237
-0.10 -7.10 65 236
-0.00 -7.10 67 235
0.10 -7.10 71 234
0.20 -7.10 74 232
0.30 -7.10 76 231
0.40 -7.10 78 229
0.50 -7.10 81 228
0.60 -7.10 84 227
0.70 -7.10 85 225
0.80 -7.10 88 222
0.90 -7.10 92 219
1.00 -7.10 93 219
1.10 -7.10 94 218
1.20 -7.10 94 218
1.30 -7.10 97 217
1.40 -7.10 0 0
1.50 -7.10 0 0
1.60 -7.10 0 0
1.70 -7.10 0 0
1.80 -7.10 0 0
1.90 -7.10 0 0
2.00 -7.10 0 0
2.10 -7.10 0 0
2.20 -7.10 0 0
2.30 -7.10 0 0
2.40 -7.10 0 0
2.50 -7.10 0 0
2.60 -7.10 0 0
2.70 -7.10 0 0
2.80 -7.10 0 0
2.90 -7.10 0 0
3.00 -7.10 0 0
3.10 -7.10 0 0
3.20 -7.10 0 0
3.30 -7.10 0 0
3.40 -7.10 0 0
3.50 -7.10 0 0
3.60 -7.10 0 0
3.70 -7.10 0 0
3.80 -7.10 0 0
3.90 -7.10 0 0
4.00 -7.10 0 0
4.10 -7.10 0 0
4.20 -7.10 0 0
4.30 -7.10 0 0
4.40 -7.10 0 0
4.50 -7.10 0 0
4.60 -7.10 0 0
4.70 -7.10 0 0
4.80 -7.10 0 0
4.90 -7.10 0 0
5.00 -7.10 0 0
5.10 -7.10 0 0
5.20 -7.10 0 0
5.30 -7.10 0 0
5.40 -7.10 0 0
5.50 -7.10 0 0
5.60 -7.10 0 0
5.70 -7.10 0 0
5.80 -7.10 0 0
5.90 -7.10 0 0
6.00 -7.10 0 0
6.10 -7.10 0 0
6.20 -7.10 225 157
6.30 -7.10 227 157
6.40 -7.10 231 156
6.50 -7.10 234 155
6.60 -7.10 236 154
6.70 -7.10 240 154
6.80 -7.10 244 153
6.90 -7.10 246 153
7.00 -7.10 249 152
7.10 -7.10 251 152
7.20 -7.10 254 151
7.30 -7.10 258 152
7.40 -7.10 262 129
7.50 -7.10 265 129
7.60 -7.10 267 131
7.70 -7.10 269 130
7.80 -7.10 0 0
7.90 -7.10 0 0
8.00 -7.10 0 0
8.10 -7.10 0 0
8.20 -7.10 0 0
8.30 -7.10 0 0
8.40 -7.10 284 142
8.50 -7.10 286 139
8.60 -7.10 288 140
8.70 -7.10 291 140
8.80 -7.10 294 139
8.90 -7.10 299 84
9.00 -7.10 301 83
9.10 -7.10 304 83
-9.00 -7.00 0 0
-8.90 -7.00 0 0
-8.80 -7.00 0 0
-8.70 -7.00 0 0
-8.60 -7.00 0 0
-8.50 -7.00 0 0
-8.40 -7.00 0 0
-8.30 -7.00 0 0
-8.20 -7.00 0 0
-8.10 -7.00 0 0
-8.00 -7.00 0 0
-7.90 -7.00 0 0
-7.80 -7.00 0 0
-7.70 -7.00 0 0
-7.60 -7.00 0 0
-7.50 -7.00 0 0
-7.40 -7.00 0 0
-7.30 -7.00 0 0
-7.20 -7.00 0 0
-7.10 -7.00 0 0
-7.00 -7.00 0 0
-6.90 -7.00 0 0
-6.80 -7.00 0 0
-6.70 -7.00 0 0
-6.60 -7.00 0 0
-6.50 -7.00 0 0
-6.40 -7.00 0 0
-6.30 -7.00 0 0
-6.20 -7.00 0 0
-6.10 -7.00 0 0
-6.00 -7.00 0 0
-5.90 -7.00 0 0
-5.80 -7.00 0 0
-5.70 -7.00 0 0
-5.60 -7.00 0 0
-5.50 -7.00 0 0
-5.40 -7.00 0 0
-5.30 -7.00 0 0
-5.20 -7.00 0 0
-5.10 -7.00 0 0
-5.00 -7.00 0 0
-4.90 -7.00 0 0
-4.80 -7.00 0 0
-4.70 -7.00 0 0
-4.60 -7.00 0 0
-4.50 -7.00 0 0
-4.40 -7.00 0 0
-4.30 -7.00 0 0
-4.20 -7.00 0 0
-4.10 -7.00 0 0
-4.00 -7.00 0 0
-3.90 -7.00 0 0
-3.80 -7.00 0 0
-3.70 -7.00 0 0
-3.60 -7.00 0 0
-3.50 -7.00 0 0
-3.40 -7.00 0 0
-3.30 -7.00 0 0
-3.20 -7.00 0 0
-3.10 -7.00 0 0
-3.00 -7.00 0 0
-2.90 -7.00 0 0
-2.80 -7.00 3 271
-2.70 -7.00 4 273
-2.60 -7.00 6 270
-2.50 -7.00 8 269
-2.40 -7.00 8 266
-2.30 -7.00 10 264
-2.20 -7.00 13 262
-2.10 -7.00 15 261
-2.00 -7.00 19 260
-1.90 -7.00 21 258
-1.80 -7.00 25 257
-1.70 -7.00 26 256
-1.60 -7.00 29 255
-1.50 -7.00 31 253
-1.40 -7.00 35 253
-1.30 -7.00 36 252
-1.20 -7.00 38 251
-1.10 -7.00 41 249
-1.00 -7.00 44 248
-0.90 -7.00 47 247
-0.80 -7.00 49 246
-0.70 -7.00 51 246
-0.60 -7.00 54 244
-0.50 -7.00 56 243
-0.40 -7.00 59 241
-0.30 -7.00 63 239
-0.20 -7.00 66 238
-0.10 -7.00 67 238
-0.00 -7.00 69 236
0.10 -7.00 73 235
0.20 -7.00 75 234
0.30 -7.00 78 232
0.40 -7.00 79 230
0.50 -7.00 82 229
0.60 -7.00 85 228
0.70 -7.00 86 226
0.80 -7.00 90 223
0.90 -7.00 93 219
1.00 -7.00 95 218
1.10 -7.00 96 218
1.20 -7.00 97 217
1.30 -7.00 0 0
1.40 -7.00 0 0
1.50 -7.00 0 0
1.60 -7.00 0 0
1.70 -7.00 0 0
1.80 -7.00 0 0
1.90 -7.00 0 0
2.00 -7.00 0 0
2.10 -7.00 0 0
2.20 -7.00 0 0
2.30 -7.00 0 0
2.40 -7.00 0 0
2.50 -7.00 0 0
2.60 -7.00 0 0
2.70 -7.00 0 0
2.80 -7.00 0 0
2.90 -7.00 0 0
3.00 -7.00 0 0
3.10 -7.00 0 0
3.20 -7.00 0 0
3.30 -7.00 0 0
3.40 -7.00 0 0
3.50 -7.00 0 0
3.60 -7.00 0 0
3.70 -7.00 0 0
3.80 -7.00 0 0
3.90 -7.00 0 0
4.00 -7.00 0 0
4.10 -7.00 0 0
4.20 -7.00 0 0
4.30 -7.00 0 0
4.40 -7.00 0 0
4.50 -7.00 0 0
4.60 -7.00 0 0
4.70 -7.00 0 0
4.80 -7.00 0 0
4.90 -7.00 0 0
5.00 -7.00 0 0
5.10 -7.00 0 0
5.20 -7.00 0 0
5.30 -7.00 0 0
5.40 -7.00 0 0
5.50 -7.00 0 0
5.60 -7.00 0 0
5.70 -7.00 0 0
5.80 -7.00 0 0
5.90 -7.00 0 0
6.00 -7.00 0 0
6.10 -7.00 0 0
6.20 -7.00 0 0
6.30 -7.00 228 157
6.40 -7.00 0 0
6.50 -7.00 232 156
6.60 -7.00 237 155
6.70 -7.00 241 154
6.80 -7.00 245 154
6.90 -7.00 245 153
7.00 -7.00 250 153
7.10 -7.00 251 152
7.20 -7.00 255 152
7.30 -7.00 258 151
7.40 -7.00 262 151
7.50 -7.00 266 129
7.60 -7.00 269 130
7.70 -7.00 271 131
7.80 -7.00 273 132
7.90 -7.00 0 0
8.00 -7.00 0 0
8.10 -7.00 0 0
8.20 -7.00 0 0
8.30 -7.00 0 0
8.40 -7.00 0 0
8.50 -7.00 287 142
8.60 -7.00 291 142
8.70 -7.00 293 141
8.80 -7.00 294 141
8.90 -7.00 301 137
9.00 -7.00 300 137
9.10 -7.00 305 83
-9.00 -6.90 0 0
-8.90 -6.90 0 0
-8.80 -6.90 0 0
-8.70 -6.90 0 0
-8.60 -6.90 0 0
-8.50 -6.90 0 0
-8.40 -6.90 0 0
-8.30 -6.90 0 0
-8.20 -6.90 0 0
-8.10 -6.90 0 0
-8.00 -6.90 0 0
-7.90 -6.90 0 0
-7.80 -6.90 0 0
-7.70 -6.90 0 0
-7.60 -6.90 0 0
-7.50 -6.90 0 0
-7.40 -6.90 0 0
-7.30 -6.90 0 0
-7.20 -6.90 0 0
-7.10 -6.90 0 0
-7.00 -6.90 0 0
-6.90 -6.90 0 0
-6.80 -6.90 0 0
-6.70 -6.90 0 0
-6.60 -6.90 0 0
-6.50 -6.90 0 0
-6.40 -6.90 0 0
-6.30 -6.90 0 0
-6.20 -6.90 0 0
-6.10 -6.90 0 0
-6.00 -6.90 0 0
-5.90 -6.90 0 0
-5.80 -6.90 0 0
-5.70 -6.90 0 0
-5.60 -6.90 0 0
-5.50 -6.90 0 0
-5.40 -6.90 0 0
-5.30 -6.90 0 0
-5.20 -6.90 0 0
-5.10 -6.90 0 0
-5.00 -6.90 0 0
-4.90 -6.90 0 0
-4.80 -6.90 0 0
-4.70 -6.90 0 0
-4.60 -6.90 0 0
-4.50 -6.90 0 0
-4.40 -6.90 0 0
-4.30 -6.90 0 0
-4.20 -6.90 0 0
-4.10 -6.90 0 0
-4.00 -6.90 0 0
-3.90 -6.90 0 0
-3.80 -6.90 0 0
-3.70 -6.90 0 0
-3.60 -6.90 0 0
-3.50 -6.90 0 0
-3.40 -6.90 0 0
-3.30 -6.90 0 0
-3.20 -6.90 0 0
-3.10 -6.90 0 0
-3.00 -6.90 0 0
-2.90 -6.90 3 280
-2.80 -6.90 3 275
-2.70 -6.90 5 272
-2.60 -6.90 6 272
-2.50 -6.90 8 269
-2.40 -6.90 9 266
-2.30 -6.90 11 266
-2.20 -6.90 14 265
-2.10 -6.90 17 261
-2.00 -6.90 20 261
-1.90 -6.90 21 260
-1.80 -6.90 25 258
-1.70 -6.90 27 257
-1.60 -6.90 30 256
-1.50 -6.90 33 255
-1.40 -6.90 36 254
-1.30 -6.90 38 253
-1.20 -6.90 39 252
-1.10 -6.90 43 251
-1.00 -6.90 45 249
-0.90 -6.90 49 248
-0.80 -6.90 51 246
-0.70 -6.90 54 246
-0.60 -6.90 55 245
-0.50 -6.90 58 243
-0.40 -6.90 61 242
-0.30 -6.90 64 241
-0.20 -6.90 67 240
-0.10 -6.90 69 238
-0.00 -6.90 71 237
0.10 -6.90 74 235
0.20 -6.90 76 235
0.30 -6.90 78 234
0.40 -6.90 81 232
0.50 -6.90 83 232
0.60 -6.90 84 230
0.70 -6.90 88 227
0.80 -6.90 91 223
0.90 -6.90 93 221
1.00 -6.90 95 220
1.10 -6.90 97 218
1.20 -6.90 98 216
1.30 -6.90 0 0
1.40 -6.90 0 0
1.50 -6.90 0 0
1.60 -6.90 0 0
1.70 -6.90 0 0
1.80 -6.90 0 0
1.90 -6.90 0 0
2.00 -6.90 0 0
2.10 -6.90 0 0
2.20 -6.90 0 0
2.30 -6.90 0 0
2.40 -6.90 0 0
2.50 -6.90 0 0
2.60 -6.90 0 0
2.70 -6.90 0 0
2.80 -6.90 0 0
2.90 -6.90 0 0
3.00 -6.90 0 0
3.10 -6.90 0 0
3.20 -6.90 0 0
3.30 -6.90 0 0
3.40 -6.90 0 0
3.50 -6.90 0 0
3.60 -6.90 0 0
3.70 -6.90 0 0
3.80 -6.90 0 0
3.90 -6.90 0 0
4.00 -6.90 0 0
4.10 -6.90 0 0
4.20 -6.90 0 0
4.30 -6.90 0 0
4.40 -6.90 0 0
4.50 -6.90 0 0
4.60 -6.90 0 0
4.70 -6.90 0 0
4.80 -6.90 0 0
4.90 -6.90 0 0
5.00 -6.90 0 0
5.10 -6.90 0 0
5.20 -6.90 0 0
5.30 -6.90 0 0
5.40 -6.90 0 0
5.50 -6.90 0 0
5.60 -6.90 0 0
5.70 -6.90 0 0
5.80 -6.90 0 0
5.90 -6.90 0 0
6.00 -6.90 0 0
6.10 -6.90 0 0
6.20 -6.90 0 0
6.30 -6.90 0 0
6.40 -6.90 0 0
6.50 -6.90 0 0
6.60 -6.90 239 156
6.70 -6.90 242 155
6.80 -6.90 246 154
6.90 -6.90 248 154
7.00 -6.90 251 154
7.10 -6.90 253 153
7.20 -6.90 255 152
7.30 -6.90 258 152
7.40 -6.90 261 151
7.50 -6.90 264 152
7.60 -6.90 270 129
7.70 -6.90 273 130
7.80 -6.90 274 131
7.90 -6.90 0 0
8.00 -6.90 0 0
8.10 -6.90 0 0
8.20 -6.90 0 0
8.30 -6.90 0 0
8.40 -6.90 0 0
8.50 -6.90 0 0
8.60 -6.90 291 143
8.70 -6.90 292 140
8.80 -6.90 296 141
8.90 -6.90 299 140
9.00 -6.90 303 138
9.10 -6.90 305 138
-9.00 -6.80 0 0
-8.90 -6.80 0 0
-8.80 -6.80 0 0
-8.70 -6.80 0 0
-8.60 -6.80 0 0
-8.50 -6.80 0 0
-8.40 -6.80 0 0
-8.30 -6.80 0 0
-8.20 -6.80 0 0
-8.10 -6.80 0 0
-8.00 -6.80 0 0
-7.90 -6.80 0 0
-7.80 -6.80 0 0
-7.70 -6.80 0 0
-7.60 -6.80 0 0
-7.50 -6.80 0 0
-7.40 -6.80 0 0
-7.30 -6.80 0 0
-7.20 -6.80 0 0
-7.10 -6.80 0 0
-7.00 -6.80 0 0
-6.90 -6.80 0 0
-6.80 -6.80 0 0
-6.70 -6.80 0 0
-6.60 -6.80 0 0
-6.50 -6.80 0 0
-6.40 -6.80 0 0
-6.30 -6.80 0 0
-6.20 -6.80 0 0
-6.10 -6.80 0 0
-6.00 -6.80 0 0
-5.90 -6.80 0 0
-5.80 -6.80 0 0
-5.70 -6.80 0 0
-5.60 -6.80 0 0
-5.50 -6.80 0 0
-5.40 -6.80 0 0
-5.30 -6.80 0 0
-5.20 -6.80 0 0
-5.10 -6.80 0 0
-5.00 -6.80 0 0
-4.90 -6.80 0 0
-4.80 -6.80 0 0
-4.70 -6.80 0 0
-4.60 -6.80 0 0
-4.50 -6.80 0 0
-4.40 -6.80 0 0
-4.30 -6.80 0 0
-4.20 -6.80 0 0
-4.10 -6.80 0 0
-4.00 -6.80 0 0
-3.90 -6.80 0 0
-3.80 -6.80 0 0
-3.70 -6.80 0 0
-3.60 -6.80 0 0
-3.50 -6.80 0 0
-3.40 -6.80 0 0
-3.30 -6.80 0 0
-3.20 -6.80 0 0
-3.10 -6.80 0 0
-3.00 -6.80 4 281
-2.90 -6.80 2 277
-2.80 -6.80 4 276
-2.70 -6.80 6 274
-2.60 -6.80 7 272
-2.50 -6.80 8 270
-2.40 -6.80 10 268
-2.30 -6.80 12 267
-2.20 -6.80 15 266
-2.10 -6.80 19 263
-2.00 -6.80 22 263
-1.90 -6.80 24 261
-1.80 -6.80 27 260
-1.70 -6.80 31 259
-1.60 -6.80 33 257
-1.50 -6.80 35 257
-1.40 -6.80 37 255
-1.30 -6.80 40 254
-1.20 -6.80 43 253
-1.10 -6.80 45 252
-1.00 -6.80 48 251
-0.90 -6.80 50 250
-0.80 -6.80 52 248
-0.70 -6.80 55 247
-0.60 -6.80 56 247
-0.50 -6.80 60 245
-0.40 -6.80 63 244
-0.30 -6.80 66 242
-0.20 -6.80 69 241
-0.10 -6.80 71 240
-0.00 -6.80 74 239
0.10 -6.80 76 238
0.20 -6.80 77 236
0.30 -6.80 79 236
0.40 -6.80 82 233
0.50 -6.80 84 232
0.60 -6.80 86 231
0.70 -6.80 89 229
0.80 -6.80 92 224
0.90 -6.80 92 223
1.00 -6.80 0 0
1.10 -6.80 0 0
1.20 -6.80 0 0
1.30 -6.80 0 0
1.40 -6.80 0 0
1.50 -6.80 0 0
1.60 -6.80 0 0
1.70 -6.80 0 0
1.80 -6.80 0 0
1.90 -6.80 0 0
2.00 -6.80 0 0
2.10 -6.80 0 0
2.20 -6.80 0 0
2.30 -6.80 0 0
2.40 -6.80 0 0
2.50 -6.80 0 0
2.60 -6.80 0 0
2.70 -6.80 0 0
2.80 -6.80 0 0
2.90 -6.80 0 0
3.00 -6.80 0 0
3.10 -6.80 0 0
3.20 -6.80 0 0
3.30 -6.80 0 0
3.40 -6.80 0 0
3.50 -6.80 0 0
3.60 -6.80 0 0
3.70 -6.80 0 0
3.80 -6.80 0 0
3.90 -6.80 0 0
4.00 -6.80 0 0
4.10 -6.80 0 0
4.20 -6.80 0 0
4.30 -6.80 0 0
4.40 -6.80 0 0
4.50 -6.80 0 0
4.60 -6.80 0 0
4.70 -6.80 0 0
4.80 -6.80 0 0
4.90 -6.80 0 0
5.00 -6.80 0 0
5.10 -6.80 0 0
5.20 -6.80 0 0
5.30 -6.80 0 0
5.40 -6.80 0 0
5.50 -6.80 0 0
5.60 -6.80 0 0
5.70 -6.80 0 0
5.80 -6.80 0 0
5.90 -6.80 0 0
6.00 -6.80 0 0
6.10 -6.80 0 0
6.20 -6.80 0 0
6.30 -6.80 0 0
6.40 -6.80 0 0
6.50 -6.80 0 0
6.60 -6.80 0 0
6.70 -6.80 246 155
6.80 -6.80 248 154
6.90 -6.80 250 154
7.00 -6.80 252 153
7.10 -6.80 256 153
7.20 -6.80 259 152
7.30 -6.80 261 152
7.40 -6.80 262 152
7.50 -6.80 266 152
7.60 -6.80 266 152
7.70 -6.80 273 128
7.80 -6.80 276 129
7.90 -6.80 278 131
8.00 -6.80 0 0
8.10 -6.80 0 0
8.20 -6.80 0 0
8.30 -6.80 0 0
8.40 -6.80 0 0
8.50 -6.80 0 0
8.60 -6.80 0 0
8.70 -6.80 294 143
8.80 -6.80 296 143
8.90 -6.80 298 140
9.00 -6.80 304 139
9.10 -6.80 306 138
-9.00 -6.70 0 0
-8.90 -6.70 0 0
-8.80 -6.70 0 0
-8.70 -6.70 0 0
-8.60 -6.70 0 0
-8.50 -6.70 0 0
-8.40 -6.70 0 0
-8.30 -6.70 0 0
-8.20 -6.70 0 0
-8.10 -6.70 0 0
-8.00 -6.70 0 0
-7.90 -6.70 0 0
-7.80 -6.70 0 0
-7.70 -6.70 0 0
-7.60 -6.70 0 0
-7.50 -6.70 0 0
-7.40 -6.70 0 0
-7.30 -6.70 0 0
-7.20 -6.70 0 0
-7.10 -6.70 0 0
-7.00 -6.70 0 0
-6.90 -6.70 0 0
-6.80 -6.70 0 0
-6.70 -6.70 0 0
-6.60 -6.70 0 0
-6.50 -6.70 0 0
-6.40 -6.70 0 0
-6.30 -6.70 0 0
-6.20 -6.70 0 0
-6.10 -6.70 0 0
-6.00 -6.70 0 0
-5.90 -6.70 0 0
-5.80 -6.70 0 0
-5.70 -6.70 0 0
-5.60 -6.70 0 0
-5.50 -6.70 0 0
-5.40 -6.70 0 0
-5.30 -6.70 0 0
-5.20 -6.70 0 0
-5.10 -6.70 0 0
-5.00 -6.70 0 0
-4.90 -6.70 0 0
-4.80 -6.70 0 0
-4.70 -6.70 0 0
-4.60 -6.70 0 0
-4.50 -6.70 0 0
-4.40 -6.70 0 0
-4.30 -6.70 0 0
-4.20 -6.70 0 0
-4.10 -6.70 0 0
-4.00 -6.70 0 0
-3.90 -6.70 0 0
-3.80 -6.70 0 0
-3.70 -6.70 0 0
-3.60 -6.70 0 0
-3.50 -6.70 0 0
-3.40 -6.70 0 0
-3.30 -6.70 0 0
-3.20 -6.70 0 0
-3.10 -6.70 0 0
-3.00 -6.70 3 281
-2.90 -6.70 3 279
-2.80 -6.70 5 277
-2.70 -6.70 5 276
-2.60 -6.70 8 273
-2.50 -6.70 9 271
-2.40 -6.70 11 269
-2.30 -6.70 14 268
-2.20 -6.70 18 266
-2.10 -6.70 21 265
-2.00 -6.70 23 264
-1.90 -6.70 27 263
-1.80 -6.70 29 262
-1.70 -6.70 31 260
-1.60 -6.70 33 259
-1.50 -6.70 36 258
-1.40 -6.70 38 257
-1.30 -6.70 41 256
-1.20 -6.70 43 255
-1.10 -6.70 45 254
-1.00 -6.70 49 252
-0.90 -6.70 50 252
-0.80 -6.70 52 250
-0.70 -6.70 55 249
-0.60 -6.70 58 247
-0.50 -6.70 62 246
-0.40 -6.70 64 246
-0.30 -6.70 67 244
-0.20 -6.70 71 242
-0.10 -6.70 73 242
-0.00 -6.70 76 238
0.10 -6.70 78 237
0.20 -6.70 79 237
0.30 -6.70 81 236
0.40 -6.70 82 235
0.50 -6.70 84 235
0.60 -6.70 86 233
0.70 -6.70 90 227
0.80 -6.70 0 0
0.90 -6.70 0 0
1.00 -6.70 0 0
1.10 -6.70 0 0
1.20 -6.70 0 0
1.30 -6.70 0 0
1.40 -6.70 0 0
1.50 -6.70 0 0
1.60 -6.70 0 0
1.70 -6.70 0 0
1.80 -6.70 0 0
1.90 -6.70 0 0
2.00 -6.70 0 0
2.10 -6.70 0 0
2.20 -6.70 0 0
2.30 -6.70 0 0
2.40 -6.70 0 0
2.50 -6.70 0 0
2.60 -6.70 0 0
2.70 -6.70 0 0
2.80 -6.70 0 0
2.90 -6.70 0 0
3.00 -6.70 0 0
3.10 -6.70 0 0
3.20 -6.70 0 0
3.30 -6.70 0 0
3.40 -6.70 0 0
3.50 -6.70 0 0
3.60 -6.70 0 0
3.70 -6.70 0 0
3.80 -6.70 0 0
3.90 -6.70 0 0
4.00 -6.70 0 0
4.10 -6.70 0 0
4.20 -6.70 0 0
4.30 -6.70 0 0
4.40 -6.70 0 0
4.50 -6.70 0 0
4.60 -6.70 0 0
4.70 -6.70 0 0
4.80 -6.70 0 0
4.90 -6.70 0 0
5.00 -6.70 0 0
5.10 -6.70 0 0
5.20 -6.70 0 0
5.30 -6.70 0 0
5.40 -6.70 0 0
5.50 -6.70 0 0
5.60 -6.70 0 0
5.70 -6.70 0 0
5.80 -6.70 0 0
5.90 -6.70 0 0
6.00 -6.70 0 0
6.10 -6.70 0 0
6.20 -6.70 0 0
6.30 -6.70 0 0
6.40 -6.70 0 0
6.50 -6.70 0 0
6.60 -6.70 0 0
6.70 -6.70 0 0
6.80 -6.70 248 155
6.90 -6.70 250 154
7.00 -6.70 255 154
7.10 -6.70 254 154
7.20 -6.70 259 154
7.30 -6.70 262 153
7.40 -6.70 265 152
7.50 -6.70 267 152
7.60 -6.70 270 152
7.70 -6.70 272 151
7.80 -6.70 278 129
7.90 -6.70 280 129
8.00 -6.70 282 130
8.10 -6.70 0 0
8.20 -6.70 0 0
8.30 -6.70 0 0
8.40 -6.70 0 0
8.50 -6.70 0 0
8.60 -6.70 0 0
8.70 -6.70 0 0
8.80 -6.70 297 142
8.90 -6.70 301 140
9.00 -6.70 305 140
9.10 -6.70 307 139
-9.00 -6.60 0 0
-8.90 -6.60 0 0
-8.80 -6.60 0 0
-8.70 -6.60 0 0
-8.60 -6.60 0 0
-8.50 -6.60 0 0
-8.40 -6.60 0 0
-8.30 -6.60 0 0
-8.20 -6.60 0 0
-8.10 -6.60 0 0
-8.00 -6.60 0 0
-7.90 -6.60 0 0
-7.80 -6.60 0 0
-7.70 -6.60 0 0
-7.60 -6.60 0 0
-7.50 -6.60 0 0
-7.40 -6.60 0 0
-7.30 -6.60 0 0
-7.20 -6.60 0 0
-7.10 -6.60 0 0
-7.00 -6.60 0 0
-6.90 -6.60 0 0
-6.80 -6.60 0 0
-6.70 -6.60 0 0
-6.60 -6.60 0 0
-6.50 -6.60 0 0
-6.40 -6.60 0 0
-6.30 -6.60 0 0
-6.20 -6.60 0 0
-6.10 -6.60 0 0
-6.00 -6.60 0 0
-5.90 -6.60 0 0
-5.80 -6.60 0 0
-5.70 -6.60 0 0
-5.60 -6.60 0 0
-5.50 -6.60 0 0
-5.40 -6.60 0 0
-5.30 -6.60 0 0
-5.20 -6.60 0 0
-5.10 -6.60 0 0
-5.00 -6.60 0 0
-4.90 -6.60 0 0
-4.80 -6.60 0 0
-4.70 -6.60 0 0
-4.60 -6.60 0 0
-4.50 -6.60 0 0
-4.40 -6.60 0 0
-4.30 -6.60 0 0
-4.20 -6.60 0 0
-4.10 -6.60 0 0
-4.00 -6.60 0 0
-3.90 -6.60 0 0
-3.80 -6.60 0 0
-3.70 -6.60 0 0
-3.60 -6.60 0 0
-3.50 -6.60 0 0
-3.40 -6.60 0 0
-3.30 -6.60 0 0
-3.20 -6.60 0 0
-3.10 -6.60 3 281
-3.00 -6.60 4 281
-2.90 -6.60 5 280
-2.80 -6.60 6 278
-2.70 -6.60 7 276
-2.60 -6.60 9 275
-2.50 -6.60 12 273
-2.40 -6.60 12 271
-2.30 -6.60 15 270
-2.20 -6.60 19 269
-2.10 -6.60 23 267
-2.00 -6.60 25 265
-1.90 -6.60 28 264
-1.80 -6.60 31 263
-1.70 -6.60 32 262
-1.60 -6.60 35 261
-1.50 -6.60 38 259
-1.40 -6.60 40 259
-1.30 -6.60 43 257
-1.20 -6.60 46 256
-1.10 -6.60 48 254
-1.00 -6.60 49 254
-0.90 -6.60 52 252
-0.80 -6.60 54 251
-0.70 -6.60 58 250
-0.60 -6.60 59 249
-0.50 -6.60 65 247
-0.40 -6.60 68 246
-0.30 -6.60 70 246
-0.20 -6.60 73 244
-0.10 -6.60 75 242
-0.00 -6.60 77 240
0.10 -6.60 79 237
0.20 -6.60 81 238
0.30 -6.60 83 235
0.40 -6.60 83 237
0.50 -6.60 85 235
0.60 -6.60 86 234
0.70 -6.60 0 0
0.80 -6.60 0 0
0.90 -6.60 0 0
1.00 -6.60 0 0
1.10 -6.60 0 0
1.20 -6.60 0 0
1.30 -6.60 0 0
1.40 -6.60 0 0
1.50 -6.60 0 0
1.60 -6.60 0 0
1.70 -6.60 0 0
1.80 -6.60 0 0
1.90 -6.60 0 0
2.00 -6.60 0 0
2.10 -6.60 0 0
2.20 -6.60 0 0
2.30 -6.60 0 0
2.40 -6.60 0 0
2.50 -6.60 0 0
2.60 -6.60 0 0
2.70 -6.60 0 0
2.80 -6.60 0 0
2.90 -6.60 0 0
3.00 -6.60 0 0
3.10 -6.60 0 0
3.20 -6.60 0 0
3.30 -6.60 0 0
3.40 -6.60 0 0
3.50 -6.60 0 0
3.60 -6.60 0 0
3.70 -6.60 0 0
3.80 -6.60 0 0
3.90 -6.60 0 0
4.00 -6.60 0 0
4.10 -6.60 0 0
4.20 -6.60 0 0
4.30 -6.60 0 0
4.40 -6.60 0 0
4.50 -6.60 0 0
4.60 -6.60 0 0
4.70 -6.60 0 0
4.80 -6.60 0 0
4.90 -6.60 0 0
5.00 -6.60 0 0
5.10 -6.60 0 0
5.20 -6.60 0 0
5.30 -6.60 0 0
5.40 -6.60 0 0
5.50 -6.60 0 0
5.60 -6.60 0 0
5.70 -6.60 0 0
5.80 -6.60 0 0
5.90 -6.60 0 0
6.00 -6.60 0 0
6.10 -6.60 0 0
6.20 -6.60 0 0
6.30 -6.60 0 0
6.40 -6.60 0 0
6.50 -6.60 0 0
6.60 -6.60 0 0
6.70 -6.60 0 0
6.80 -6.60 0 0
6.90 -6.60 0 0
7.00 -6.60 0 0
7.10 -6.60 257 155
7.20 -6.60 260 154
7.30 -6.60 263 153
7.40 -6.60 265 153
7.50 -6.60 267 152
7.60 -6.60 270 152
7.70 -6.60 273 151
7.80 -6.60 277 153
7.90 -6.60 282 129
8.00 -6.60 284 129
8.10 -6.60 0 0
8.20 -6.60 0 0
8.30 -6.60 0 0
8.40 -6.60 0 0
8.50 -6.60 0 0
8.60 -6.60 0 0
8.70 -6.60 0 0
8.80 -6.60 0 0
8.90 -6.60 301 141
9.00 -6.60 308 141
9.10 -6.60 309 140
-9.00 -6.50 0 0
-8.90 -6.50 0 0
-8.80 -6.50 0 0
-8.70 -6.50 0 0
-8.60 -6.50 0 0
-8.50 -6.50 0 0
-8.40 -6.50 0 0
-8.30 -6.50 0 0
-8.20 -6.50 0 0
-8.10 -6.50 0 0
-8.00 -6.50 0 0
-7.90 -6.50 0 0
-7.80 -6.50 0 0
-7.70 -6.50 0 0
-7.60 -6.50 0 0
-7.50 -6.50 0 0
-7.40 -6.50 0 0
-7.30 -6.50 0 0
-7.20 -6.50 0 0
-7.10 -6.50 0 0
-7.00 -6.50 0 0
-6.90 -6.50 0 0
-6.80 -6.50 0 0
-6.70 -6.50 0 0
-6.60 -6.50 0 0
-6.50 -6.50 0 0
-6.40 -6.50 0 0
-6.30 -6.50 0 0
-6.20 -6.50 0 0
-6.10 -6.50 0 0
-6.00 -6.50 0 0
-5.90 -6.50 0 0
-5.80 -6.50 0 0
-5.70 -6.50 0 0
-5.60 -6.50 0 0
-5.50 -6.50 0 0
-5.40 -6.50 0 0
-5.30 -6.50 0 0
-5.20 -6.50 0 0
-5.10 -6.50 0 0
-5.00 -6.50 0 0
-4.90 -6.50 0 0
-4.80 -6.50 0 0
-4.70 -6.50 0 0
-4.60 -6.50 0 0
-4.50 -6.50 0 0
-4.40 -6.50 0 0
-4.30 -6.50 0 0
-4.20 -6.50 0 0
-4.10 -6.50 0 0
-4.00 -6.50 0 0
-3.90 -6.50 0 0
-3.80 -6.50 0 0
-3.70 -6.50 0 0
-3.60 -6.50 0 0
-3.50 -6.50 0 0
-3.40 -6.50 0 0
-3.30 -6.50 0 0
-3.20 -6.50 0 0
-3.10 -6.50 4 284
-3.00 -6.50 5 284
-2.90 -6.50 5 279
-2.80 -6.50 9 280
-2.70 -6.50 9 278
-2.60 -6.50 9 275
-2.50 -6.50 12 274
-2.40 -6.50 16 272
-2.30 -6.50 19 271
-2.20 -6.50 23 271
-2.10 -6.50 25 269
-2.00 -6.50 28 267
-1.90 -6.50 29 266
-1.80 -6.50 31 264
-1.70 -6.50 34 264
-1.60 -6.50 36 262
-1.50 -6.50 39 261
-1.40 -6.50 42 259
-1.30 -6.50 43 259
-1.20 -6.50 46 257
-1.10 -6.50 49 256
-1.00 -6.50 51 255
-0.90 -6.50 53 254
-0.80 -6.50 57 252
-0.70 -6.50 58 251
-0.60 -6.50 62 251
-0.50 -6.50 65 249
-0.40 -6.50 69 248
-0.30 -6.50 71 247
-0.20 -6.50 74 245
-0.10 -6.50 76 242
-0.00 -6.50 78 240
0.10 -6.50 80 240
0.20 -6.50 83 237
0.30 -6.50 83 237
0.40 -6.50 85 236
0.50 -6.50 85 237
0.60 -6.50 86 234
0.70 -6.50 0 0
0.80 -6.50 0 0
0.90 -6.50 0 0
1.00 -6.50 0 0
1.10 -6.50 0 0
1.20 -6.50 0 0
1.30 -6.50 0 0
1.40 -6.50 0 0
1.50 -6.50 0 0
1.60 -6.50 0 0
1.70 -6.50 0 0
1.80 -6.50 0 0
1.90 -6.50 0 0
2.00 -6.50 0 0
2.10 -6.50 0 0
2.20 -6.50 0 0
2.30 -6.50 0 0
2.40 -6.50 0 0
2.50 -6.50 0 0
2.60 -6.50 0 0
2.70 -6.50 0 0
2.80 -6.50 0 0
2.90 -6.50 0 0
3.00 -6.50 0 0
3.10 -6.50 0 0
3.20 -6.50 0 0
3.30 -6.50 0 0
3.40 -6.50 0 0
3.50 -6.50 0 0
3.60 -6.50 0 0
3.70 -6.50 0 0
3.80 -6.50 0 0
3.90 -6.50 0 0
4.00 -6.50 0 0
4.10 -6.50 0 0
4.20 -6.50 0 0
4.30 -6.50 0 0
4.40 -6.50 0 0
4.50 -6.50 0 0
4.60 -6.50 0 0
4.70 -6.50 0 0
4.80 -6.50 0 0
4.90 -6.50 0 0
5.00 -6.50 0 0
5.10 -6.50 0 0
5.20 -6.50 0 0
5.30 -6.50 0 0
5.40 -6.50 0 0
5.50 -6.50 0 0
5.60 -6.50 0 0
5.70 -6.50 0 0
5.80 -6.50 0 0
5.90 -6.50 0 0
6.00 -6.50 0 0
6.10 -6.50 0 0
6.20 -6.50 0 0
6.30 -6.50 0 0
6.40 -6.50 0 0
6.50 -6.50 0 0
6.60 -6.50 0 0
6.70 -6.50 0 0
6.80 -6.50 0 0
6.90 -6.50 0 0
7.00 -6.50 0 0
7.10 -6.50 0 0
7.20 -6.50 261 154
7.30 -6.50 265 153
7.40 -6.50 267 154
7.50 -6.50 270 153
7.60 -6.50 272 152
7.70 -6.50 274 153
7.80 -6.50 279 152
7.90 -6.50 283 129
8.00 -6.50 285 128
8.10 -6.50 287 128
8.20 -6.50 289 133
8.30 -6.50 0 0
8.40 -6.50 0 0
8.50 -6.50 0 0
8.60 -6.50 0 0
8.70 -6.50 0 0
8.80 -6.50 0 0
8.90 -6.50 0 0
9.00 -6.50 0 0
9.10 -6.50 0 0
-9.00 -6.40 0 0
-8.90 -6.40 0 0
-8.80 -6.40 0 0
-8.70 -6.40 0 0
-8.60 -6.40 0 0
-8.50 -6.40 0 0
-8.40 -6.40 0 0
-8.30 -6.40 0 0
-8.20 -6.40 0 0
-8.10 -6.40 0 0
-8.00 -6.40 0 0
-7.90 -6.40 0 0
-7.80 -6.40 0 0
-7.70 -6.40 0 0
-7.60 -6.40 0 0
-7.50 -6.40 0 0
-7.40 -6.40 0 0
-7.30 -6.40 0 0
-7.20 -6.40 0 0
-7.10 -6.40 0 0
-7.00 -6.40 0 0
-6.90 -6.40 0 0
-6.80 -6.40 0 0
-6.70 -6.40 0 0
-6.60 -6.40 0 0
-6.50 -6.40 0 0
-6.40 -6.40 0 0
-6.30 -6.40 0 0
-6.20 -6.40 0 0
-6.10 -6.40 0 0
-6.00 -6.40 0 0
-5.90 -6.40 0 0
-5.80 -6.40 0 0
-5.70 -6.40 0 0
-5.60 -6.40 0 0
-5.50 -6.40 0 0
-5.40 -6.40 0 0
-5.30 -6.40 0 0
-5.20 -6.40 0 0
-5.10 -6.40 0 0
-5.00 -6.40 0 0
-4.90 -6.40 0 0
-4.80 -6.40 0 0
-4.70 -6.40 0 0
-4.60 -6.40 0 0
-4.50 -6.40 0 0
-4.40 -6.40 0 0
-4.30 -6.40 0 0
-4.20 -6.40 0 0
-4.10 -6.40 0 0
-4.00 -6.40 0 0
-3.90 -6.40 0 0
-3.80 -6.40 0 0
-3.70 -6.40 0 0
-3.60 -6.40 0 0
-3.50 -6.40 0 0
-3.40 -6.40 0 0
-3.30 -6.40 0 0
-3.20 -6.40 0 0
-3.10 -6.40 4 285
-3.00 -6.40 6 283
-2.90 -6.40 7 281
-2.80 -6.40 9 279
-2.70 -6.40 10 279
-2.60 -6.40 11 277
-2.50 -6.40 13 275
-2.40 -6.40 18 274
-2.30 -6.40 21 272
-2.20 -6.40 23 271
-2.10 -6.40 26 269
-2.00 -6.40 29 268
-1.90 -6.40 30 268
-1.80 -6.40 32 266
-1.70 -6.40 35 264
-1.60 -6.40 38 263
-1.50 -6.40 41 261
-1.40 -6.40 43 261
-1.30 -6.40 45 260
-1.20 -6.40 48 258
-1.10 -6.40 49 258
-1.00 -6.40 52 256
-0.90 -6.40 55 254
-0.80 -6.40 57 254
-0.70 -6.40 62 253
-0.60 -6.40 66 251
-0.50 -6.40 69 250
-0.40 -6.40 70 249
-0.30 -6.40 72 248
-0.20 -6.40 75 245
-0.10 -6.40 78 243
-0.00 -6.40 79 241
0.10 -6.40 81 240
0.20 -6.40 82 239
0.30 -6.40 83 238
0.40 -6.40 84 238
0.50 -6.40 85 237
0.60 -6.40 0 0
0.70 -6.40 0 0
0.80 -6.40 0 0
0.90 -6.40 0 0
1.00 -6.40 0 0
1.10 -6.40 0 0
1.20 -6.40 0 0
1.30 -6.40 0 0
1.40 -6.40 0 0
1.50 -6.40 0 0
1.60 -6.40 0 0
1.70 -6.40 0 0
1.80 -6.40 0 0
1.90 -6.40 0 0
2.00 -6.40 0 0
2.10 -6.40 0 0
2.20 -6.40 0 0
2.30 -6.40 0 0
2.40 -6.40 0 0
2.50 -6.40 0 0
2.60 -6.40 0 0
2.70 -6.40 0 0
2.80 -6.40 0 0
2.90 -6.40 0 0
3.00 -6.40 0 0
3.10 -6.40 0 0
3.20 -6.40 0 0
3.30 -6.40 0 0
3.40 -6.40 0 0
3.50 -6.40 0 0
3.60 -6.40 0 0
3.70 -6.40 0 0
3.80 -6.40 0 0
3.90 -6.40 0 0
4.00 -6.40 0 0
4.10 -6.40 0 0
4.20 -6.40 0 0
4.30 -6.40 0 0
4.40 -6.40 0 0
4.50 -6.40 0 0
4.60 -6.40 0 0
4.70 -6.40 0 0
4.80 -6.40 0 0
4.90 -6.40 0 0
5.00 -6.40 0 0
5.10 -6.40 0 0
5.20 -6.40 0 0
5.30 -6.40 0 0
5.40 -6.40 0 0
5.50 -6.40 0 0
5.60 -6.40 0 0
5.70 -6.40 0 0
5.80 -6.40 0 0
5.90 -6.40 0 0
6.00 -6.40 0 0
6.10 -6.40 0 0
6.20 -6.40 0 0
6.30 -6.40 0 0
6.40 -6.40 0 0
6.50 -6.40 0 0
6.60 -6.40 0 0
6.70 -6.40 0 0
6.80 -6.40 0 0
6.90 -6.40 0 0
7.00 -6.40 0 0
7.10 -6.40 264 154
7.20 -6.40 261 154
7.30 -6.40 267 153
7.40 -6.40 267 154
7.50 -6.40 270 153
7.60 -6.40 274 153
7.70 -6.40 276 153
7.80 -6.40 280 152
7.90 -6.40 281 153
8.00 -6.40 283 152
8.10 -6.40 288 128
8.20 -6.40 291 131
8.30 -6.40 0 0
8.40 -6.40 0 0
8.50 -6.40 0 0
8.60 -6.40 0 0
8.70 -6.40 0 0
8.80 -6.40 0 0
8.90 -6.40 0 0
9.00 -6.40 0 0
9.10 -6.40 311 141
-9.00 -6.30 0 0
-8.90 -6.30 0 0
-8.80 -6.30 0 0
-8.70 -6.30 0 0
-8.60 -6.30 0 0
-8.50 -6.30 0 0
-8.40 -6.30 0 0
-8.30 -6.30 0 0
-8.20 -6.30 0 0
-8.10 -6.30 0 0
-8.00 -6.30 0 0
-7.90 -6.30 0 0
-7.80 -6.30 0 0
-7.70 -6.30 0 0
-7.60 -6.30 0 0
-7.50 -6.30 0 0
-7.40 -6.30 0 0
-7.30 -6.30 0 0
-7.20 -6.30 0 0
-7.10 -6.30 0 0
-7.00 -6.30 0 0
-6.90 -6.30 0 0
-6.80 -6.30 0 0
-6.70 -6.30 0 0
-6.60 -6.30 0 0
-6.50 -6.30 0 0
-6.40 -6.30 0 0
-6.30 -6.30 0 0
-6.20 -6.30 0 0
-6.10 -6.30 0 0
-6.00 -6.30 0 0
-5.90 -6.30 0 0
-5.80 -6.30 0 0
-5.70 -6.30 0 0
-5.60 -6.30 0 0
-5.50 -6.30 0 0
-5.40 -6.30 0 0
-5.30 -6.30 0 0
-5.20 -6.30 0 0
-5.10 -6.30 0 0
-5.00 -6.30 0 0
-4.90 -6.30 0 0
-4.80 -6.30 0 0
-4.70 -6.30 0 0
-4.60 -6.30 0 0
-4.50 -6.30 0 0
-4.40 -6.30 0 0
-4.30 -6.30 0 0
-4.20 -6.30 0 0
-4.10 -6.30 0 0
-4.00 -6.30 0 0
-3.90 -6.30 0 0
-3.80 -6.30 0 0
-3.70 -6.30 0 0
-3.60 -6.30 0 0
-3.50 -6.30 0 0
-3.40 -6.30 0 0
-3.30 -6.30 0 0
-3.20 -6.30 3 286
-3.10 -6.30 6 285
-3.00 -6.30 7 284
-2.90 -6.30 8 283
-2.80 -6.30 10 281
-2.70 -6.30 11 280
-2.60 -6.30 14 277
-2.50 -6.30 16 276
-2.40 -6.30 19 275
-2.30 -6.30 22 273
-2.20 -6.30 25 273
-2.10 -6.30 28 271
-2.00 -6.30 29 271
-1.90 -6.30 32 269
-1.80 -6.30 35 267
-1.70 -6.30 37 266
-1.60 -6.30 40 264
-1.50 -6.30 42 262
-1.40 -6.30 44 262
-1.30 -6.30 46 261
-1.20 -6.30 49 260
-1.10 -6.30 52 258
-1.00 -6.30 55 257
-0.90 -6.30 56 256
-0.80 -6.30 60 254
-0.70 -6.30 63 254
-0.60 -6.30 67 253
-0.50 -6.30 69 251
-0.40 -6.30 71 250
-0.30 -6.30 74 249
-0.20 -6.30 76 247
-0.10 -6.30 78 244
-0.00 -6.30 80 242
0.10 -6.30 81 241
0.20 -6.30 82 240
0.30 -6.30 84 239
0.40 -6.30 83 239
0.50 -6.30 86 235
0.60 -6.30 0 0
0.70 -6.30 0 0
0.80 -6.30 0 0
0.90 -6.30 0 0
1.00 -6.30 0 0
1.10 -6.30 0 0
1.20 -6.30 0 0
1.30 -6.30 0 0
1.40 -6.30 0 0
1.50 -6.30 0 0
1.60 -6.30 0 0
1.70 -6.30 0 0
1.80 -6.30 0 0
1.90 -6.30 0 0
2.00 -6.30 0 0
2.10 -6.30 0 0
2.20 -6.30 0 0
2.30 -6.30 0 0
2.40 -6.30 0 0
2.50 -6.30 0 0
2.60 -6.30 0 0
2.70 -6.30 0 0
2.80 -6.30 0 0
2.90 -6.30 0 0
3.00 -6.30 0 0
3.10 -6.30 0 0
3.20 -6.30 0 0
3.30 -6.30 0 0
3.40 -6.30 0 0
3.50 -6.30 0 0
3.60 -6.30 0 0
3.70 -6.30 0 0
3.80 -6.30 0 0
3.90 -6.30 0 0
4.00 -6.30 0 0
4.10 -6.30 0 0
4.20 -6.30 0 0
4.30 -6.30 0 0
4.40 -6.30 0 0
4.50 -6.30 0 0
4.60 -6.30 0 0
4.70 -6.30 0 0
4.80 -6.30 0 0
4.90 -6.30 0 0
5.00 -6.30 0 0
5.10 -6.30 0 0
5.20 -6.30 0 0
5.30 -6.30 0 0
5.40 -6.30 0 0
5.50 -6.30 0 0
5.60 -6.30 0 0
5.70 -6.30 0 0
5.80 -6.30 0 0
5.90 -6.30 0 0
6.00 -6.30 0 0
6.10 -6.30 0 0
6.20 -6.30 0 0
6.30 -6.30 0 0
6.40 -6.30 0 0
6.50 -6.30 0 0
6.60 -6.30 0 0
6.70 -6.30 0 0
6.80 -6.30 0 0
6.90 -6.30 0 0
7.00 -6.30 0 0
7.10 -6.30 0 0
7.20 -6.30 0 0
7.30 -6.30 266 154
7.40 -6.30 271 154
7.50 -6.30 273 153
7.60 -6.30 275 153
7.70 -6.30 278 153
7.80 -6.30 281 152
7.90 -6.30 284 152
8.00 -6.30 286 152
8.10 -6.30 290 129
8.20 -6.30 292 131
8.30 -6.30 295 131
8.40 -6.30 296 133
8.50 -6.30 0 0
8.60 -6.30 0 0
8.70 -6.30 0 0
8.80 -6.30 0 0
8.90 -6.30 0 0
9.00 -6.30 0 0
9.10 -6.30 313 141
-9.00 -6.20 0 0
-8.90 -6.20 0 0
-8.80 -6.20 0 0
-8.70 -6.20 0 0
-8.60 -6.20 0 0
-8.50 -6.20 0 0
-8.40 -6.20 0 0
-8.30 -6.20 0 0
-8.20 -6.20 0 0
-8.10 -6.20 0 0
-8.00 -6.20 0 0
-7.90 -6.20 0 0
-7.80 -6.20 0 0
-7.70 -6.20 0 0
-7.60 -6.20 0 0
-7.50 -6.20 0 0
-7.40 -6.20 0 0
-7.30 -6.20 0 0
-7.20 -6.20 0 0
-7.10 -6.20 0 0
-7.00 -6.20 0 0
-6.90 -6.20 0 0
-6.80 -6.20 0 0
-6.70 -6.20 0 0
-6.60 -6.20 0 0
-6.50 -6.20 0 0
-6.40 -6.20 0 0
-6.30 -6.20 0 0
-6.20 -6.20 0 0
-6.10 -6.20 0 0
-6.00 -6.20 0 0
-5.90 -6.20 0 0
-5.80 -6.20 0 0
-5.70 -6.20 0 0
-5.60 -6.20 0 0
-5.50 -6.20 0 0
-5.40 -6.20 0 0
-5.30 -6.20 0 0
-5.20 -6.20 0 0
-5.10 -6.20 0 0
-5.00 -6.20 0 0
-4.90 -6.20 0 0
-4.80 -6.20 0 0
-4.70 -6.20 0 0
-4.60 -6.20 0 0
-4.50 -6.20 0 0
-4.40 -6.20 0 0
-4.30 -6.20 0 0
-4.20 -6.20 0 0
-4.10 -6.20 0 0
-4.00 -6.20 0 0
-3.90 -6.20 0 0
-3.80 -6.20 0 0
-3.70 -6.20 0 0
-3.60 -6.20 0 0
-3.50 -6.20 0 0
-3.40 -6.20 0 0
-3.30 -6.20 4 287
-3.20 -6.20 4 285
-3.10 -6.20 7 286
-3.00 -6.20 8 284
-2.90 -6.20 9 284
-2.80 -6.20 11 281
-2.70 -6.20 12 281
-2.60 -6.20 15 279
-2.50 -6.20 18 277
-2.40 -6.20 21 276
-2.30 -6.20 23 276
-2.20 -6.20 26 274
-2.10 -6.20 28 272
-2.00 -6.20 30 271
-1.90 -6.20 32 271
-1.80 -6.20 36 269
-1.70 -6.20 38 267
-1.60 -6.20 41 267
-1.50 -6.20 43 265
-1.40 -6.20 46 263
-1.30 -6.20 48 262
-1.20 -6.20 50 261
-1.10 -6.20 54 260
-1.00 -6.20 57 259
-0.90 -6.20 59 258
-0.80 -6.20 62 256
-0.70 -6.20 66 255
-0.60 -6.20 68 254
-0.50 -6.20 70 252
-0.40 -6.20 72 251
-0.30 -6.20 74 249
-0.20 -6.20 75 248
-0.10 -6.20 78 246
-0.00 -6.20 80 243
0.10 -6.20 82 242
0.20 -6.20 83 241
0.30 -6.20 85 237
0.40 -6.20 84 238
0.50 -6.20 0 0
0.60 -6.20 0 0
0.70 -6.20 0 0
0.80 -6.20 0 0
0.90 -6.20 0 0
1.00 -6.20 0 0
1.10 -6.20 0 0
1.20 -6.20 0 0
1.30 -6.20 0 0
1.40 -6.20 0 0
1.50 -6.20 0 0
1.60 -6.20 0 0
1.70 -6.20 0 0
1.80 -6.20 0 0
1.90 -6.20 0 0
2.00 -6.20 0 0
2.10 -6.20 0 0
2.20 -6.20 0 0
2.30 -6.20 0 0
2.40 -6.20 0 0
2.50 -6.20 0 0
2.60 -6.20 0 0
2.70 -6.20 0 0
2.80 -6.20 0 0
2.90 -6.20 0 0
3.00 -6.20 0 0
3.10 -6.20 0 0
3.20 -6.20 0 0
3.30 -6.20 0 0
3.40 -6.20 0 0
3.50 -6.20 0 0
3.60 -6.20 0 0
3.70 -6.20 0 0
3.80 -6.20 0 0
3.90 -6.20 0 0
4.00 -6.20 0 0
4.10 -6.20 0 0
4.20 -6.20 0 0
4.30 -6.20 0 0
4.40 -6.20 0 0
4.50 -6.20 0 0
4.60 -6.20 0 0
4.70 -6.20 0 0
4.80 -6.20 0 0
4.90 -6.20 0 0
5.00 -6.20 0 0
5.10 -6.20 0 0
5.20 -6.20 0 0
5.30 -6.20 0 0
5.40 -6.20 0 0
5.50 -6.20 0 0
5.60 -6.20 0 0
5.70 -6.20 0 0
5.80 -6.20 0 0
5.90 -6.20 0 0
6.00 -6.20 0 0
6.10 -6.20 0 0
6.20 -6.20 0 0
6.30 -6.20 0 0
6.40 -6.20 0 0
6.50 -6.20 0 0
6.60 -6.20 0 0
6.70 -6.20 0 0
6.80 -6.20 0 0
6.90 -6.20 0 0
7.00 -6.20 0 0
7.10 -6.20 0 0
7.20 -6.20 0 0
7.30 -6.20 0 0
7.40 -6.20 271 154
7.50 -6.20 275 154
7.60 -6.20 274 153
7.70 -6.20 279 153
7.80 -6.20 281 153
7.90 -6.20 286 152
8.00 -6.20 287 152
8.10 -6.20 290 152
8.20 -6.20 294 130
8.30 -6.20 296 129
8.40 -6.20 298 131
8.50 -6.20 0 0
8.60 -6.20 0 0
8.70 -6.20 0 0
8.80 -6.20 0 0
8.90 -6.20 0 0
9.00 -6.20 0 0
9.10 -6.20 0 0
-9.00 -6.10 0 0
-8.90 -6.10 0 0
-8.80 -6.10 0 0
-8.70 -6.10 0 0
-8.60 -6.10 0 0
-8.50 -6.10 0 0
-8.40 -6.10 0 0
-8.30 -6.10 0 0
-8.20 -6.10 0 0
-8.10 -6.10 0 0
-8.00 -6.10 0 0
-7.90 -6.10 0 0
-7.80 -6.10 0 0
-7.70 -6.10 0 0
-7.60 -6.10 0 0
-7.50 -6.10 0 0
-7.40 -6.10 0 0
-7.30 -6.10 0 0
-7.20 -6.10 0 0
-7.10 -6.10 0 0
-7.00 -6.10 0 0
-6.90 -6.10 0 0
-6.80 -6.10 0 0
-6.70 -6.10 0 0
-6.60 -6.10 0 0
-6.50 -6.10 0 0
-6.40 -6.10 0 0
-6.30 -6.10 0 0
-6.20 -6.10 0 0
-6.10 -6.10 0 0
-6.00 -6.10 0 0
-5.90 -6.10 0 0
-5.80 -6.10 0 0
-5.70 -6.10 0 0
-5.60 -6.10 0 0
-5.50 -6.10 0 0
-5.40 -6.10 0 0
-5.30 -6.10 0 0
-5.20 -6.10 0 0
-5.10 -6.10 0 0
-5.00 -6.10 0 0
-4.90 -6.10 0 0
-4.80 -6.10 0 0
-4.70 -6.10 0 0
-4.60 -6.10 0 0
-4.50 -6.10 0 0
-4.40 -6.10 0 0
-4.30 -6.10 0 0
-4.20 -6.10 0 0
-4.10 -6.10 0 0
-4.00 -6.10 0 0
-3.90 -6.10 0 0
-3.80 -6.10 0 0
-3.70 -6.10 0 0
-3.60 -6.10 0 0
-3.50 -6.10 0 0
-3.40 -6.10 0 0
-3.30 -6.10 4 290
-3.20 -6.10 5 289
-3.10 -6.10 8 287
-3.00 -6.10 9 285
-2.90 -6.10 11 284
-2.80 -6.10 12 283
-2.70 -6.10 14 282
-2.60 -6.10 17 280
-2.50 -6.10 20 280
-2.40 -6.10 23 278
-2.30 -6.10 25 277
-2.20 -6.10 28 275
-2.10 -6.10 29 274
-2.00 -6.10 32 272
-1.90 -6.10 34 272
-1.80 -6.10 38 270
-1.70 -6.10 39 269
-1.60 -6.10 42 267
-1.50 -6.10 45 266
-1.40 -6.10 46 265
-1.30 -6.10 49 264
-1.20 -6.10 53 262
-1.10 -6.10 55 260
-1.00 -6.10 58 260
-0.90 -6.10 61 259
-0.80 -6.10 64 258
-0.70 -6.10 67 256
-0.60 -6.10 69 255
-0.50 -6.10 71 254
-0.40 -6.10 73 252
-0.30 -6.10 75 250
-0.20 -6.10 77 248
-0.10 -6.10 79 247
-0.00 -6.10 80 245
0.10 -6.10 81 244
0.20 -6.10 83 241
0.30 -6.10 0 0
0.40 -6.10 0 0
0.50 -6.10 0 0
0.60 -6.10 0 0
0.70 -6.10 0 0
0.80 -6.10 0 0
0.90 -6.10 0 0
1.00 -6.10 0 0
1.10 -6.10 0 0
1.20 -6.10 0 0
1.30 -6.10 0 0
1.40 -6.10 0 0
1.50 -6.10 0 0
1.60 -6.10 0 0
1.70 -6.10 0 0
1.80 -6.10 0 0
1.90 -6.10 0 0
2.00 -6.10 0 0
2.10 -6.10 0 0
2.20 -6.10 0 0
2.30 -6.10 0 0
2.40 -6.10 0 0
2.50 -6.10 0 0
2.60 -6.10 0 0
2.70 -6.10 0 0
2.80 -6.10 0 0
2.90 -6.10 0 0
3.00 -6.10 0 0
3.10 -6.10 0 0
3.20 -6.10 0 0
3.30 -6.10 0 0
3.40 -6.10 0 0
3.50 -6.10 0 0
3.60 -6.10 0 0
3.70 -6.10 0 0
3.80 -6.10 0 0
3.90 -6.10 0 0
4.00 -6.10 0 0
4.10 -6.10 0 0
4.20 -6.10 0 0
4.30 -6.10 0 0
4.40 -6.10 0 0
4.50 -6.10 0 0
4.60 -6.10 0 0
4.70 -6.10 0 0
4.80 -6.10 0 0
4.90 -6.10 0 0
5.00 -6.10 0 0
5.10 -6.10 0 0
5.20 -6.10 0 0
5.30 -6.10 0 0
5.40 -6.10 0 0
5.50 -6.10 0 0
5.60 -6.10 0 0
5.70 -6.10 0 0
5.80 -6.10 0 0
5.90 -6.10 0 0
6.00 -6.10 0 0
6.10 -6.10 0 0
6.20 -6.10 0 0
6.30 -6.10 0 0
6.40 -6.10 0 0
6.50 -6.10 0 0
6.60 -6.10 0 0
6.70 -6.10 0 0
6.80 -6.10 0 0
6.90 -6.10 0 0
7.00 -6.10 0 0
7.10 -6.10 0 0
7.20 -6.10 0 0
7.30 -6.10 0 0
7.40 -6.10 0 0
7.50 -6.10 273 155
7.60 -6.10 280 154
7.70 -6.10 281 153
7.80 -6.10 283 153
7.90 -6.10 285 153
8.00 -6.10 290 153
8.10 -6.10 292 153
8.20 -6.10 295 152
8.30 -6.10 298 129
8.40 -6.10 300 132
8.50 -6.10 302 132
8.60 -6.10 0 0
8.70 -6.10 0 0
8.80 -6.10 0 0
8.90 -6.10 0 0
9.00 -6.10 0 0
9.10 -6.10 0 0
-9.00 -6.00 0 0
-8.90 -6.00 0 0
-8.80 -6.00 0 0
-8.70 -6.00 0 0
-8.60 -6.00 0 0
-8.50 -6.00 0 0
-8.40 -6.00 0 0
-8.30 -6.00 0 0
-8.20 -6.00 0 0
-8.10 -6.00 0 0
-8.00 -6.00 0 0
-7.90 -6.00 0 0
-7.80 -6.00 0 0
-7.70 -6.00 0 0
-7.60 -6.00 0 0
-7.50 -6.00 0 0
-7.40 -6.00 0 0
-7.30 -6.00 0 0
-7.20 -6.00 0 0
-7.10 -6.00 0 0
-7.00 -6.00 0 0
-6.90 -6.00 0 0
-6.80 -6.00 0 0
-6.70 -6.00 0 0
-6.60 -6.00 0 0
-6.50 -6.00 0 0
-6.40 -6.00 0 0
-6.30 -6.00 0 0
-6.20 -6.00 0 0
-6.10 -6.00 0 0
-6.00 -6.00 0 0
-5.90 -6.00 0 0
-5.80 -6.00 0 0
-5.70 -6.00 0 0
-5.60 -6.00 0 0
-5.50 -6.00 0 0
-5.40 -6.00 0 0
-5.30 -6.00 0 0
-5.20 -6.00 0 0
-5.10 -6.00 0 0
-5.00 -6.00 0 0
-4.90 -6.00 0 0
-4.80 -6.00 0 0
-4.70 -6.00 0 0
-4.60 -6.00 0 0
-4.50 -6.00 0 0
-4.40 -6.00 0 0
-4.30 -6.00 0 0
-4.20 -6.00 0 0
-4.10 -6.00 0 0
-4.00 -6.00 0 0
-3.90 -6.00 0 0
-3.80 -6.00 0 0
-3.70 -6.00 3 260
-3.60 -6.00 6 258
-3.50 -6.00 0 0
-3.40 -6.00 2 287
-3.30 -6.00 6 291
-3.20 -6.00 6 289
-3.10 -6.00 7 288
-3.00 -6.00 10 285
-2.90 -6.00 12 285
-2.80 -6.00 12 284
-2.70 -6.00 16 282
-2.60 -6.00 19 281
-2.50 -6.00 21 281
-2.40 -6.00 24 279
-2.30 -6.00 27 277
-2.20 -6.00 27 278
-2.10 -6.00 31 275
-2.00 -6.00 34 274
-1.90 -6.00 35 273
-1.80 -6.00 38 272
-1.70 -6.00 41 270
-1.60 -6.00 44 269
-1.50 -6.00 47 268
-1.40 -6.00 48 265
-1.30 -6.00 51 265
-1.20 -6.00 55 264
-1.10 -6.00 57 262
-1.00 -6.00 61 261
-0.90 -6.00 63 260
-0.80 -6.00 67 259
-0.70 -6.00 69 258
-0.60 -6.00 71 256
-0.50 -6.00 72 255
-0.40 -6.00 74 253
-0.30 -6.00 76 252
-0.20 -6.00 77 251
-0.10 -6.00 78 249
-0.00 -6.00 80 246
0.10 -6.00 82 244
0.20 -6.00 83 242
0.30 -6.00 0 0
0.40 -6.00 0 0
0.50 -6.00 0 0
0.60 -6.00 0 0
0.70 -6.00 0 0
0.80 -6.00 0 0
0.90 -6.00 0 0
1.00 -6.00 0 0
1.10 -6.00 0 0
1.20 -6.00 0 0
1.30 -6.00 0 0
1.40 -6.00 0 0
1.50 -6.00 0 0
1.60 -6.00 0 0
1.70 -6.00 0 0
1.80 -6.00 0 0
1.90 -6.00 0 0
2.00 -6.00 0 0
2.10 -6.00 0 0
2.20 -6.00 0 0
2.30 -6.00 0 0
2.40 -6.00 0 0
2.50 -6.00 0 0
2.60 -6.00 0 0
2.70 -6.00 0 0
2.80 -6.00 0 0
2.90 -6.00 0 0
3.00 -6.00 0 0
3.10 -6.00 0 0
3.20 -6.00 0 0
3.30 -6.00 0 0
3.40 -6.00 0 0
3.50 -6.00 0 0
3.60 -6.00 0 0
3.70 -6.00 0 0
3.80 -6.00 0 0
3.90 -6.00 0 0
4.00 -6.00 0 0
4.10 -6.00 0 0
4.20 -6.00 0 0
4.30 -6.00 0 0
4.40 -6.00 0 0
4.50 -6.00 0 0
4.60 -6.00 0 0
4.70 -6.00 0 0
4.80 -6.00 0 0
4.90 -6.00 0 0
5.00 -6.00 0 0
5.10 -6.00 0 0
5.20 -6.00 0 0
5.30 -6.00 0 0
5.40 -6.00 0 0
5.50 -6.00 0 0
5.60 -6.00 0 0
5.70 -6.00 0 0
5.80 -6.00 0 0
5.90 -6.00 0 0
6.00 -6.00 0 0
6.10 -6.00 0 0
6.20 -6.00 0 0
6.30 -6.00 0 0
6.40 -6.00 0 0
6.50 -6.00 0 0
6.60 -6.00 0 0
6.70 -6.00 0 0
6.80 -6.00 0 0
6.90 -6.00 0 0
7.00 -6.00 0 0
7.10 -6.00 0 0
7.20 -6.00 0 0
7.30 -6.00 0 0
7.40 -6.00 0 0
7.50 -6.00 0 0
7.60 -6.00 278 154
7.70 -6.00 282 154
7.80 -6.00 284 153
7.90 -6.00 287 153
8.00 -6.00 291 153
8.10 -6.00 292 152
8.20 -6.00 295 153
8.30 -6.00 299 153
8.40 -6.00 302 130
8.50 -6.00 303 131
8.60 -6.00 305 134
8.70 -6.00 0 0
8.80 -6.00 0 0
8.90 -6.00 0 0
9.00 -6.00 0 0
9.10 -6.00 0 0
-9.00 -5.90 0 0
-8.90 -5.90 0 0
-8.80 -5.90 0 0
-8.70 -5.90 0 0
-8.60 -5.90 0 0
-8.50 -5.90 0 0
-8.40 -5.90 0 0
-8.30 -5.90 0 0
-8.20 -5.90 0 0
-8.10 -5.90 0 0
-8.00 -5.90 0 0
-7.90 -5.90 0 0
-7.80 -5.90 0 0
-7.70 -5.90 0 0
-7.60 -5.90 0 0
-7.50 -5.90 0 0
-7.40 -5.90 0 0
-7.30 -5.90 0 0
-7.20 -5.90 0 0
-7.10 -5.90 0 0
-7.00 -5.90 0 0
-6.90 -5.90 0 0
-6.80 -5.90 0 0
-6.70 -5.90 0 0
-6.60 -5.90 0 0
-6.50 -5.90 0 0
-6.40 -5.90 0 0
-6.30 -5.90 0 0
-6.20 -5.90 0 0
-6.10 -5.90 0 0
-6.00 -5.90 0 0
-5.90 -5.90 0 0
-5.80 -5.90 0 0
-5.70 -5.90 0 0
-5.60 -5.90 0 0
-5.50 -5.90 0 0
-5.40 -5.90 0 0
-5.30 -5.90 0 0
-5.20 -5.90 0 0
-5.10 -5.90 0 0
-5.00 -5.90 0 0
-4.90 -5.90 0 0
-4.80 -5.90 0 0
-4.70 -5.90 0 0
-4.60 -5.90 0 0
-4.50 -5.90 0 0
-4.40 -5.90 0 0
-4.30 -5.90 0 0
-4.20 -5.90 0 0
-4.10 -5.90 0 0
-4.00 -5.90 0 0
-3.90 -5.90 0 0
-3.80 -5.90 0 0
-3.70 -5.90 0 0
-3.60 -5.90 0 0
-3.50 -5.90 0 0
-3.40 -5.90 0 0
-3.30 -5.90 5 291
-3.20 -5.90 7 289
-3.10 -5.90 9 288
-3.00 -5.90 11 287
-2.90 -5.90 12 286
-2.80 -5.90 16 285
-2.70 -5.90 17 284
-2.60 -5.90 20 283
-2.50 -5.90 23 282
-2.40 -5.90 24 280
-2.30 -5.90 28 279
-2.20 -5.90 29 278
-2.10 -5.90 32 277
-2.00 -5.90 34 276
-1.90 -5.90 38 274
-1.80 -5.90 40 273
-1.70 -5.90 42 272
-1.60 -5.90 45 270
-1.50 -5.90 46 269
-1.40 -5.90 49 268
-1.30 -5.90 53 266
-1.20 -5.90 56 265
-1.10 -5.90 59 263
-1.00 -5.90 62 263
-0.90 -5.90 65 262
-0.80 -5.90 68 260
-0.70 -5.90 70 258
-0.60 -5.90 72 257
-0.50 -5.90 74 256
-0.40 -5.90 75 254
-0.30 -5.90 77 254
-0.20 -5.90 78 251
-0.10 -5.90 80 249
-0.00 -5.90 81 247
0.10 -5.90 0 0
0.20 -5.90 0 0
0.30 -5.90 0 0
0.40 -5.90 0 0
0.50 -5.90 0 0
0.60 -5.90 0 0
0.70 -5.90 0 0
0.80 -5.90 0 0
0.90 -5.90 0 0
1.00 -5.90 0 0
1.10 -5.90 0 0
1.20 -5.90 0 0
1.30 -5.90 0 0
1.40 -5.90 0 0
1.50 -5.90 0 0
1.60 -5.90 0 0
1.70 -5.90 0 0
1.80 -5.90 0 0
1.90 -5.90 0 0
2.00 -5.90 0 0
2.10 -5.90 0 0
2.20 -5.90 159 184
2.30 -5.90 0 0
2.40 -5.90 0 0
2.50 -5.90 166 181
2.60 -5.90 0 0
2.70 -5.90 0 0
2.80 -5.90 0 0
2.90 -5.90 0 0
3.00 -5.90 0 0
3.10 -5.90 0 0
3.20 -5.90 0 0
3.30 -5.90 0 0
3.40 -5.90 0 0
3.50 -5.90 0 0
3.60 -5.90 0 0
3.70 -5.90 0 0
3.80 -5.90 0 0
3.90 -5.90 0 0
4.00 -5.90 0 0
4.10 -5.90 0 0
4.20 -5.90 0 0
4.30 -5.90 0 0
4.40 -5.90 0 0
4.50 -5.90 0 0
4.60 -5.90 0 0
4.70 -5.90 0 0
4.80 -5.90 0 0
4.90 -5.90 0 0
5.00 -5.90 0 0
5.10 -5.90 0 0
5.20 -5.90 0 0
5.30 -5.90 0 0
5.40 -5.90 0 0
5.50 -5.90 0 0
5.60 -5.90 0 0
5.70 -5.90 0 0
5.80 -5.90 0 0
5.90 -5.90 0 0
6.00 -5.90 0 0
6.10 -5.90 0 0
6.20 -5.90 0 0
6.30 -5.90 0 0
6.40 -5.90 0 0
6.50 -5.90 0 0
6.60 -5.90 0 0
6.70 -5.90 0 0
6.80 -5.90 0 0
6.90 -5.90 0 0
7.00 -5.90 0 0
7.10 -5.90 0 0
7.20 -5.90 0 0
7.30 -5.90 0 0
7.40 -5.90 0 0
7.50 -5.90 0 0
7.60 -5.90 0 0
7.70 -5.90 287 154
7.80 -5.90 285 154
7.90 -5.90 289 153
8.00 -5.90 294 153
8.10 -5.90 294 153
8.20 -5.90 298 153
8.30 -5.90 300 153
8.40 -5.90 303 129
8.50 -5.90 305 130
8.60 -5.90 307 132
8.70 -5.90 309 133
8.80 -5.90 0 0
8.90 -5.90 0 0
9.00 -5.90 0 0
9.10 -5.90 0 0
-9.00 -5.80 0 0
-8.90 -5.80 0 0
-8.80 -5.80 0 0
-8.70 -5.80 0 0
-8.60 -5.80 0 0
-8.50 -5.80 0 0
-8.40 -5.80 0 0
-8.30 -5.80 0 0
-8.20 -5.80 0 0
-8.10 -5.80 0 0
-8.00 -5.80 0 0
-7.90 -5.80 0 0
-7.80 -5.80 0 0
-7.70 -5.80 0 0
-7.60 -5.80 0 0
-7.50 -5.80 0 0
-7.40 -5.80 0 0
-7.30 -5.80 0 0
-7.20 -5.80 0 0
-7.10 -5.80 0 0
-7.00 -5.80 0 0
-6.90 -5.80 0 0
-6.80 -5.80 0 0
-6.70 -5.80 0 0
-6.60 -5.80 0 0
-6.50 -5.80 0 0
-6.40 -5.80 0 0
-6.30 -5.80 0 0
-6.20 -5.80 0 0
-6.10 -5.80 0 0
-6.00 -5.80 0 0
-5.90 -5.80 0 0
-5.80 -5.80 0 0
-5.70 -5.80 0 0
-5.60 -5.80 0 0
-5.50 -5.80 0 0
-5.40 -5.80 0 0
-5.30 -5.80 0 0
-5.20 -5.80 0 0
-5.10 -5.80 0 0
-5.00 -5.80 0 0
-4.90 -5.80 0 0
-4.80 -5.80 0 0
-4.70 -5.80 0 0
-4.60 -5.80 0 0
-4.50 -5.80 0 0
-4.40 -5.80 0 0
-4.30 -5.80 0 0
-4.20 -5.80 0 0
-4.10 -5.80 0 0
-4.00 -5.80 0 0
-3.90 -5.80 0 0
-3.80 -5.80 0 0
-3.70 -5.80 0 0
-3.60 -5.80 0 0
-3.50 -5.80 0 0
-3.40 -5.80 4 295
-3.30 -5.80 6 292
-3.20 -5.80 7 290
-3.10 -5.80 10 288
-3.00 -5.80 11 288
-2.90 -5.80 14 286
-2.80 -5.80 16 286
-2.70 -5.80 19 284
-2.60 -5.80 22 284
-2.50 -5.80 25 283
-2.40 -5.80 26 282
-2.30 -5.80 28 281
-2.20 -5.80 31 279
-2.10 -5.80 35 278
-2.00 -5.80 36 276
-1.90 -5.80 39 275
-1.80 -5.80 41 274
-1.70 -5.80 43 273
-1.60 -5.80 46 271
-1.50 -5.80 48 271
-1.40 -5.80 51 270
-1.30 -5.80 54 268
-1.20 -5.80 57 267
-1.10 -5.80 61 265
-1.00 -5.80 64 264
-0.90 -5.80 67 262
-0.80 -5.80 69 261
-0.70 -5.80 71 260
-0.60 -5.80 72 258
-0.50 -5.80 74 257
-0.40 -5.80 76 255
-0.30 -5.80 77 253
-0.20 -5.80 78 252
-0.10 -5.80 80 251
-0.00 -5.80 0 0
0.10 -5.80 0 0
0.20 -5.80 0 0
0.30 -5.80 0 0
0.40 -5.80 0 0
0.50 -5.80 0 0
0.60 -5.80 0 0
0.70 -5.80 0 0
0.80 -5.80 0 0
0.90 -5.80 0 0
1.00 -5.80 0 0
1.10 -5.80 0 0
1.20 -5.80 0 0
1.30 -5.80 0 0
1.40 -5.80 141 193
1.50 -5.80 144 192
1.60 -5.80 0 0
1.70 -5.80 149 189
1.80 -5.80 150 189
1.90 -5.80 153 187
2.00 -5.80 0 0
2.10 -5.80 158 185
2.20 -5.80 160 184
2.30 -5.80 163 184
2.40 -5.80 164 183
2.50 -5.80 168 181
2.60 -5.80 170 180
2.70 -5.80 0 0
2.80 -5.80 175 178
2.90 -5.80 177 177
3.00 -5.80 179 176
3.10 -5.80 0 0
3.20 -5.80 184 174
3.30 -5.80 186 174
3.40 -5.80 0 0
3.50 -5.80 0 0
3.60 -5.80 0 0
3.70 -5.80 0 0
3.80 -5.80 0 0
3.90 -5.80 0 0
4.00 -5.80 0 0
4.10 -5.80 0 0
4.20 -5.80 0 0
4.30 -5.80 0 0
4.40 -5.80 0 0
4.50 -5.80 0 0
4.60 -5.80 0 0
4.70 -5.80 0 0
4.80 -5.80 0 0
4.90 -5.80 0 0
5.00 -5.80 0 0
5.10 -5.80 0 0
5.20 -5.80 0 0
5.30 -5.80 0 0
5.40 -5.80 0 0
5.50 -5.80 0 0
5.60 -5.80 0 0
5.70 -5.80 0 0
5.80 -5.80 0 0
5.90 -5.80 0 0
6.00 -5.80 0 0
6.10 -5.80 0 0
6.20 -5.80 0 0
6.30 -5.80 0 0
6.40 -5.80 0 0
6.50 -5.80 0 0
6.60 -5.80 0 0
6.70 -5.80 0 0
6.80 -5.80 0 0
6.90 -5.80 0 0
7.00 -5.80 0 0
7.10 -5.80 0 0
7.20 -5.80 0 0
7.30 -5.80 0 0
7.40 -5.80 0 0
7.50 -5.80 0 0
7.60 -5.80 0 0
7.70 -5.80 0 0
7.80 -5.80 289 154
7.90 -5.80 292 154
8.00 -5.80 293 154
8.10 -5.80 295 154
8.20 -5.80 299 153
8.30 -5.80 301 153
8.40 -5.80 303 153
8.50 -5.80 307 129
8.60 -5.80 309 131
8.70 -5.80 312 132
8.80 -5.80 0 0
8.90 -5.80 0 0
9.00 -5.80 0 0
9.10 -5.80 0 0
-9.00 -5.70 0 0
-8.90 -5.70 0 0
-8.80 -5.70 0 0
-8.70 -5.70 0 0
-8.60 -5.70 0 0
-8.50 -5.70 0 0
-8.40 -5.70 0 0
-8.30 -5.70 0 0
-8.20 -5.70 0 0
-8.10 -5.70 0 0
-8.00 -5.70 0 0
-7.90 -5.70 0 0
-7.80 -5.70 0 0
-7.70 -5.70 0 0
-7.60 -5.70 0 0
-7.50 -5.70 0 0
-7.40 -5.70 0 0
-7.30 -5.70 0 0
-7.20 -5.70 0 0
-7.10 -5.70 0 0
-7.00 -5.70 0 0
-6.90 -5.70 0 0
-6.80 -5.70 0 0
-6.70 -5.70 0 0
-6.60 -5.70 0 0
-6.50 -5.70 0 0
-6.40 -5.70 0 0
-6.30 -5.70 0 0
-6.20 -5.70 0 0
-6.10 -5.70 0 0
-6.00 -5.70 0 0
-5.90 -5.70 0 0
-5.80 -5.70 0 0
-5.70 -5.70 0 0
-5.60 -5.70 0 0
-5.50 -5.70 0 0
-5.40 -5.70 0 0
-5.30 -5.70 0 0
-5.20 -5.70 0 0
-5.10 -5.70 0 0
-5.00 -5.70 0 0
-4.90 -5.70 0 0
-4.80 -5.70 0 0
-4.70 -5.70 0 0
-4.60 -5.70 0 0
-4.50 -5.70 0 0
-4.40 -5.70 0 0
-4.30 -5.70 0 0
-4.20 -5.70 0 0
-4.10 -5.70 0 0
-4.00 -5.70 0 0
-3.90 -5.70 0 0
-3.80 -5.70 5 265
-3.70 -5.70 0 0
-3.60 -5.70 0 0
-3.50 -5.70 5 297
-3.40 -5.70 4 295
-3.30 -5.70 7 292
-3.20 -5.70 9 291
-3.10 -5.70 10 289
-3.00 -5.70 12 288
-2.90 -5.70 16 287
-2.80 -5.70 17 286
-2.70 -5.70 21 286
-2.60 -5.70 23 285
-2.50 -5.70 26 284
-2.40 -5.70 27 283
-2.30 -5.70 30 282
-2.20 -5.70 32 280
-2.10 -5.70 35 279
-2.00 -5.70 37 278
-1.90 -5.70 41 277
-1.80 -5.70 42 276
-1.70 -5.70 45 274
-1.60 -5.70 47 273
-1.50 -5.70 51 272
-1.40 -5.70 53 270
-1.30 -5.70 56 269
-1.20 -5.70 60 268
-1.10 -5.70 63 266
-1.00 -5.70 67 265
-0.90 -5.70 68 263
-0.80 -5.70 71 261
-0.70 -5.70 71 261
-0.60 -5.70 73 260
-0.50 -5.70 75 259
-0.40 -5.70 76 256
-0.30 -5.70 77 253
-0.20 -5.70 80 253
-0.10 -5.70 81 252
-0.00 -5.70 0 0
0.10 -5.70 0 0
0.20 -5.70 0 0
0.30 -5.70 0 0
0.40 -5.70 0 0
0.50 -5.70 0 0
0.60 -5.70 0 0
0.70 -5.70 0 0
0.80 -5.70 128 201
0.90 -5.70 0 0
1.00 -5.70 0 0
1.10 -5.70 135 197
1.20 -5.70 138 195
1.30 -5.70 140 194
1.40 -5.70 142 194
1.50 -5.70 145 193
1.60 -5.70 0 0
1.70 -5.70 149 191
1.80 -5.70 0 0
1.90 -5.70 0 0
2.00 -5.70 156 187
2.10 -5.70 160 186
2.20 -5.70 162 185
2.30 -5.70 0 0
2.40 -5.70 166 183
2.50 -5.70 0 0
2.60 -5.70 0 0
2.70 -5.70 0 0
2.80 -5.70 0 0
2.90 -5.70 178 178
3.00 -5.70 0 0
3.10 -5.70 0 0
3.20 -5.70 185 176
3.30 -5.70 0 0
3.40 -5.70 190 173
3.50 -5.70 0 0
3.60 -5.70 0 0
3.70 -5.70 0 0
3.80 -5.70 0 0
3.90 -5.70 0 0
4.00 -5.70 0 0
4.10 -5.70 0 0
4.20 -5.70 0 0
4.30 -5.70 0 0
4.40 -5.70 0 0
4.50 -5.70 0 0
4.60 -5.70 0 0
4.70 -5.70 0 0
4.80 -5.70 0 0
4.90 -5.70 0 0
5.00 -5.70 0 0
5.10 -5.70 0 0
5.20 -5.70 0 0
5.30 -5.70 0 0
5.40 -5.70 0 0
5.50 -5.70 0 0
5.60 -5.70 0 0
5.70 -5.70 0 0
5.80 -5.70 0 0
5.90 -5.70 0 0
6.00 -5.70 0 0
6.10 -5.70 0 0
6.20 -5.70 0 0
6.30 -5.70 0 0
6.40 -5.70 0 0
6.50 -5.70 0 0
6.60 -5.70 0 0
6.70 -5.70 0 0
6.80 -5.70 0 0
6.90 -5.70 0 0
7.00 -5.70 0 0
7.10 -5.70 0 0
7.20 -5.70 0 0
7.30 -5.70 0 0
7.40 -5.70 0 0
7.50 -5.70 0 0
7.60 -5.70 0 0
7.70 -5.70 0 0
7.80 -5.70 0 0
7.90 -5.70 293 154
8.00 -5.70 295 154
8.10 -5.70 297 154
8.20 -5.70 302 153
8.30 -5.70 302 153
8.40 -5.70 305 152
8.50 -5.70 305 153
8.60 -5.70 311 130
8.70 -5.70 312 131
8.80 -5.70 314 132
8.90 -5.70 0 0
9.00 -5.70 0 0
9.10 -5.70 0 0
-9.00 -5.60 0 0
-8.90 -5.60 0 0
-8.80 -5.60 0 0
-8.70 -5.60 0 0
-8.60 -5.60 0 0
-8.50 -5.60 0 0
-8.40 -5.60 0 0
-8.30 -5.60 0 0
-8.20 -5.60 0 0
-8.10 -5.60 0 0
-8.00 -5.60 0 0
-7.90 -5.60 0 0
-7.80 -5.60 0 0
-7.70 -5.60 0 0
-7.60 -5.60 0 0
-7.50 -5.60 0 0
-7.40 -5.60 0 0
-7.30 -5.60 0 0
-7.20 -5.60 0 0
-7.10 -5.60 0 0
-7.00 -5.60 0 0
-6.90 -5.60 0 0
-6.80 -5.60 0 0
-6.70 -5.60 0 0
-6.60 -5.60 0 0
-6.50 -5.60 0 0
-6.40 -5.60 0 0
-6.30 -5.60 0 0
-6.20 -5.60 0 0
-6.10 -5.60 0 0
-6.00 -5.60 0 0
-5.90 -5.60 0 0
-5.80 -5.60 0 0
-5.70 -5.60 0 0
-5.60 -5.60 0 0
-5.50 -5.60 0 0
-5.40 -5.60 0 0
-5.30 -5.60 0 0
-5.20 -5.60 0 0
-5.10 -5.60 0 0
-5.00 -5.60 0 0
-4.90 -5.60 0 0
-4.80 -5.60 0 0
-4.70 -5.60 0 0
-4.60 -5.60 0 0
-4.50 -5.60 0 0
-4.40 -5.60 0 0
-4.30 -5.60 0 0
-4.20 -5.60 0 0
-4.10 -5.60 0 0
-4.00 -5.60 0 0
-3.90 -5.60 4 267
-3.80 -5.60 0 0
-3.70 -5.60 0 0
-3.60 -5.60 0 0
-3.50 -5.60 5 303
-3.40 -5.60 6 295
-3.30 -5.60 8 294
-3.20 -5.60 9 292
-3.10 -5.60 11 291
-3.00 -5.60 13 290
-2.90 -5.60 16 289
-2.80 -5.60 20 288
-2.70 -5.60 22 287
-2.60 -5.60 25 286
-2.50 -5.60 26 286
-2.40 -5.60 29 284
-2.30 -5.60 32 283
-2.20 -5.60 35 282
-2.10 -5.60 37 281
-2.00 -5.60 38 279
-1.90 -5.60 41 278
-1.80 -5.60 44 277
-1.70 -5.60 46 276
-1.60 -5.60 49 275
-1.50 -5.60 51 274
-1.40 -5.60 54 271
-1.30 -5.60 59 271
-1.20 -5.60 63 269
-1.10 -5.60 66 267
-1.00 -5.60 67 266
-0.90 -5.60 70 265
-0.80 -5.60 72 263
-0.70 -5.60 72 262
-0.60 -5.60 74 261
-0.50 -5.60 75 258
-0.40 -5.60 78 256
-0.30 -5.60 79 254
-0.20 -5.60 79 254
-0.10 -5.60 0 0
-0.00 -5.60 0 0
0.10 -5.60 0 0
0.20 -5.60 0 0
0.30 -5.60 0 0
0.40 -5.60 0 0
0.50 -5.60 0 0
0.60 -5.60 125 204
0.70 -5.60 0 0
0.80 -5.60 0 0
0.90 -5.60 132 200
1.00 -5.60 134 199
1.10 -5.60 136 198
1.20 -5.60 0 0
1.30 -5.60 141 196
1.40 -5.60 0 0
1.50 -5.60 146 194
1.60 -5.60 0 0
1.70 -5.60 0 0
1.80 -5.60 0 0
1.90 -5.60 0 0
2.00 -5.60 158 188
2.10 -5.60 160 187
2.20 -5.60 0 0
2.30 -5.60 0 0
2.40 -5.60 168 184
2.50 -5.60 170 183
2.60 -5.60 0 0
2.70 -5.60 175 181
2.80 -5.60 0 0
2.90 -5.60 180 179
3.00 -5.60 0 0
3.10 -5.60 0 0
3.20 -5.60 0 0
3.30 -5.60 190 174
3.40 -5.60 0 0
3.50 -5.60 194 173
3.60 -5.60 196 172
3.70 -5.60 198 171
3.80 -5.60 0 0
3.90 -5.60 0 0
4.00 -5.60 0 0
4.10 -5.60 0 0
4.20 -5.60 0 0
4.30 -5.60 223 237
4.40 -5.60 0 0
4.50 -5.60 0 0
4.60 -5.60 0 0
4.70 -5.60 0 0
4.80 -5.60 0 0
4.90 -5.60 0 0
5.00 -5.60 0 0
5.10 -5.60 0 0
5.20 -5.60 0 0
5.30 -5.60 0 0
5.40 -5.60 0 0
5.50 -5.60 0 0
5.60 -5.60 0 0
5.70 -5.60 0 0
5.80 -5.60 0 0
5.90 -5.60 0 0
6.00 -5.60 0 0
6.10 -5.60 0 0
6.20 -5.60 0 0
6.30 -5.60 0 0
6.40 -5.60 0 0
6.50 -5.60 0 0
6.60 -5.60 0 0
6.70 -5.60 0 0
6.80 -5.60 0 0
6.90 -5.60 0 0
7.00 -5.60 0 0
7.10 -5.60 0 0
7.20 -5.60 0 0
7.30 -5.60 0 0
7.40 -5.60 0 0
7.50 -5.60 0 0
7.60 -5.60 0 0
7.70 -5.60 0 0
7.80 -5.60 0 0
7.90 -5.60 294 155
8.00 -5.60 0 0
8.10 -5.60 299 154
8.20 -5.60 302 153
8.30 -5.60 304 152
8.40 -5.60 307 153
8.50 -5.60 309 152
8.60 -5.60 310 153
8.70 -5.60 314 130
8.80 -5.60 316 131
8.90 -5.60 0 0
9.00 -5.60 0 0
9.10 -5.60 0 0
-9.00 -5.50 0 0
-8.90 -5.50 0 0
-8.80 -5.50 0 0
-8.70 -5.50 0 0
-8.60 -5.50 0 0
-8.50 -5.50 0 0
-8.40 -5.50 0 0
-8.30 -5.50 0 0
-8.20 -5.50 0 0
-8.10 -5.50 0 0
-8.00 -5.50 0 0
-7.90 -5.50 0 0
-7.80 -5.50 0 0
-7.70 -5.50 0 0
-7.60 -5.50 0 0
-7.50 -5.50 0 0
-7.40 -5.50 0 0
-7.30 -5.50 0 0
-7.20 -5.50 0 0
-7.10 -5.50 0 0
-7.00 -5.50 0 0
-6.90 -5.50 0 0
-6.80 -5.50 0 0
-6.70 -5.50 0 0
-6.60 -5.50 0 0
-6.50 -5.50 0 0
-6.40 -5.50 0 0
-6.30 -5.50 0 0
-6.20 -5.50 0 0
-6.10 -5.50 0 0
-6.00 -5.50 0 0
-5.90 -5.50 0 0
-5.80 -5.50 0 0
-5.70 -5.50 0 0
-5.60 -5.50 0 0
-5.50 -5.50 0 0
-5.40 -5.50 0 0
-5.30 -5.50 0 0
-5.20 -5.50 0 0
-5.10 -5.50 0 0
-5.00 -5.50 0 0
-4.90 -5.50 0 0
-4.80 -5.50 0 0
-4.70 -5.50 0 0
-4.60 -5.50 0 0
-4.50 -5.50 0 0
-4.40 -5.50 0 0
-4.30 -5.50 0 0
-4.20 -5.50 0 0
-4.10 -5.50 0 0
-4.00 -5.50 0 0
-3.90 -5.50 5 268
-3.80 -5.50 0 0
-3.70 -5.50 0 0
-3.60 -5.50 4 309
-3.50 -5.50 5 303
-3.40 -5.50 7 295
-3.30 -5.50 8 294
-3.20 -5.50 10 293
-3.10 -5.50 12 292
-3.00 -5.50 15 291
-2.90 -5.50 19 289
-2.80 -5.50 22 290
-2.70 -5.50 25 288
-2.60 -5.50 26 287
-2.50 -5.50 29 286
-2.40 -5.50 31 286
-2.30 -5.50 33 284
-2.20 -5.50 36 283
-2.10 -5.50 38 282
-2.00 -5.50 41 280
-1.90 -5.50 42 280
-1.80 -5.50 45 278
-1.70 -5.50 47 277
-1.60 -5.50 50 276
-1.50 -5.50 54 274
-1.40 -5.50 57 273
-1.30 -5.50 61 272
-1.20 -5.50 64 271
-1.10 -5.50 66 269
-1.00 -5.50 69 267
-0.90 -5.50 70 265
-0.80 -5.50 73 265
-0.70 -5.50 74 263
-0.60 -5.50 76 261
-0.50 -5.50 77 261
-0.40 -5.50 77 259
-0.30 -5.50 79 256
-0.20 -5.50 0 0
-0.10 -5.50 0 0
-0.00 -5.50 0 0
0.10 -5.50 0 0
0.20 -5.50 0 0
0.30 -5.50 119 208
0.40 -5.50 0 0
0.50 -5.50 124 205
0.60 -5.50 126 204
0.70 -5.50 0 0
0.80 -5.50 0 0
0.90 -5.50 133 201
1.00 -5.50 0 0
1.10 -5.50 138 199
1.20 -5.50 0 0
1.30 -5.50 143 197
1.40 -5.50 0 0
1.50 -5.50 147 195
1.60 -5.50 0 0
1.70 -5.50 0 0
1.80 -5.50 0 0
1.90 -5.50 157 191
2.00 -5.50 0 0
2.10 -5.50 0 0
2.20 -5.50 164 188
2.30 -5.50 167 186
2.40 -5.50 169 186
2.50 -5.50 172 185
2.60 -5.50 174 184
2.70 -5.50 176 183
2.80 -5.50 179 181
2.90 -5.50 182 180
3.00 -5.50 0 0
3.10 -5.50 0 0
3.20 -5.50 188 177
3.30 -5.50 0 0
3.40 -5.50 0 0
3.50 -5.50 194 174
3.60 -5.50 198 173
3.70 -5.50 200 172
3.80 -5.50 202 171
3.90 -5.50 0 0
4.00 -5.50 207 169
4.10 -5.50 217 237
4.20 -5.50 222 237
4.30 -5.50 225 237
4.40 -5.50 227 239
4.50 -5.50 0 0
4.60 -5.50 0 0
4.70 -5.50 0 0
4.80 -5.50 0 0
4.90 -5.50 0 0
5.00 -5.50 0 0
5.10 -5.50 0 0
5.20 -5.50 0 0
5.30 -5.50 0 0
5.40 -5.50 0 0
5.50 -5.50 0 0
5.60 -5.50 0 0
5.70 -5.50 0 0
5.80 -5.50 0 0
5.90 -5.50 0 0
6.00 -5.50 0 0
6.10 -5.50 0 0
6.20 -5.50 0 0
6.30 -5.50 0 0
6.40 -5.50 0 0
6.50 -5.50 0 0
6.60 -5.50 0 0
6.70 -5.50 0 0
6.80 -5.50 0 0
6.90 -5.50 0 0
7.00 -5.50 0 0
7.10 -5.50 0 0
7.20 -5.50 0 0
7.30 -5.50 0 0
7.40 -5.50 0 0
7.50 -5.50 0 0
7.60 -5.50 0 0
7.70 -5.50 0 0
7.80 -5.50 0 0
7.90 -5.50 0 0
8.00 -5.50 299 156
8.10 -5.50 301 154
8.20 -5.50 304 154
8.30 -5.50 306 153
8.40 -5.50 309 153
8.50 -5.50 310 153
8.60 -5.50 312 154
8.70 -5.50 316 131
8.80 -5.50 318 131
8.90 -5.50 320 132
9.00 -5.50 0 0
9.10 -5.50 0 0
-9.00 -5.40 0 0
-8.90 -5.40 0 0
-8.80 -5.40 0 0
-8.70 -5.40 0 0
-8.60 -5.40 0 0
-8.50 -5.40 0 0
-8.40 -5.40 0 0
-8.30 -5.40 0 0
-8.20 -5.40 0 0
-8.10 -5.40 0 0
-8.00 -5.40 0 0
-7.90 -5.40 0 0
-7.80 -5.40 0 0
-7.70 -5.40 0 0
-7.60 -5.40 0 0
-7.50 -5.40 0 0
-7.40 -5.40 0 0
-7.30 -5.40 0 0
-7.20 -5.40 0 0
-7.10 -5.40 0 0
-7.00 -5.40 0 0
-6.90 -5.40 0 0
-6.80 -5.40 0 0
-6.70 -5.40 0 0
-6.60 -5.40 0 0
-6.50 -5.40 0 0
-6.40 -5.40 0 0
-6.30 -5.40 0 0
-6.20 -5.40 0 0
-6.10 -5.40 0 0
-6.00 -5.40 0 0
-5.90 -5.40 0 0
-5.80 -5.40 0 0
-5.70 -5.40 0 0
-5.60 -5.40 0 0
-5.50 -5.40 0 0
-5.40 -5.40 0 0
-5.30 -5.40 0 0
-5.20 -5.40 0 0
-5.10 -5.40 0 0
-5.00 -5.40 0 0
-4.90 -5.40 0 0
-4.80 -5.40 0 0
-4.70 -5.40 0 0
-4.60 -5.40 0 0
-4.50 -5.40 0 0
-4.40 -5.40 0 0
-4.30 -5.40 0 0
-4.20 -5.40 0 0
-4.10 -5.40 0 0
-4.00 -5.40 4 270
-3.90 -5.40 0 0
-3.80 -5.40 9 268
-3.70 -5.40 4 309
-3.60 -5.40 5 304
-3.50 -5.40 6 305
-3.40 -5.40 7 300
-3.30 -5.40 8 297
-3.20 -5.40 11 296
-3.10 -5.40 15 292
-3.00 -5.40 19 293
-2.90 -5.40 21 292
-2.80 -5.40 24 291
-2.70 -5.40 25 290
-2.60 -5.40 28 288
-2.50 -5.40 30 289
-2.40 -5.40 32 286
-2.30 -5.40 35 286
-2.20 -5.40 37 284
-2.10 -5.40 39 282
-2.00 -5.40 42 282
-1.90 -5.40 44 281
-1.80 -5.40 47 280
-1.70 -5.40 50 279
-1.60 -5.40 53 277
-1.50 -5.40 57 276
-1.40 -5.40 59 274
-1.30 -5.40 62 273
-1.20 -5.40 66 272
-1.10 -5.40 68 270
-1.00 -5.40 69 269
-0.90 -5.40 72 267
-0.80 -5.40 73 266
-0.70 -5.40 74 263
-0.60 -5.40 76 262
-0.50 -5.40 77 261
-0.40 -5.40 79 259
-0.30 -5.40 0 0
-0.20 -5.40 0 0
-0.10 -5.40 0 0
-0.00 -5.40 0 0
0.10 -5.40 0 0
0.20 -5.40 0 0
0.30 -5.40 120 209
0.40 -5.40 0 0
0.50 -5.40 0 0
0.60 -5.40 0 0
0.70 -5.40 130 204
0.80 -5.40 0 0
0.90 -5.40 0 0
1.00 -5.40 0 0
1.10 -5.40 0 0
1.20 -5.40 0 0
1.30 -5.40 0 0
1.40 -5.40 0 0
1.50 -5.40 0 0
1.60 -5.40 0 0
1.70 -5.40 154 194
1.80 -5.40 0 0
1.90 -5.40 0 0
2.00 -5.40 161 192
2.10 -5.40 163 190
2.20 -5.40 0 0
2.30 -5.40 168 188
2.40 -5.40 170 187
2.50 -5.40 173 186
2.60 -5.40 175 185
2.70 -5.40 178 184
2.80 -5.40 180 183
2.90 -5.40 182 182
3.00 -5.40 185 181
3.10 -5.40 0 0
3.20 -5.40 190 178
3.30 -5.40 0 0
3.40 -5.40 0 0
3.50 -5.40 197 175
3.60 -5.40 0 0
3.70 -5.40 201 174
3.80 -5.40 204 172
3.90 -5.40 206 171
4.00 -5.40 0 0
4.10 -5.40 211 169
4.20 -5.40 213 168
4.30 -5.40 216 167
4.40 -5.40 226 231
4.50 -5.40 229 236
4.60 -5.40 233 238
4.70 -5.40 232 234
4.80 -5.40 0 0
4.90 -5.40 0 0
5.00 -5.40 0 0
5.10 -5.40 0 0
5.20 -5.40 0 0
5.30 -5.40 0 0
5.40 -5.40 0 0
5.50 -5.40 0 0
5.60 -5.40 0 0
5.70 -5.40 0 0
5.80 -5.40 0 0
5.90 -5.40 0 0
6.00 -5.40 0 0
6.10 -5.40 0 0
6.20 -5.40 0 0
6.30 -5.40 0 0
6.40 -5.40 0 0
6.50 -5.40 0 0
6.60 -5.40 0 0
6.70 -5.40 0 0
6.80 -5.40 0 0
6.90 -5.40 0 0
7.00 -5.40 0 0
7.10 -5.40 0 0
7.20 -5.40 0 0
7.30 -5.40 0 0
7.40 -5.40 0 0
7.50 -5.40 0 0
7.60 -5.40 0 0
7.70 -5.40 0 0
7.80 -5.40 0 0
7.90 -5.40 0 0
8.00 -5.40 0 0
8.10 -5.40 0 0
8.20 -5.40 307 154
8.30 -5.40 308 154
8.40 -5.40 309 153
8.50 -5.40 311 153
8.60 -5.40 313 154
8.70 -5.40 313 156
8.80 -5.40 320 131
8.90 -5.40 322 131
9.00 -5.40 0 0
9.10 -5.40 0 0
-9.00 -5.30 0 0
-8.90 -5.30 0 0
-8.80 -5.30 0 0
-8.70 -5.30 0 0
-8.60 -5.30 0 0
-8.50 -5.30 0 0
-8.40 -5.30 0 0
-8.30 -5.30 0 0
-8.20 -5.30 0 0
-8.10 -5.30 0 0
-8.00 -5.30 0 0
-7.90 -5.30 0 0
-7.80 -5.30 0 0
-7.70 -5.30 0 0
-7.60 -5.30 0 0
-7.50 -5.30 0 0
-7.40 -5.30 0 0
-7.30 -5.30 0 0
-7.20 -5.30 0 0
-7.10 -5.30 0 0
-7.00 -5.30 0 0
-6.90 -5.30 0 0
-6.80 -5.30 0 0
-6.70 -5.30 0 0
-6.60 -5.30 0 0
-6.50 -5.30 0 0
-6.40 -5.30 0 0
-6.30 -5.30 0 0
-6.20 -5.30 0 0
-6.10 -5.30 0 0
-6.00 -5.30 0 0
-5.90 -5.30 0 0
-5.80 -5.30 0 0
-5.70 -5.30 0 0
-5.60 -5.30 0 0
-5.50 -5.30 0 0
-5.40 -5.30 0 0
-5.30 -5.30 0 0
-5.20 -5.30 0 0
-5.10 -5.30 0 0
-5.00 -5.30 0 0
-4.90 -5.30 0 0
-4.80 -5.30 0 0
-4.70 -5.30 0 0
-4.60 -5.30 0 0
-4.50 -5.30 0 0
-4.40 -5.30 0 0
-4.30 -5.30 0 0
-4.20 -5.30 0 0
-4.10 -5.30 3 273
-4.00 -5.30 5 272
-3.90 -5.30 8 270
-3.80 -5.30 10 270
-3.70 -5.30 5 310
-3.60 -5.30 6 310
-3.50 -5.30 7 304
-3.40 -5.30 8 302
-3.30 -5.30 9 297
-3.20 -5.30 13 298
-3.10 -5.30 17 295
-3.00 -5.30 20 295
-2.90 -5.30 22 294
-2.80 -5.30 25 292
-2.70 -5.30 27 292
-2.60 -5.30 29 290
-2.50 -5.30 31 289
-2.40 -5.30 34 287
-2.30 -5.30 36 286
-2.20 -5.30 39 285
-2.10 -5.30 41 285
-2.00 -5.30 43 284
-1.90 -5.30 45 283
-1.80 -5.30 49 281
-1.70 -5.30 51 280
-1.60 -5.30 55 279
-1.50 -5.30 58 277
-1.40 -5.30 62 277
-1.30 -5.30 64 275
-1.20 -5.30 66 273
-1.10 -5.30 69 271
-1.00 -5.30 71 269
-0.90 -5.30 72 269
-0.80 -5.30 73 266
-0.70 -5.30 74 265
-0.60 -5.30 77 264
-0.50 -5.30 0 0
-0.40 -5.30 0 0
-0.30 -5.30 0 0
-0.20 -5.30 0 0
-0.10 -5.30 0 0
-0.00 -5.30 0 0
0.10 -5.30 116 212
0.20 -5.30 119 211
0.30 -5.30 122 209
0.40 -5.30 0 0
0.50 -5.30 0 0
0.60 -5.30 0 0
0.70 -5.30 0 0
0.80 -5.30 0 0
0.90 -5.30 0 0
1.00 -5.30 0 0
1.10 -5.30 0 0
1.20 -5.30 0 0
1.30 -5.30 146 200
1.40 -5.30 0 0
1.50 -5.30 0 0
1.60 -5.30 0 0
1.70 -5.30 0 0
1.80 -5.30 158 195
1.90 -5.30 0 0
2.00 -5.30 0 0
2.10 -5.30 164 192
2.20 -5.30 0 0
2.30 -5.30 0 0
2.40 -5.30 172 189
2.50 -5.30 174 188
2.60 -5.30 176 187
2.70 -5.30 180 185
2.80 -5.30 182 184
2.90 -5.30 184 183
3.00 -5.30 186 182
3.10 -5.30 0 0
3.20 -5.30 191 180
3.30 -5.30 0 0
3.40 -5.30 196 178
3.50 -5.30 0 0
3.60 -5.30 0 0
3.70 -5.30 0 0
3.80 -5.30 205 173
3.90 -5.30 0 0
4.00 -5.30 0 0
4.10 -5.30 212 169
4.20 -5.30 215 169
4.30 -5.30 217 168
4.40 -5.30 227 232
4.50 -5.30 230 235
4.60 -5.30 233 238
4.70 -5.30 236 237
4.80 -5.30 240 238
4.90 -5.30 241 234
5.00 -5.30 0 0
5.10 -5.30 0 0
5.20 -5.30 0 0
5.30 -5.30 0 0
5.40 -5.30 0 0
5.50 -5.30 0 0
5.60 -5.30 0 0
5.70 -5.30 0 0
5.80 -5.30 0 0
5.90 -5.30 0 0
6.00 -5.30 0 0
6.10 -5.30 0 0
6.20 -5.30 0 0
6.30 -5.30 0 0
6.40 -5.30 0 0
6.50 -5.30 0 0
6.60 -5.30 0 0
6.70 -5.30 0 0
6.80 -5.30 0 0
6.90 -5.30 0 0
7.00 -5.30 0 0
7.10 -5.30 0 0
7.20 -5.30 0 0
7.30 -5.30 0 0
7.40 -5.30 0 0
7.50 -5.30 0 0
7.60 -5.30 0 0
7.70 -5.30 0 0
7.80 -5.30 0 0
7.90 -5.30 0 0
8.00 -5.30 0 0
8.10 -5.30 0 0
8.20 -5.30 307 154
8.30 -5.30 309 154
8.40 -5.30 311 153
8.50 -5.30 313 154
8.60 -5.30 314 155
8.70 -5.30 319 157
8.80 -5.30 319 157
8.90 -5.30 324 130
9.00 -5.30 0 0
9.10 -5.30 0 0
-9.00 -5.20 0 0
-8.90 -5.20 0 0
-8.80 -5.20 0 0
-8.70 -5.20 0 0
-8.60 -5.20 0 0
-8.50 -5.20 0 0
-8.40 -5.20 0 0
-8.30 -5.20 0 0
-8.20 -5.20 0 0
-8.10 -5.20 0 0
-8.00 -5.20 0 0
-7.90 -5.20 0 0
-7.80 -5.20 0 0
-7.70 -5.20 0 0
-7.60 -5.20 0 0
-7.50 -5.20 0 0
-7.40 -5.20 0 0
-7.30 -5.20 0 0
-7.20 -5.20 0 0
-7.10 -5.20 0 0
-7.00 -5.20 0 0
-6.90 -5.20 0 0
-6.80 -5.20 0 0
-6.70 -5.20 0 0
-6.60 -5.20 0 0
-6.50 -5.20 0 0
-6.40 -5.20 0 0
-6.30 -5.20 0 0
-6.20 -5.20 0 0
-6.10 -5.20 0 0
-6.00 -5.20 0 0
-5.90 -5.20 0 0
-5.80 -5.20 0 0
-5.70 -5.20 0 0
-5.60 -5.20 0 0
-5.50 -5.20 0 0
-5.40 -5.20 0 0
-5.30 -5.20 0 0
-5.20 -5.20 0 0
-5.10 -5.20 0 0
-5.00 -5.20 0 0
-4.90 -5.20 0 0
-4.80 -5.20 0 0
-4.70 -5.20 0 0
-4.60 -5.20 0 0
-4.50 -5.20 0 0
-4.40 -5.20 0 0
-4.30 -5.20 0 0
-4.20 -5.20 0 0
-4.10 -5.20 4 274
-4.00 -5.20 6 273
-3.90 -5.20 0 0
-3.80 -5.20 5 311
-3.70 -5.20 6 311
-3.60 -5.20 7 311
-3.50 -5.20 8 306
-3.40 -5.20 9 303
-3.30 -5.20 11 302
-3.20 -5.20 17 300
-3.10 -5.20 18 298
-3.00 -5.20 22 296
-2.90 -5.20 24 295
-2.80 -5.20 26 293
-2.70 -5.20 28 293
-2.60 -5.20 31 291
-2.50 -5.20 33 290
-2.40 -5.20 35 289
-2.30 -5.20 38 288
-2.20 -5.20 41 287
-2.10 -5.20 42 285
-2.00 -5.20 45 285
-1.90 -5.20 47 283
-1.80 -5.20 50 282
-1.70 -5.20 54 279
-1.60 -5.20 55 280
-1.50 -5.20 60 279
-1.40 -5.20 63 277
-1.30 -5.20 66 276
-1.20 -5.20 68 274
-1.10 -5.20 70 273
-1.00 -5.20 72 271
-0.90 -5.20 73 269
-0.80 -5.20 75 267
-0.70 -5.20 76 266
-0.60 -5.20 0 0
-0.50 -5.20 0 0
-0.40 -5.20 0 0
-0.30 -5.20 0 0
-0.20 -5.20 0 0
-0.10 -5.20 0 0
-0.00 -5.20 115 214
0.10 -5.20 118 213
0.20 -5.20 0 0
0.30 -5.20 0 0
0.40 -5.20 0 0
0.50 -5.20 0 0
0.60 -5.20 0 0
0.70 -5.20 0 0
0.80 -5.20 0 0
0.90 -5.20 0 0
1.00 -5.20 0 0
1.10 -5.20 0 0
1.20 -5.20 0 0
1.30 -5.20 0 0
1.40 -5.20 0 0
1.50 -5.20 0 0
1.60 -5.20 0 0
1.70 -5.20 0 0
1.80 -5.20 159 196
1.90 -5.20 0 0
2.00 -5.20 0 0
2.10 -5.20 0 0
2.20 -5.20 0 0
2.30 -5.20 0 0
2.40 -5.20 173 190
2.50 -5.20 176 189
2.60 -5.20 0 0
2.70 -5.20 180 188
2.80 -5.20 0 0
2.90 -5.20 185 184
3.00 -5.20 188 183
3.10 -5.20 190 182
3.20 -5.20 0 0
3.30 -5.20 0 0
3.40 -5.20 0 0
3.50 -5.20 200 178
3.60 -5.20 202 177
3.70 -5.20 204 175
3.80 -5.20 0 0
3.90 -5.20 209 173
4.00 -5.20 0 0
4.10 -5.20 214 171
4.20 -5.20 216 170
4.30 -5.20 218 169
4.40 -5.20 221 168
4.50 -5.20 222 167
4.60 -5.20 235 238
4.70 -5.20 237 237
4.80 -5.20 241 236
4.90 -5.20 242 237
5.00 -5.20 244 237
5.10 -5.20 243 231
5.20 -5.20 0 0
5.30 -5.20 0 0
5.40 -5.20 0 0
5.50 -5.20 0 0
5.60 -5.20 0 0
5.70 -5.20 0 0
5.80 -5.20 0 0
5.90 -5.20 0 0
6.00 -5.20 0 0
6.10 -5.20 0 0
6.20 -5.20 0 0
6.30 -5.20 0 0
6.40 -5.20 0 0
6.50 -5.20 0 0
6.60 -5.20 0 0
6.70 -5.20 0 0
6.80 -5.20 0 0
6.90 -5.20 0 0
7.00 -5.20 0 0
7.10 -5.20 0 0
7.20 -5.20 0 0
7.30 -5.20 0 0
7.40 -5.20 0 0
7.50 -5.20 0 0
7.60 -5.20 0 0
7.70 -5.20 0 0
7.80 -5.20 0 0
7.90 -5.20 0 0
8.00 -5.20 0 0
8.10 -5.20 0 0
8.20 -5.20 309 156
8.30 -5.20 308 155
8.40 -5.20 314 155
8.50 -5.20 314 155
8.60 -5.20 316 156
8.70 -5.20 320 156
8.80 -5.20 323 157
8.90 -5.20 0 0
9.00 -5.20 328 132
9.10 -5.20 328 134
-9.00 -5.10 0 0
-8.90 -5.10 0 0
-8.80 -5.10 0 0
-8.70 -5.10 0 0
-8.60 -5.10 0 0
-8.50 -5.10 0 0
-8.40 -5.10 0 0
-8.30 -5.10 0 0
-8.20 -5.10 0 0
-8.10 -5.10 0 0
-8.00 -5.10 0 0
-7.90 -5.10 0 0
-7.80 -5.10 0 0
-7.70 -5.10 0 0
-7.60 -5.10 0 0
-7.50 -5.10 0 0
-7.40 -5.10 0 0
-7.30 -5.10 0 0
-7.20 -5.10 0 0
-7.10 -5.10 0 0
-7.00 -5.10 0 0
-6.90 -5.10 0 0
-6.80 -5.10 0 0
-6.70 -5.10 0 0
-6.60 -5.10 0 0
-6.50 -5.10 0 0
-6.40 -5.10 0 0
-6.30 -5.10 0 0
-6.20 -5.10 0 0
-6.10 -5.10 0 0
-6.00 -5.10 0 0
-5.90 -5.10 0 0
-5.80 -5.10 0 0
-5.70 -5.10 0 0
-5.60 -5.10 0 0
-5.50 -5.10 0 0
-5.40 -5.10 0 0
-5.30 -5.10 0 0
-5.20 -5.10 0 0
-5.10 -5.10 0 0
-5.00 -5.10 0 0
-4.90 -5.10 0 0
-4.80 -5.10 0 0
-4.70 -5.10 0 0
-4.60 -5.10 0 0
-4.50 -5.10 0 0
-4.40 -5.10 0 0
-4.30 -5.10 0 0
-4.20 -5.10 3 277
-4.10 -5.10 6 275
-4.00 -5.10 0 0
-3.90 -5.10 0 0
-3.80 -5.10 5 311
-3.70 -5.10 8 311
-3.60 -5.10 8 311
-3.50 -5.10 10 307
-3.40 -5.10 12 305
-3.30 -5.10 14 304
-3.20 -5.10 18 302
-3.10 -5.10 20 300
-3.00 -5.10 22 298
-2.90 -5.10 25 296
-2.80 -5.10 28 295
-2.70 -5.10 30 294
-2.60 -5.10 32 293
-2.50 -5.10 35 291
-2.40 -5.10 37 290
-2.30 -5.10 40 289
-2.20 -5.10 42 289
-2.10 -5.10 44 287
-2.00 -5.10 46 285
-1.90 -5.10 49 285
-1.80 -5.10 52 283
-1.70 -5.10 55 282
-1.60 -5.10 59 281
-1.50 -5.10 62 279
-1.40 -5.10 65 278
-1.30 -5.10 66 277
-1.20 -5.10 69 276
-1.10 -5.10 71 274
-1.00 -5.10 72 272
-0.90 -5.10 74 271
-0.80 -5.10 76 269
-0.70 -5.10 78 265
-0.60 -5.10 0 0
-0.50 -5.10 0 0
-0.40 -5.10 0 0
-0.30 -5.10 0 0
-0.20 -5.10 0 0
-0.10 -5.10 114 216
-0.00 -5.10 0 0
0.10 -5.10 119 214
0.20 -5.10 0 0
0.30 -5.10 0 0
0.40 -5.10 127 212
0.50 -5.10 0 0
0.60 -5.10 0 0
0.70 -5.10 0 0
0.80 -5.10 0 0
0.90 -5.10 0 0
1.00 -5.10 141 206
1.10 -5.10 0 0
1.20 -5.10 0 0
1.30 -5.10 0 0
1.40 -5.10 0 0
1.50 -5.10 0 0
1.60 -5.10 0 0
1.70 -5.10 0 0
1.80 -5.10 0 0
1.90 -5.10 0 0
2.00 -5.10 0 0
2.10 -5.10 0 0
2.20 -5.10 0 0
2.30 -5.10 0 0
2.40 -5.10 175 192
2.50 -5.10 177 191
2.60 -5.10 0 0
2.70 -5.10 182 188
2.80 -5.10 184 188
2.90 -5.10 0 0
3.00 -5.10 190 184
3.10 -5.10 0 0
3.20 -5.10 195 183
3.30 -5.10 0 0
3.40 -5.10 0 0
3.50 -5.10 0 0
3.60 -5.10 0 0
3.70 -5.10 205 177
3.80 -5.10 208 176
3.90 -5.10 0 0
4.00 -5.10 213 173
4.10 -5.10 0 0
4.20 -5.10 217 171
4.30 -5.10 220 170
4.40 -5.10 222 169
4.50 -5.10 0 0
4.60 -5.10 226 167
4.70 -5.10 235 233
4.80 -5.10 241 235
4.90 -5.10 243 236
5.00 -5.10 245 237
5.10 -5.10 247 236
5.20 -5.10 249 234
5.30 -5.10 0 0
5.40 -5.10 0 0
5.50 -5.10 0 0
5.60 -5.10 0 0
5.70 -5.10 0 0
5.80 -5.10 0 0
5.90 -5.10 0 0
6.00 -5.10 0 0
6.10 -5.10 0 0
6.20 -5.10 0 0
6.30 -5.10 0 0
6.40 -5.10 0 0
6.50 -5.10 0 0
6.60 -5.10 0 0
6.70 -5.10 0 0
6.80 -5.10 0 0
6.90 -5.10 0 0
7.00 -5.10 0 0
7.10 -5.10 0 0
7.20 -5.10 0 0
7.30 -5.10 0 0
7.40 -5.10 0 0
7.50 -5.10 0 0
7.60 -5.10 0 0
7.70 -5.10 0 0
7.80 -5.10 0 0
7.90 -5.10 0 0
8.00 -5.10 0 0
8.10 -5.10 0 0
8.20 -5.10 308 157
8.30 -5.10 313 156
8.40 -5.10 312 156
8.50 -5.10 316 156
8.60 -5.10 320 157
8.70 -5.10 322 157
8.80 -5.10 326 157
8.90 -5.10 328 158
9.00 -5.10 328 133
9.10 -5.10 330 134
-9.00 -5.00 0 0
-8.90 -5.00 0 0
-8.80 -5.00 0 0
-8.70 -5.00 0 0
-8.60 -5.00 0 0
-8.50 -5.00 0 0
-8.40 -5.00 0 0
-8.30 -5.00 0 0
-8.20 -5.00 0 0
-8.10 -5.00 0 0
-8.00 -5.00 0 0
-7.90 -5.00 0 0
-7.80 -5.00 0 0
-7.70 -5.00 0 0
-7.60 -5.00 0 0
-7.50 -5.00 0 0
-7.40 -5.00 0 0
-7.30 -5.00 0 0
-7.20 -5.00 0 0
-7.10 -5.00 0 0
-7.00 -5.00 0 0
-6.90 -5.00 0 0
-6.80 -5.00 0 0
-6.70 -5.00 0 0
-6.60 -5.00 0 0
-6.50 -5.00 0 0
-6.40 -5.00 0 0
-6.30 -5.00 0 0
-6.20 -5.00 0 0
-6.10 -5.00 0 0
-6.00 -5.00 0 0
-5.90 -5.00 0 0
-5.80 -5.00 0 0
-5.70 -5.00 0 0
-5.60 -5.00 0 0
-5.50 -5.00 0 0
-5.40 -5.00 0 0
-5.30 -5.00 0 0
-5.20 -5.00 0 0
-5.10 -5.00 0 0
-5.00 -5.00 0 0
-4.90 -5.00 0 0
-4.80 -5.00 0 0
-4.70 -5.00 0 0
-4.60 -5.00 0 0
-4.50 -5.00 0 0
-4.40 -5.00 0 0
-4.30 -5.00 0 0
-4.20 -5.00 0 0
-4.10 -5.00 0 0
-4.00 -5.00 0 0
-3.90 -5.00 7 312
-3.80 -5.00 8 312
-3.70 -5.00 9 313
-3.60 -5.00 9 309
-3.50 -5.00 11 307
-3.40 -5.00 13 307
-3.30 -5.00 16 305
-3.20 -5.00 19 303
-3.10 -5.00 22 301
-3.00 -5.00 25 300
-2.90 -5.00 26 299
-2.80 -5.00 29 298
-2.70 -5.00 31 295
-2.60 -5.00 34 294
-2.50 -5.00 36 293
-2.40 -5.00 38 292
-2.30 -5.00 40 291
-2.20 -5.00 43 289
-2.10 -5.00 44 289
-2.00 -5.00 48 288
-1.90 -5.00 52 286
-1.80 -5.00 54 285
-1.70 -5.00 57 284
-1.60 -5.00 61 282
-1.50 -5.00 64 281
-1.40 -5.00 67 280
-1.30 -5.00 68 277
-1.20 -5.00 70 276
-1.10 -5.00 71 275
-1.00 -5.00 74 274
-0.90 -5.00 75 271
-0.80 -5.00 0 0
-0.70 -5.00 0 0
-0.60 -5.00 0 0
-0.50 -5.00 0 0
-0.40 -5.00 0 0
-0.30 -5.00 0 0
-0.20 -5.00 0 0
-0.10 -5.00 0 0
-0.00 -5.00 0 0
0.10 -5.00 0 0
0.20 -5.00 124 215
0.30 -5.00 0 0
0.40 -5.00 0 0
0.50 -5.00 0 0
0.60 -5.00 0 0
0.70 -5.00 0 0
0.80 -5.00 0 0
0.90 -5.00 0 0
1.00 -5.00 0 0
1.10 -5.00 0 0
1.20 -5.00 0 0
1.30 -5.00 0 0
1.40 -5.00 0 0
1.50 -5.00 0 0
1.60 -5.00 157 201
1.70 -5.00 0 0
1.80 -5.00 0 0
1.90 -5.00 164 198
2.00 -5.00 167 197
2.10 -5.00 0 0
2.20 -5.00 0 0
2.30 -5.00 0 0
2.40 -5.00 0 0
2.50 -5.00 0 0
2.60 -5.00 181 191
2.70 -5.00 0 0
2.80 -5.00 0 0
2.90 -5.00 188 187
3.00 -5.00 191 186
3.10 -5.00 193 185
3.20 -5.00 196 185
3.30 -5.00 0 0
3.40 -5.00 200 182
3.50 -5.00 202 181
3.60 -5.00 0 0
3.70 -5.00 0 0
3.80 -5.00 209 177
3.90 -5.00 0 0
4.00 -5.00 0 0
4.10 -5.00 0 0
4.20 -5.00 219 172
4.30 -5.00 221 171
4.40 -5.00 223 170
4.50 -5.00 226 169
4.60 -5.00 228 168
4.70 -5.00 232 166
4.80 -5.00 0 0
4.90 -5.00 243 234
5.00 -5.00 245 234
5.10 -5.00 248 235
5.20 -5.00 250 236
5.30 -5.00 252 236
5.40 -5.00 252 232
5.50 -5.00 0 0
5.60 -5.00 0 0
5.70 -5.00 0 0
5.80 -5.00 0 0
5.90 -5.00 0 0
6.00 -5.00 0 0
6.10 -5.00 0 0
6.20 -5.00 0 0
6.30 -5.00 0 0
6.40 -5.00 0 0
6.50 -5.00 0 0
6.60 -5.00 0 0
6.70 -5.00 0 0
6.80 -5.00 0 0
6.90 -5.00 0 0
7.00 -5.00 0 0
7.10 -5.00 0 0
7.20 -5.00 0 0
7.30 -5.00 0 0
7.40 -5.00 0 0
7.50 -5.00 0 0
7.60 -5.00 0 0
7.70 -5.00 0 0
7.80 -5.00 0 0
7.90 -5.00 0 0
8.00 -5.00 0 0
8.10 -5.00 0 0
8.20 -5.00 0 0
8.30 -5.00 314 157
8.40 -5.00 315 156
8.50 -5.00 318 157
8.60 -5.00 319 157
8.70 -5.00 324 157
8.80 -5.00 326 157
8.90 -5.00 330 157
9.00 -5.00 333 157
9.10 -5.00 332 133
-9.00 -4.90 0 0
-8.90 -4.90 0 0
-8.80 -4.90 0 0
-8.70 -4.90 0 0
-8.60 -4.90 0 0
-8.50 -4.90 0 0
-8.40 -4.90 0 0
-8.30 -4.90 0 0
-8.20 -4.90 0 0
-8.10 -4.90 0 0
-8.00 -4.90 0 0
-7.90 -4.90 0 0
-7.80 -4.90 0 0
-7.70 -4.90 0 0
-7.60 -4.90 0 0
-7.50 -4.90 0 0
-7.40 -4.90 0 0
-7.30 -4.90 0 0
-7.20 -4.90 0 0
-7.10 -4.90 0 0
-7.00 -4.90 0 0
-6.90 -4.90 0 0
-6.80 -4.90 0 0
-6.70 -4.90 0 0
-6.60 -4.90 0 0
-6.50 -4.90 0 0
-6.40 -4.90 0 0
-6.30 -4.90 0 0
-6.20 -4.90 0 0
-6.10 -4.90 0 0
-6.00 -4.90 0 0
-5.90 -4.90 0 0
-5.80 -4.90 0 0
-5.70 -4.90 0 0
-5.60 -4.90 0 0
-5.50 -4.90 0 0
-5.40 -4.90 0 0
-5.30 -4.90 0 0
-5.20 -4.90 0 0
-5.10 -4.90 0 0
-5.00 -4.90 0 0
-4.90 -4.90 0 0
-4.80 -4.90 0 0
-4.70 -4.90 0 0
-4.60 -4.90 0 0
-4.50 -4.90 0 0
-4.40 -4.90 0 0
-4.30 -4.90 0 0
-4.20 -4.90 5 279
-4.10 -4.90 0 0
-4.00 -4.90 0 0
-3.90 -4.90 7 313
-3.80 -4.90 8 312
-3.70 -4.90 10 311
-3.60 -4.90 11 312
-3.50 -4.90 12 311
-3.40 -4.90 14 307
-3.30 -4.90 18 305
-3.20 -4.90 20 304
-3.10 -4.90 23 303
-3.00 -4.90 26 301
-2.90 -4.90 27 300
-2.80 -4.90 30 299
-2.70 -4.90 32 297
-2.60 -4.90 35 296
-2.50 -4.90 38 295
-2.40 -4.90 39 293
-2.30 -4.90 42 292
-2.20 -4.90 44 291
-2.10 -4.90 47 290
-2.00 -4.90 49 288
-1.90 -4.90 52 287
-1.80 -4.90 57 286
-1.70 -4.90 59 285
-1.60 -4.90 63 284
-1.50 -4.90 66 282
-1.40 -4.90 68 281
-1.30 -4.90 70 280
-1.20 -4.90 71 277
-1.10 -4.90 73 275
-1.00 -4.90 76 275
-0.90 -4.90 0 0
-0.80 -4.90 0 0
-0.70 -4.90 0 0
-0.60 -4.90 0 0
-0.50 -4.90 0 0
-0.40 -4.90 0 0
-0.30 -4.90 0 0
-0.20 -4.90 0 0
-0.10 -4.90 0 0
-0.00 -4.90 0 0
0.10 -4.90 0 0
0.20 -4.90 0 0
0.30 -4.90 127 216
0.40 -4.90 0 0
0.50 -4.90 0 0
0.60 -4.90 0 0
0.70 -4.90 0 0
0.80 -4.90 0 0
0.90 -4.90 0 0
1.00 -4.90 0 0
1.10 -4.90 146 208
1.20 -4.90 0 0
1.30 -4.90 0 0
1.40 -4.90 0 0
1.50 -4.90 0 0
1.60 -4.90 0 0
1.70 -4.90 0 0
1.80 -4.90 0 0
1.90 -4.90 166 200
2.00 -4.90 0 0
2.10 -4.90 171 198
2.20 -4.90 173 196
2.30 -4.90 0 0
2.40 -4.90 178 195
2.50 -4.90 181 194
2.60 -4.90 0 0
2.70 -4.90 184 191
2.80 -4.90 0 0
2.90 -4.90 190 189
3.00 -4.90 192 188
3.10 -4.90 0 0
3.20 -4.90 197 186
3.30 -4.90 199 184
3.40 -4.90 201 183
3.50 -4.90 204 182
3.60 -4.90 0 0
3.70 -4.90 0 0
3.80 -4.90 0 0
3.90 -4.90 0 0
4.00 -4.90 0 0
4.10 -4.90 0 0
4.20 -4.90 0 0
4.30 -4.90 222 172
4.40 -4.90 225 172
4.50 -4.90 227 170
4.60 -4.90 0 0
4.70 -4.90 232 167
4.80 -4.90 234 166
4.90 -4.90 237 165
5.00 -4.90 246 232
5.10 -4.90 248 234
5.20 -4.90 250 235
5.30 -4.90 253 236
5.40 -4.90 253 234
5.50 -4.90 256 235
5.60 -4.90 0 0
5.70 -4.90 0 0
5.80 -4.90 0 0
5.90 -4.90 0 0
6.00 -4.90 0 0
6.10 -4.90 0 0
6.20 -4.90 0 0
6.30 -4.90 0 0
6.40 -4.90 0 0
6.50 -4.90 0 0
6.60 -4.90 0 0
6.70 -4.90 0 0
6.80 -4.90 0 0
6.90 -4.90 0 0
7.00 -4.90 0 0
7.10 -4.90 0 0
7.20 -4.90 0 0
7.30 -4.90 0 0
7.40 -4.90 0 0
7.50 -4.90 0 0
7.60 -4.90 0 0
7.70 -4.90 0 0
7.80 -4.90 0 0
7.90 -4.90 0 0
8.00 -4.90 0 0
8.10 -4.90 0 0
8.20 -4.90 0 0
8.30 -4.90 0 0
8.40 -4.90 0 0
8.50 -4.90 318 158
8.60 -4.90 324 158
8.70 -4.90 325 157
8.80 -4.90 325 158
8.90 -4.90 332 157
9.00 -4.90 333 157
9.10 -4.90 334 157
-9.00 -4.80 0 0
-8.90 -4.80 0 0
-8.80 -4.80 0 0
-8.70 -4.80 0 0
-8.60 -4.80 0 0
-8.50 -4.80 0 0
-8.40 -4.80 0 0
-8.30 -4.80 0 0
-8.20 -4.80 0 0
-8.10 -4.80 0 0
-8.00 -4.80 0 0
-7.90 -4.80 0 0
-7.80 -4.80 0 0
-7.70 -4.80 0 0
-7.60 -4.80 0 0
-7.50 -4.80 0 0
-7.40 -4.80 0 0
-7.30 -4.80 0 0
-7.20 -4.80 0 0
-7.10 -4.80 0 0
-7.00 -4.80 0 0
-6.90 -4.80 0 0
-6.80 -4.80 0 0
-6.70 -4.80 0 0
-6.60 -4.80 0 0
-6.50 -4.80 0 0
-6.40 -4.80 0 0
-6.30 -4.80 0 0
-6.20 -4.80 0 0
-6.10 -4.80 0 0
-6.00 -4.80 0 0
-5.90 -4.80 0 0
-5.80 -4.80 0 0
-5.70 -4.80 0 0
-5.60 -4.80 0 0
-5.50 -4.80 0 0
-5.40 -4.80 0 0
-5.30 -4.80 0 0
-5.20 -4.80 0 0
-5.10 -4.80 0 0
-5.00 -4.80 0 0
-4.90 -4.80 0 0
-4.80 -4.80 0 0
-4.70 -4.80 0 0
-4.60 -4.80 0 0
-4.50 -4.80 0 0
-4.40 -4.80 4 282
-4.30 -4.80 5 281
-4.20 -4.80 7 280
-4.10 -4.80 7 315
-4.00 -4.80 6 313
-3.90 -4.80 9 314
-3.80 -4.80 10 314
-3.70 -4.80 11 312
-3.60 -4.80 12 312
-3.50 -4.80 15 309
-3.40 -4.80 17 309
-3.30 -4.80 19 307
-3.20 -4.80 22 306
-3.10 -4.80 24 304
-3.00 -4.80 26 303
-2.90 -4.80 29 301
-2.80 -4.80 31 300
-2.70 -4.80 34 298
-2.60 -4.80 37 297
-2.50 -4.80 39 296
-2.40 -4.80 41 295
-2.30 -4.80 43 294
-2.20 -4.80 46 292
-2.10 -4.80 48 291
-2.00 -4.80 52 290
-1.90 -4.80 55 290
-1.80 -4.80 59 287
-1.70 -4.80 61 286
-1.60 -4.80 64 284
-1.50 -4.80 67 283
-1.40 -4.80 68 282
-1.30 -4.80 70 280
-1.20 -4.80 73 278
-1.10 -4.80 74 276
-1.00 -4.80 98 229
-0.90 -4.80 100 228
-0.80 -4.80 77 272
-0.70 -4.80 77 270
-0.60 -4.80 77 269
-0.50 -4.80 78 267
-0.40 -4.80 78 266
-0.30 -4.80 114 222
-0.20 -4.80 116 222
-0.10 -4.80 120 221
-0.00 -4.80 121 220
0.10 -4.80 124 218
0.20 -4.80 126 217
0.30 -4.80 128 217
0.40 -4.80 131 217
0.50 -4.80 134 215
0.60 -4.80 136 214
0.70 -4.80 138 213
0.80 -4.80 141 213
0.90 -4.80 143 211
1.00 -4.80 145 211
1.10 -4.80 148 210
1.20 -4.80 150 209
1.30 -4.80 153 207
1.40 -4.80 156 206
1.50 -4.80 158 205
1.60 -4.80 160 205
1.70 -4.80 163 203
1.80 -4.80 165 202
1.90 -4.80 167 201
2.00 -4.80 170 200
2.10 -4.80 173 199
2.20 -4.80 174 198
2.30 -4.80 177 197
2.40 -4.80 179 196
2.50 -4.80 181 195
2.60 -4.80 184 194
2.70 -4.80 186 193
2.80 -4.80 189 192
2.90 -4.80 191 190
3.00 -4.80 193 189
3.10 -4.80 196 188
3.20 -4.80 198 187
3.30 -4.80 200 186
3.40 -4.80 202 185
3.50 -4.80 205 183
3.60 -4.80 208 183
3.70 -4.80 210 182
3.80 -4.80 213 180
3.90 -4.80 215 179
4.00 -4.80 217 178
4.10 -4.80 220 177
4.20 -4.80 222 175
4.30 -4.80 224 174
4.40 -4.80 226 172
4.50 -4.80 229 171
4.60 -4.80 231 170
4.70 -4.80 234 169
4.80 -4.80 236 168
4.90 -4.80 238 166
5.00 -4.80 241 166
5.10 -4.80 247 230
5.20 -4.80 251 234
5.30 -4.80 253 235
5.40 -4.80 255 235
5.50 -4.80 257 234
5.60 -4.80 258 235
5.70 -4.80 259 229
5.80 -4.80 0 0
5.90 -4.80 0 0
6.00 -4.80 0 0
6.10 -4.80 0 0
6.20 -4.80 0 0
6.30 -4.80 0 0
6.40 -4.80 0 0
6.50 -4.80 0 0
6.60 -4.80 0 0
6.70 -4.80 0 0
6.80 -4.80 0 0
6.90 -4.80 0 0
7.00 -4.80 0 0
7.10 -4.80 0 0
7.20 -4.80 0 0
7.30 -4.80 0 0
7.40 -4.80 0 0
7.50 -4.80 0 0
7.60 -4.80 0 0
7.70 -4.80 0 0
7.80 -4.80 0 0
7.90 -4.80 0 0
8.00 -4.80 0 0
8.10 -4.80 0 0
8.20 -4.80 0 0
8.30 -4.80 0 0
8.40 -4.80 319 157
8.50 -4.80 319 158
8.60 -4.80 324 158
8.70 -4.80 326 158
8.80 -4.80 330 158
8.90 -4.80 333 157
9.00 -4.80 334 157
9.10 -4.80 336 157
-9.00 -4.70 0 0
-8.90 -4.70 0 0
-8.80 -4.70 0 0
-8.70 -4.70 0 0
-8.60 -4.70 0 0
-8.50 -4.70 0 0
-8.40 -4.70 0 0
-8.30 -4.70 0 0
-8.20 -4.70 0 0
-8.10 -4.70 0 0
-8.00 -4.70 0 0
-7.90 -4.70 0 0
-7.80 -4.70 0 0
-7.70 -4.70 0 0
-7.60 -4.70 0 0
-7.50 -4.70 0 0
-7.40 -4.70 0 0
-7.30 -4.70 0 0
-7.20 -4.70 0 0
-7.10 -4.70 0 0
-7.00 -4.70 0 0
-6.90 -4.70 0 0
-6.80 -4.70 0 0
-6.70 -4.70 0 0
-6.60 -4.70 0 0
-6.50 -4.70 0 0
-6.40 -4.70 0 0
-6.30 -4.70 0 0
-6.20 -4.70 0 0
-6.10 -4.70 0 0
-6.00 -4.70 0 0
-5.90 -4.70 0 0
-5.80 -4.70 0 0
-5.70 -4.70 0 0
-5.60 -4.70 0 0
-5.50 -4.70 0 0
-5.40 -4.70 0 0
-5.30 -4.70 0 0
-5.20 -4.70 0 0
-5.10 -4.70 0 0
-5.00 -4.70 0 0
-4.90 -4.70 0 0
-4.80 -4.70 0 0
-4.70 -4.70 0 0
-4.60 -4.70 0 0
-4.50 -4.70 3 285
-4.40 -4.70 4 284
-4.30 -4.70 6 282
-4.20 -4.70 8 281
-4.10 -4.70 7 315
-4.00 -4.70 9 315
-3.90 -4.70 10 313
-3.80 -4.70 11 314
-3.70 -4.70 13 313
-3.60 -4.70 15 313
-3.50 -4.70 17 311
-3.40 -4.70 18 309
-3.30 -4.70 21 309
-3.20 -4.70 22 307
-3.10 -4.70 26 305
-3.00 -4.70 28 304
-2.90 -4.70 31 303
-2.80 -4.70 33 301
-2.70 -4.70 35 300
-2.60 -4.70 38 298
-2.50 -4.70 40 298
-2.40 -4.70 42 297
-2.30 -4.70 45 295
-2.20 -4.70 47 293
-2.10 -4.70 50 293
-2.00 -4.70 53 291
-1.90 -4.70 56 290
-1.80 -4.70 61 288
-1.70 -4.70 63 288
-1.60 -4.70 66 286
-1.50 -4.70 68 284
-1.40 -4.70 69 283
-1.30 -4.70 71 281
-1.20 -4.70 75 279
-1.10 -4.70 76 278
-1.00 -4.70 76 278
-0.90 -4.70 75 276
-0.80 -4.70 75 272
-0.70 -4.70 77 272
-0.60 -4.70 77 269
-0.50 -4.70 78 269
-0.40 -4.70 113 224
-0.30 -4.70 115 224
-0.20 -4.70 118 223
-0.10 -4.70 120 222
-0.00 -4.70 123 221
0.10 -4.70 125 220
0.20 -4.70 128 219
0.30 -4.70 130 218
0.40 -4.70 132 218
0.50 -4.70 135 217
0.60 -4.70 137 215
0.70 -4.70 140 215
0.80 -4.70 142 214
0.90 -4.70 145 212
1.00 -4.70 147 212
1.10 -4.70 150 211
1.20 -4.70 152 210
1.30 -4.70 154 208
1.40 -4.70 157 207
1.50 -4.70 159 207
1.60 -4.70 162 206
1.70 -4.70 164 205
1.80 -4.70 167 204
1.90 -4.70 169 203
2.00 -4.70 171 202
2.10 -4.70 173 201
2.20 -4.70 176 200
2.30 -4.70 178 199
2.40 -4.70 181 197
2.50 -4.70 184 196
2.60 -4.70 185 195
2.70 -4.70 188 194
2.80 -4.70 190 193
2.90 -4.70 192 192
3.00 -4.70 195 191
3.10 -4.70 197 190
3.20 -4.70 199 188
3.30 -4.70 202 187
3.40 -4.70 205 186
3.50 -4.70 207 185
3.60 -4.70 209 184
3.70 -4.70 212 182
3.80 -4.70 214 182
3.90 -4.70 217 181
4.00 -4.70 219 180
4.10 -4.70 221 178
4.20 -4.70 223 177
4.30 -4.70 226 175
4.40 -4.70 228 174
4.50 -4.70 230 173
4.60 -4.70 233 172
4.70 -4.70 235 170
4.80 -4.70 237 169
4.90 -4.70 240 167
5.00 -4.70 242 166
5.10 -4.70 244 166
5.20 -4.70 247 164
5.30 -4.70 253 231
5.40 -4.70 256 235
5.50 -4.70 257 235
5.60 -4.70 260 235
5.70 -4.70 261 233
5.80 -4.70 262 230
5.90 -4.70 0 0
6.00 -4.70 0 0
6.10 -4.70 0 0
6.20 -4.70 0 0
6.30 -4.70 0 0
6.40 -4.70 0 0
6.50 -4.70 0 0
6.60 -4.70 0 0
6.70 -4.70 0 0
6.80 -4.70 0 0
6.90 -4.70 0 0
7.00 -4.70 0 0
7.10 -4.70 0 0
7.20 -4.70 0 0
7.30 -4.70 0 0
7.40 -4.70 0 0
7.50 -4.70 0 0
7.60 -4.70 0 0
7.70 -4.70 0 0
7.80 -4.70 0 0
7.90 -4.70 0 0
8.00 -4.70 0 0
8.10 -4.70 0 0
8.20 -4.70 0 0
8.30 -4.70 0 0
8.40 -4.70 322 159
8.50 -4.70 325 159
8.60 -4.70 327 159
8.70 -4.70 328 159
8.80 -4.70 330 158
8.90 -4.70 335 158
9.00 -4.70 336 158
9.10 -4.70 339 158
-9.00 -4.60 0 0
-8.90 -4.60 0 0
-8.80 -4.60 0 0
-8.70 -4.60 0 0
-8.60 -4.60 0 0
-8.50 -4.60 0 0
-8.40 -4.60 0 0
-8.30 -4.60 0 0
-8.20 -4.60 0 0
-8.10 -4.60 0 0
-8.00 -4.60 0 0
-7.90 -4.60 0 0
-7.80 -4.60 0 0
-7.70 -4.60 0 0
-7.60 -4.60 0 0
-7.50 -4.60 0 0
-7.40 -4.60 0 0
-7.30 -4.60 0 0
-7.20 -4.60 0 0
-7.10 -4.60 0 0
-7.00 -4.60 0 0
-6.90 -4.60 0 0
-6.80 -4.60 0 0
-6.70 -4.60 0 0
-6.60 -4.60 0 0
-6.50 -4.60 0 0
-6.40 -4.60 0 0
-6.30 -4.60 0 0
-6.20 -4.60 0 0
-6.10 -4.60 0 0
-6.00 -4.60 0 0
-5.90 -4.60 0 0
-5.80 -4.60 0 0
-5.70 -4.60 0 0
-5.60 -4.60 0 0
-5.50 -4.60 0 0
-5.40 -4.60 0 0
-5.30 -4.60 0 0
-5.20 -4.60 0 0
-5.10 -4.60 0 0
-5.00 -4.60 0 0
-4.90 -4.60 0 0
-4.80 -4.60 0 0
-4.70 -4.60 0 0
-4.60 -4.60 3 287
-4.50 -4.60 4 286
-4.40 -4.60 5 285
-4.30 -4.60 8 284
-4.20 -4.60 11 283
-4.10 -4.60 7 316
-4.00 -4.60 9 314
-3.90 -4.60 12 314
-3.80 -4.60 12 313
-3.70 -4.60 14 314
-3.60 -4.60 16 313
-3.50 -4.60 17 313
-3.40 -4.60 20 311
-3.30 -4.60 21 310
-3.20 -4.60 24 308
-3.10 -4.60 27 308
-3.00 -4.60 29 305
-2.90 -4.60 32 304
-2.80 -4.60 34 303
-2.70 -4.60 38 301
-2.60 -4.60 39 300
-2.50 -4.60 42 299
-2.40 -4.60 44 297
-2.30 -4.60 47 296
-2.20 -4.60 48 295
-2.10 -4.60 51 294
-2.00 -4.60 55 292
-1.90 -4.60 58 291
-1.80 -4.60 62 290
-1.70 -4.60 64 289
-1.60 -4.60 67 288
-1.50 -4.60 69 285
-1.40 -4.60 71 284
-1.30 -4.60 73 282
-1.20 -4.60 96 234
-1.10 -4.60 76 279
-1.00 -4.60 76 279
-0.90 -4.60 75 277
-0.80 -4.60 75 275
-0.70 -4.60 76 272
-0.60 -4.60 78 271
-0.50 -4.60 77 271
-0.40 -4.60 114 226
-0.30 -4.60 117 225
-0.20 -4.60 119 224
-0.10 -4.60 121 224
-0.00 -4.60 125 223
0.10 -4.60 127 221
0.20 -4.60 129 221
0.30 -4.60 132 220
0.40 -4.60 134 219
0.50 -4.60 136 218
0.60 -4.60 139 217
0.70 -4.60 141 217
0.80 -4.60 144 216
0.90 -4.60 146 214
1.00 -4.60 148 213
1.10 -4.60 151 212
1.20 -4.60 154 211
1.30 -4.60 156 210
1.40 -4.60 158 209
1.50 -4.60 161 208
1.60 -4.60 163 208
1.70 -4.60 165 206
1.80 -4.60 162 246
1.90 -4.60 170 204
2.00 -4.60 173 203
2.10 -4.60 175 202
2.20 -4.60 177 201
2.30 -4.60 179 200
2.40 -4.60 182 199
2.50 -4.60 185 198
2.60 -4.60 187 197
2.70 -4.60 189 196
2.80 -4.60 192 195
2.90 -4.60 194 193
3.00 -4.60 196 192
3.10 -4.60 198 191
3.20 -4.60 201 190
3.30 -4.60 204 188
3.40 -4.60 206 188
3.50 -4.60 208 187
3.60 -4.60 210 185
3.70 -4.60 213 184
3.80 -4.60 215 183
3.90 -4.60 218 182
4.00 -4.60 220 181
4.10 -4.60 222 180
4.20 -4.60 224 177
4.30 -4.60 227 177
4.40 -4.60 229 175
4.50 -4.60 232 174
4.60 -4.60 234 173
4.70 -4.60 236 172
4.80 -4.60 239 170
4.90 -4.60 241 169
5.00 -4.60 243 167
5.10 -4.60 246 166
5.20 -4.60 248 166
5.30 -4.60 250 165
5.40 -4.60 257 231
5.50 -4.60 258 234
5.60 -4.60 261 234
5.70 -4.60 264 235
5.80 -4.60 265 233
5.90 -4.60 266 231
6.00 -4.60 0 0
6.10 -4.60 0 0
6.20 -4.60 0 0
6.30 -4.60 0 0
6.40 -4.60 0 0
6.50 -4.60 0 0
6.60 -4.60 0 0
6.70 -4.60 0 0
6.80 -4.60 0 0
6.90 -4.60 0 0
7.00 -4.60 0 0
7.10 -4.60 0 0
7.20 -4.60 0 0
7.30 -4.60 0 0
7.40 -4.60 0 0
7.50 -4.60 0 0
7.60 -4.60 0 0
7.70 -4.60 0 0
7.80 -4.60 0 0
7.90 -4.60 0 0
8.00 -4.60 0 0
8.10 -4.60 0 0
8.20 -4.60 0 0
8.30 -4.60 0 0
8.40 -4.60 0 0
8.50 -4.60 325 160
8.60 -4.60 327 159
8.70 -4.60 329 159
8.80 -4.60 331 159
8.90 -4.60 335 159
9.00 -4.60 337 158
9.10 -4.60 340 159
-9.00 -4.50 0 0
-8.90 -4.50 0 0
-8.80 -4.50 0 0
-8.70 -4.50 0 0
-8.60 -4.50 0 0
-8.50 -4.50 0 0
-8.40 -4.50 0 0
-8.30 -4.50 0 0
-8.20 -4.50 0 0
-8.10 -4.50 0 0
-8.00 -4.50 0 0
-7.90 -4.50 0 0
-7.80 -4.50 0 0
-7.70 -4.50 0 0
-7.60 -4.50 0 0
-7.50 -4.50 0 0
-7.40 -4.50 0 0
-7.30 -4.50 0 0
-7.20 -4.50 0 0
-7.10 -4.50 0 0
-7.00 -4.50 0 0
-6.90 -4.50 0 0
-6.80 -4.50 0 0
-6.70 -4.50 0 0
-6.60 -4.50 0 0
-6.50 -4.50 0 0
-6.40 -4.50 0 0
-6.30 -4.50 0 0
-6.20 -4.50 0 0
-6.10 -4.50 0 0
-6.00 -4.50 0 0
-5.90 -4.50 0 0
-5.80 -4.50 0 0
-5.70 -4.50 0 0
-5.60 -4.50 0 0
-5.50 -4.50 0 0
-5.40 -4.50 0 0
-5.30 -4.50 0 0
-5.20 -4.50 0 0
-5.10 -4.50 0 0
-5.00 -4.50 0 0
-4.90 -4.50 0 0
-4.80 -4.50 0 0
-4.70 -4.50 0 0
-4.60 -4.50 4 288
-4.50 -4.50 5 288
-4.40 -4.50 6 287
-4.30 -4.50 9 285
-4.20 -4.50 5 313
-4.10 -4.50 10 317
-4.00 -4.50 11 316
-3.90 -4.50 12 315
-3.80 -4.50 14 314
-3.70 -4.50 15 313
-3.60 -4.50 17 314
-3.50 -4.50 19 314
-3.40 -4.50 21 312
-3.30 -4.50 23 312
-3.20 -4.50 25 310
-3.10 -4.50 28 309
-3.00 -4.50 30 307
-2.90 -4.50 34 306
-2.80 -4.50 36 304
-2.70 -4.50 38 303
-2.60 -4.50 41 301
-2.50 -4.50 43 300
-2.40 -4.50 45 299
-2.30 -4.50 48 297
-2.20 -4.50 51 296
-2.10 -4.50 54 295
-2.00 -4.50 57 292
-1.90 -4.50 61 293
-1.80 -4.50 63 291
-1.70 -4.50 66 290
-1.60 -4.50 67 289
-1.50 -4.50 70 287
-1.40 -4.50 73 286
-1.30 -4.50 95 236
-1.20 -4.50 73 282
-1.10 -4.50 74 281
-1.00 -4.50 75 279
-0.90 -4.50 74 279
-0.80 -4.50 75 276
-0.70 -4.50 75 275
-0.60 -4.50 78 274
-0.50 -4.50 113 229
-0.40 -4.50 116 228
-0.30 -4.50 118 227
-0.20 -4.50 121 226
-0.10 -4.50 123 225
-0.00 -4.50 126 224
0.10 -4.50 128 223
0.20 -4.50 131 222
0.30 -4.50 133 221
0.40 -4.50 135 220
0.50 -4.50 138 220
0.60 -4.50 140 218
0.70 -4.50 143 218
0.80 -4.50 145 216
0.90 -4.50 147 216
1.00 -4.50 150 215
1.10 -4.50 152 214
1.20 -4.50 155 213
1.30 -4.50 151 248
1.40 -4.50 158 250
1.50 -4.50 157 248
1.60 -4.50 161 250
1.70 -4.50 163 247
1.80 -4.50 164 245
1.90 -4.50 165 245
2.00 -4.50 174 204
2.10 -4.50 170 244
2.20 -4.50 178 202
2.30 -4.50 181 201
2.40 -4.50 183 200
2.50 -4.50 186 199
2.60 -4.50 188 198
2.70 -4.50 191 197
2.80 -4.50 193 196
2.90 -4.50 195 194
3.00 -4.50 198 193
3.10 -4.50 201 193
3.20 -4.50 202 192
3.30 -4.50 205 190
3.40 -4.50 207 189
3.50 -4.50 209 187
3.60 -4.50 211 187
3.70 -4.50 215 185
3.80 -4.50 217 185
3.90 -4.50 219 183
4.00 -4.50 222 182
4.10 -4.50 224 181
4.20 -4.50 226 180
4.30 -4.50 229 178
4.40 -4.50 231 177
4.50 -4.50 234 175
4.60 -4.50 235 174
4.70 -4.50 238 173
4.80 -4.50 240 171
4.90 -4.50 243 170
5.00 -4.50 245 169
5.10 -4.50 248 168
5.20 -4.50 249 167
5.30 -4.50 252 166
5.40 -4.50 254 165
5.50 -4.50 259 231
5.60 -4.50 261 232
5.70 -4.50 264 234
5.80 -4.50 267 236
5.90 -4.50 268 233
6.00 -4.50 269 233
6.10 -4.50 0 0
6.20 -4.50 0 0
6.30 -4.50 0 0
6.40 -4.50 0 0
6.50 -4.50 0 0
6.60 -4.50 0 0
6.70 -4.50 0 0
6.80 -4.50 0 0
6.90 -4.50 0 0
7.00 -4.50 0 0
7.10 -4.50 0 0
7.20 -4.50 0 0
7.30 -4.50 0 0
7.40 -4.50 0 0
7.50 -4.50 0 0
7.60 -4.50 0 0
7.70 -4.50 0 0
7.80 -4.50 0 0
7.90 -4.50 0 0
8.00 -4.50 0 0
8.10 -4.50 0 0
8.20 -4.50 0 0
8.30 -4.50 0 0
8.40 -4.50 0 0
8.50 -4.50 0 0
8.60 -4.50 329 160
8.70 -4.50 331 159
8.80 -4.50 333 159
8.90 -4.50 337 159
9.00 -4.50 338 159
9.10 -4.50 340 159
-9.00 -4.40 0 0
-8.90 -4.40 0 0
-8.80 -4.40 0 0
-8.70 -4.40 0 0
-8.60 -4.40 0 0
-8.50 -4.40 0 0
-8.40 -4.40 0 0
-8.30 -4.40 0 0
-8.20 -4.40 0 0
-8.10 -4.40 0 0
-8.00 -4.40 0 0
-7.90 -4.40 0 0
-7.80 -4.40 0 0
-7.70 -4.40 0 0
-7.60 -4.40 0 0
-7.50 -4.40 0 0
-7.40 -4.40 0 0
-7.30 -4.40 0 0
-7.20 -4.40 0 0
-7.10 -4.40 0 0
-7.00 -4.40 0 0
-6.90 -4.40 0 0
-6.80 -4.40 0 0
-6.70 -4.40 0 0
-6.60 -4.40 0 0
-6.50 -4.40 0 0
-6.40 -4.40 0 0
-6.30 -4.40 0 0
-6.20 -4.40 0 0
-6.10 -4.40 0 0
-6.00 -4.40 0 0
-5.90 -4.40 0 0
-5.80 -4.40 0 0
-5.70 -4.40 0 0
-5.60 -4.40 0 0
-5.50 -4.40 0 0
-5.40 -4.40 0 0
-5.30 -4.40 0 0
-5.20 -4.40 0 0
-5.10 -4.40 0 0
-5.00 -4.40 0 0
-4.90 -4.40 0 0
-4.80 -4.40 0 0
-4.70 -4.40 3 291
-4.60 -4.40 4 290
-4.50 -4.40 5 289
-4.40 -4.40 7 288
-4.30 -4.40 11 286
-4.20 -4.40 10 318
-4.10 -4.40 11 316
-4.00 -4.40 12 316
-3.90 -4.40 13 315
-3.80 -4.40 16 316
-3.70 -4.40 17 315
-3.60 -4.40 19 315
-3.50 -4.40 20 314
-3.40 -4.40 22 314
-3.30 -4.40 25 312
-3.20 -4.40 27 311
-3.10 -4.40 29 309
-3.00 -4.40 31 308
-2.90 -4.40 35 307
-2.80 -4.40 37 305
-2.70 -4.40 40 304
-2.60 -4.40 42 303
-2.50 -4.40 45 301
-2.40 -4.40 47 299
-2.30 -4.40 50 298
-2.20 -4.40 53 297
-2.10 -4.40 56 296
-2.00 -4.40 58 296
-1.90 -4.40 62 293
-1.80 -4.40 64 292
-1.70 -4.40 67 290
-1.60 -4.40 70 290
-1.50 -4.40 73 286
-1.40 -4.40 94 238
-1.30 -4.40 75 285
-1.20 -4.40 73 284
-1.10 -4.40 73 281
-1.00 -4.40 74 281
-0.90 -4.40 75 280
-0.80 -4.40 77 277
-0.70 -4.40 77 276
-0.60 -4.40 112 231
-0.50 -4.40 115 230
-0.40 -4.40 117 230
-0.30 -4.40 120 229
-0.20 -4.40 122 227
-0.10 -4.40 125 227
-0.00 -4.40 127 226
0.10 -4.40 130 224
0.20 -4.40 131 223
0.30 -4.40 134 223
0.40 -4.40 137 222
0.50 -4.40 139 221
0.60 -4.40 141 220
0.70 -4.40 144 219
0.80 -4.40 143 259
0.90 -4.40 149 217
1.00 -4.40 151 216
1.10 -4.40 148 255
1.20 -4.40 150 254
1.30 -4.40 154 251
1.40 -4.40 155 250
1.50 -4.40 159 249
1.60 -4.40 161 248
1.70 -4.40 161 246
1.80 -4.40 165 247
1.90 -4.40 166 246
2.00 -4.40 171 246
2.10 -4.40 174 242
2.20 -4.40 180 204
2.30 -4.40 175 242
2.40 -4.40 185 202
2.50 -4.40 187 200
2.60 -4.40 190 199
2.70 -4.40 192 199
2.80 -4.40 195 197
2.90 -4.40 196 196
3.00 -4.40 199 195
3.10 -4.40 201 194
3.20 -4.40 204 193
3.30 -4.40 206 192
3.40 -4.40 205 229
3.50 -4.40 211 189
3.60 -4.40 210 225
3.70 -4.40 216 187
3.80 -4.40 218 185
3.90 -4.40 221 184
4.00 -4.40 223 183
4.10 -4.40 226 182
4.20 -4.40 228 180
4.30 -4.40 230 180
4.40 -4.40 233 179
4.50 -4.40 235 177
4.60 -4.40 237 176
4.70 -4.40 239 174
4.80 -4.40 242 173
4.90 -4.40 244 171
5.00 -4.40 245 171
5.10 -4.40 249 169
5.20 -4.40 250 168
5.30 -4.40 253 167
5.40 -4.40 255 166
5.50 -4.40 258 165
5.60 -4.40 263 230
5.70 -4.40 266 232
5.80 -4.40 267 235
5.90 -4.40 270 235
6.00 -4.40 271 234
6.10 -4.40 272 233
6.20 -4.40 0 0
6.30 -4.40 0 0
6.40 -4.40 0 0
6.50 -4.40 0 0
6.60 -4.40 0 0
6.70 -4.40 0 0
6.80 -4.40 0 0
6.90 -4.40 0 0
7.00 -4.40 0 0
7.10 -4.40 0 0
7.20 -4.40 0 0
7.30 -4.40 0 0
7.40 -4.40 0 0
7.50 -4.40 0 0
7.60 -4.40 0 0
7.70 -4.40 0 0
7.80 -4.40 0 0
7.90 -4.40 0 0
8.00 -4.40 0 0
8.10 -4.40 318 149
8.20 -4.40 321 147
8.30 -4.40 323 147
8.40 -4.40 324 146
8.50 -4.40 0 0
8.60 -4.40 332 161
8.70 -4.40 334 160
8.80 -4.40 338 160
8.90 -4.40 339 160
9.00 -4.40 340 160
9.10 -4.40 343 159
-9.00 -4.30 0 0
-8.90 -4.30 0 0
-8.80 -4.30 0 0
-8.70 -4.30 0 0
-8.60 -4.30 0 0
-8.50 -4.30 0 0
-8.40 -4.30 0 0
-8.30 -4.30 0 0
-8.20 -4.30 0 0
-8.10 -4.30 0 0
-8.00 -4.30 0 0
-7.90 -4.30 0 0
-7.80 -4.30 0 0
-7.70 -4.30 0 0
-7.60 -4.30 0 0
-7.50 -4.30 0 0
-7.40 -4.30 0 0
-7.30 -4.30 0 0
-7.20 -4.30 0 0
-7.10 -4.30 0 0
-7.00 -4.30 0 0
-6.90 -4.30 0 0
-6.80 -4.30 0 0
-6.70 -4.30 0 0
-6.60 -4.30 0 0
-6.50 -4.30 0 0
-6.40 -4.30 0 0
-6.30 -4.30 0 0
-6.20 -4.30 0 0
-6.10 -4.30 0 0
-6.00 -4.30 0 0
-5.90 -4.30 0 0
-5.80 -4.30 0 0
-5.70 -4.30 0 0
-5.60 -4.30 0 0
-5.50 -4.30 0 0
-5.40 -4.30 0 0
-5.30 -4.30 0 0
-5.20 -4.30 0 0
-5.10 -4.30 0 0
-5.00 -4.30 0 0
-4.90 -4.30 0 0
-4.80 -4.30 0 0
-4.70 -4.30 4 292
-4.60 -4.30 5 291
-4.50 -4.30 7 289
-4.40 -4.30 9 289
-4.30 -4.30 7 316
-4.20 -4.30 9 318
-4.10 -4.30 12 318
-4.00 -4.30 13 317
-3.90 -4.30 15 317
-3.80 -4.30 16 316
-3.70 -4.30 18 317
-3.60 -4.30 20 316
-3.50 -4.30 22 315
-3.40 -4.30 22 315
-3.30 -4.30 26 313
-3.20 -4.30 28 312
-3.10 -4.30 30 311
-3.00 -4.30 33 309
-2.90 -4.30 36 309
-2.80 -4.30 39 306
-2.70 -4.30 41 305
-2.60 -4.30 44 304
-2.50 -4.30 46 302
-2.40 -4.30 49 301
-2.30 -4.30 51 300
-2.20 -4.30 54 299
-2.10 -4.30 57 298
-2.00 -4.30 61 296
-1.90 -4.30 62 295
-1.80 -4.30 66 294
-1.70 -4.30 69 292
-1.60 -4.30 71 289
-1.50 -4.30 73 290
-1.40 -4.30 72 288
-1.30 -4.30 73 286
-1.20 -4.30 72 284
-1.10 -4.30 73 283
-1.00 -4.30 74 282
-0.90 -4.30 74 281
-0.80 -4.30 76 281
-0.70 -4.30 77 279
-0.60 -4.30 114 232
-0.50 -4.30 116 232
-0.40 -4.30 119 230
-0.30 -4.30 121 230
-0.20 -4.30 123 229
-0.10 -4.30 126 228
-0.00 -4.30 128 227
0.10 -4.30 131 226
0.20 -4.30 133 225
0.30 -4.30 136 225
0.40 -4.30 138 223
0.50 -4.30 140 223
0.60 -4.30 143 221
0.70 -4.30 143 259
0.80 -4.30 140 257
0.90 -4.30 144 256
1.00 -4.30 148 255
1.10 -4.30 149 252
1.20 -4.30 153 253
1.30 -4.30 156 253
1.40 -4.30 157 251
1.50 -4.30 159 249
1.60 -4.30 161 250
1.70 -4.30 165 248
1.80 -4.30 166 247
1.90 -4.30 168 247
2.00 -4.30 171 247
2.10 -4.30 179 206
2.20 -4.30 176 242
2.30 -4.30 178 244
2.40 -4.30 181 240
2.50 -4.30 184 240
2.60 -4.30 184 238
2.70 -4.30 194 200
2.80 -4.30 191 237
2.90 -4.30 198 198
3.00 -4.30 198 236
3.10 -4.30 200 235
3.20 -4.30 201 232
3.30 -4.30 205 230
3.40 -4.30 205 230
3.50 -4.30 213 190
3.60 -4.30 210 228
3.70 -4.30 214 226
3.80 -4.30 220 187
3.90 -4.30 218 221
4.00 -4.30 224 184
4.10 -4.30 227 184
4.20 -4.30 229 182
4.30 -4.30 231 181
4.40 -4.30 234 180
4.50 -4.30 236 178
4.60 -4.30 239 177
4.70 -4.30 241 176
4.80 -4.30 243 175
4.90 -4.30 245 173
5.00 -4.30 248 173
5.10 -4.30 250 170
5.20 -4.30 252 169
5.30 -4.30 255 168
5.40 -4.30 257 166
5.50 -4.30 259 165
5.60 -4.30 262 164
5.70 -4.30 268 231
5.80 -4.30 269 233
5.90 -4.30 272 236
6.00 -4.30 273 235
6.10 -4.30 275 235
6.20 -4.30 276 234
6.30 -4.30 0 0
6.40 -4.30 0 0
6.50 -4.30 0 0
6.60 -4.30 0 0
6.70 -4.30 0 0
6.80 -4.30 0 0
6.90 -4.30 0 0
7.00 -4.30 293 200
7.10 -4.30 0 0
7.20 -4.30 0 0
7.30 -4.30 0 0
7.40 -4.30 0 0
7.50 -4.30 0 0
7.60 -4.30 0 0
7.70 -4.30 0 0
7.80 -4.30 0 0
7.90 -4.30 0 0
8.00 -4.30 318 150
8.10 -4.30 320 149
8.20 -4.30 322 148
8.30 -4.30 323 147
8.40 -4.30 325 147
8.50 -4.30 0 0
8.60 -4.30 333 160
8.70 -4.30 335 161
8.80 -4.30 338 160
8.90 -4.30 341 161
9.00 -4.30 341 160
9.10 -4.30 346 160
-9.00 -4.20 0 0
-8.90 -4.20 0 0
-8.80 -4.20 0 0
-8.70 -4.20 0 0
-8.60 -4.20 0 0
-8.50 -4.20 0 0
-8.40 -4.20 0 0
-8.30 -4.20 0 0
-8.20 -4.20 0 0
-8.10 -4.20 0 0
-8.00 -4.20 0 0
-7.90 -4.20 0 0
-7.80 -4.20 0 0
-7.70 -4.20 0 0
-7.60 -4.20 0 0
-7.50 -4.20 0 0
-7.40 -4.20 0 0
-7.30 -4.20 0 0
-7.20 -4.20 0 0
-7.10 -4.20 0 0
-7.00 -4.20 0 0
-6.90 -4.20 0 0
-6.80 -4.20 0 0
-6.70 -4.20 0 0
-6.60 -4.20 0 0
-6.50 -4.20 0 0
-6.40 -4.20 0 0
-6.30 -4.20 0 0
-6.20 -4.20 0 0
-6.10 -4.20 0 0
-6.00 -4.20 0 0
-5.90 -4.20 0 0
-5.80 -4.20 0 0
-5.70 -4.20 0 0
-5.60 -4.20 0 0
-5.50 -4.20 0 0
-5.40 -4.20 0 0
-5.30 -4.20 0 0
-5.20 -4.20 0 0
-5.10 -4.20 0 0
-5.00 -4.20 0 0
-4.90 -4.20 0 0
-4.80 -4.20 3 294
-4.70 -4.20 4 293
-4.60 -4.20 6 292
-4.50 -4.20 8 291
-4.40 -4.20 11 290
-4.30 -4.20 10 321
-4.20 -4.20 11 320
-4.10 -4.20 13 319
-4.00 -4.20 14 318
-3.90 -4.20 15 317
-3.80 -4.20 18 318
-3.70 -4.20 19 317
-3.60 -4.20 21 317
-3.50 -4.20 22 316
-3.40 -4.20 24 315
-3.30 -4.20 26 314
-3.20 -4.20 29 314
-3.10 -4.20 32 312
-3.00 -4.20 34 311
-2.90 -4.20 38 309
-2.80 -4.20 41 307
-2.70 -4.20 42 306
-2.60 -4.20 45 305
-2.50 -4.20 47 304
-2.40 -4.20 50 303
-2.30 -4.20 53 302
-2.20 -4.20 56 300
-2.10 -4.20 59 300
-2.00 -4.20 63 297
-1.90 -4.20 65 296
-1.80 -4.20 68 295
-1.70 -4.20 70 293
-1.60 -4.20 71 292
-1.50 -4.20 71 291
-1.40 -4.20 71 290
-1.30 -4.20 72 287
-1.20 -4.20 73 286
-1.10 -4.20 73 284
-1.00 -4.20 75 283
-0.90 -4.20 76 281
-0.80 -4.20 77 278
-0.70 -4.20 77 278
-0.60 -4.20 115 234
-0.50 -4.20 117 232
-0.40 -4.20 120 232
-0.30 -4.20 123 231
-0.20 -4.20 125 230
-0.10 -4.20 128 229
-0.00 -4.20 130 228
0.10 -4.20 132 228
0.20 -4.20 134 227
0.30 -4.20 137 225
0.40 -4.20 139 225
0.50 -4.20 142 224
0.60 -4.20 137 259
0.70 -4.20 139 259
0.80 -4.20 145 260
0.90 -4.20 145 255
1.00 -4.20 150 255
1.10 -4.20 150 254
1.20 -4.20 159 217
1.30 -4.20 156 253
1.40 -4.20 159 251
1.50 -4.20 160 252
1.60 -4.20 162 251
1.70 -4.20 165 249
1.80 -4.20 167 250
1.90 -4.20 173 247
2.00 -4.20 169 244
2.10 -4.20 176 246
2.20 -4.20 176 248
2.30 -4.20 185 206
2.40 -4.20 186 244
2.50 -4.20 190 203
2.60 -4.20 188 241
2.70 -4.20 195 201
2.80 -4.20 193 240
2.90 -4.20 193 238
3.00 -4.20 198 237
3.10 -4.20 199 237
3.20 -4.20 201 232
3.30 -4.20 209 195
3.40 -4.20 205 229
3.50 -4.20 214 192
3.60 -4.20 216 191
3.70 -4.20 219 189
3.80 -4.20 222 189
3.90 -4.20 224 187
4.00 -4.20 226 186
4.10 -4.20 228 185
4.20 -4.20 230 184
4.30 -4.20 233 182
4.40 -4.20 235 181
4.50 -4.20 237 180
4.60 -4.20 240 178
4.70 -4.20 242 178
4.80 -4.20 244 177
4.90 -4.20 247 175
5.00 -4.20 249 173
5.10 -4.20 251 171
5.20 -4.20 254 171
5.30 -4.20 256 169
5.40 -4.20 258 168
5.50 -4.20 261 166
5.60 -4.20 263 165
5.70 -4.20 266 165
5.80 -4.20 269 231
5.90 -4.20 271 234
6.00 -4.20 273 235
6.10 -4.20 275 236
6.20 -4.20 277 235
6.30 -4.20 278 234
6.40 -4.20 0 0
6.50 -4.20 0 0
6.60 -4.20 0 0
6.70 -4.20 0 0
6.80 -4.20 0 0
6.90 -4.20 290 201
7.00 -4.20 291 200
7.10 -4.20 0 0
7.20 -4.20 0 0
7.30 -4.20 0 0
7.40 -4.20 0 0
7.50 -4.20 0 0
7.60 -4.20 0 0
7.70 -4.20 0 0
7.80 -4.20 0 0
7.90 -4.20 0 0
8.00 -4.20 319 151
8.10 -4.20 320 150
8.20 -4.20 323 148
8.30 -4.20 324 148
8.40 -4.20 326 147
8.50 -4.20 0 0
8.60 -4.20 0 0
8.70 -4.20 0 0
8.80 -4.20 339 161
8.90 -4.20 341 161
9.00 -4.20 343 161
9.10 -4.20 347 161
-9.00 -4.10 0 0
-8.90 -4.10 0 0
-8.80 -4.10 0 0
-8.70 -4.10 0 0
-8.60 -4.10 0 0
-8.50 -4.10 0 0
-8.40 -4.10 0 0
-8.30 -4.10 0 0
-8.20 -4.10 0 0
-8.10 -4.10 0 0
-8.00 -4.10 0 0
-7.90 -4.10 0 0
-7.80 -4.10 0 0
-7.70 -4.10 0 0
-7.60 -4.10 0 0
-7.50 -4.10 0 0
-7.40 -4.10 0 0
-7.30 -4.10 0 0
-7.20 -4.10 0 0
-7.10 -4.10 0 0
-7.00 -4.10 0 0
-6.90 -4.10 0 0
-6.80 -4.10 0 0
-6.70 -4.10 0 0
-6.60 -4.10 0 0
-6.50 -4.10 0 0
-6.40 -4.10 0 0
-6.30 -4.10 0 0
-6.20 -4.10 0 0
-6.10 -4.10 0 0
-6.00 -4.10 0 0
-5.90 -4.10 0 0
-5.80 -4.10 0 0
-5.70 -4.10 0 0
-5.60 -4.10 0 0
-5.50 -4.10 0 0
-5.40 -4.10 0 0
-5.30 -4.10 0 0
-5.20 -4.10 0 0
-5.10 -4.10 0 0
-5.00 -4.10 0 0
-4.90 -4.10 0 0
-4.80 -4.10 3 296
-4.70 -4.10 5 295
-4.60 -4.10 7 294
-4.50 -4.10 9 292
-4.40 -4.10 12 291
-4.30 -4.10 14 290
-4.20 -4.10 14 323
-4.10 -4.10 14 320
-4.00 -4.10 15 319
-3.90 -4.10 18 319
-3.80 -4.10 19 318
-3.70 -4.10 20 319
-3.60 -4.10 22 318
-3.50 -4.10 23 317
-3.40 -4.10 26 316
-3.30 -4.10 29 316
-3.20 -4.10 31 314
-3.10 -4.10 33 313
-3.00 -4.10 36 311
-2.90 -4.10 38 310
-2.80 -4.10 41 309
-2.70 -4.10 43 308
-2.60 -4.10 46 306
-2.50 -4.10 48 305
-2.40 -4.10 52 304
-2.30 -4.10 55 303
-2.20 -4.10 59 301
-2.10 -4.10 61 300
-2.00 -4.10 64 298
-1.90 -4.10 66 297
-1.80 -4.10 69 297
-1.70 -4.10 90 245
-1.60 -4.10 70 293
-1.50 -4.10 70 292
-1.40 -4.10 71 291
-1.30 -4.10 72 288
-1.20 -4.10 73 288
-1.10 -4.10 75 287
-1.00 -4.10 76 284
-0.90 -4.10 76 283
-0.80 -4.10 77 279
-0.70 -4.10 114 236
-0.60 -4.10 117 236
-0.50 -4.10 119 235
-0.40 -4.10 122 234
-0.30 -4.10 124 233
-0.20 -4.10 127 231
-0.10 -4.10 129 231
-0.00 -4.10 131 230
0.10 -4.10 133 229
0.20 -4.10 136 228
0.30 -4.10 139 227
0.40 -4.10 141 226
0.50 -4.10 144 225
0.60 -4.10 146 224
0.70 -4.10 148 223
0.80 -4.10 144 261
0.90 -4.10 148 258
1.00 -4.10 156 220
1.10 -4.10 151 257
1.20 -4.10 154 253
1.30 -4.10 157 254
1.40 -4.10 160 252
1.50 -4.10 162 252
1.60 -4.10 163 251
1.70 -4.10 169 250
1.80 -4.10 168 249
1.90 -4.10 169 246
2.00 -4.10 174 248
2.10 -4.10 183 209
2.20 -4.10 185 209
2.30 -4.10 180 246
2.40 -4.10 189 206
2.50 -4.10 191 205
2.60 -4.10 188 242
2.70 -4.10 196 203
2.80 -4.10 195 238
2.90 -4.10 201 200
3.00 -4.10 203 199
3.10 -4.10 206 198
3.20 -4.10 208 197
3.30 -4.10 211 196
3.40 -4.10 213 194
3.50 -4.10 215 194
3.60 -4.10 218 192
3.70 -4.10 220 191
3.80 -4.10 223 190
3.90 -4.10 225 189
4.00 -4.10 227 187
4.10 -4.10 230 187
4.20 -4.10 232 185
4.30 -4.10 235 184
4.40 -4.10 236 183
4.50 -4.10 239 182
4.60 -4.10 241 180
4.70 -4.10 244 178
4.80 -4.10 246 177
4.90 -4.10 248 176
5.00 -4.10 250 175
5.10 -4.10 253 173
5.20 -4.10 255 172
5.30 -4.10 257 170
5.40 -4.10 260 169
5.50 -4.10 262 168
5.60 -4.10 265 167
5.70 -4.10 267 165
5.80 -4.10 269 164
5.90 -4.10 271 234
6.00 -4.10 275 234
6.10 -4.10 276 235
6.20 -4.10 278 235
6.30 -4.10 280 234
6.40 -4.10 281 231
6.50 -4.10 0 0
6.60 -4.10 0 0
6.70 -4.10 0 0
6.80 -4.10 0 0
6.90 -4.10 0 0
7.00 -4.10 0 0
7.10 -4.10 0 0
7.20 -4.10 0 0
7.30 -4.10 0 0
7.40 -4.10 0 0
7.50 -4.10 0 0
7.60 -4.10 0 0
7.70 -4.10 0 0
7.80 -4.10 0 0
7.90 -4.10 319 152
8.00 -4.10 320 152
8.10 -4.10 321 151
8.20 -4.10 323 149
8.30 -4.10 326 148
8.40 -4.10 328 147
8.50 -4.10 0 0
8.60 -4.10 0 0
8.70 -4.10 0 0
8.80 -4.10 342 163
8.90 -4.10 343 162
9.00 -4.10 345 162
9.10 -4.10 349 162
-9.00 -4.00 0 0
-8.90 -4.00 0 0
-8.80 -4.00 0 0
-8.70 -4.00 0 0
-8.60 -4.00 0 0
-8.50 -4.00 0 0
-8.40 -4.00 0 0
-8.30 -4.00 0 0
-8.20 -4.00 0 0
-8.10 -4.00 0 0
-8.00 -4.00 0 0
-7.90 -4.00 0 0
-7.80 -4.00 0 0
-7.70 -4.00 0 0
-7.60 -4.00 0 0
-7.50 -4.00 0 0
-7.40 -4.00 0 0
-7.30 -4.00 0 0
-7.20 -4.00 0 0
-7.10 -4.00 0 0
-7.00 -4.00 0 0
-6.90 -4.00 0 0
-6.80 -4.00 0 0
-6.70 -4.00 0 0
-6.60 -4.00 0 0
-6.50 -4.00 0 0
-6.40 -4.00 0 0
-6.30 -4.00 0 0
-6.20 -4.00 0 0
-6.10 -4.00 0 0
-6.00 -4.00 0 0
-5.90 -4.00 0 0
-5.80 -4.00 0 0
-5.70 -4.00 0 0
-5.60 -4.00 0 0
-5.50 -4.00 0 0
-5.40 -4.00 0 0
-5.30 -4.00 0 0
-5.20 -4.00 0 0
-5.10 -4.00 0 0
-5.00 -4.00 0 0
-4.90 -4.00 3 298
-4.80 -4.00 5 297
-4.70 -4.00 5 296
-4.60 -4.00 8 295
-4.50 -4.00 10 294
-4.40 -4.00 12 292
-4.30 -4.00 13 323
-4.20 -4.00 14 324
-4.10 -4.00 15 323
-4.00 -4.00 16 322
-3.90 -4.00 18 322
-3.80 -4.00 20 320
-3.70 -4.00 21 320
-3.60 -4.00 23 319
-3.50 -4.00 25 319
-3.40 -4.00 27 317
-3.30 -4.00 30 316
-3.20 -4.00 31 316
-3.10 -4.00 35 314
-3.00 -4.00 37 313
-2.90 -4.00 40 311
-2.80 -4.00 43 310
-2.70 -4.00 45 309
-2.60 -4.00 48 307
-2.50 -4.00 50 306
-2.40 -4.00 53 305
-2.30 -4.00 56 304
-2.20 -4.00 59 303
-2.10 -4.00 63 301
-2.00 -4.00 65 300
-1.90 -4.00 68 298
-1.80 -4.00 69 296
-1.70 -4.00 68 295
-1.60 -4.00 71 295
-1.50 -4.00 71 293
-1.40 -4.00 71 292
-1.30 -4.00 73 289
-1.20 -4.00 75 288
-1.10 -4.00 76 286
-1.00 -4.00 76 286
-0.90 -4.00 77 284
-0.80 -4.00 113 238
-0.70 -4.00 116 238
-0.60 -4.00 118 237
-0.50 -4.00 120 236
-0.40 -4.00 124 235
-0.30 -4.00 125 234
-0.20 -4.00 128 233
-0.10 -4.00 131 232
-0.00 -4.00 132 231
0.10 -4.00 135 231
0.20 -4.00 137 230
0.30 -4.00 140 229
0.40 -4.00 143 228
0.50 -4.00 145 226
0.60 -4.00 147 226
0.70 -4.00 150 225
0.80 -4.00 152 224
0.90 -4.00 150 261
1.00 -4.00 157 222
1.10 -4.00 160 221
1.20 -4.00 158 255
1.30 -4.00 156 254
1.40 -4.00 161 254
1.50 -4.00 169 217
1.60 -4.00 165 254
1.70 -4.00 169 251
1.80 -4.00 171 252
1.90 -4.00 179 212
2.00 -4.00 181 212
2.10 -4.00 183 210
2.20 -4.00 182 247
2.30 -4.00 188 209
2.40 -4.00 191 208
2.50 -4.00 193 206
2.60 -4.00 196 206
2.70 -4.00 198 205
2.80 -4.00 200 203
2.90 -4.00 203 202
3.00 -4.00 205 201
3.10 -4.00 208 200
3.20 -4.00 210 198
3.30 -4.00 212 197
3.40 -4.00 214 197
3.50 -4.00 217 195
3.60 -4.00 220 194
3.70 -4.00 222 192
3.80 -4.00 224 192
3.90 -4.00 226 190
4.00 -4.00 228 189
4.10 -4.00 231 188
4.20 -4.00 233 186
4.30 -4.00 236 185
4.40 -4.00 238 184
4.50 -4.00 241 183
4.60 -4.00 243 182
4.70 -4.00 245 181
4.80 -4.00 248 179
4.90 -4.00 250 177
5.00 -4.00 252 176
5.10 -4.00 254 175
5.20 -4.00 257 174
5.30 -4.00 260 173
5.40 -4.00 262 171
5.50 -4.00 264 169
5.60 -4.00 267 168
5.70 -4.00 269 167
5.80 -4.00 271 165
5.90 -4.00 273 164
6.00 -4.00 277 233
6.10 -4.00 278 234
6.20 -4.00 281 235
6.30 -4.00 282 234
6.40 -4.00 283 233
6.50 -4.00 0 0
6.60 -4.00 0 0
6.70 -4.00 0 0
6.80 -4.00 0 0
6.90 -4.00 0 0
7.00 -4.00 0 0
7.10 -4.00 0 0
7.20 -4.00 0 0
7.30 -4.00 0 0
7.40 -4.00 0 0
7.50 -4.00 0 0
7.60 -4.00 0 0
7.70 -4.00 0 0
7.80 -4.00 0 0
7.90 -4.00 0 0
8.00 -4.00 321 152
8.10 -4.00 0 0
8.20 -4.00 0 0
8.30 -4.00 0 0
8.40 -4.00 0 0
8.50 -4.00 0 0
8.60 -4.00 0 0
8.70 -4.00 0 0
8.80 -4.00 0 0
8.90 -4.00 347 165
9.00 -4.00 347 164
9.10 -4.00 348 163
-9.00 -3.90 0 0
-8.90 -3.90 0 0
-8.80 -3.90 0 0
-8.70 -3.90 0 0
-8.60 -3.90 0 0
-8.50 -3.90 0 0
-8.40 -3.90 0 0
-8.30 -3.90 0 0
-8.20 -3.90 0 0
-8.10 -3.90 0 0
-8.00 -3.90 0 0
-7.90 -3.90 0 0
-7.80 -3.90 0 0
-7.70 -3.90 0 0
-7.60 -3.90 0 0
-7.50 -3.90 0 0
-7.40 -3.90 0 0
-7.30 -3.90 0 0
-7.20 -3.90 0 0
-7.10 -3.90 0 0
-7.00 -3.90 0 0
-6.90 -3.90 0 0
-6.80 -3.90 0 0
-6.70 -3.90 0 0
-6.60 -3.90 0 0
-6.50 -3.90 0 0
-6.40 -3.90 0 0
-6.30 -3.90 0 0
-6.20 -3.90 0 0
-6.10 -3.90 0 0
-6.00 -3.90 0 0
-5.90 -3.90 0 0
-5.80 -3.90 0 0
-5.70 -3.90 0 0
-5.60 -3.90 0 0
-5.50 -3.90 0 0
-5.40 -3.90 0 0
-5.30 -3.90 0 0
-5.20 -3.90 0 0
-5.10 -3.90 0 0
-5.00 -3.90 0 0
-4.90 -3.90 3 300
-4.80 -3.90 5 299
-4.70 -3.90 7 297
-4.60 -3.90 10 295
-4.50 -3.90 0 0
-4.40 -3.90 0 0
-4.30 -3.90 0 0
-4.20 -3.90 17 328
-4.10 -3.90 15 325
-4.00 -3.90 16 324
-3.90 -3.90 18 323
-3.80 -3.90 19 322
-3.70 -3.90 23 322
-3.60 -3.90 24 321
-3.50 -3.90 26 320
-3.40 -3.90 30 319
-3.30 -3.90 32 318
-3.20 -3.90 34 317
-3.10 -3.90 36 316
-3.00 -3.90 40 314
-2.90 -3.90 41 313
-2.80 -3.90 43 311
-2.70 -3.90 46 310
-2.60 -3.90 49 309
-2.50 -3.90 52 307
-2.40 -3.90 56 306
-2.30 -3.90 58 305
-2.20 -3.90 61 304
-2.10 -3.90 64 301
-2.00 -3.90 69 300
-1.90 -3.90 0 0
-1.80 -3.90 91 248
-1.70 -3.90 69 297
-1.60 -3.90 70 295
-1.50 -3.90 72 293
-1.40 -3.90 74 292
-1.30 -3.90 76 292
-1.20 -3.90 75 290
-1.10 -3.90 77 288
-1.00 -3.90 110 241
-0.90 -3.90 113 241
-0.80 -3.90 115 240
-0.70 -3.90 117 239
-0.60 -3.90 120 238
-0.50 -3.90 122 238
-0.40 -3.90 125 237
-0.30 -3.90 127 236
-0.20 -3.90 129 234
-0.10 -3.90 132 234
-0.00 -3.90 134 233
0.10 -3.90 138 232
0.20 -3.90 139 231
0.30 -3.90 142 230
0.40 -3.90 145 229
0.50 -3.90 147 228
0.60 -3.90 149 228
0.70 -3.90 151 226
0.80 -3.90 154 225
0.90 -3.90 157 225
1.00 -3.90 159 223
1.10 -3.90 161 222
1.20 -3.90 164 221
1.30 -3.90 165 220
1.40 -3.90 168 219
1.50 -3.90 171 218
1.60 -3.90 174 217
1.70 -3.90 175 217
1.80 -3.90 178 216
1.90 -3.90 180 214
2.00 -3.90 183 213
2.10 -3.90 185 212
2.20 -3.90 187 211
2.30 -3.90 190 210
2.40 -3.90 192 209
2.50 -3.90 195 208
2.60 -3.90 197 206
2.70 -3.90 198 205
2.80 -3.90 202 204
2.90 -3.90 204 203
3.00 -3.90 206 202
3.10 -3.90 209 201
3.20 -3.90 212 200
3.30 -3.90 214 198
3.40 -3.90 0 0
3.50 -3.90 218 196
3.60 -3.90 221 195
3.70 -3.90 224 194
3.80 -3.90 226 192
3.90 -3.90 228 191
4.00 -3.90 230 190
4.10 -3.90 233 188
4.20 -3.90 235 187
4.30 -3.90 237 187
4.40 -3.90 240 185
4.50 -3.90 242 184
4.60 -3.90 244 182
4.70 -3.90 247 182
4.80 -3.90 249 180
4.90 -3.90 251 179
5.00 -3.90 254 178
5.10 -3.90 256 177
5.20 -3.90 258 174
5.30 -3.90 261 174
5.40 -3.90 263 173
5.50 -3.90 265 171
5.60 -3.90 267 169
5.70 -3.90 270 168
5.80 -3.90 272 167
5.90 -3.90 275 165
6.00 -3.90 277 164
6.10 -3.90 279 233
6.20 -3.90 281 234
6.30 -3.90 283 234
6.40 -3.90 285 235
6.50 -3.90 286 231
6.60 -3.90 0 0
6.70 -3.90 0 0
6.80 -3.90 0 0
6.90 -3.90 0 0
7.00 -3.90 0 0
7.10 -3.90 0 0
7.20 -3.90 0 0
7.30 -3.90 0 0
7.40 -3.90 0 0
7.50 -3.90 0 0
7.60 -3.90 0 0
7.70 -3.90 0 0
7.80 -3.90 0 0
7.90 -3.90 0 0
8.00 -3.90 0 0
8.10 -3.90 0 0
8.20 -3.90 0 0
8.30 -3.90 0 0
8.40 -3.90 0 0
8.50 -3.90 0 0
8.60 -3.90 0 0
8.70 -3.90 0 0
8.80 -3.90 0 0
8.90 -3.90 0 0
9.00 -3.90 350 165
9.10 -3.90 352 165
-9.00 -3.80 0 0
-8.90 -3.80 0 0
-8.80 -3.80 0 0
-8.70 -3.80 0 0
-8.60 -3.80 0 0
-8.50 -3.80 0 0
-8.40 -3.80 0 0
-8.30 -3.80 0 0
-8.20 -3.80 0 0
-8.10 -3.80 0 0
-8.00 -3.80 0 0
-7.90 -3.80 0 0
-7.80 -3.80 0 0
-7.70 -3.80 0 0
-7.60 -3.80 0 0
-7.50 -3.80 0 0
-7.40 -3.80 0 0
-7.30 -3.80 0 0
-7.20 -3.80 0 0
-7.10 -3.80 0 0
-7.00 -3.80 0 0
-6.90 -3.80 0 0
-6.80 -3.80 0 0
-6.70 -3.80 0 0
-6.60 -3.80 0 0
-6.50 -3.80 0 0
-6.40 -3.80 0 0
-6.30 -3.80 0 0
-6.20 -3.80 0 0
-6.10 -3.80 0 0
-6.00 -3.80 0 0
-5.90 -3.80 0 0
-5.80 -3.80 0 0
-5.70 -3.80 0 0
-5.60 -3.80 0 0
-5.50 -3.80 0 0
-5.40 -3.80 0 0
-5.30 -3.80 0 0
-5.20 -3.80 0 0
-5.10 -3.80 0 0
-5.00 -3.80 3 302
-4.90 -3.80 4 301
-4.80 -3.80 6 300
-4.70 -3.80 9 299
-4.60 -3.80 11 298
-4.50 -3.80 14 296
-4.40 -3.80 0 0
-4.30 -3.80 0 0
-4.20 -3.80 15 326
-4.10 -3.80 15 325
-4.00 -3.80 17 325
-3.90 -3.80 19 324
-3.80 -3.80 22 324
-3.70 -3.80 24 323
-3.60 -3.80 25 322
-3.50 -3.80 29 321
-3.40 -3.80 31 320
-3.30 -3.80 34 319
-3.20 -3.80 35 318
-3.10 -3.80 37 317
-3.00 -3.80 40 315
-2.90 -3.80 43 314
-2.80 -3.80 45 313
-2.70 -3.80 48 311
-2.60 -3.80 51 310
-2.50 -3.80 54 309
-2.40 -3.80 57 308
-2.30 -3.80 60 306
-2.20 -3.80 63 303
-2.10 -3.80 65 302
-2.00 -3.80 87 252
-1.90 -3.80 90 250
-1.80 -3.80 67 300
-1.70 -3.80 70 298
-1.60 -3.80 69 297
-1.50 -3.80 72 296
-1.40 -3.80 74 293
-1.30 -3.80 76 292
-1.20 -3.80 76 292
-1.10 -3.80 77 289
-1.00 -3.80 112 243
-0.90 -3.80 114 242
-0.80 -3.80 117 241
-0.70 -3.80 118 240
-0.60 -3.80 120 240
-0.50 -3.80 123 238
-0.40 -3.80 126 238
-0.30 -3.80 128 237
-0.20 -3.80 131 236
-0.10 -3.80 134 235
-0.00 -3.80 136 234
0.10 -3.80 139 233
0.20 -3.80 141 233
0.30 -3.80 143 231
0.40 -3.80 146 231
0.50 -3.80 148 230
0.60 -3.80 150 229
0.70 -3.80 153 228
0.80 -3.80 156 227
0.90 -3.80 158 225
1.00 -3.80 160 224
1.10 -3.80 162 224
1.20 -3.80 165 223
1.30 -3.80 168 222
1.40 -3.80 170 221
1.50 -3.80 172 220
1.60 -3.80 174 219
1.70 -3.80 177 218
1.80 -3.80 179 217
1.90 -3.80 182 216
2.00 -3.80 184 214
2.10 -3.80 187 214
2.20 -3.80 189 212
2.30 -3.80 191 212
2.40 -3.80 194 210
2.50 -3.80 196 209
2.60 -3.80 198 208
2.70 -3.80 201 207
2.80 -3.80 203 205
2.90 -3.80 206 205
3.00 -3.80 208 203
3.10 -3.80 211 202
3.20 -3.80 212 201
3.30 -3.80 215 201
3.40 -3.80 217 199
3.50 -3.80 220 198
3.60 -3.80 222 196
3.70 -3.80 225 195
3.80 -3.80 227 194
3.90 -3.80 229 193
4.00 -3.80 232 191
4.10 -3.80 234 190
4.20 -3.80 237 189
4.30 -3.80 238 188
4.40 -3.80 241 186
4.50 -3.80 243 186
4.60 -3.80 246 184
4.70 -3.80 248 183
4.80 -3.80 250 182
4.90 -3.80 253 180
5.00 -3.80 255 179
5.10 -3.80 257 177
5.20 -3.80 259 176
5.30 -3.80 262 174
5.40 -3.80 264 174
5.50 -3.80 267 172
5.60 -3.80 269 171
5.70 -3.80 271 169
5.80 -3.80 274 167
5.90 -3.80 276 167
6.00 -3.80 278 165
6.10 -3.80 281 164
6.20 -3.80 281 231
6.30 -3.80 284 233
6.40 -3.80 286 234
6.50 -3.80 288 234
6.60 -3.80 290 232
6.70 -3.80 0 0
6.80 -3.80 0 0
6.90 -3.80 0 0
7.00 -3.80 0 0
7.10 -3.80 0 0
7.20 -3.80 0 0
7.30 -3.80 0 0
7.40 -3.80 0 0
7.50 -3.80 0 0
7.60 -3.80 0 0
7.70 -3.80 0 0
7.80 -3.80 0 0
7.90 -3.80 0 0
8.00 -3.80 0 0
8.10 -3.80 0 0
8.20 -3.80 0 0
8.30 -3.80 0 0
8.40 -3.80 0 0
8.50 -3.80 0 0
8.60 -3.80 0 0
8.70 -3.80 0 0
8.80 -3.80 0 0
8.90 -3.80 0 0
9.00 -3.80 351 165
9.10 -3.80 353 165
-9.00 -3.70 0 0
-8.90 -3.70 0 0
-8.80 -3.70 0 0
-8.70 -3.70 0 0
-8.60 -3.70 0 0
-8.50 -3.70 0 0
-8.40 -3.70 0 0
-8.30 -3.70 0 0
-8.20 -3.70 0 0
-8.10 -3.70 0 0
-8.00 -3.70 0 0
-7.90 -3.70 0 0
-7.80 -3.70 0 0
-7.70 -3.70 0 0
-7.60 -3.70 0 0
-7.50 -3.70 0 0
-7.40 -3.70 0 0
-7.30 -3.70 0 0
-7.20 -3.70 0 0
-7.10 -3.70 0 0
-7.00 -3.70 0 0
-6.90 -3.70 0 0
-6.80 -3.70 0 0
-6.70 -3.70 0 0
-6.60 -3.70 0 0
-6.50 -3.70 0 0
-6.40 -3.70 0 0
-6.30 -3.70 0 0
-6.20 -3.70 0 0
-6.10 -3.70 0 0
-6.00 -3.70 0 0
-5.90 -3.70 0 0
-5.80 -3.70 0 0
-5.70 -3.70 0 0
-5.60 -3.70 0 0
-5.50 -3.70 0 0
-5.40 -3.70 0 0
-5.30 -3.70 0 0
-5.20 -3.70 0 0
-5.10 -3.70 0 0
-5.00 -3.70 4 303
-4.90 -3.70 4 302
-4.80 -3.70 7 301
-4.70 -3.70 11 299
-4.60 -3.70 13 298
-4.50 -3.70 16 298
-4.40 -3.70 19 296
-4.30 -3.70 0 0
-4.20 -3.70 17 328
-4.10 -3.70 19 327
-4.00 -3.70 20 327
-3.90 -3.70 20 326
-3.80 -3.70 23 325
-3.70 -3.70 25 325
-3.60 -3.70 27 324
-3.50 -3.70 30 324
-3.40 -3.70 33 322
-3.30 -3.70 35 320
-3.20 -3.70 37 319
-3.10 -3.70 39 318
-3.00 -3.70 42 316
-2.90 -3.70 44 315
-2.80 -3.70 47 314
-2.70 -3.70 49 312
-2.60 -3.70 53 311
-2.50 -3.70 54 310
-2.40 -3.70 59 309
-2.30 -3.70 61 307
-2.20 -3.70 64 305
-2.10 -3.70 87 253
-2.00 -3.70 64 303
-1.90 -3.70 67 302
-1.80 -3.70 69 300
-1.70 -3.70 70 299
-1.60 -3.70 72 297
-1.50 -3.70 74 297
-1.40 -3.70 75 295
-1.30 -3.70 76 294
-1.20 -3.70 78 292
-1.10 -3.70 77 290
-1.00 -3.70 113 244
-0.90 -3.70 115 244
-0.80 -3.70 118 243
-0.70 -3.70 120 242
-0.60 -3.70 122 241
-0.50 -3.70 125 240
-0.40 -3.70 127 240
-0.30 -3.70 130 239
-0.20 -3.70 132 237
-0.10 -3.70 135 237
-0.00 -3.70 137 235
0.10 -3.70 139 235
0.20 -3.70 142 234
0.30 -3.70 144 233
0.40 -3.70 147 232
0.50 -3.70 149 231
0.60 -3.70 152 230
0.70 -3.70 154 229
0.80 -3.70 156 228
0.90 -3.70 159 227
1.00 -3.70 161 226
1.10 -3.70 164 225
1.20 -3.70 167 224
1.30 -3.70 169 223
1.40 -3.70 171 222
1.50 -3.70 173 221
1.60 -3.70 176 220
1.70 -3.70 178 219
1.80 -3.70 181 218
1.90 -3.70 183 217
2.00 -3.70 186 216
2.10 -3.70 187 215
2.20 -3.70 190 214
2.30 -3.70 192 213
2.40 -3.70 195 212
2.50 -3.70 197 211
2.60 -3.70 200 209
2.70 -3.70 202 209
2.80 -3.70 205 208
2.90 -3.70 207 206
3.00 -3.70 210 205
3.10 -3.70 212 204
3.20 -3.70 214 203
3.30 -3.70 216 202
3.40 -3.70 219 201
3.50 -3.70 221 199
3.60 -3.70 224 197
3.70 -3.70 226 197
3.80 -3.70 228 195
3.90 -3.70 231 194
4.00 -3.70 233 193
4.10 -3.70 235 192
4.20 -3.70 238 190
4.30 -3.70 240 189
4.40 -3.70 243 188
4.50 -3.70 244 187
4.60 -3.70 247 185
4.70 -3.70 249 184
4.80 -3.70 251 183
4.90 -3.70 254 182
5.00 -3.70 257 180
5.10 -3.70 259 179
5.20 -3.70 262 178
5.30 -3.70 264 176
5.40 -3.70 266 175
5.50 -3.70 268 174
5.60 -3.70 271 172
5.70 -3.70 273 171
5.80 -3.70 275 169
5.90 -3.70 277 168
6.00 -3.70 280 167
6.10 -3.70 283 165
6.20 -3.70 284 164
6.30 -3.70 286 232
6.40 -3.70 287 233
6.50 -3.70 289 235
6.60 -3.70 290 233
6.70 -3.70 0 0
6.80 -3.70 0 0
6.90 -3.70 0 0
7.00 -3.70 0 0
7.10 -3.70 0 0
7.20 -3.70 0 0
7.30 -3.70 0 0
7.40 -3.70 0 0
7.50 -3.70 0 0
7.60 -3.70 0 0
7.70 -3.70 0 0
7.80 -3.70 0 0
7.90 -3.70 0 0
8.00 -3.70 0 0
8.10 -3.70 0 0
8.20 -3.70 0 0
8.30 -3.70 0 0
8.40 -3.70 0 0
8.50 -3.70 0 0
8.60 -3.70 0 0
8.70 -3.70 0 0
8.80 -3.70 0 0
8.90 -3.70 0 0
9.00 -3.70 353 166
9.10 -3.70 353 165
-9.00 -3.60 0 0
-8.90 -3.60 0 0
-8.80 -3.60 0 0
-8.70 -3.60 0 0
-8.60 -3.60 0 0
-8.50 -3.60 0 0
-8.40 -3.60 0 0
-8.30 -3.60 0 0
-8.20 -3.60 0 0
-8.10 -3.60 0 0
-8.00 -3.60 0 0
-7.90 -3.60 0 0
-7.80 -3.60 0 0
-7.70 -3.60 0 0
-7.60 -3.60 0 0
-7.50 -3.60 0 0
-7.40 -3.60 0 0
-7.30 -3.60 0 0
-7.20 -3.60 0 0
-7.10 -3.60 0 0
-7.00 -3.60 0 0
-6.90 -3.60 0 0
-6.80 -3.60 0 0
-6.70 -3.60 0 0
-6.60 -3.60 0 0
-6.50 -3.60 0 0
-6.40 -3.60 0 0
-6.30 -3.60 0 0
-6.20 -3.60 0 0
-6.10 -3.60 0 0
-6.00 -3.60 0 0
-5.90 -3.60 0 0
-5.80 -3.60 0 0
-5.70 -3.60 0 0
-5.60 -3.60 0 0
-5.50 -3.60 0 0
-5.40 -3.60 0 0
-5.30 -3.60 0 0
-5.20 -3.60 0 0
-5.10 -3.60 3 306
-5.00 -3.60 4 304
-4.90 -3.60 6 303
-4.80 -3.60 9 301
-4.70 -3.60 12 301
-4.60 -3.60 14 300
-4.50 -3.60 18 298
-4.40 -3.60 20 297
-4.30 -3.60 18 331
-4.20 -3.60 18 329
-4.10 -3.60 19 328
-4.00 -3.60 21 328
-3.90 -3.60 23 327
-3.80 -3.60 25 326
-3.70 -3.60 26 326
-3.60 -3.60 29 326
-3.50 -3.60 31 324
-3.40 -3.60 34 323
-3.30 -3.60 36 323
-3.20 -3.60 38 321
-3.10 -3.60 40 320
-3.00 -3.60 44 318
-2.90 -3.60 46 316
-2.80 -3.60 48 316
-2.70 -3.60 51 314
-2.60 -3.60 54 313
-2.50 -3.60 56 312
-2.40 -3.60 60 310
-2.30 -3.60 61 308
-2.20 -3.60 0 0
-2.10 -3.60 87 254
-2.00 -3.60 66 303
-1.90 -3.60 68 303
-1.80 -3.60 69 300
-1.70 -3.60 71 300
-1.60 -3.60 73 299
-1.50 -3.60 75 297
-1.40 -3.60 76 295
-1.30 -3.60 77 294
-1.20 -3.60 78 294
-1.10 -3.60 112 246
-1.00 -3.60 114 246
-0.90 -3.60 117 245
-0.80 -3.60 119 244
-0.70 -3.60 121 243
-0.60 -3.60 124 242
-0.50 -3.60 127 241
-0.40 -3.60 129 241
-0.30 -3.60 131 240
-0.20 -3.60 134 239
-0.10 -3.60 136 238
-0.00 -3.60 139 237
0.10 -3.60 141 236
0.20 -3.60 143 235
0.30 -3.60 146 234
0.40 -3.60 149 233
0.50 -3.60 151 233
0.60 -3.60 153 232
0.70 -3.60 156 231
0.80 -3.60 152 266
0.90 -3.60 161 229
1.00 -3.60 163 228
1.10 -3.60 165 227
1.20 -3.60 168 225
1.30 -3.60 170 225
1.40 -3.60 172 223
1.50 -3.60 175 223
1.60 -3.60 177 221
1.70 -3.60 180 220
1.80 -3.60 182 219
1.90 -3.60 184 219
2.00 -3.60 187 217
2.10 -3.60 189 216
2.20 -3.60 192 215
2.30 -3.60 194 214
2.40 -3.60 197 213
2.50 -3.60 199 212
2.60 -3.60 201 211
2.70 -3.60 203 209
2.80 -3.60 206 208
2.90 -3.60 208 208
3.00 -3.60 211 206
3.10 -3.60 213 206
3.20 -3.60 216 204
3.30 -3.60 218 203
3.40 -3.60 220 201
3.50 -3.60 222 201
3.60 -3.60 225 199
3.70 -3.60 227 197
3.80 -3.60 229 196
3.90 -3.60 232 196
4.00 -3.60 234 194
4.10 -3.60 237 193
4.20 -3.60 239 192
4.30 -3.60 242 190
4.40 -3.60 244 189
4.50 -3.60 246 188
4.60 -3.60 249 186
4.70 -3.60 251 186
4.80 -3.60 254 184
4.90 -3.60 256 183
5.00 -3.60 258 182
5.10 -3.60 260 180
5.20 -3.60 262 179
5.30 -3.60 265 178
5.40 -3.60 267 177
5.50 -3.60 270 175
5.60 -3.60 272 174
5.70 -3.60 275 171
5.80 -3.60 276 171
5.90 -3.60 279 169
6.00 -3.60 281 168
6.10 -3.60 284 166
6.20 -3.60 286 165
6.30 -3.60 288 164
6.40 -3.60 289 232
6.50 -3.60 291 234
6.60 -3.60 292 234
6.70 -3.60 294 232
6.80 -3.60 0 0
6.90 -3.60 0 0
7.00 -3.60 0 0
7.10 -3.60 0 0
7.20 -3.60 0 0
7.30 -3.60 0 0
7.40 -3.60 0 0
7.50 -3.60 0 0
7.60 -3.60 0 0
7.70 -3.60 0 0
7.80 -3.60 0 0
7.90 -3.60 0 0
8.00 -3.60 0 0
8.10 -3.60 0 0
8.20 -3.60 0 0
8.30 -3.60 0 0
8.40 -3.60 0 0
8.50 -3.60 0 0
8.60 -3.60 0 0
8.70 -3.60 0 0
8.80 -3.60 0 0
8.90 -3.60 0 0
9.00 -3.60 357 167
9.10 -3.60 356 167
-9.00 -3.50 0 0
-8.90 -3.50 0 0
-8.80 -3.50 0 0
-8.70 -3.50 0 0
-8.60 -3.50 0 0
-8.50 -3.50 0 0
-8.40 -3.50 0 0
-8.30 -3.50 0 0
-8.20 -3.50 0 0
-8.10 -3.50 0 0
-8.00 -3.50 0 0
-7.90 -3.50 0 0
-7.80 -3.50 0 0
-7.70 -3.50 0 0
-7.60 -3.50 0 0
-7.50 -3.50 0 0
-7.40 -3.50 0 0
-7.30 -3.50 0 0
-7.20 -3.50 0 0
-7.10 -3.50 0 0
-7.00 -3.50 0 0
-6.90 -3.50 0 0
-6.80 -3.50 0 0
-6.70 -3.50 0 0
-6.60 -3.50 0 0
-6.50 -3.50 0 0
-6.40 -3.50 0 0
-6.30 -3.50 0 0
-6.20 -3.50 0 0
-6.10 -3.50 0 0
-6.00 -3.50 0 0
-5.90 -3.50 0 0
-5.80 -3.50 0 0
-5.70 -3.50 0 0
-5.60 -3.50 0 0
-5.50 -3.50 0 0
-5.40 -3.50 0 0
-5.30 -3.50 0 0
-5.20 -3.50 0 0
-5.10 -3.50 3 307
-5.00 -3.50 5 305
-4.90 -3.50 8 304
-4.80 -3.50 11 303
-4.70 -3.50 13 301
-4.60 -3.50 17 301
-4.50 -3.50 19 299
-4.40 -3.50 22 298
-4.30 -3.50 20 333
-4.20 -3.50 20 330
-4.10 -3.50 21 330
-4.00 -3.50 22 330
-3.90 -3.50 25 330
-3.80 -3.50 26 328
-3.70 -3.50 29 328
-3.60 -3.50 30 327
-3.50 -3.50 33 326
-3.40 -3.50 35 325
-3.30 -3.50 38 323
-3.20 -3.50 39 322
-3.10 -3.50 42 320
-3.00 -3.50 45 319
-2.90 -3.50 47 318
-2.80 -3.50 50 317
-2.70 -3.50 52 316
-2.60 -3.50 56 314
-2.50 -3.50 58 313
-2.40 -3.50 61 311
-2.30 -3.50 66 311
-2.20 -3.50 87 256
-2.10 -3.50 64 306
-2.00 -3.50 67 304
-1.90 -3.50 69 304
-1.80 -3.50 71 303
-1.70 -3.50 73 302
-1.60 -3.50 74 300
-1.50 -3.50 75 299
-1.40 -3.50 76 299
-1.30 -3.50 78 296
-1.20 -3.50 78 295
-1.10 -3.50 113 248
-1.00 -3.50 116 247
-0.90 -3.50 118 247
-0.80 -3.50 120 245
-0.70 -3.50 123 245
-0.60 -3.50 125 243
-0.50 -3.50 127 243
-0.40 -3.50 130 242
-0.30 -3.50 133 241
-0.20 -3.50 135 241
-0.10 -3.50 138 239
-0.00 -3.50 140 239
0.10 -3.50 143 238
0.20 -3.50 145 236
0.30 -3.50 148 236
0.40 -3.50 150 235
0.50 -3.50 152 234
0.60 -3.50 154 233
0.70 -3.50 157 232
0.80 -3.50 160 231
0.90 -3.50 162 230
1.00 -3.50 164 229
1.10 -3.50 167 228
1.20 -3.50 170 227
1.30 -3.50 172 226
1.40 -3.50 174 226
1.50 -3.50 177 224
1.60 -3.50 178 223
1.70 -3.50 181 222
1.80 -3.50 183 221
1.90 -3.50 186 220
2.00 -3.50 189 218
2.10 -3.50 191 218
2.20 -3.50 194 216
2.30 -3.50 196 216
2.40 -3.50 198 215
2.50 -3.50 200 214
2.60 -3.50 203 212
2.70 -3.50 206 211
2.80 -3.50 208 210
2.90 -3.50 210 209
3.00 -3.50 212 208
3.10 -3.50 214 206
3.20 -3.50 217 206
3.30 -3.50 219 204
3.40 -3.50 222 203
3.50 -3.50 224 202
3.60 -3.50 226 200
3.70 -3.50 228 199
3.80 -3.50 232 197
3.90 -3.50 233 197
4.00 -3.50 236 195
4.10 -3.50 238 195
4.20 -3.50 241 193
4.30 -3.50 243 192
4.40 -3.50 245 191
4.50 -3.50 248 189
4.60 -3.50 250 189
4.70 -3.50 253 186
4.80 -3.50 255 185
4.90 -3.50 257 184
5.00 -3.50 259 183
5.10 -3.50 262 182
5.20 -3.50 264 180
5.30 -3.50 266 179
5.40 -3.50 269 178
5.50 -3.50 271 176
5.60 -3.50 273 175
5.70 -3.50 275 174
5.80 -3.50 278 172
5.90 -3.50 280 170
6.00 -3.50 283 169
6.10 -3.50 285 168
6.20 -3.50 287 167
6.30 -3.50 290 165
6.40 -3.50 292 164
6.50 -3.50 292 232
6.60 -3.50 294 233
6.70 -3.50 295 234
6.80 -3.50 298 229
6.90 -3.50 0 0
7.00 -3.50 0 0
7.10 -3.50 0 0
7.20 -3.50 0 0
7.30 -3.50 0 0
7.40 -3.50 0 0
7.50 -3.50 0 0
7.60 -3.50 0 0
7.70 -3.50 0 0
7.80 -3.50 0 0
7.90 -3.50 0 0
8.00 -3.50 0 0
8.10 -3.50 0 0
8.20 -3.50 0 0
8.30 -3.50 0 0
8.40 -3.50 0 0
8.50 -3.50 0 0
8.60 -3.50 0 0
8.70 -3.50 0 0
8.80 -3.50 0 0
8.90 -3.50 0 0
9.00 -3.50 362 168
9.10 -3.50 360 168
-9.00 -3.40 0 0
-8.90 -3.40 0 0
-8.80 -3.40 0 0
-8.70 -3.40 0 0
-8.60 -3.40 0 0
-8.50 -3.40 0 0
-8.40 -3.40 0 0
-8.30 -3.40 0 0
-8.20 -3.40 0 0
-8.10 -3.40 0 0
-8.00 -3.40 0 0
-7.90 -3.40 0 0
-7.80 -3.40 0 0
-7.70 -3.40 0 0
-7.60 -3.40 0 0
-7.50 -3.40 0 0
-7.40 -3.40 0 0
-7.30 -3.40 0 0
-7.20 -3.40 0 0
-7.10 -3.40 0 0
-7.00 -3.40 0 0
-6.90 -3.40 0 0
-6.80 -3.40 0 0
-6.70 -3.40 0 0
-6.60 -3.40 0 0
-6.50 -3.40 0 0
-6.40 -3.40 0 0
-6.30 -3.40 0 0
-6.20 -3.40 0 0
-6.10 -3.40 0 0
-6.00 -3.40 0 0
-5.90 -3.40 0 0
-5.80 -3.40 0 0
-5.70 -3.40 0 0
-5.60 -3.40 0 0
-5.50 -3.40 0 0
-5.40 -3.40 0 0
-5.30 -3.40 0 0
-5.20 -3.40 0 0
-5.10 -3.40 4 307
-5.00 -3.40 6 306
-4.90 -3.40 10 306
-4.80 -3.40 12 304
-4.70 -3.40 14 303
-4.60 -3.40 0 0
-4.50 -3.40 0 0
-4.40 -3.40 0 0
-4.30 -3.40 0 0
-4.20 -3.40 21 332
-4.10 -3.40 22 332
-4.00 -3.40 24 331
-3.90 -3.40 26 330
-3.80 -3.40 28 330
-3.70 -3.40 30 329
-3.60 -3.40 32 328
-3.50 -3.40 34 328
-3.40 -3.40 37 326
-3.30 -3.40 39 325
-3.20 -3.40 41 324
-3.10 -3.40 44 321
-3.00 -3.40 46 321
-2.90 -3.40 48 319
-2.80 -3.40 51 318
-2.70 -3.40 53 317
-2.60 -3.40 57 315
-2.50 -3.40 58 314
-2.40 -3.40 62 312
-2.30 -3.40 86 259
-2.20 -3.40 87 258
-2.10 -3.40 65 308
-2.00 -3.40 68 307
-1.90 -3.40 70 306
-1.80 -3.40 71 304
-1.70 -3.40 74 303
-1.60 -3.40 76 302
-1.50 -3.40 76 301
-1.40 -3.40 78 299
-1.30 -3.40 78 298
-1.20 -3.40 79 296
-1.10 -3.40 115 249
-1.00 -3.40 117 249
-0.90 -3.40 119 248
-0.80 -3.40 122 247
-0.70 -3.40 124 246
-0.60 -3.40 127 245
-0.50 -3.40 129 245
-0.40 -3.40 132 244
-0.30 -3.40 133 243
-0.20 -3.40 137 242
-0.10 -3.40 139 241
-0.00 -3.40 141 240
0.10 -3.40 144 239
0.20 -3.40 146 238
0.30 -3.40 149 237
0.40 -3.40 151 236
0.50 -3.40 154 235
0.60 -3.40 156 234
0.70 -3.40 159 233
0.80 -3.40 161 232
0.90 -3.40 163 232
1.00 -3.40 166 230
1.10 -3.40 168 230
1.20 -3.40 170 228
1.30 -3.40 173 227
1.40 -3.40 175 226
1.50 -3.40 178 226
1.60 -3.40 180 225
1.70 -3.40 183 223
1.80 -3.40 185 222
1.90 -3.40 188 221
2.00 -3.40 190 220
2.10 -3.40 192 219
2.20 -3.40 194 218
2.30 -3.40 197 217
2.40 -3.40 199 216
2.50 -3.40 202 214
2.60 -3.40 204 213
2.70 -3.40 206 212
2.80 -3.40 209 211
2.90 -3.40 211 210
3.00 -3.40 213 209
3.10 -3.40 216 208
3.20 -3.40 218 206
3.30 -3.40 221 205
3.40 -3.40 224 204
3.50 -3.40 226 203
3.60 -3.40 228 202
3.70 -3.40 230 200
3.80 -3.40 233 199
3.90 -3.40 236 198
4.00 -3.40 237 197
4.10 -3.40 240 196
4.20 -3.40 242 195
4.30 -3.40 245 193
4.40 -3.40 247 192
4.50 -3.40 250 191
4.60 -3.40 252 189
4.70 -3.40 254 188
4.80 -3.40 256 187
4.90 -3.40 259 185
5.00 -3.40 261 183
5.10 -3.40 263 183
5.20 -3.40 266 182
5.30 -3.40 268 180
5.40 -3.40 270 178
5.50 -3.40 272 177
5.60 -3.40 275 176
5.70 -3.40 277 175
5.80 -3.40 279 174
5.90 -3.40 282 171
6.00 -3.40 284 171
6.10 -3.40 286 169
6.20 -3.40 290 167
6.30 -3.40 291 166
6.40 -3.40 294 165
6.50 -3.40 296 164
6.60 -3.40 295 233
6.70 -3.40 298 233
6.80 -3.40 299 233
6.90 -3.40 0 0
7.00 -3.40 0 0
7.10 -3.40 0 0
7.20 -3.40 0 0
7.30 -3.40 0 0
7.40 -3.40 0 0
7.50 -3.40 0 0
7.60 -3.40 0 0
7.70 -3.40 0 0
7.80 -3.40 0 0
7.90 -3.40 0 0
8.00 -3.40 0 0
8.10 -3.40 0 0
8.20 -3.40 0 0
8.30 -3.40 0 0
8.40 -3.40 0 0
8.50 -3.40 0 0
8.60 -3.40 0 0
8.70 -3.40 0 0
8.80 -3.40 0 0
8.90 -3.40 0 0
9.00 -3.40 0 0
9.10 -3.40 363 169
-9.00 -3.30 0 0
-8.90 -3.30 0 0
-8.80 -3.30 0 0
-8.70 -3.30 0 0
-8.60 -3.30 0 0
-8.50 -3.30 0 0
-8.40 -3.30 0 0
-8.30 -3.30 0 0
-8.20 -3.30 0 0
-8.10 -3.30 0 0
-8.00 -3.30 0 0
-7.90 -3.30 0 0
-7.80 -3.30 0 0
-7.70 -3.30 0 0
-7.60 -3.30 0 0
-7.50 -3.30 0 0
-7.40 -3.30 0 0
-7.30 -3.30 0 0
-7.20 -3.30 0 0
-7.10 -3.30 0 0
-7.00 -3.30 0 0
-6.90 -3.30 0 0
-6.80 -3.30 0 0
-6.70 -3.30 0 0
-6.60 -3.30 0 0
-6.50 -3.30 0 0
-6.40 -3.30 0 0
-6.30 -3.30 0 0
-6.20 -3.30 0 0
-6.10 -3.30 0 0
-6.00 -3.30 0 0
-5.90 -3.30 0 0
-5.80 -3.30 0 0
-5.70 -3.30 0 0
-5.60 -3.30 0 0
-5.50 -3.30 0 0
-5.40 -3.30 0 0
-5.30 -3.30 0 0
-5.20 -3.30 3 310
-5.10 -3.30 5 309
-5.00 -3.30 9 308
-4.90 -3.30 11 306
-4.80 -3.30 13 305
-4.70 -3.30 16 304
-4.60 -3.30 0 0
-4.50 -3.30 0 0
-4.40 -3.30 0 0
-4.30 -3.30 21 333
-4.20 -3.30 22 333
-4.10 -3.30 24 334
-4.00 -3.30 26 332
-3.90 -3.30 28 332
-3.80 -3.30 29 331
-3.70 -3.30 32 331
-3.60 -3.30 34 330
-3.50 -3.30 35 328
-3.40 -3.30 38 328
-3.30 -3.30 41 326
-3.20 -3.30 43 324
-3.10 -3.30 45 323
-3.00 -3.30 47 322
-2.90 -3.30 50 321
-2.80 -3.30 53 320
-2.70 -3.30 56 319
-2.60 -3.30 58 317
-2.50 -3.30 60 315
-2.40 -3.30 0 0
-2.30 -3.30 87 260
-2.20 -3.30 65 312
-2.10 -3.30 66 311
-2.00 -3.30 69 308
-1.90 -3.30 72 307
-1.80 -3.30 74 306
-1.70 -3.30 76 304
-1.60 -3.30 76 303
-1.50 -3.30 78 301
-1.40 -3.30 78 300
-1.30 -3.30 79 299
-1.20 -3.30 114 252
-1.10 -3.30 116 251
-1.00 -3.30 118 250
-0.90 -3.30 121 249
-0.80 -3.30 123 248
-0.70 -3.30 126 248
-0.60 -3.30 128 247
-0.50 -3.30 131 246
-0.40 -3.30 133 245
-0.30 -3.30 136 244
-0.20 -3.30 138 243
-0.10 -3.30 141 242
-0.00 -3.30 143 241
0.10 -3.30 145 240
0.20 -3.30 148 240
0.30 -3.30 150 238
0.40 -3.30 153 237
0.50 -3.30 156 236
0.60 -3.30 158 236
0.70 -3.30 160 234
0.80 -3.30 162 234
0.90 -3.30 165 233
1.00 -3.30 159 268
1.10 -3.30 169 231
1.20 -3.30 172 229
1.30 -3.30 174 229
1.40 -3.30 177 228
1.50 -3.30 179 227
1.60 -3.30 182 226
1.70 -3.30 184 225
1.80 -3.30 186 224
1.90 -3.30 189 222
2.00 -3.30 191 221
2.10 -3.30 193 220
2.20 -3.30 196 220
2.30 -3.30 198 218
2.40 -3.30 200 217
2.50 -3.30 203 216
2.60 -3.30 206 215
2.70 -3.30 208 214
2.80 -3.30 211 212
2.90 -3.30 212 211
3.00 -3.30 215 210
3.10 -3.30 0 0
3.20 -3.30 219 208
3.30 -3.30 0 0
3.40 -3.30 225 206
3.50 -3.30 227 204
3.60 -3.30 229 203
3.70 -3.30 232 202
3.80 -3.30 234 201
3.90 -3.30 236 200
4.00 -3.30 239 198
4.10 -3.30 241 197
4.20 -3.30 244 196
4.30 -3.30 246 195
4.40 -3.30 249 193
4.50 -3.30 250 192
4.60 -3.30 253 190
4.70 -3.30 255 190
4.80 -3.30 257 188
4.90 -3.30 0 0
5.00 -3.30 263 185
5.10 -3.30 265 184
5.20 -3.30 267 183
5.30 -3.30 269 182
5.40 -3.30 271 180
5.50 -3.30 274 179
5.60 -3.30 276 178
5.70 -3.30 278 176
5.80 -3.30 281 175
5.90 -3.30 282 173
6.00 -3.30 286 172
6.10 -3.30 288 171
6.20 -3.30 290 169
6.30 -3.30 293 168
6.40 -3.30 295 166
6.50 -3.30 298 165
6.60 -3.30 299 232
6.70 -3.30 299 233
6.80 -3.30 301 235
6.90 -3.30 303 233
7.00 -3.30 0 0
7.10 -3.30 0 0
7.20 -3.30 0 0
7.30 -3.30 0 0
7.40 -3.30 0 0
7.50 -3.30 0 0
7.60 -3.30 0 0
7.70 -3.30 0 0
7.80 -3.30 0 0
7.90 -3.30 0 0
8.00 -3.30 0 0
8.10 -3.30 0 0
8.20 -3.30 0 0
8.30 -3.30 0 0
8.40 -3.30 0 0
8.50 -3.30 0 0
8.60 -3.30 0 0
8.70 -3.30 0 0
8.80 -3.30 0 0
8.90 -3.30 0 0
9.00 -3.30 0 0
9.10 -3.30 365 170
-9.00 -3.20 0 0
-8.90 -3.20 0 0
-8.80 -3.20 0 0
-8.70 -3.20 0 0
-8.60 -3.20 0 0
-8.50 -3.20 0 0
-8.40 -3.20 0 0
-8.30 -3.20 0 0
-8.20 -3.20 0 0
-8.10 -3.20 0 0
-8.00 -3.20 0 0
-7.90 -3.20 0 0
-7.80 -3.20 0 0
-7.70 -3.20 0 0
-7.60 -3.20 0 0
-7.50 -3.20 0 0
-7.40 -3.20 0 0
-7.30 -3.20 0 0
-7.20 -3.20 0 0
-7.10 -3.20 0 0
-7.00 -3.20 0 0
-6.90 -3.20 0 0
-6.80 -3.20 0 0
-6.70 -3.20 0 0
-6.60 -3.20 0 0
-6.50 -3.20 0 0
-6.40 -3.20 0 0
-6.30 -3.20 0 0
-6.20 -3.20 0 0
-6.10 -3.20 0 0
-6.00 -3.20 0 0
-5.90 -3.20 0 0
-5.80 -3.20 0 0
-5.70 -3.20 0 0
-5.60 -3.20 0 0
-5.50 -3.20 0 0
-5.40 -3.20 0 0
-5.30 -3.20 0 0
-5.20 -3.20 5 312
-5.10 -3.20 7 310
-5.00 -3.20 10 309
-4.90 -3.20 12 308
-4.80 -3.20 15 307
-4.70 -3.20 0 0
-4.60 -3.20 0 0
-4.50 -3.20 0 0
-4.40 -3.20 0 0
-4.30 -3.20 23 335
-4.20 -3.20 22 334
-4.10 -3.20 25 334
-4.00 -3.20 27 334
-3.90 -3.20 29 332
-3.80 -3.20 31 333
-3.70 -3.20 32 332
-3.60 -3.20 35 331
-3.50 -3.20 38 330
-3.40 -3.20 40 328
-3.30 -3.20 42 328
-3.20 -3.20 45 325
-3.10 -3.20 47 324
-3.00 -3.20 49 323
-2.90 -3.20 52 322
-2.80 -3.20 55 320
-2.70 -3.20 57 320
-2.60 -3.20 60 318
-2.50 -3.20 0 0
-2.40 -3.20 86 263
-2.30 -3.20 88 261
-2.20 -3.20 64 312
-2.10 -3.20 67 312
-2.00 -3.20 71 309
-1.90 -3.20 71 308
-1.80 -3.20 77 307
-1.70 -3.20 77 306
-1.60 -3.20 78 304
-1.50 -3.20 78 303
-1.40 -3.20 80 302
-1.30 -3.20 80 300
-1.20 -3.20 115 253
-1.10 -3.20 117 252
-1.00 -3.20 120 251
-0.90 -3.20 122 251
-0.80 -3.20 124 250
-0.70 -3.20 127 248
-0.60 -3.20 130 248
-0.50 -3.20 132 247
-0.40 -3.20 135 246
-0.30 -3.20 138 246
-0.20 -3.20 139 244
-0.10 -3.20 143 244
-0.00 -3.20 144 243
0.10 -3.20 147 242
0.20 -3.20 149 241
0.30 -3.20 150 240
0.40 -3.20 154 239
0.50 -3.20 157 239
0.60 -3.20 159 237
0.70 -3.20 161 236
0.80 -3.20 164 235
0.90 -3.20 166 233
1.00 -3.20 169 233
1.10 -3.20 171 232
1.20 -3.20 173 231
1.30 -3.20 176 230
1.40 -3.20 179 229
1.50 -3.20 181 227
1.60 -3.20 183 227
1.70 -3.20 186 226
1.80 -3.20 188 225
1.90 -3.20 190 224
2.00 -3.20 193 222
2.10 -3.20 195 222
2.20 -3.20 198 221
2.30 -3.20 200 219
2.40 -3.20 202 219
2.50 -3.20 205 218
2.60 -3.20 207 216
2.70 -3.20 209 215
2.80 -3.20 212 214
2.90 -3.20 215 213
3.00 -3.20 218 211
3.10 -3.20 219 210
3.20 -3.20 0 0
3.30 -3.20 224 208
3.40 -3.20 226 207
3.50 -3.20 229 206
3.60 -3.20 0 0
3.70 -3.20 234 203
3.80 -3.20 236 202
3.90 -3.20 238 201
4.00 -3.20 240 199
4.10 -3.20 243 199
4.20 -3.20 245 197
4.30 -3.20 247 196
4.40 -3.20 250 195
4.50 -3.20 252 194
4.60 -3.20 255 192
4.70 -3.20 257 191
4.80 -3.20 259 190
4.90 -3.20 262 188
5.00 -3.20 264 187
5.10 -3.20 266 186
5.20 -3.20 268 185
5.30 -3.20 271 183
5.40 -3.20 273 182
5.50 -3.20 275 180
5.60 -3.20 278 179
5.70 -3.20 280 178
5.80 -3.20 282 176
5.90 -3.20 285 175
6.00 -3.20 287 173
6.10 -3.20 290 171
6.20 -3.20 292 171
6.30 -3.20 294 169
6.40 -3.20 296 167
6.50 -3.20 299 166
6.60 -3.20 301 165
6.70 -3.20 300 231
6.80 -3.20 302 234
6.90 -3.20 304 233
7.00 -3.20 0 0
7.10 -3.20 0 0
7.20 -3.20 0 0
7.30 -3.20 0 0
7.40 -3.20 0 0
7.50 -3.20 0 0
7.60 -3.20 0 0
7.70 -3.20 0 0
7.80 -3.20 0 0
7.90 -3.20 0 0
8.00 -3.20 0 0
8.10 -3.20 0 0
8.20 -3.20 0 0
8.30 -3.20 0 0
8.40 -3.20 0 0
8.50 -3.20 0 0
8.60 -3.20 0 0
8.70 -3.20 0 0
8.80 -3.20 0 0
8.90 -3.20 0 0
9.00 -3.20 0 0
9.10 -3.20 0 0
-9.00 -3.10 0 0
-8.90 -3.10 0 0
-8.80 -3.10 0 0
-8.70 -3.10 0 0
-8.60 -3.10 0 0
-8.50 -3.10 0 0
-8.40 -3.10 0 0
-8.30 -3.10 0 0
-8.20 -3.10 0 0
-8.10 -3.10 0 0
-8.00 -3.10 0 0
-7.90 -3.10 0 0
-7.80 -3.10 0 0
-7.70 -3.10 0 0
-7.60 -3.10 0 0
-7.50 -3.10 0 0
-7.40 -3.10 0 0
-7.30 -3.10 0 0
-7.20 -3.10 0 0
-7.10 -3.10 0 0
-7.00 -3.10 0 0
-6.90 -3.10 0 0
-6.80 -3.10 0 0
-6.70 -3.10 0 0
-6.60 -3.10 0 0
-6.50 -3.10 0 0
-6.40 -3.10 0 0
-6.30 -3.10 0 0
-6.20 -3.10 0 0
-6.10 -3.10 0 0
-6.00 -3.10 0 0
-5.90 -3.10 0 0
-5.80 -3.10 0 0
-5.70 -3.10 0 0
-5.60 -3.10 0 0
-5.50 -3.10 0 0
-5.40 -3.10 0 0
-5.30 -3.10 0 0
-5.20 -3.10 7 313
-5.10 -3.10 9 312
-5.00 -3.10 11 309
-4.90 -3.10 14 309
-4.80 -3.10 16 307
-4.70 -3.10 0 0
-4.60 -3.10 0 0
-4.50 -3.10 0 0
-4.40 -3.10 0 0
-4.30 -3.10 26 339
-4.20 -3.10 25 336
-4.10 -3.10 27 337
-4.00 -3.10 29 335
-3.90 -3.10 31 334
-3.80 -3.10 33 334
-3.70 -3.10 35 333
-3.60 -3.10 36 332
-3.50 -3.10 39 331
-3.40 -3.10 41 330
-3.30 -3.10 43 329
-3.20 -3.10 46 327
-3.10 -3.10 49 325
-3.00 -3.10 51 324
-2.90 -3.10 54 323
-2.80 -3.10 56 322
-2.70 -3.10 58 321
-2.60 -3.10 62 317
-2.50 -3.10 85 265
-2.40 -3.10 87 264
-2.30 -3.10 62 313
-2.20 -3.10 66 314
-2.10 -3.10 68 313
-2.00 -3.10 71 311
-1.90 -3.10 74 310
-1.80 -3.10 78 310
-1.70 -3.10 77 307
-1.60 -3.10 80 305
-1.50 -3.10 80 304
-1.40 -3.10 112 256
-1.30 -3.10 114 255
-1.20 -3.10 117 255
-1.10 -3.10 119 253
-1.00 -3.10 122 253
-0.90 -3.10 124 252
-0.80 -3.10 126 251
-0.70 -3.10 128 250
-0.60 -3.10 131 250
-0.50 -3.10 133 249
-0.40 -3.10 136 248
-0.30 -3.10 139 247
-0.20 -3.10 141 246
-0.10 -3.10 143 245
-0.00 -3.10 146 244
0.10 -3.10 148 243
0.20 -3.10 151 242
0.30 -3.10 153 241
0.40 -3.10 156 241
0.50 -3.10 158 240
0.60 -3.10 157 275
0.70 -3.10 163 237
0.80 -3.10 166 236
0.90 -3.10 167 236
1.00 -3.10 170 235
1.10 -3.10 172 233
1.20 -3.10 175 233
1.30 -3.10 177 232
1.40 -3.10 179 230
1.50 -3.10 182 230
1.60 -3.10 185 228
1.70 -3.10 187 228
1.80 -3.10 189 226
1.90 -3.10 191 226
2.00 -3.10 194 224
2.10 -3.10 197 223
2.20 -3.10 199 222
2.30 -3.10 202 221
2.40 -3.10 204 220
2.50 -3.10 207 219
2.60 -3.10 208 217
2.70 -3.10 211 216
2.80 -3.10 213 216
2.90 -3.10 216 214
3.00 -3.10 219 213
3.10 -3.10 221 211
3.20 -3.10 223 210
3.30 -3.10 225 209
3.40 -3.10 228 208
3.50 -3.10 230 207
3.60 -3.10 232 205
3.70 -3.10 235 204
3.80 -3.10 237 203
3.90 -3.10 240 202
4.00 -3.10 242 200
4.10 -3.10 244 200
4.20 -3.10 246 199
4.30 -3.10 248 197
4.40 -3.10 250 196
4.50 -3.10 254 195
4.60 -3.10 256 194
4.70 -3.10 258 192
4.80 -3.10 260 191
4.90 -3.10 263 189
5.00 -3.10 265 188
5.10 -3.10 267 187
5.20 -3.10 270 186
5.30 -3.10 272 185
5.40 -3.10 274 183
5.50 -3.10 277 181
5.60 -3.10 279 180
5.70 -3.10 282 178
5.80 -3.10 283 177
5.90 -3.10 286 176
6.00 -3.10 288 175
6.10 -3.10 291 173
6.20 -3.10 294 172
6.30 -3.10 296 170
6.40 -3.10 298 169
6.50 -3.10 300 167
6.60 -3.10 303 166
6.70 -3.10 305 165
6.80 -3.10 304 233
6.90 -3.10 305 233
7.00 -3.10 306 235
7.10 -3.10 0 0
7.20 -3.10 0 0
7.30 -3.10 0 0
7.40 -3.10 0 0
7.50 -3.10 0 0
7.60 -3.10 0 0
7.70 -3.10 0 0
7.80 -3.10 0 0
7.90 -3.10 0 0
8.00 -3.10 0 0
8.10 -3.10 0 0
8.20 -3.10 0 0
8.30 -3.10 0 0
8.40 -3.10 0 0
8.50 -3.10 0 0
8.60 -3.10 0 0
8.70 -3.10 0 0
8.80 -3.10 0 0
8.90 -3.10 0 0
9.00 -3.10 0 0
9.10 -3.10 0 0
-9.00 -3.00 0 0
-8.90 -3.00 0 0
-8.80 -3.00 0 0
-8.70 -3.00 0 0
-8.60 -3.00 0 0
-8.50 -3.00 0 0
-8.40 -3.00 0 0
-8.30 -3.00 0 0
-8.20 -3.00 0 0
-8.10 -3.00 0 0
-8.00 -3.00 0 0
-7.90 -3.00 0 0
-7.80 -3.00 0 0
-7.70 -3.00 0 0
-7.60 -3.00 0 0
-7.50 -3.00 0 0
-7.40 -3.00 0 0
-7.30 -3.00 0 0
-7.20 -3.00 0 0
-7.10 -3.00 0 0
-7.00 -3.00 0 0
-6.90 -3.00 0 0
-6.80 -3.00 0 0
-6.70 -3.00 0 0
-6.60 -3.00 0 0
-6.50 -3.00 0 0
-6.40 -3.00 0 0
-6.30 -3.00 0 0
-6.20 -3.00 0 0
-6.10 -3.00 0 0
-6.00 -3.00 0 0
-5.90 -3.00 0 0
-5.80 -3.00 0 0
-5.70 -3.00 0 0
-5.60 -3.00 0 0
-5.50 -3.00 0 0
-5.40 -3.00 0 0
-5.30 -3.00 6 315
-5.20 -3.00 7 314
-5.10 -3.00 10 313
-5.00 -3.00 12 311
-4.90 -3.00 3 339
-4.80 -3.00 3 338
-4.70 -3.00 2 337
-4.60 -3.00 0 0
-4.50 -3.00 0 0
-4.40 -3.00 0 0
-4.30 -3.00 25 337
-4.20 -3.00 26 337
-4.10 -3.00 28 337
-4.00 -3.00 29 336
-3.90 -3.00 32 335
-3.80 -3.00 34 336
-3.70 -3.00 36 334
-3.60 -3.00 37 333
-3.50 -3.00 41 332
-3.40 -3.00 42 331
-3.30 -3.00 45 330
-3.20 -3.00 47 328
-3.10 -3.00 50 327
-3.00 -3.00 52 326
-2.90 -3.00 55 325
-2.80 -3.00 57 324
-2.70 -3.00 59 322
-2.60 -3.00 0 0
-2.50 -3.00 87 266
-2.40 -3.00 88 266
-2.30 -3.00 65 317
-2.20 -3.00 68 315
-2.10 -3.00 70 314
-2.00 -3.00 74 311
-1.90 -3.00 78 311
-1.80 -3.00 79 310
-1.70 -3.00 79 308
-1.60 -3.00 80 308
-1.50 -3.00 81 305
-1.40 -3.00 82 306
-1.30 -3.00 116 257
-1.20 -3.00 118 256
-1.10 -3.00 120 255
-1.00 -3.00 123 254
-0.90 -3.00 125 253
-0.80 -3.00 127 252
-0.70 -3.00 130 252
-0.60 -3.00 133 250
-0.50 -3.00 135 250
-0.40 -3.00 137 249
-0.30 -3.00 140 248
-0.20 -3.00 142 248
-0.10 -3.00 145 246
-0.00 -3.00 147 246
0.10 -3.00 150 244
0.20 -3.00 152 244
0.30 -3.00 155 243
0.40 -3.00 158 242
0.50 -3.00 159 241
0.60 -3.00 162 240
0.70 -3.00 158 275
0.80 -3.00 167 237
0.90 -3.00 169 237
1.00 -3.00 171 236
1.10 -3.00 174 235
1.20 -3.00 177 234
1.30 -3.00 179 233
1.40 -3.00 182 232
1.50 -3.00 184 230
1.60 -3.00 186 230
1.70 -3.00 189 229
1.80 -3.00 191 228
1.90 -3.00 193 227
2.00 -3.00 196 226
2.10 -3.00 198 224
2.20 -3.00 200 223
2.30 -3.00 203 223
2.40 -3.00 206 221
2.50 -3.00 207 220
2.60 -3.00 210 219
2.70 -3.00 212 218
2.80 -3.00 214 216
2.90 -3.00 218 216
3.00 -3.00 220 214
3.10 -3.00 222 213
3.20 -3.00 224 212
3.30 -3.00 0 0
3.40 -3.00 229 210
3.50 -3.00 0 0
3.60 -3.00 234 207
3.70 -3.00 236 205
3.80 -3.00 238 205
3.90 -3.00 241 203
4.00 -3.00 244 202
4.10 -3.00 246 201
4.20 -3.00 248 199
4.30 -3.00 250 199
4.40 -3.00 253 197
4.50 -3.00 255 196
4.60 -3.00 258 195
4.70 -3.00 260 193
4.80 -3.00 262 192
4.90 -3.00 264 191
5.00 -3.00 267 190
5.10 -3.00 269 188
5.20 -3.00 271 187
5.30 -3.00 274 186
5.40 -3.00 276 185
5.50 -3.00 279 183
5.60 -3.00 281 182
5.70 -3.00 283 181
5.80 -3.00 285 180
5.90 -3.00 288 177
6.00 -3.00 290 176
6.10 -3.00 0 0
6.20 -3.00 295 173
6.30 -3.00 297 172
6.40 -3.00 300 170
6.50 -3.00 301 169
6.60 -3.00 304 167
6.70 -3.00 306 165
6.80 -3.00 309 165
6.90 -3.00 307 232
7.00 -3.00 307 233
7.10 -3.00 0 0
7.20 -3.00 0 0
7.30 -3.00 0 0
7.40 -3.00 0 0
7.50 -3.00 0 0
7.60 -3.00 0 0
7.70 -3.00 0 0
7.80 -3.00 0 0
7.90 -3.00 0 0
8.00 -3.00 0 0
8.10 -3.00 0 0
8.20 -3.00 0 0
8.30 -3.00 0 0
8.40 -3.00 0 0
8.50 -3.00 0 0
8.60 -3.00 0 0
8.70 -3.00 0 0
8.80 -3.00 0 0
8.90 -3.00 0 0
9.00 -3.00 0 0
9.10 -3.00 0 0
-9.00 -2.90 0 0
-8.90 -2.90 0 0
-8.80 -2.90 0 0
-8.70 -2.90 0 0
-8.60 -2.90 0 0
-8.50 -2.90 0 0
-8.40 -2.90 0 0
-8.30 -2.90 0 0
-8.20 -2.90 0 0
-8.10 -2.90 0 0
-8.00 -2.90 0 0
-7.90 -2.90 0 0
-7.80 -2.90 0 0
-7.70 -2.90 0 0
-7.60 -2.90 0 0
-7.50 -2.90 0 0
-7.40 -2.90 0 0
-7.30 -2.90 0 0
-7.20 -2.90 0 0
-7.10 -2.90 0 0
-7.00 -2.90 0 0
-6.90 -2.90 0 0
-6.80 -2.90 0 0
-6.70 -2.90 0 0
-6.60 -2.90 0 0
-6.50 -2.90 0 0
-6.40 -2.90 0 0
-6.30 -2.90 0 0
-6.20 -2.90 0 0
-6.10 -2.90 0 0
-6.00 -2.90 0 0
-5.90 -2.90 0 0
-5.80 -2.90 0 0
-5.70 -2.90 0 0
-5.60 -2.90 0 0
-5.50 -2.90 0 0
-5.40 -2.90 0 0
-5.30 -2.90 7 316
-5.20 -2.90 8 315
-5.10 -2.90 11 314
-5.00 -2.90 14 312
-4.90 -2.90 3 339
-4.80 -2.90 3 339
-4.70 -2.90 3 339
-4.60 -2.90 2 337
-4.50 -2.90 0 0
-4.40 -2.90 0 0
-4.30 -2.90 26 338
-4.20 -2.90 27 338
-4.10 -2.90 28 338
-4.00 -2.90 32 338
-3.90 -2.90 33 337
-3.80 -2.90 36 336
-3.70 -2.90 37 336
-3.60 -2.90 39 334
-3.50 -2.90 41 334
-3.40 -2.90 45 332
-3.30 -2.90 46 330
-3.20 -2.90 48 330
-3.10 -2.90 51 328
-3.00 -2.90 54 328
-2.90 -2.90 56 327
-2.80 -2.90 60 325
-2.70 -2.90 63 324
-2.60 -2.90 85 268
-2.50 -2.90 88 268
-2.40 -2.90 66 319
-2.30 -2.90 67 320
-2.20 -2.90 69 316
-2.10 -2.90 73 316
-2.00 -2.90 76 313
-1.90 -2.90 78 312
-1.80 -2.90 79 311
-1.70 -2.90 79 309
-1.60 -2.90 81 309
-1.50 -2.90 82 308
-1.40 -2.90 114 259
-1.30 -2.90 117 258
-1.20 -2.90 119 257
-1.10 -2.90 122 257
-1.00 -2.90 124 256
-0.90 -2.90 126 254
-0.80 -2.90 129 254
-0.70 -2.90 131 253
-0.60 -2.90 134 253
-0.50 -2.90 136 251
-0.40 -2.90 139 250
-0.30 -2.90 141 250
-0.20 -2.90 143 248
-0.10 -2.90 146 248
-0.00 -2.90 148 247
0.10 -2.90 151 246
0.20 -2.90 153 245
0.30 -2.90 156 244
0.40 -2.90 159 243
0.50 -2.90 161 242
0.60 -2.90 163 241
0.70 -2.90 166 241
0.80 -2.90 168 239
0.90 -2.90 171 238
1.00 -2.90 173 237
1.10 -2.90 176 236
1.20 -2.90 177 235
1.30 -2.90 180 234
1.40 -2.90 183 233
1.50 -2.90 185 232
1.60 -2.90 188 231
1.70 -2.90 190 230
1.80 -2.90 0 0
1.90 -2.90 195 228
2.00 -2.90 197 227
2.10 -2.90 199 226
2.20 -2.90 202 225
2.30 -2.90 205 224
2.40 -2.90 206 222
2.50 -2.90 209 222
2.60 -2.90 211 220
2.70 -2.90 214 219
2.80 -2.90 216 218
2.90 -2.90 219 216
3.00 -2.90 221 215
3.10 -2.90 223 214
3.20 -2.90 226 213
3.30 -2.90 229 212
3.40 -2.90 0 0
3.50 -2.90 0 0
3.60 -2.90 0 0
3.70 -2.90 0 0
3.80 -2.90 240 206
3.90 -2.90 242 205
4.00 -2.90 246 203
4.10 -2.90 248 202
4.20 -2.90 250 200
4.30 -2.90 251 199
4.40 -2.90 254 199
4.50 -2.90 257 198
4.60 -2.90 259 196
4.70 -2.90 262 195
4.80 -2.90 263 194
4.90 -2.90 266 192
5.00 -2.90 269 191
5.10 -2.90 271 189
5.20 -2.90 273 188
5.30 -2.90 275 187
5.40 -2.90 277 185
5.50 -2.90 280 184
5.60 -2.90 282 183
5.70 -2.90 285 182
5.80 -2.90 287 180
5.90 -2.90 289 179
6.00 -2.90 292 178
6.10 -2.90 294 175
6.20 -2.90 296 175
6.30 -2.90 298 173
6.40 -2.90 300 171
6.50 -2.90 303 170
6.60 -2.90 305 169
6.70 -2.90 307 167
6.80 -2.90 310 166
6.90 -2.90 312 165
7.00 -2.90 311 233
7.10 -2.90 312 234
7.20 -2.90 0 0
7.30 -2.90 0 0
7.40 -2.90 0 0
7.50 -2.90 0 0
7.60 -2.90 0 0
7.70 -2.90 0 0
7.80 -2.90 0 0
7.90 -2.90 0 0
8.00 -2.90 0 0
8.10 -2.90 0 0
8.20 -2.90 0 0
8.30 -2.90 0 0
8.40 -2.90 0 0
8.50 -2.90 0 0
8.60 -2.90 0 0
8.70 -2.90 0 0
8.80 -2.90 0 0
8.90 -2.90 0 0
9.00 -2.90 0 0
9.10 -2.90 0 0
-9.00 -2.80 0 0
-8.90 -2.80 0 0
-8.80 -2.80 0 0
-8.70 -2.80 0 0
-8.60 -2.80 0 0
-8.50 -2.80 0 0
-8.40 -2.80 0 0
-8.30 -2.80 0 0
-8.20 -2.80 0 0
-8.10 -2.80 0 0
-8.00 -2.80 0 0
-7.90 -2.80 0 0
-7.80 -2.80 0 0
-7.70 -2.80 0 0
-7.60 -2.80 0 0
-7.50 -2.80 0 0
-7.40 -2.80 0 0
-7.30 -2.80 0 0
-7.20 -2.80 0 0
-7.10 -2.80 0 0
-7.00 -2.80 0 0
-6.90 -2.80 0 0
-6.80 -2.80 0 0
-6.70 -2.80 0 0
-6.60 -2.80 0 0
-6.50 -2.80 0 0
-6.40 -2.80 0 0
-6.30 -2.80 0 0
-6.20 -2.80 0 0
-6.10 -2.80 0 0
-6.00 -2.80 0 0
-5.90 -2.80 0 0
-5.80 -2.80 0 0
-5.70 -2.80 0 0
-5.60 -2.80 0 0
-5.50 -2.80 0 0
-5.40 -2.80 0 0
-5.30 -2.80 0 0
-5.20 -2.80 10 316
-5.10 -2.80 3 341
-5.00 -2.80 3 340
-4.90 -2.80 4 339
-4.80 -2.80 3 340
-4.70 -2.80 3 339
-4.60 -2.80 3 341
-4.50 -2.80 0 0
-4.40 -2.80 0 0
-4.30 -2.80 27 339
-4.20 -2.80 28 339
-4.10 -2.80 31 338
-4.00 -2.80 33 338
-3.90 -2.80 36 338
-3.80 -2.80 37 337
-3.70 -2.80 39 337
-3.60 -2.80 40 336
-3.50 -2.80 43 335
-3.40 -2.80 46 334
-3.30 -2.80 49 332
-3.20 -2.80 50 331
-3.10 -2.80 54 330
-3.00 -2.80 57 329
-2.90 -2.80 58 327
-2.80 -2.80 62 326
-2.70 -2.80 85 270
-2.60 -2.80 86 270
-2.50 -2.80 66 323
-2.40 -2.80 64 321
-2.30 -2.80 68 320
-2.20 -2.80 71 318
-2.10 -2.80 77 317
-2.00 -2.80 76 315
-1.90 -2.80 80 313
-1.80 -2.80 81 313
-1.70 -2.80 80 312
-1.60 -2.80 82 309
-1.50 -2.80 83 310
-1.40 -2.80 116 260
-1.30 -2.80 118 260
-1.20 -2.80 121 259
-1.10 -2.80 123 258
-1.00 -2.80 125 257
-0.90 -2.80 128 256
-0.80 -2.80 130 255
-0.70 -2.80 133 254
-0.60 -2.80 135 254
-0.50 -2.80 138 252
-0.40 -2.80 140 252
-0.30 -2.80 143 251
-0.20 -2.80 145 250
-0.10 -2.80 147 249
-0.00 -2.80 150 248
0.10 -2.80 152 248
0.20 -2.80 155 247
0.30 -2.80 158 246
0.40 -2.80 159 245
0.50 -2.80 162 244
0.60 -2.80 166 242
0.70 -2.80 161 277
0.80 -2.80 170 241
0.90 -2.80 172 240
1.00 -2.80 175 239
1.10 -2.80 172 274
1.20 -2.80 179 237
1.30 -2.80 182 236
1.40 -2.80 184 234
1.50 -2.80 186 234
1.60 -2.80 188 233
1.70 -2.80 192 231
1.80 -2.80 193 230
1.90 -2.80 196 229
2.00 -2.80 198 228
2.10 -2.80 201 227
2.20 -2.80 204 226
2.30 -2.80 206 225
2.40 -2.80 208 223
2.50 -2.80 210 222
2.60 -2.80 213 221
2.70 -2.80 215 221
2.80 -2.80 218 218
2.90 -2.80 220 218
3.00 -2.80 223 218
3.10 -2.80 225 216
3.20 -2.80 228 214
3.30 -2.80 230 214
3.40 -2.80 0 0
3.50 -2.80 234 211
3.60 -2.80 237 210
3.70 -2.80 0 0
3.80 -2.80 0 0
3.90 -2.80 244 206
4.00 -2.80 246 204
4.10 -2.80 249 204
4.20 -2.80 251 203
4.30 -2.80 253 201
4.40 -2.80 255 200
4.50 -2.80 257 199
4.60 -2.80 260 197
4.70 -2.80 263 196
4.80 -2.80 265 194
4.90 -2.80 268 193
5.00 -2.80 270 192
5.10 -2.80 272 191
5.20 -2.80 274 189
5.30 -2.80 276 188
5.40 -2.80 279 186
5.50 -2.80 281 185
5.60 -2.80 284 184
5.70 -2.80 286 183
5.80 -2.80 288 181
5.90 -2.80 291 180
6.00 -2.80 294 179
6.10 -2.80 295 177
6.20 -2.80 298 176
6.30 -2.80 300 174
6.40 -2.80 302 173
6.50 -2.80 304 171
6.60 -2.80 306 170
6.70 -2.80 309 168
6.80 -2.80 311 167
6.90 -2.80 313 166
7.00 -2.80 312 235
7.10 -2.80 313 233
7.20 -2.80 0 0
7.30 -2.80 0 0
7.40 -2.80 0 0
7.50 -2.80 0 0
7.60 -2.80 0 0
7.70 -2.80 0 0
7.80 -2.80 0 0
7.90 -2.80 0 0
8.00 -2.80 0 0
8.10 -2.80 0 0
8.20 -2.80 0 0
8.30 -2.80 0 0
8.40 -2.80 0 0
8.50 -2.80 0 0
8.60 -2.80 0 0
8.70 -2.80 0 0
8.80 -2.80 0 0
8.90 -2.80 0 0
9.00 -2.80 0 0
9.10 -2.80 0 0
-9.00 -2.70 0 0
-8.90 -2.70 0 0
-8.80 -2.70 0 0
-8.70 -2.70 0 0
-8.60 -2.70 0 0
-8.50 -2.70 0 0
-8.40 -2.70 0 0
-8.30 -2.70 0 0
-8.20 -2.70 0 0
-8.10 -2.70 0 0
-8.00 -2.70 0 0
-7.90 -2.70 0 0
-7.80 -2.70 0 0
-7.70 -2.70 0 0
-7.60 -2.70 0 0
-7.50 -2.70 0 0
-7.40 -2.70 0 0
-7.30 -2.70 0 0
-7.20 -2.70 0 0
-7.10 -2.70 0 0
-7.00 -2.70 0 0
-6.90 -2.70 0 0
-6.80 -2.70 0 0
-6.70 -2.70 0 0
-6.60 -2.70 0 0
-6.50 -2.70 0 0
-6.40 -2.70 0 0
-6.30 -2.70 0 0
-6.20 -2.70 0 0
-6.10 -2.70 0 0
-6.00 -2.70 0 0
-5.90 -2.70 0 0
-5.80 -2.70 0 0
-5.70 -2.70 0 0
-5.60 -2.70 0 0
-5.50 -2.70 0 0
-5.40 -2.70 0 0
-5.30 -2.70 9 319
-5.20 -2.70 3 340
-5.10 -2.70 4 340
-5.00 -2.70 4 340
-4.90 -2.70 4 340
-4.80 -2.70 4 341
-4.70 -2.70 4 341
-4.60 -2.70 0 0
-4.50 -2.70 0 0
-4.40 -2.70 0 0
-4.30 -2.70 29 341
-4.20 -2.70 30 341
-4.10 -2.70 33 341
-4.00 -2.70 36 340
-3.90 -2.70 37 340
-3.80 -2.70 39 339
-3.70 -2.70 41 338
-3.60 -2.70 43 337
-3.50 -2.70 45 337
-3.40 -2.70 48 335
-3.30 -2.70 50 334
-3.20 -2.70 52 332
-3.10 -2.70 53 331
-3.00 -2.70 57 330
-2.90 -2.70 60 329
-2.80 -2.70 0 0
-2.70 -2.70 86 272
-2.60 -2.70 88 271
-2.50 -2.70 66 323
-2.40 -2.70 67 323
-2.30 -2.70 71 321
-2.20 -2.70 75 319
-2.10 -2.70 79 317
-2.00 -2.70 81 317
-1.90 -2.70 81 316
-1.80 -2.70 82 316
-1.70 -2.70 84 315
-1.60 -2.70 83 313
-1.50 -2.70 83 312
-1.40 -2.70 117 261
-1.30 -2.70 119 261
-1.20 -2.70 122 260
-1.10 -2.70 125 260
-1.00 -2.70 127 258
-0.90 -2.70 130 257
-0.80 -2.70 132 257
-0.70 -2.70 134 256
-0.60 -2.70 136 255
-0.50 -2.70 140 254
-0.40 -2.70 142 253
-0.30 -2.70 144 253
-0.20 -2.70 147 252
-0.10 -2.70 149 251
-0.00 -2.70 151 250
0.10 -2.70 154 248
0.20 -2.70 157 248
0.30 -2.70 159 247
0.40 -2.70 157 280
0.50 -2.70 158 279
0.60 -2.70 161 278
0.70 -2.70 169 243
0.80 -2.70 171 242
0.90 -2.70 174 241
1.00 -2.70 176 240
1.10 -2.70 178 239
1.20 -2.70 181 238
1.30 -2.70 183 237
1.40 -2.70 187 236
1.50 -2.70 188 235
1.60 -2.70 190 234
1.70 -2.70 193 233
1.80 -2.70 196 231
1.90 -2.70 198 231
2.00 -2.70 200 229
2.10 -2.70 203 228
2.20 -2.70 205 228
2.30 -2.70 207 226
2.40 -2.70 209 225
2.50 -2.70 212 224
2.60 -2.70 215 223
2.70 -2.70 217 222
2.80 -2.70 219 221
2.90 -2.70 222 220
3.00 -2.70 224 219
3.10 -2.70 226 218
3.20 -2.70 229 216
3.30 -2.70 231 215
3.40 -2.70 234 214
3.50 -2.70 236 212
3.60 -2.70 238 212
3.70 -2.70 241 210
3.80 -2.70 243 209
3.90 -2.70 246 207
4.00 -2.70 248 206
4.10 -2.70 250 206
4.20 -2.70 252 204
4.30 -2.70 255 202
4.40 -2.70 257 201
4.50 -2.70 260 200
4.60 -2.70 262 198
4.70 -2.70 265 197
4.80 -2.70 267 196
4.90 -2.70 268 195
5.00 -2.70 271 193
5.10 -2.70 273 192
5.20 -2.70 276 191
5.30 -2.70 278 189
5.40 -2.70 281 188
5.50 -2.70 283 187
5.60 -2.70 285 185
5.70 -2.70 287 183
5.80 -2.70 289 182
5.90 -2.70 292 182
6.00 -2.70 295 179
6.10 -2.70 297 179
6.20 -2.70 299 177
6.30 -2.70 301 176
6.40 -2.70 304 174
6.50 -2.70 306 173
6.60 -2.70 308 171
6.70 -2.70 310 170
6.80 -2.70 313 168
6.90 -2.70 315 167
7.00 -2.70 317 166
7.10 -2.70 315 235
7.20 -2.70 316 232
7.30 -2.70 0 0
7.40 -2.70 0 0
7.50 -2.70 0 0
7.60 -2.70 0 0
7.70 -2.70 0 0
7.80 -2.70 0 0
7.90 -2.70 0 0
8.00 -2.70 0 0
8.10 -2.70 0 0
8.20 -2.70 0 0
8.30 -2.70 0 0
8.40 -2.70 0 0
8.50 -2.70 0 0
8.60 -2.70 0 0
8.70 -2.70 0 0
8.80 -2.70 0 0
8.90 -2.70 0 0
9.00 -2.70 0 0
9.10 -2.70 0 0
-9.00 -2.60 0 0
-8.90 -2.60 0 0
-8.80 -2.60 0 0
-8.70 -2.60 0 0
-8.60 -2.60 0 0
-8.50 -2.60 0 0
-8.40 -2.60 0 0
-8.30 -2.60 0 0
-8.20 -2.60 0 0
-8.10 -2.60 0 0
-8.00 -2.60 0 0
-7.90 -2.60 0 0
-7.80 -2.60 0 0
-7.70 -2.60 0 0
-7.60 -2.60 0 0
-7.50 -2.60 0 0
-7.40 -2.60 0 0
-7.30 -2.60 0 0
-7.20 -2.60 0 0
-7.10 -2.60 0 0
-7.00 -2.60 0 0
-6.90 -2.60 0 0
-6.80 -2.60 0 0
-6.70 -2.60 0 0
-6.60 -2.60 0 0
-6.50 -2.60 0 0
-6.40 -2.60 0 0
-6.30 -2.60 0 0
-6.20 -2.60 0 0
-6.10 -2.60 0 0
-6.00 -2.60 0 0
-5.90 -2.60 0 0
-5.80 -2.60 0 0
-5.70 -2.60 0 0
-5.60 -2.60 0 0
-5.50 -2.60 0 0
-5.40 -2.60 0 0
-5.30 -2.60 11 320
-5.20 -2.60 3 342
-5.10 -2.60 4 342
-5.00 -2.60 4 341
-4.90 -2.60 4 341
-4.80 -2.60 4 342
-4.70 -2.60 4 341
-4.60 -2.60 4 344
-4.50 -2.60 0 0
-4.40 -2.60 0 0
-4.30 -2.60 29 342
-4.20 -2.60 31 342
-4.10 -2.60 34 342
-4.00 -2.60 38 341
-3.90 -2.60 38 341
-3.80 -2.60 40 340
-3.70 -2.60 42 340
-3.60 -2.60 44 339
-3.50 -2.60 47 338
-3.40 -2.60 48 337
-3.30 -2.60 51 335
-3.20 -2.60 55 334
-3.10 -2.60 56 333
-3.00 -2.60 59 332
-2.90 -2.60 61 331
-2.80 -2.60 0 0
-2.70 -2.60 87 272
-2.60 -2.60 65 327
-2.50 -2.60 67 327
-2.40 -2.60 70 324
-2.30 -2.60 73 323
-2.20 -2.60 76 322
-2.10 -2.60 79 320
-2.00 -2.60 80 319
-1.90 -2.60 81 316
-1.80 -2.60 85 317
-1.70 -2.60 84 316
-1.60 -2.60 85 314
-1.50 -2.60 116 264
-1.40 -2.60 119 263
-1.30 -2.60 121 262
-1.20 -2.60 124 261
-1.10 -2.60 126 261
-1.00 -2.60 128 259
-0.90 -2.60 131 259
-0.80 -2.60 134 258
-0.70 -2.60 136 257
-0.60 -2.60 138 256
-0.50 -2.60 141 256
-0.40 -2.60 144 255
-0.30 -2.60 146 253
-0.20 -2.60 148 253
-0.10 -2.60 151 252
-0.00 -2.60 154 251
0.10 -2.60 155 250
0.20 -2.60 155 286
0.30 -2.60 154 284
0.40 -2.60 163 247
0.50 -2.60 162 280
0.60 -2.60 167 245
0.70 -2.60 170 244
0.80 -2.60 173 243
0.90 -2.60 172 276
1.00 -2.60 178 241
1.10 -2.60 180 240
1.20 -2.60 183 239
1.30 -2.60 185 238
1.40 -2.60 188 237
1.50 -2.60 189 236
1.60 -2.60 192 235
1.70 -2.60 194 234
1.80 -2.60 197 233
1.90 -2.60 199 232
2.00 -2.60 202 231
2.10 -2.60 204 229
2.20 -2.60 206 229
2.30 -2.60 209 228
2.40 -2.60 211 226
2.50 -2.60 214 225
2.60 -2.60 216 225
2.70 -2.60 218 224
2.80 -2.60 221 222
2.90 -2.60 223 220
3.00 -2.60 226 219
3.10 -2.60 0 0
3.20 -2.60 230 218
3.30 -2.60 233 216
3.40 -2.60 235 215
3.50 -2.60 238 214
3.60 -2.60 240 212
3.70 -2.60 242 212
3.80 -2.60 244 210
3.90 -2.60 247 208
4.00 -2.60 249 207
4.10 -2.60 252 206
4.20 -2.60 254 205
4.30 -2.60 256 204
4.40 -2.60 258 202
4.50 -2.60 261 201
4.60 -2.60 263 200
4.70 -2.60 266 198
4.80 -2.60 268 197
4.90 -2.60 270 195
5.00 -2.60 273 195
5.10 -2.60 275 194
5.20 -2.60 277 192
5.30 -2.60 280 190
5.40 -2.60 282 190
5.50 -2.60 284 188
5.60 -2.60 286 187
5.70 -2.60 289 186
5.80 -2.60 291 184
5.90 -2.60 293 183
6.00 -2.60 296 181
6.10 -2.60 298 180
6.20 -2.60 300 178
6.30 -2.60 303 177
6.40 -2.60 305 176
6.50 -2.60 308 174
6.60 -2.60 309 172
6.70 -2.60 312 171
6.80 -2.60 314 169
6.90 -2.60 317 168
7.00 -2.60 319 167
7.10 -2.60 317 235
7.20 -2.60 317 235
7.30 -2.60 0 0
7.40 -2.60 0 0
7.50 -2.60 0 0
7.60 -2.60 0 0
7.70 -2.60 0 0
7.80 -2.60 0 0
7.90 -2.60 0 0
8.00 -2.60 0 0
8.10 -2.60 0 0
8.20 -2.60 0 0
8.30 -2.60 0 0
8.40 -2.60 0 0
8.50 -2.60 0 0
8.60 -2.60 0 0
8.70 -2.60 0 0
8.80 -2.60 0 0
8.90 -2.60 0 0
9.00 -2.60 0 0
9.10 -2.60 0 0
-9.00 -2.50 0 0
-8.90 -2.50 0 0
-8.80 -2.50 0 0
-8.70 -2.50 0 0
-8.60 -2.50 0 0
-8.50 -2.50 0 0
-8.40 -2.50 0 0
-8.30 -2.50 0 0
-8.20 -2.50 0 0
-8.10 -2.50 0 0
-8.00 -2.50 0 0
-7.90 -2.50 0 0
-7.80 -2.50 0 0
-7.70 -2.50 0 0
-7.60 -2.50 0 0
-7.50 -2.50 0 0
-7.40 -2.50 0 0
-7.30 -2.50 0 0
-7.20 -2.50 0 0
-7.10 -2.50 0 0
-7.00 -2.50 0 0
-6.90 -2.50 0 0
-6.80 -2.50 0 0
-6.70 -2.50 0 0
-6.60 -2.50 0 0
-6.50 -2.50 0 0
-6.40 -2.50 0 0
-6.30 -2.50 0 0
-6.20 -2.50 0 0
-6.10 -2.50 0 0
-6.00 -2.50 0 0
-5.90 -2.50 0 0
-5.80 -2.50 0 0
-5.70 -2.50 0 0
-5.60 -2.50 0 0
-5.50 -2.50 0 0
-5.40 -2.50 0 0
-5.30 -2.50 3 344
-5.20 -2.50 4 344
-5.10 -2.50 4 343
-5.00 -2.50 4 344
-4.90 -2.50 5 342
-4.80 -2.50 5 342
-4.70 -2.50 5 343
-4.60 -2.50 3 341
-4.50 -2.50 0 0
-4.40 -2.50 32 344
-4.30 -2.50 31 343
-4.20 -2.50 34 344
-4.10 -2.50 37 343
-4.00 -2.50 38 343
-3.90 -2.50 40 342
-3.80 -2.50 42 342
-3.70 -2.50 44 341
-3.60 -2.50 46 341
-3.50 -2.50 49 339
-3.40 -2.50 51 337
-3.30 -2.50 54 337
-3.20 -2.50 56 335
-3.10 -2.50 57 334
-3.00 -2.50 59 334
-2.90 -2.50 62 332
-2.80 -2.50 86 275
-2.70 -2.50 88 274
-2.60 -2.50 66 328
-2.50 -2.50 69 328
-2.40 -2.50 72 326
-2.30 -2.50 75 324
-2.20 -2.50 78 323
-2.10 -2.50 81 322
-2.00 -2.50 81 320
-1.90 -2.50 83 319
-1.80 -2.50 84 317
-1.70 -2.50 84 317
-1.60 -2.50 85 314
-1.50 -2.50 118 266
-1.40 -2.50 120 265
-1.30 -2.50 122 263
-1.20 -2.50 125 264
-1.10 -2.50 128 262
-1.00 -2.50 130 261
-0.90 -2.50 132 261
-0.80 -2.50 135 259
-0.70 -2.50 137 259
-0.60 -2.50 140 258
-0.50 -2.50 143 257
-0.40 -2.50 145 256
-0.30 -2.50 148 255
-0.20 -2.50 150 254
-0.10 -2.50 148 289
-0.00 -2.50 154 253
0.10 -2.50 157 252
0.20 -2.50 154 286
0.30 -2.50 156 283
0.40 -2.50 156 283
0.50 -2.50 166 248
0.60 -2.50 164 280
0.70 -2.50 172 246
0.80 -2.50 167 279
0.90 -2.50 177 243
1.00 -2.50 180 243
1.10 -2.50 178 274
1.20 -2.50 184 241
1.30 -2.50 186 240
1.40 -2.50 189 239
1.50 -2.50 191 237
1.60 -2.50 193 236
1.70 -2.50 196 235
1.80 -2.50 198 234
1.90 -2.50 201 233
2.00 -2.50 203 232
2.10 -2.50 206 231
2.20 -2.50 208 230
2.30 -2.50 210 228
2.40 -2.50 213 228
2.50 -2.50 215 227
2.60 -2.50 217 226
2.70 -2.50 219 225
2.80 -2.50 222 223
2.90 -2.50 225 222
3.00 -2.50 228 221
3.10 -2.50 230 220
3.20 -2.50 232 219
3.30 -2.50 234 218
3.40 -2.50 236 216
3.50 -2.50 239 215
3.60 -2.50 241 214
3.70 -2.50 243 213
3.80 -2.50 245 211
3.90 -2.50 248 210
4.00 -2.50 250 209
4.10 -2.50 253 207
4.20 -2.50 255 206
4.30 -2.50 258 205
4.40 -2.50 260 204
4.50 -2.50 263 202
4.60 -2.50 265 201
4.70 -2.50 268 200
4.80 -2.50 270 198
4.90 -2.50 272 197
5.00 -2.50 274 196
5.10 -2.50 277 195
5.20 -2.50 279 193
5.30 -2.50 282 192
5.40 -2.50 284 190
5.50 -2.50 286 189
5.60 -2.50 288 188
5.70 -2.50 291 187
5.80 -2.50 292 185
5.90 -2.50 295 183
6.00 -2.50 297 182
6.10 -2.50 299 181
6.20 -2.50 302 180
6.30 -2.50 304 178
6.40 -2.50 306 177
6.50 -2.50 309 175
6.60 -2.50 312 174
6.70 -2.50 313 172
6.80 -2.50 316 170
6.90 -2.50 318 169
7.00 -2.50 320 168
7.10 -2.50 322 167
7.20 -2.50 320 236
7.30 -2.50 326 167
7.40 -2.50 0 0
7.50 -2.50 0 0
7.60 -2.50 0 0
7.70 -2.50 0 0
7.80 -2.50 0 0
7.90 -2.50 0 0
8.00 -2.50 0 0
8.10 -2.50 0 0
8.20 -2.50 0 0
8.30 -2.50 0 0
8.40 -2.50 0 0
8.50 -2.50 0 0
8.60 -2.50 0 0
8.70 -2.50 0 0
8.80 -2.50 0 0
8.90 -2.50 0 0
9.00 -2.50 0 0
9.10 -2.50 0 0
-9.00 -2.40 0 0
-8.90 -2.40 0 0
-8.80 -2.40 0 0
-8.70 -2.40 0 0
-8.60 -2.40 0 0
-8.50 -2.40 0 0
-8.40 -2.40 0 0
-8.30 -2.40 0 0
-8.20 -2.40 0 0
-8.10 -2.40 0 0
-8.00 -2.40 0 0
-7.90 -2.40 0 0
-7.80 -2.40 0 0
-7.70 -2.40 0 0
-7.60 -2.40 0 0
-7.50 -2.40 0 0
-7.40 -2.40 0 0
-7.30 -2.40 0 0
-7.20 -2.40 0 0
-7.10 -2.40 0 0
-7.00 -2.40 0 0
-6.90 -2.40 0 0
-6.80 -2.40 0 0
-6.70 -2.40 0 0
-6.60 -2.40 0 0
-6.50 -2.40 0 0
-6.40 -2.40 0 0
-6.30 -2.40 0 0
-6.20 -2.40 0 0
-6.10 -2.40 0 0
-6.00 -2.40 0 0
-5.90 -2.40 0 0
-5.80 -2.40 0 0
-5.70 -2.40 0 0
-5.60 -2.40 0 0
-5.50 -2.40 0 0
-5.40 -2.40 3 348
-5.30 -2.40 3 346
-5.20 -2.40 4 345
-5.10 -2.40 4 343
-5.00 -2.40 5 344
-4.90 -2.40 5 344
-4.80 -2.40 6 344
-4.70 -2.40 4 342
-4.60 -2.40 4 342
-4.50 -2.40 0 0
-4.40 -2.40 0 0
-4.30 -2.40 32 344
-4.20 -2.40 35 346
-4.10 -2.40 39 345
-4.00 -2.40 40 344
-3.90 -2.40 41 343
-3.80 -2.40 43 343
-3.70 -2.40 45 343
-3.60 -2.40 47 342
-3.50 -2.40 50 340
-3.40 -2.40 53 339
-3.30 -2.40 55 337
-3.20 -2.40 57 337
-3.10 -2.40 58 335
-3.00 -2.40 61 335
-2.90 -2.40 86 277
-2.80 -2.40 65 332
-2.70 -2.40 63 331
-2.60 -2.40 68 330
-2.50 -2.40 71 329
-2.40 -2.40 74 327
-2.30 -2.40 76 324
-2.20 -2.40 79 324
-2.10 -2.40 82 323
-2.00 -2.40 83 321
-1.90 -2.40 84 321
-1.80 -2.40 85 320
-1.70 -2.40 87 319
-1.60 -2.40 87 320
-1.50 -2.40 119 267
-1.40 -2.40 122 266
-1.30 -2.40 124 265
-1.20 -2.40 127 265
-1.10 -2.40 129 263
-1.00 -2.40 131 263
-0.90 -2.40 134 262
-0.80 -2.40 136 261
-0.70 -2.40 139 260
-0.60 -2.40 141 259
-0.50 -2.40 144 258
-0.40 -2.40 146 258
-0.30 -2.40 149 256
-0.20 -2.40 151 256
-0.10 -2.40 153 255
-0.00 -2.40 156 254
0.10 -2.40 158 253
0.20 -2.40 161 252
0.30 -2.40 164 251
0.40 -2.40 166 251
0.50 -2.40 168 249
0.60 -2.40 171 248
0.70 -2.40 167 282
0.80 -2.40 176 246
0.90 -2.40 179 245
1.00 -2.40 0 0
1.10 -2.40 183 243
1.20 -2.40 185 242
1.30 -2.40 188 240
1.40 -2.40 190 240
1.50 -2.40 192 239
1.60 -2.40 195 238
1.70 -2.40 198 237
1.80 -2.40 200 236
1.90 -2.40 202 235
2.00 -2.40 205 233
2.10 -2.40 207 232
2.20 -2.40 210 231
2.30 -2.40 212 230
2.40 -2.40 214 229
2.50 -2.40 217 228
2.60 -2.40 220 227
2.70 -2.40 221 226
2.80 -2.40 224 225
2.90 -2.40 226 224
3.00 -2.40 228 222
3.10 -2.40 231 221
3.20 -2.40 233 220
3.30 -2.40 235 219
3.40 -2.40 238 218
3.50 -2.40 240 217
3.60 -2.40 243 215
3.70 -2.40 245 214
3.80 -2.40 248 212
3.90 -2.40 250 211
4.00 -2.40 252 210
4.10 -2.40 254 208
4.20 -2.40 258 207
4.30 -2.40 259 206
4.40 -2.40 262 205
4.50 -2.40 264 204
4.60 -2.40 266 202
4.70 -2.40 268 200
4.80 -2.40 271 200
4.90 -2.40 274 198
5.00 -2.40 276 197
5.10 -2.40 278 196
5.20 -2.40 280 195
5.30 -2.40 282 193
5.40 -2.40 285 192
5.50 -2.40 287 190
5.60 -2.40 290 190
5.70 -2.40 292 187
5.80 -2.40 295 186
5.90 -2.40 296 185
6.00 -2.40 299 184
6.10 -2.40 301 182
6.20 -2.40 303 181
6.30 -2.40 306 179
6.40 -2.40 308 177
6.50 -2.40 310 176
6.60 -2.40 312 175
6.70 -2.40 314 174
6.80 -2.40 317 172
6.90 -2.40 319 170
7.00 -2.40 322 169
7.10 -2.40 323 168
7.20 -2.40 322 234
7.30 -2.40 323 236
7.40 -2.40 0 0
7.50 -2.40 0 0
7.60 -2.40 0 0
7.70 -2.40 0 0
7.80 -2.40 0 0
7.90 -2.40 0 0
8.00 -2.40 0 0
8.10 -2.40 0 0
8.20 -2.40 0 0
8.30 -2.40 0 0
8.40 -2.40 0 0
8.50 -2.40 0 0
8.60 -2.40 0 0
8.70 -2.40 0 0
8.80 -2.40 0 0
8.90 -2.40 0 0
9.00 -2.40 0 0
9.10 -2.40 0 0
-9.00 -2.30 0 0
-8.90 -2.30 0 0
-8.80 -2.30 0 0
-8.70 -2.30 0 0
-8.60 -2.30 0 0
-8.50 -2.30 0 0
-8.40 -2.30 0 0
-8.30 -2.30 0 0
-8.20 -2.30 0 0
-8.10 -2.30 0 0
-8.00 -2.30 0 0
-7.90 -2.30 0 0
-7.80 -2.30 0 0
-7.70 -2.30 0 0
-7.60 -2.30 0 0
-7.50 -2.30 0 0
-7.40 -2.30 0 0
-7.30 -2.30 0 0
-7.20 -2.30 0 0
-7.10 -2.30 0 0
-7.00 -2.30 0 0
-6.90 -2.30 0 0
-6.80 -2.30 0 0
-6.70 -2.30 0 0
-6.60 -2.30 0 0
-6.50 -2.30 0 0
-6.40 -2.30 0 0
-6.30 -2.30 0 0
-6.20 -2.30 0 0
-6.10 -2.30 0 0
-6.00 -2.30 0 0
-5.90 -2.30 0 0
-5.80 -2.30 0 0
-5.70 -2.30 0 0
-5.60 -2.30 0 0
-5.50 -2.30 0 0
-5.40 -2.30 3 348
-5.30 -2.30 4 345
-5.20 -2.30 5 347
-5.10 -2.30 5 346
-5.00 -2.30 5 346
-4.90 -2.30 5 345
-4.80 -2.30 6 345
-4.70 -2.30 4 342
-4.60 -2.30 6 344
-4.50 -2.30 0 0
-4.40 -2.30 0 0
-4.30 -2.30 35 347
-4.20 -2.30 37 347
-4.10 -2.30 39 346
-4.00 -2.30 42 346
-3.90 -2.30 43 345
-3.80 -2.30 45 345
-3.70 -2.30 48 345
-3.60 -2.30 49 344
-3.50 -2.30 52 342
-3.40 -2.30 53 341
-3.30 -2.30 56 339
-3.20 -2.30 59 338
-3.10 -2.30 60 336
-3.00 -2.30 61 336
-2.90 -2.30 86 278
-2.80 -2.30 61 332
-2.70 -2.30 65 333
-2.60 -2.30 68 331
-2.50 -2.30 71 329
-2.40 -2.30 77 328
-2.30 -2.30 79 327
-2.20 -2.30 82 326
-2.10 -2.30 83 324
-2.00 -2.30 86 324
-1.90 -2.30 86 322
-1.80 -2.30 87 322
-1.70 -2.30 87 320
-1.60 -2.30 88 321
-1.50 -2.30 121 268
-1.40 -2.30 123 267
-1.30 -2.30 126 266
-1.20 -2.30 128 265
-1.10 -2.30 130 265
-1.00 -2.30 133 264
-0.90 -2.30 135 262
-0.80 -2.30 138 262
-0.70 -2.30 140 262
-0.60 -2.30 143 260
-0.50 -2.30 146 259
-0.40 -2.30 148 259
-0.30 -2.30 150 258
-0.20 -2.30 152 257
-0.10 -2.30 150 289
-0.00 -2.30 154 290
0.10 -2.30 160 255
0.20 -2.30 155 286
0.30 -2.30 157 284
0.40 -2.30 168 251
0.50 -2.30 166 284
0.60 -2.30 172 249
0.70 -2.30 174 249
0.80 -2.30 177 247
0.90 -2.30 180 246
1.00 -2.30 182 245
1.10 -2.30 184 245
1.20 -2.30 187 243
1.30 -2.30 189 242
1.40 -2.30 192 241
1.50 -2.30 195 240
1.60 -2.30 197 239
1.70 -2.30 199 238
1.80 -2.30 201 237
1.90 -2.30 204 236
2.00 -2.30 206 236
2.10 -2.30 209 234
2.20 -2.30 211 233
2.30 -2.30 213 232
2.40 -2.30 215 230
2.50 -2.30 218 230
2.60 -2.30 221 228
2.70 -2.30 223 227
2.80 -2.30 225 226
2.90 -2.30 228 225
3.00 -2.30 231 224
3.10 -2.30 233 223
3.20 -2.30 235 221
3.30 -2.30 237 220
3.40 -2.30 240 219
3.50 -2.30 241 218
3.60 -2.30 244 216
3.70 -2.30 247 215
3.80 -2.30 248 214
3.90 -2.30 251 213
4.00 -2.30 253 212
4.10 -2.30 256 211
4.20 -2.30 259 209
4.30 -2.30 261 208
4.40 -2.30 263 206
4.50 -2.30 265 205
4.60 -2.30 268 204
4.70 -2.30 271 202
4.80 -2.30 272 201
4.90 -2.30 275 200
5.00 -2.30 276 199
5.10 -2.30 280 197
5.20 -2.30 281 196
5.30 -2.30 284 194
5.40 -2.30 286 193
5.50 -2.30 289 191
5.60 -2.30 291 190
5.70 -2.30 293 189
5.80 -2.30 296 187
5.90 -2.30 298 186
6.00 -2.30 300 184
6.10 -2.30 303 184
6.20 -2.30 305 182
6.30 -2.30 308 180
6.40 -2.30 309 179
6.50 -2.30 312 177
6.60 -2.30 314 177
6.70 -2.30 316 174
6.80 -2.30 319 173
6.90 -2.30 321 172
7.00 -2.30 323 170
7.10 -2.30 325 169
7.20 -2.30 328 168
7.30 -2.30 330 168
7.40 -2.30 332 167
7.50 -2.30 0 0
7.60 -2.30 0 0
7.70 -2.30 0 0
7.80 -2.30 0 0
7.90 -2.30 0 0
8.00 -2.30 0 0
8.10 -2.30 0 0
8.20 -2.30 0 0
8.30 -2.30 0 0
8.40 -2.30 0 0
8.50 -2.30 0 0
8.60 -2.30 0 0
8.70 -2.30 0 0
8.80 -2.30 0 0
8.90 -2.30 0 0
9.00 -2.30 0 0
9.10 -2.30 0 0
-9.00 -2.20 0 0
-8.90 -2.20 0 0
-8.80 -2.20 0 0
-8.70 -2.20 0 0
-8.60 -2.20 0 0
-8.50 -2.20 0 0
-8.40 -2.20 0 0
-8.30 -2.20 0 0
-8.20 -2.20 0 0
-8.10 -2.20 0 0
-8.00 -2.20 0 0
-7.90 -2.20 0 0
-7.80 -2.20 0 0
-7.70 -2.20 0 0
-7.60 -2.20 0 0
-7.50 -2.20 0 0
-7.40 -2.20 0 0
-7.30 -2.20 0 0
-7.20 -2.20 0 0
-7.10 -2.20 0 0
-7.00 -2.20 0 0
-6.90 -2.20 0 0
-6.80 -2.20 0 0
-6.70 -2.20 0 0
-6.60 -2.20 0 0
-6.50 -2.20 0 0
-6.40 -2.20 0 0
-6.30 -2.20 0 0
-6.20 -2.20 0 0
-6.10 -2.20 0 0
-6.00 -2.20 0 0
-5.90 -2.20 0 0
-5.80 -2.20 0 0
-5.70 -2.20 0 0
-5.60 -2.20 2 353
-5.50 -2.20 2 352
-5.40 -2.20 3 350
-5.30 -2.20 4 347
-5.20 -2.20 6 348
-5.10 -2.20 5 346
-5.00 -2.20 6 348
-4.90 -2.20 6 348
-4.80 -2.20 6 347
-4.70 -2.20 5 345
-4.60 -2.20 0 0
-4.50 -2.20 0 0
-4.40 -2.20 0 0
-4.30 -2.20 35 346
-4.20 -2.20 39 347
-4.10 -2.20 40 347
-4.00 -2.20 43 347
-3.90 -2.20 45 346
-3.80 -2.20 47 346
-3.70 -2.20 48 345
-3.60 -2.20 50 345
-3.50 -2.20 54 343
-3.40 -2.20 56 342
-3.30 -2.20 58 341
-3.20 -2.20 60 339
-3.10 -2.20 61 338
-3.00 -2.20 85 280
-2.90 -2.20 88 280
-2.80 -2.20 63 335
-2.70 -2.20 66 335
-2.60 -2.20 70 332
-2.50 -2.20 74 331
-2.40 -2.20 76 329
-2.30 -2.20 80 328
-2.20 -2.20 83 327
-2.10 -2.20 84 326
-2.00 -2.20 86 324
-1.90 -2.20 86 324
-1.80 -2.20 87 322
-1.70 -2.20 89 321
-1.60 -2.20 120 270
-1.50 -2.20 122 270
-1.40 -2.20 125 269
-1.30 -2.20 127 268
-1.20 -2.20 130 266
-1.10 -2.20 132 266
-1.00 -2.20 135 265
-0.90 -2.20 137 264
-0.80 -2.20 140 263
-0.70 -2.20 141 262
-0.60 -2.20 144 262
-0.50 -2.20 147 261
-0.40 -2.20 149 260
-0.30 -2.20 151 259
-0.20 -2.20 154 258
-0.10 -2.20 152 291
-0.00 -2.20 159 257
0.10 -2.20 156 290
0.20 -2.20 164 255
0.30 -2.20 159 287
0.40 -2.20 163 284
0.50 -2.20 171 252
0.60 -2.20 170 284
0.70 -2.20 176 250
0.80 -2.20 178 249
0.90 -2.20 181 248
1.00 -2.20 184 247
1.10 -2.20 185 246
1.20 -2.20 188 244
1.30 -2.20 190 243
1.40 -2.20 193 243
1.50 -2.20 196 242
1.60 -2.20 198 241
1.70 -2.20 201 240
1.80 -2.20 203 238
1.90 -2.20 205 237
2.00 -2.20 208 236
2.10 -2.20 210 235
2.20 -2.20 213 234
2.30 -2.20 215 233
2.40 -2.20 217 232
2.50 -2.20 220 231
2.60 -2.20 222 229
2.70 -2.20 225 229
2.80 -2.20 227 227
2.90 -2.20 229 227
3.00 -2.20 232 225
3.10 -2.20 234 224
3.20 -2.20 236 222
3.30 -2.20 238 221
3.40 -2.20 241 220
3.50 -2.20 244 219
3.60 -2.20 246 218
3.70 -2.20 248 216
3.80 -2.20 251 215
3.90 -2.20 253 214
4.00 -2.20 255 212
4.10 -2.20 257 211
4.20 -2.20 260 209
4.30 -2.20 0 0
4.40 -2.20 265 207
4.50 -2.20 267 207
4.60 -2.20 270 206
4.70 -2.20 272 204
4.80 -2.20 274 203
4.90 -2.20 277 201
5.00 -2.20 278 199
5.10 -2.20 281 198
5.20 -2.20 283 197
5.30 -2.20 286 195
5.40 -2.20 288 194
5.50 -2.20 290 193
5.60 -2.20 292 192
5.70 -2.20 295 190
5.80 -2.20 297 188
5.90 -2.20 299 187
6.00 -2.20 301 186
6.10 -2.20 305 184
6.20 -2.20 306 183
6.30 -2.20 309 182
6.40 -2.20 311 180
6.50 -2.20 314 179
6.60 -2.20 315 177
6.70 -2.20 317 176
6.80 -2.20 321 174
6.90 -2.20 322 173
7.00 -2.20 325 171
7.10 -2.20 327 170
7.20 -2.20 329 169
7.30 -2.20 332 168
7.40 -2.20 333 167
7.50 -2.20 0 0
7.60 -2.20 0 0
7.70 -2.20 0 0
7.80 -2.20 0 0
7.90 -2.20 0 0
8.00 -2.20 0 0
8.10 -2.20 0 0
8.20 -2.20 0 0
8.30 -2.20 0 0
8.40 -2.20 0 0
8.50 -2.20 0 0
8.60 -2.20 0 0
8.70 -2.20 0 0
8.80 -2.20 0 0
8.90 -2.20 0 0
9.00 -2.20 0 0
9.10 -2.20 0 0
-9.00 -2.10 0 0
-8.90 -2.10 0 0
-8.80 -2.10 0 0
-8.70 -2.10 0 0
-8.60 -2.10 0 0
-8.50 -2.10 0 0
-8.40 -2.10 0 0
-8.30 -2.10 0 0
-8.20 -2.10 0 0
-8.10 -2.10 0 0
-8.00 -2.10 0 0
-7.90 -2.10 0 0
-7.80 -2.10 0 0
-7.70 -2.10 0 0
-7.60 -2.10 0 0
-7.50 -2.10 0 0
-7.40 -2.10 0 0
-7.30 -2.10 0 0
-7.20 -2.10 0 0
-7.10 -2.10 0 0
-7.00 -2.10 0 0
-6.90 -2.10 0 0
-6.80 -2.10 0 0
-6.70 -2.10 0 0
-6.60 -2.10 0 0
-6.50 -2.10 0 0
-6.40 -2.10 0 0
-6.30 -2.10 0 0
-6.20 -2.10 0 0
-6.10 -2.10 0 0
-6.00 -2.10 0 0
-5.90 -2.10 0 0
-5.80 -2.10 0 0
-5.70 -2.10 0 0
-5.60 -2.10 2 354
-5.50 -2.10 3 353
-5.40 -2.10 4 352
-5.30 -2.10 5 350
-5.20 -2.10 6 350
-5.10 -2.10 7 349
-5.00 -2.10 7 349
-4.90 -2.10 7 349
-4.80 -2.10 7 350
-4.70 -2.10 8 350
-4.60 -2.10 0 0
-4.50 -2.10 0 0
-4.40 -2.10 0 0
-4.30 -2.10 38 350
-4.20 -2.10 41 349
-4.10 -2.10 43 348
-4.00 -2.10 44 348
-3.90 -2.10 47 348
-3.80 -2.10 48 348
-3.70 -2.10 50 347
-3.60 -2.10 53 346
-3.50 -2.10 54 345
-3.40 -2.10 57 343
-3.30 -2.10 59 343
-3.20 -2.10 61 341
-3.10 -2.10 62 340
-3.00 -2.10 86 282
-2.90 -2.10 62 339
-2.80 -2.10 64 337
-2.70 -2.10 67 336
-2.60 -2.10 72 334
-2.50 -2.10 74 332
-2.40 -2.10 79 332
-2.30 -2.10 82 328
-2.20 -2.10 83 327
-2.10 -2.10 84 326
-2.00 -2.10 86 325
-1.90 -2.10 87 325
-1.80 -2.10 88 323
-1.70 -2.10 88 322
-1.60 -2.10 121 272
-1.50 -2.10 123 271
-1.40 -2.10 126 270
-1.30 -2.10 129 269
-1.20 -2.10 131 268
-1.10 -2.10 134 268
-1.00 -2.10 136 267
-0.90 -2.10 138 266
-0.80 -2.10 141 266
-0.70 -2.10 143 264
-0.60 -2.10 146 263
-0.50 -2.10 148 262
-0.40 -2.10 150 261
-0.30 -2.10 145 295
-0.20 -2.10 156 259
-0.10 -2.10 154 293
-0.00 -2.10 161 258
0.10 -2.10 159 291
0.20 -2.10 165 256
0.30 -2.10 167 255
0.40 -2.10 170 254
0.50 -2.10 173 253
0.60 -2.10 175 252
0.70 -2.10 178 251
0.80 -2.10 180 250
0.90 -2.10 183 249
1.00 -2.10 185 248
1.10 -2.10 187 247
1.20 -2.10 189 245
1.30 -2.10 192 245
1.40 -2.10 195 244
1.50 -2.10 197 243
1.60 -2.10 199 242
1.70 -2.10 202 241
1.80 -2.10 204 239
1.90 -2.10 206 238
2.00 -2.10 209 238
2.10 -2.10 212 236
2.20 -2.10 214 235
2.30 -2.10 216 234
2.40 -2.10 218 233
2.50 -2.10 221 232
2.60 -2.10 223 231
2.70 -2.10 226 229
2.80 -2.10 228 229
2.90 -2.10 231 228
3.00 -2.10 232 226
3.10 -2.10 236 225
3.20 -2.10 238 223
3.30 -2.10 240 222
3.40 -2.10 243 221
3.50 -2.10 245 220
3.60 -2.10 247 219
3.70 -2.10 249 218
3.80 -2.10 252 216
3.90 -2.10 254 215
4.00 -2.10 257 214
4.10 -2.10 259 213
4.20 -2.10 262 212
4.30 -2.10 264 210
4.40 -2.10 266 208
4.50 -2.10 269 207
4.60 -2.10 271 206
4.70 -2.10 273 205
4.80 -2.10 275 204
4.90 -2.10 278 202
5.00 -2.10 280 201
5.10 -2.10 283 200
5.20 -2.10 284 199
5.30 -2.10 287 197
5.40 -2.10 289 196
5.50 -2.10 291 195
5.60 -2.10 294 193
5.70 -2.10 296 192
5.80 -2.10 299 190
5.90 -2.10 301 188
6.00 -2.10 303 187
6.10 -2.10 305 186
6.20 -2.10 308 185
6.30 -2.10 310 183
6.40 -2.10 312 182
6.50 -2.10 314 180
6.60 -2.10 317 178
6.70 -2.10 319 177
6.80 -2.10 322 175
6.90 -2.10 323 174
7.00 -2.10 326 172
7.10 -2.10 328 171
7.20 -2.10 331 170
7.30 -2.10 333 169
7.40 -2.10 335 168
7.50 -2.10 0 0
7.60 -2.10 0 0
7.70 -2.10 0 0
7.80 -2.10 0 0
7.90 -2.10 0 0
8.00 -2.10 0 0
8.10 -2.10 0 0
8.20 -2.10 0 0
8.30 -2.10 0 0
8.40 -2.10 0 0
8.50 -2.10 0 0
8.60 -2.10 0 0
8.70 -2.10 0 0
8.80 -2.10 0 0
8.90 -2.10 0 0
9.00 -2.10 0 0
9.10 -2.10 0 0
-9.00 -2.00 0 0
-8.90 -2.00 0 0
-8.80 -2.00 0 0
-8.70 -2.00 0 0
-8.60 -2.00 0 0
-8.50 -2.00 0 0
-8.40 -2.00 0 0
-8.30 -2.00 0 0
-8.20 -2.00 0 0
-8.10 -2.00 0 0
-8.00 -2.00 0 0
-7.90 -2.00 0 0
-7.80 -2.00 0 0
-7.70 -2.00 0 0
-7.60 -2.00 0 0
-7.50 -2.00 0 0
-7.40 -2.00 0 0
-7.30 -2.00 0 0
-7.20 -2.00 0 0
-7.10 -2.00 0 0
-7.00 -2.00 0 0
-6.90 -2.00 0 0
-6.80 -2.00 0 0
-6.70 -2.00 0 0
-6.60 -2.00 0 0
-6.50 -2.00 0 0
-6.40 -2.00 0 0
-6.30 -2.00 0 0
-6.20 -2.00 0 0
-6.10 -2.00 0 0
-6.00 -2.00 0 0
-5.90 -2.00 0 0
-5.80 -2.00 0 0
-5.70 -2.00 2 355
-5.60 -2.00 3 355
-5.50 -2.00 4 354
-5.40 -2.00 5 353
-5.30 -2.00 6 351
-5.20 -2.00 7 352
-5.10 -2.00 8 351
-5.00 -2.00 8 351
-4.90 -2.00 8 350
-4.80 -2.00 8 351
-4.70 -2.00 8 350
-4.60 -2.00 0 0
-4.50 -2.00 0 0
-4.40 -2.00 0 0
-4.30 -2.00 42 351
-4.20 -2.00 43 350
-4.10 -2.00 44 350
-4.00 -2.00 46 349
-3.90 -2.00 48 349
-3.80 -2.00 50 349
-3.70 -2.00 52 349
-3.60 -2.00 54 347
-3.50 -2.00 57 346
-3.40 -2.00 58 345
-3.30 -2.00 60 343
-3.20 -2.00 62 342
-3.10 -2.00 62 342
-3.00 -2.00 63 340
-2.90 -2.00 64 340
-2.80 -2.00 66 338
-2.70 -2.00 68 337
-2.60 -2.00 73 336
-2.50 -2.00 77 334
-2.40 -2.00 80 333
-2.30 -2.00 82 331
-2.20 -2.00 85 330
-2.10 -2.00 87 328
-2.00 -2.00 87 327
-1.90 -2.00 89 327
-1.80 -2.00 91 326
-1.70 -2.00 89 323
-1.60 -2.00 90 324
-1.50 -2.00 125 272
-1.40 -2.00 127 271
-1.30 -2.00 130 271
-1.20 -2.00 132 269
-1.10 -2.00 134 269
-1.00 -2.00 137 268
-0.90 -2.00 140 268
-0.80 -2.00 142 267
-0.70 -2.00 145 265
-0.60 -2.00 147 265
-0.50 -2.00 145 298
-0.40 -2.00 152 263
-0.30 -2.00 155 262
-0.20 -2.00 157 261
-0.10 -2.00 155 295
-0.00 -2.00 155 291
0.10 -2.00 164 258
0.20 -2.00 161 291
0.30 -2.00 170 257
0.40 -2.00 172 256
0.50 -2.00 174 254
0.60 -2.00 178 253
0.70 -2.00 179 252
0.80 -2.00 182 252
0.90 -2.00 183 250
1.00 -2.00 186 250
1.10 -2.00 0 0
1.20 -2.00 191 248
1.30 -2.00 194 247
1.40 -2.00 196 245
1.50 -2.00 199 245
1.60 -2.00 201 243
1.70 -2.00 204 243
1.80 -2.00 206 241
1.90 -2.00 208 241
2.00 -2.00 211 239
2.10 -2.00 212 238
2.20 -2.00 216 237
2.30 -2.00 217 235
2.40 -2.00 220 234
2.50 -2.00 223 233
2.60 -2.00 225 232
2.70 -2.00 227 231
2.80 -2.00 229 230
2.90 -2.00 232 229
3.00 -2.00 234 227
3.10 -2.00 237 226
3.20 -2.00 239 225
3.30 -2.00 242 223
3.40 -2.00 244 222
3.50 -2.00 247 221
3.60 -2.00 249 221
3.70 -2.00 251 219
3.80 -2.00 254 218
3.90 -2.00 255 216
4.00 -2.00 258 215
4.10 -2.00 260 213
4.20 -2.00 263 213
4.30 -2.00 265 211
4.40 -2.00 268 210
4.50 -2.00 0 0
4.60 -2.00 273 207
4.70 -2.00 274 206
4.80 -2.00 277 205
4.90 -2.00 279 203
5.00 -2.00 282 202
5.10 -2.00 284 201
5.20 -2.00 287 200
5.30 -2.00 288 199
5.40 -2.00 291 196
5.50 -2.00 293 195
5.60 -2.00 296 194
5.70 -2.00 297 193
5.80 -2.00 300 191
5.90 -2.00 302 189
6.00 -2.00 305 188
6.10 -2.00 307 187
6.20 -2.00 309 186
6.30 -2.00 312 184
6.40 -2.00 314 183
6.50 -2.00 316 181
6.60 -2.00 318 180
6.70 -2.00 321 178
6.80 -2.00 323 176
6.90 -2.00 325 175
7.00 -2.00 328 174
7.10 -2.00 331 172
7.20 -2.00 332 171
7.30 -2.00 335 170
7.40 -2.00 336 170
7.50 -2.00 338 169
7.60 -2.00 0 0
7.70 -2.00 0 0
7.80 -2.00 0 0
7.90 -2.00 0 0
8.00 -2.00 0 0
8.10 -2.00 0 0
8.20 -2.00 0 0
8.30 -2.00 0 0
8.40 -2.00 0 0
8.50 -2.00 0 0
8.60 -2.00 0 0
8.70 -2.00 0 0
8.80 -2.00 0 0
8.90 -2.00 0 0
9.00 -2.00 0 0
9.10 -2.00 0 0
-9.00 -1.90 0 0
-8.90 -1.90 0 0
-8.80 -1.90 0 0
-8.70 -1.90 0 0
-8.60 -1.90 0 0
-8.50 -1.90 0 0
-8.40 -1.90 0 0
-8.30 -1.90 0 0
-8.20 -1.90 0 0
-8.10 -1.90 0 0
-8.00 -1.90 0 0
-7.90 -1.90 0 0
-7.80 -1.90 0 0
-7.70 -1.90 0 0
-7.60 -1.90 0 0
-7.50 -1.90 0 0
-7.40 -1.90 0 0
-7.30 -1.90 0 0
-7.20 -1.90 0 0
-7.10 -1.90 0 0
-7.00 -1.90 0 0
-6.90 -1.90 0 0
-6.80 -1.90 0 0
-6.70 -1.90 0 0
-6.60 -1.90 0 0
-6.50 -1.90 0 0
-6.40 -1.90 0 0
-6.30 -1.90 0 0
-6.20 -1.90 0 0
-6.10 -1.90 0 0
-6.00 -1.90 0 0
-5.90 -1.90 0 0
-5.80 -1.90 0 0
-5.70 -1.90 3 356
-5.60 -1.90 4 356
-5.50 -1.90 5 356
-5.40 -1.90 6 353
-5.30 -1.90 8 352
-5.20 -1.90 8 352
-5.10 -1.90 8 353
-5.00 -1.90 8 352
-4.90 -1.90 8 353
-4.80 -1.90 8 351
-4.70 -1.90 9 350
-4.60 -1.90 0 0
-4.50 -1.90 0 0
-4.40 -1.90 40 351
-4.30 -1.90 42 351
-4.20 -1.90 45 351
-4.10 -1.90 45 350
-4.00 -1.90 48 351
-3.90 -1.90 50 350
-3.80 -1.90 52 350
-3.70 -1.90 53 350
-3.60 -1.90 56 349
-3.50 -1.90 58 348
-3.40 -1.90 60 346
-3.30 -1.90 62 345
-3.20 -1.90 63 344
-3.10 -1.90 62 343
-3.00 -1.90 64 342
-2.90 -1.90 66 341
-2.80 -1.90 67 340
-2.70 -1.90 69 339
-2.60 -1.90 73 337
-2.50 -1.90 79 335
-2.40 -1.90 81 333
-2.30 -1.90 85 332
-2.20 -1.90 85 330
-2.10 -1.90 87 330
-2.00 -1.90 88 328
-1.90 -1.90 90 328
-1.80 -1.90 91 327
-1.70 -1.90 89 324
-1.60 -1.90 124 275
-1.50 -1.90 126 274
-1.40 -1.90 129 273
-1.30 -1.90 131 272
-1.20 -1.90 134 271
-1.10 -1.90 136 270
-1.00 -1.90 139 269
-0.90 -1.90 141 269
-0.80 -1.90 144 267
-0.70 -1.90 146 267
-0.60 -1.90 149 266
-0.50 -1.90 147 299
-0.40 -1.90 148 296
-0.30 -1.90 153 298
-0.20 -1.90 156 297
-0.10 -1.90 159 295
-0.00 -1.90 155 294
0.10 -1.90 166 260
0.20 -1.90 162 293
0.30 -1.90 164 291
0.40 -1.90 173 257
0.50 -1.90 176 256
0.60 -1.90 178 255
0.70 -1.90 181 254
0.80 -1.90 183 253
0.90 -1.90 185 252
1.00 -1.90 188 251
1.10 -1.90 190 250
1.20 -1.90 193 248
1.30 -1.90 196 248
1.40 -1.90 197 247
1.50 -1.90 200 246
1.60 -1.90 202 245
1.70 -1.90 205 244
1.80 -1.90 207 242
1.90 -1.90 210 241
2.00 -1.90 212 240
2.10 -1.90 214 239
2.20 -1.90 217 238
2.30 -1.90 219 237
2.40 -1.90 221 236
2.50 -1.90 224 235
2.60 -1.90 227 234
2.70 -1.90 229 232
2.80 -1.90 231 231
2.90 -1.90 233 230
3.00 -1.90 236 228
3.10 -1.90 239 228
3.20 -1.90 241 226
3.30 -1.90 243 225
3.40 -1.90 246 224
3.50 -1.90 248 223
3.60 -1.90 250 221
3.70 -1.90 253 220
3.80 -1.90 255 220
3.90 -1.90 258 217
4.00 -1.90 260 216
4.10 -1.90 262 215
4.20 -1.90 264 214
4.30 -1.90 267 213
4.40 -1.90 269 212
4.50 -1.90 271 210
4.60 -1.90 273 208
4.70 -1.90 276 207
4.80 -1.90 278 206
4.90 -1.90 281 205
5.00 -1.90 283 204
5.10 -1.90 286 202
5.20 -1.90 288 201
5.30 -1.90 290 199
5.40 -1.90 292 197
5.50 -1.90 294 197
5.60 -1.90 298 195
5.70 -1.90 299 194
5.80 -1.90 301 192
5.90 -1.90 304 191
6.00 -1.90 306 190
6.10 -1.90 309 188
6.20 -1.90 310 187
6.30 -1.90 313 186
6.40 -1.90 315 184
6.50 -1.90 318 182
6.60 -1.90 320 181
6.70 -1.90 323 180
6.80 -1.90 325 178
6.90 -1.90 327 176
7.00 -1.90 330 176
7.10 -1.90 331 173
7.20 -1.90 334 172
7.30 -1.90 336 170
7.40 -1.90 337 170
7.50 -1.90 340 170
7.60 -1.90 0 0
7.70 -1.90 0 0
7.80 -1.90 0 0
7.90 -1.90 0 0
8.00 -1.90 0 0
8.10 -1.90 0 0
8.20 -1.90 0 0
8.30 -1.90 0 0
8.40 -1.90 0 0
8.50 -1.90 0 0
8.60 -1.90 0 0
8.70 -1.90 0 0
8.80 -1.90 0 0
8.90 -1.90 0 0
9.00 -1.90 0 0
9.10 -1.90 0 0
-9.00 -1.80 0 0
-8.90 -1.80 0 0
-8.80 -1.80 0 0
-8.70 -1.80 0 0
-8.60 -1.80 0 0
-8.50 -1.80 0 0
-8.40 -1.80 0 0
-8.30 -1.80 0 0
-8.20 -1.80 0 0
-8.10 -1.80 0 0
-8.00 -1.80 0 0
-7.90 -1.80 0 0
-7.80 -1.80 0 0
-7.70 -1.80 0 0
-7.60 -1.80 0 0
-7.50 -1.80 0 0
-7.40 -1.80 0 0
-7.30 -1.80 0 0
-7.20 -1.80 0 0
-7.10 -1.80 0 0
-7.00 -1.80 0 0
-6.90 -1.80 0 0
-6.80 -1.80 0 0
-6.70 -1.80 0 0
-6.60 -1.80 0 0
-6.50 -1.80 0 0
-6.40 -1.80 0 0
-6.30 -1.80 0 0
-6.20 -1.80 0 0
-6.10 -1.80 0 0
-6.00 -1.80 0 0
-5.90 -1.80 0 0
-5.80 -1.80 3 359
-5.70 -1.80 4 357
-5.60 -1.80 5 358
-5.50 -1.80 6 357
-5.40 -1.80 8 356
-5.30 -1.80 9 355
-5.20 -1.80 9 355
-5.10 -1.80 9 354
-5.00 -1.80 9 355
-4.90 -1.80 9 353
-4.80 -1.80 10 353
-4.70 -1.80 11 352
-4.60 -1.80 0 0
-4.50 -1.80 0 0
-4.40 -1.80 41 353
-4.30 -1.80 46 354
-4.20 -1.80 46 352
-4.10 -1.80 48 352
-4.00 -1.80 51 353
-3.90 -1.80 52 352
-3.80 -1.80 54 352
-3.70 -1.80 56 351
-3.60 -1.80 57 350
-3.50 -1.80 59 349
-3.40 -1.80 61 347
-3.30 -1.80 62 345
-3.20 -1.80 63 346
-3.10 -1.80 63 345
-3.00 -1.80 66 343
-2.90 -1.80 66 342
-2.80 -1.80 69 341
-2.70 -1.80 71 340
-2.60 -1.80 77 338
-2.50 -1.80 80 336
-2.40 -1.80 83 334
-2.30 -1.80 85 334
-2.20 -1.80 87 332
-2.10 -1.80 89 331
-2.00 -1.80 90 329
-1.90 -1.80 90 328
-1.80 -1.80 92 329
-1.70 -1.80 91 327
-1.60 -1.80 125 276
-1.50 -1.80 128 275
-1.40 -1.80 131 274
-1.30 -1.80 133 273
-1.20 -1.80 136 272
-1.10 -1.80 134 306
-1.00 -1.80 140 271
-0.90 -1.80 140 306
-0.80 -1.80 137 305
-0.70 -1.80 143 304
-0.60 -1.80 145 301
-0.50 -1.80 151 300
-0.40 -1.80 150 299
-0.30 -1.80 152 299
-0.20 -1.80 155 296
-0.10 -1.80 157 296
-0.00 -1.80 158 295
0.10 -1.80 162 294
0.20 -1.80 165 293
0.30 -1.80 169 292
0.40 -1.80 168 292
0.50 -1.80 177 257
0.60 -1.80 180 256
0.70 -1.80 183 256
0.80 -1.80 184 254
0.90 -1.80 187 253
1.00 -1.80 189 252
1.10 -1.80 192 251
1.20 -1.80 194 250
1.30 -1.80 197 249
1.40 -1.80 199 248
1.50 -1.80 202 247
1.60 -1.80 204 246
1.70 -1.80 207 245
1.80 -1.80 209 244
1.90 -1.80 211 242
2.00 -1.80 213 242
2.10 -1.80 215 240
2.20 -1.80 219 240
2.30 -1.80 221 238
2.40 -1.80 223 237
2.50 -1.80 225 236
2.60 -1.80 228 235
2.70 -1.80 230 234
2.80 -1.80 233 232
2.90 -1.80 235 231
3.00 -1.80 237 230
3.10 -1.80 240 229
3.20 -1.80 242 228
3.30 -1.80 244 227
3.40 -1.80 247 225
3.50 -1.80 249 224
3.60 -1.80 251 223
3.70 -1.80 255 222
3.80 -1.80 256 221
3.90 -1.80 259 219
4.00 -1.80 260 218
4.10 -1.80 264 217
4.20 -1.80 265 216
4.30 -1.80 268 214
4.40 -1.80 270 213
4.50 -1.80 273 211
4.60 -1.80 275 210
4.70 -1.80 278 209
4.80 -1.80 280 207
4.90 -1.80 282 205
5.00 -1.80 284 205
5.10 -1.80 287 203
5.20 -1.80 289 202
5.30 -1.80 290 239
5.40 -1.80 294 199
5.50 -1.80 298 237
5.60 -1.80 299 197
5.70 -1.80 301 195
5.80 -1.80 304 194
5.90 -1.80 306 192
6.00 -1.80 308 191
6.10 -1.80 310 189
6.20 -1.80 313 189
6.30 -1.80 315 187
6.40 -1.80 317 185
6.50 -1.80 319 183
6.60 -1.80 321 182
6.70 -1.80 324 180
6.80 -1.80 326 179
6.90 -1.80 329 177
7.00 -1.80 330 175
7.10 -1.80 333 175
7.20 -1.80 335 173
7.30 -1.80 338 172
7.40 -1.80 340 171
7.50 -1.80 342 170
7.60 -1.80 343 170
7.70 -1.80 0 0
7.80 -1.80 0 0
7.90 -1.80 0 0
8.00 -1.80 0 0
8.10 -1.80 0 0
8.20 -1.80 0 0
8.30 -1.80 0 0
8.40 -1.80 0 0
8.50 -1.80 0 0
8.60 -1.80 0 0
8.70 -1.80 0 0
8.80 -1.80 0 0
8.90 -1.80 0 0
9.00 -1.80 0 0
9.10 -1.80 0 0
-9.00 -1.70 0 0
-8.90 -1.70 0 0
-8.80 -1.70 0 0
-8.70 -1.70 0 0
-8.60 -1.70 0 0
-8.50 -1.70 0 0
-8.40 -1.70 0 0
-8.30 -1.70 0 0
-8.20 -1.70 0 0
-8.10 -1.70 0 0
-8.00 -1.70 0 0
-7.90 -1.70 0 0
-7.80 -1.70 0 0
-7.70 -1.70 0 0
-7.60 -1.70 0 0
-7.50 -1.70 0 0
-7.40 -1.70 0 0
-7.30 -1.70 0 0
-7.20 -1.70 0 0
-7.10 -1.70 0 0
-7.00 -1.70 0 0
-6.90 -1.70 0 0
-6.80 -1.70 0 0
-6.70 -1.70 0 0
-6.60 -1.70 0 0
-6.50 -1.70 0 0
-6.40 -1.70 0 0
-6.30 -1.70 0 0
-6.20 -1.70 0 0
-6.10 -1.70 0 0
-6.00 -1.70 0 0
-5.90 -1.70 0 0
-5.80 -1.70 4 361
-5.70 -1.70 5 360
-5.60 -1.70 6 358
-5.50 -1.70 7 357
-5.40 -1.70 10 356
-5.30 -1.70 10 357
-5.20 -1.70 10 356
-5.10 -1.70 10 355
-5.00 -1.70 10 355
-4.90 -1.70 10 355
-4.80 -1.70 9 354
-4.70 -1.70 12 356
-4.60 -1.70 0 0
-4.50 -1.70 0 0
-4.40 -1.70 45 355
-4.30 -1.70 47 354
-4.20 -1.70 48 353
-4.10 -1.70 50 354
-4.00 -1.70 53 354
-3.90 -1.70 54 353
-3.80 -1.70 55 352
-3.70 -1.70 57 352
-3.60 -1.70 58 351
-3.50 -1.70 61 350
-3.40 -1.70 62 349
-3.30 -1.70 64 348
-3.20 -1.70 65 347
-3.10 -1.70 65 345
-3.00 -1.70 65 345
-2.90 -1.70 66 344
-2.80 -1.70 72 343
-2.70 -1.70 74 341
-2.60 -1.70 79 340
-2.50 -1.70 83 338
-2.40 -1.70 85 337
-2.30 -1.70 87 335
-2.20 -1.70 89 334
-2.10 -1.70 91 333
-2.00 -1.70 92 332
-1.90 -1.70 92 330
-1.80 -1.70 92 330
-1.70 -1.70 93 329
-1.60 -1.70 121 312
-1.50 -1.70 130 276
-1.40 -1.70 131 276
-1.30 -1.70 135 275
-1.20 -1.70 130 308
-1.10 -1.70 139 273
-1.00 -1.70 142 272
-0.90 -1.70 145 272
-0.80 -1.70 147 270
-0.70 -1.70 142 304
-0.60 -1.70 145 301
-0.50 -1.70 149 301
-0.40 -1.70 152 299
-0.30 -1.70 151 299
-0.20 -1.70 154 299
-0.10 -1.70 161 297
-0.00 -1.70 162 296
0.10 -1.70 164 295
0.20 -1.70 164 295
0.30 -1.70 168 294
0.40 -1.70 176 260
0.50 -1.70 179 258
0.60 -1.70 182 257
0.70 -1.70 184 256
0.80 -1.70 186 256
0.90 -1.70 188 254
1.00 -1.70 186 285
1.10 -1.70 193 252
1.20 -1.70 196 252
1.30 -1.70 198 251
1.40 -1.70 201 249
1.50 -1.70 203 248
1.60 -1.70 206 247
1.70 -1.70 208 246
1.80 -1.70 211 245
1.90 -1.70 213 244
2.00 -1.70 215 243
2.10 -1.70 217 242
2.20 -1.70 220 241
2.30 -1.70 222 239
2.40 -1.70 224 238
2.50 -1.70 227 237
2.60 -1.70 230 236
2.70 -1.70 232 235
2.80 -1.70 234 233
2.90 -1.70 237 232
3.00 -1.70 239 232
3.10 -1.70 241 230
3.20 -1.70 244 229
3.30 -1.70 246 228
3.40 -1.70 249 227
3.50 -1.70 251 226
3.60 -1.70 253 224
3.70 -1.70 256 223
3.80 -1.70 258 222
3.90 -1.70 260 220
4.00 -1.70 262 220
4.10 -1.70 265 218
4.20 -1.70 268 216
4.30 -1.70 270 216
4.40 -1.70 272 214
4.50 -1.70 274 213
4.60 -1.70 277 212
4.70 -1.70 279 210
4.80 -1.70 282 209
4.90 -1.70 283 246
5.00 -1.70 286 206
5.10 -1.70 288 204
5.20 -1.70 291 203
5.30 -1.70 294 240
5.40 -1.70 296 201
5.50 -1.70 300 238
5.60 -1.70 299 236
5.70 -1.70 300 236
5.80 -1.70 305 195
5.90 -1.70 307 194
6.00 -1.70 307 233
6.10 -1.70 312 191
6.20 -1.70 314 189
6.30 -1.70 317 188
6.40 -1.70 319 186
6.50 -1.70 321 185
6.60 -1.70 323 183
6.70 -1.70 325 182
6.80 -1.70 328 180
6.90 -1.70 330 179
7.00 -1.70 332 177
7.10 -1.70 335 175
7.20 -1.70 337 174
7.30 -1.70 339 173
7.40 -1.70 341 171
7.50 -1.70 343 171
7.60 -1.70 345 171
7.70 -1.70 0 0
7.80 -1.70 0 0
7.90 -1.70 0 0
8.00 -1.70 0 0
8.10 -1.70 0 0
8.20 -1.70 0 0
8.30 -1.70 0 0
8.40 -1.70 0 0
8.50 -1.70 0 0
8.60 -1.70 0 0
8.70 -1.70 0 0
8.80 -1.70 0 0
8.90 -1.70 0 0
9.00 -1.70 0 0
9.10 -1.70 0 0
-9.00 -1.60 0 0
-8.90 -1.60 0 0
-8.80 -1.60 0 0
-8.70 -1.60 0 0
-8.60 -1.60 0 0
-8.50 -1.60 0 0
-8.40 -1.60 0 0
-8.30 -1.60 0 0
-8.20 -1.60 0 0
-8.10 -1.60 0 0
-8.00 -1.60 0 0
-7.90 -1.60 0 0
-7.80 -1.60 0 0
-7.70 -1.60 0 0
-7.60 -1.60 0 0
-7.50 -1.60 0 0
-7.40 -1.60 0 0
-7.30 -1.60 0 0
-7.20 -1.60 0 0
-7.10 -1.60 0 0
-7.00 -1.60 0 0
-6.90 -1.60 0 0
-6.80 -1.60 0 0
-6.70 -1.60 0 0
-6.60 -1.60 0 0
-6.50 -1.60 0 0
-6.40 -1.60 0 0
-6.30 -1.60 0 0
-6.20 -1.60 0 0
-6.10 -1.60 0 0
-6.00 -1.60 0 0
-5.90 -1.60 0 0
-5.80 -1.60 5 362
-5.70 -1.60 6 361
-5.60 -1.60 8 360
-5.50 -1.60 9 359
-5.40 -1.60 9 359
-5.30 -1.60 10 357
-5.20 -1.60 10 358
-5.10 -1.60 11 357
-5.00 -1.60 11 357
-4.90 -1.60 11 358
-4.80 -1.60 12 357
-4.70 -1.60 12 356
-4.60 -1.60 0 0
-4.50 -1.60 0 0
-4.40 -1.60 46 355
-4.30 -1.60 47 354
-4.20 -1.60 50 355
-4.10 -1.60 53 355
-4.00 -1.60 54 355
-3.90 -1.60 56 355
-3.80 -1.60 57 354
-3.70 -1.60 58 354
-3.60 -1.60 60 353
-3.50 -1.60 62 352
-3.40 -1.60 64 351
-3.30 -1.60 64 350
-3.20 -1.60 64 350
-3.10 -1.60 66 348
-3.00 -1.60 67 347
-2.90 -1.60 68 345
-2.80 -1.60 73 344
-2.70 -1.60 76 342
-2.60 -1.60 81 341
-2.50 -1.60 84 340
-2.40 -1.60 86 338
-2.30 -1.60 89 337
-2.20 -1.60 90 336
-2.10 -1.60 91 334
-2.00 -1.60 93 334
-1.90 -1.60 94 332
-1.80 -1.60 94 331
-1.70 -1.60 94 331
-1.60 -1.60 121 315
-1.50 -1.60 127 312
-1.40 -1.60 133 277
-1.30 -1.60 129 310
-1.20 -1.60 129 310
-1.10 -1.60 140 275
-1.00 -1.60 138 308
-0.90 -1.60 142 307
-0.80 -1.60 143 306
-0.70 -1.60 147 304
-0.60 -1.60 150 302
-0.50 -1.60 152 302
-0.40 -1.60 153 301
-0.30 -1.60 155 301
-0.20 -1.60 158 300
-0.10 -1.60 159 299
-0.00 -1.60 162 298
0.10 -1.60 163 296
0.20 -1.60 167 295
0.30 -1.60 168 293
0.40 -1.60 178 261
0.50 -1.60 180 260
0.60 -1.60 183 259
0.70 -1.60 186 258
0.80 -1.60 188 257
0.90 -1.60 190 256
1.00 -1.60 192 255
1.10 -1.60 196 254
1.20 -1.60 197 253
1.30 -1.60 200 252
1.40 -1.60 202 251
1.50 -1.60 205 250
1.60 -1.60 207 248
1.70 -1.60 209 247
1.80 -1.60 212 246
1.90 -1.60 214 245
2.00 -1.60 217 244
2.10 -1.60 219 243
2.20 -1.60 222 242
2.30 -1.60 224 241
2.40 -1.60 226 240
2.50 -1.60 228 239
2.60 -1.60 231 237
2.70 -1.60 234 236
2.80 -1.60 236 235
2.90 -1.60 238 234
3.00 -1.60 240 232
3.10 -1.60 243 232
3.20 -1.60 245 230
3.30 -1.60 247 229
3.40 -1.60 250 228
3.50 -1.60 252 227
3.60 -1.60 255 225
3.70 -1.60 257 224
3.80 -1.60 259 223
3.90 -1.60 262 222
4.00 -1.60 264 220
4.10 -1.60 267 219
4.20 -1.60 269 218
4.30 -1.60 271 216
4.40 -1.60 274 215
4.50 -1.60 276 214
4.60 -1.60 278 212
4.70 -1.60 281 211
4.80 -1.60 283 210
4.90 -1.60 285 209
5.00 -1.60 288 208
5.10 -1.60 292 244
5.20 -1.60 292 242
5.30 -1.60 294 242
5.40 -1.60 297 242
5.50 -1.60 300 201
5.60 -1.60 302 200
5.70 -1.60 303 238
5.80 -1.60 306 196
5.90 -1.60 308 195
6.00 -1.60 311 194
6.10 -1.60 313 192
6.20 -1.60 316 190
6.30 -1.60 318 190
6.40 -1.60 320 188
6.50 -1.60 322 186
6.60 -1.60 325 185
6.70 -1.60 327 183
6.80 -1.60 329 182
6.90 -1.60 332 180
7.00 -1.60 334 178
7.10 -1.60 336 177
7.20 -1.60 338 176
7.30 -1.60 340 174
7.40 -1.60 343 173
7.50 -1.60 345 172
7.60 -1.60 348 172
7.70 -1.60 0 0
7.80 -1.60 0 0
7.90 -1.60 0 0
8.00 -1.60 0 0
8.10 -1.60 0 0
8.20 -1.60 0 0
8.30 -1.60 0 0
8.40 -1.60 0 0
8.50 -1.60 0 0
8.60 -1.60 0 0
8.70 -1.60 0 0
8.80 -1.60 0 0
8.90 -1.60 0 0
9.00 -1.60 0 0
9.10 -1.60 0 0
-9.00 -1.50 0 0
-8.90 -1.50 0 0
-8.80 -1.50 0 0
-8.70 -1.50 0 0
-8.60 -1.50 0 0
-8.50 -1.50 0 0
-8.40 -1.50 0 0
-8.30 -1.50 0 0
-8.20 -1.50 0 0
-8.10 -1.50 0 0
-8.00 -1.50 0 0
-7.90 -1.50 0 0
-7.80 -1.50 0 0
-7.70 -1.50 0 0
-7.60 -1.50 0 0
-7.50 -1.50 0 0
-7.40 -1.50 0 0
-7.30 -1.50 0 0
-7.20 -1.50 0 0
-7.10 -1.50 0 0
-7.00 -1.50 21 345
-6.90 -1.50 0 0
-6.80 -1.50 0 0
-6.70 -1.50 0 0
-6.60 -1.50 0 0
-6.50 -1.50 0 0
-6.40 -1.50 0 0
-6.30 -1.50 0 0
-6.20 -1.50 0 0
-6.10 -1.50 0 0
-6.00 -1.50 0 0
-5.90 -1.50 3 366
-5.80 -1.50 5 362
-5.70 -1.50 6 362
-5.60 -1.50 7 361
-5.50 -1.50 9 361
-5.40 -1.50 10 360
-5.30 -1.50 11 359
-5.20 -1.50 11 359
-5.10 -1.50 11 359
-5.00 -1.50 12 359
-4.90 -1.50 12 359
-4.80 -1.50 15 358
-4.70 -1.50 0 0
-4.60 -1.50 0 0
-4.50 -1.50 0 0
-4.40 -1.50 43 353
-4.30 -1.50 48 356
-4.20 -1.50 53 357
-4.10 -1.50 53 356
-4.00 -1.50 56 357
-3.90 -1.50 58 356
-3.80 -1.50 58 355
-3.70 -1.50 59 355
-3.60 -1.50 61 354
-3.50 -1.50 62 353
-3.40 -1.50 65 353
-3.30 -1.50 66 351
-3.20 -1.50 66 350
-3.10 -1.50 69 349
-3.00 -1.50 68 348
-2.90 -1.50 71 346
-2.80 -1.50 75 345
-2.70 -1.50 79 343
-2.60 -1.50 82 342
-2.50 -1.50 85 341
-2.40 -1.50 88 339
-2.30 -1.50 90 338
-2.20 -1.50 91 336
-2.10 -1.50 92 335
-2.00 -1.50 94 335
-1.90 -1.50 96 334
-1.80 -1.50 96 333
-1.70 -1.50 95 331
-1.60 -1.50 130 279
-1.50 -1.50 132 279
-1.40 -1.50 135 278
-1.30 -1.50 138 277
-1.20 -1.50 132 309
-1.10 -1.50 135 308
-1.00 -1.50 137 308
-0.90 -1.50 143 309
-0.80 -1.50 142 306
-0.70 -1.50 144 304
-0.60 -1.50 149 304
-0.50 -1.50 153 303
-0.40 -1.50 156 303
-0.30 -1.50 156 302
-0.20 -1.50 164 268
-0.10 -1.50 164 299
-0.00 -1.50 165 298
0.10 -1.50 172 265
0.20 -1.50 168 296
0.30 -1.50 177 263
0.40 -1.50 180 262
0.50 -1.50 175 295
0.60 -1.50 185 260
0.70 -1.50 187 260
0.80 -1.50 189 259
0.90 -1.50 191 257
1.00 -1.50 194 256
1.10 -1.50 197 255
1.20 -1.50 199 254
1.30 -1.50 202 253
1.40 -1.50 204 252
1.50 -1.50 207 251
1.60 -1.50 209 250
1.70 -1.50 211 249
1.80 -1.50 214 247
1.90 -1.50 216 247
2.00 -1.50 218 246
2.10 -1.50 221 244
2.20 -1.50 223 243
2.30 -1.50 226 242
2.40 -1.50 228 241
2.50 -1.50 230 240
2.60 -1.50 232 239
2.70 -1.50 235 238
2.80 -1.50 238 236
2.90 -1.50 240 235
3.00 -1.50 242 234
3.10 -1.50 245 232
3.20 -1.50 247 232
3.30 -1.50 249 230
3.40 -1.50 252 229
3.50 -1.50 254 227
3.60 -1.50 256 227
3.70 -1.50 259 225
3.80 -1.50 261 224
3.90 -1.50 263 222
4.00 -1.50 266 222
4.10 -1.50 268 220
4.20 -1.50 270 219
4.30 -1.50 273 218
4.40 -1.50 276 216
4.50 -1.50 278 215
4.60 -1.50 280 214
4.70 -1.50 283 212
4.80 -1.50 285 212
4.90 -1.50 287 210
5.00 -1.50 289 209
5.10 -1.50 291 246
5.20 -1.50 295 247
5.30 -1.50 296 245
5.40 -1.50 298 242
5.50 -1.50 301 202
5.60 -1.50 303 200
5.70 -1.50 306 199
5.80 -1.50 308 198
5.90 -1.50 310 196
6.00 -1.50 312 194
6.10 -1.50 315 193
6.20 -1.50 317 192
6.30 -1.50 319 190
6.40 -1.50 322 189
6.50 -1.50 324 188
6.60 -1.50 326 186
6.70 -1.50 328 184
6.80 -1.50 331 183
6.90 -1.50 333 182
7.00 -1.50 335 180
7.10 -1.50 338 178
7.20 -1.50 339 177
7.30 -1.50 342 176
7.40 -1.50 344 174
7.50 -1.50 347 172
7.60 -1.50 348 172
7.70 -1.50 350 172
7.80 -1.50 0 0
7.90 -1.50 0 0
8.00 -1.50 0 0
8.10 -1.50 0 0
8.20 -1.50 0 0
8.30 -1.50 0 0
8.40 -1.50 0 0
8.50 -1.50 0 0
8.60 -1.50 0 0
8.70 -1.50 0 0
8.80 -1.50 0 0
8.90 -1.50 0 0
9.00 -1.50 0 0
9.10 -1.50 0 0
-9.00 -1.40 0 0
-8.90 -1.40 0 0
-8.80 -1.40 0 0
-8.70 -1.40 0 0
-8.60 -1.40 0 0
-8.50 -1.40 0 0
-8.40 -1.40 0 0
-8.30 -1.40 0 0
-8.20 -1.40 0 0
-8.10 -1.40 0 0
-8.00 -1.40 0 0
-7.90 -1.40 0 0
-7.80 -1.40 0 0
-7.70 -1.40 0 0
-7.60 -1.40 0 0
-7.50 -1.40 0 0
-7.40 -1.40 0 0
-7.30 -1.40 0 0
-7.20 -1.40 0 0
-7.10 -1.40 0 0
-7.00 -1.40 0 0
-6.90 -1.40 0 0
-6.80 -1.40 0 0
-6.70 -1.40 0 0
-6.60 -1.40 0 0
-6.50 -1.40 0 0
-6.40 -1.40 0 0
-6.30 -1.40 0 0
-6.20 -1.40 0 0
-6.10 -1.40 0 0
-6.00 -1.40 0 0
-5.90 -1.40 3 363
-5.80 -1.40 5 364
-5.70 -1.40 7 362
-5.60 -1.40 9 361
-5.50 -1.40 10 361
-5.40 -1.40 10 361
-5.30 -1.40 11 360
-5.20 -1.40 12 360
-5.10 -1.40 12 360
-5.00 -1.40 12 360
-4.90 -1.40 14 361
-4.80 -1.40 16 359
-4.70 -1.40 16 359
-4.60 -1.40 0 0
-4.50 -1.40 0 0
-4.40 -1.40 47 356
-4.30 -1.40 50 357
-4.20 -1.40 53 358
-4.10 -1.40 55 358
-4.00 -1.40 58 358
-3.90 -1.40 59 357
-3.80 -1.40 60 357
-3.70 -1.40 62 356
-3.60 -1.40 62 355
-3.50 -1.40 64 355
-3.40 -1.40 66 353
-3.30 -1.40 66 352
-3.20 -1.40 67 351
-3.10 -1.40 67 350
-3.00 -1.40 70 350
-2.90 -1.40 72 348
-2.80 -1.40 77 347
-2.70 -1.40 79 345
-2.60 -1.40 84 343
-2.50 -1.40 86 342
-2.40 -1.40 90 341
-2.30 -1.40 92 339
-2.20 -1.40 93 338
-2.10 -1.40 94 337
-2.00 -1.40 96 337
-1.90 -1.40 96 335
-1.80 -1.40 99 336
-1.70 -1.40 129 282
-1.60 -1.40 131 282
-1.50 -1.40 133 280
-1.40 -1.40 136 279
-1.30 -1.40 139 278
-1.20 -1.40 0 0
-1.10 -1.40 144 277
-1.00 -1.40 147 276
-0.90 -1.40 150 275
-0.80 -1.40 151 274
-0.70 -1.40 150 306
-0.60 -1.40 152 307
-0.50 -1.40 151 306
-0.40 -1.40 155 304
-0.30 -1.40 163 270
-0.20 -1.40 161 302
-0.10 -1.40 163 300
-0.00 -1.40 165 299
0.10 -1.40 169 300
0.20 -1.40 172 299
0.30 -1.40 179 264
0.40 -1.40 181 264
0.50 -1.40 183 263
0.60 -1.40 186 262
0.70 -1.40 188 261
0.80 -1.40 191 259
0.90 -1.40 193 258
1.00 -1.40 196 258
1.10 -1.40 198 256
1.20 -1.40 200 256
1.30 -1.40 203 254
1.40 -1.40 205 253
1.50 -1.40 207 252
1.60 -1.40 210 251
1.70 -1.40 213 250
1.80 -1.40 215 249
1.90 -1.40 217 248
2.00 -1.40 220 246
2.10 -1.40 222 246
2.20 -1.40 225 245
2.30 -1.40 227 243
2.40 -1.40 229 242
2.50 -1.40 232 241
2.60 -1.40 234 240
2.70 -1.40 236 239
2.80 -1.40 238 237
2.90 -1.40 241 236
3.00 -1.40 244 235
3.10 -1.40 246 234
3.20 -1.40 248 233
3.30 -1.40 251 232
3.40 -1.40 253 231
3.50 -1.40 255 229
3.60 -1.40 258 228
3.70 -1.40 260 227
3.80 -1.40 263 226
3.90 -1.40 265 224
4.00 -1.40 268 223
4.10 -1.40 269 222
4.20 -1.40 272 220
4.30 -1.40 274 219
4.40 -1.40 276 218
4.50 -1.40 279 216
4.60 -1.40 281 215
4.70 -1.40 284 214
4.80 -1.40 286 213
4.90 -1.40 0 0
5.00 -1.40 291 210
5.10 -1.40 293 208
5.20 -1.40 295 207
5.30 -1.40 298 243
5.40 -1.40 300 204
5.50 -1.40 302 203
5.60 -1.40 305 201
5.70 -1.40 306 239
5.80 -1.40 309 198
5.90 -1.40 312 197
6.00 -1.40 314 196
6.10 -1.40 316 194
6.20 -1.40 319 193
6.30 -1.40 321 191
6.40 -1.40 323 190
6.50 -1.40 325 188
6.60 -1.40 327 186
6.70 -1.40 330 186
6.80 -1.40 333 184
6.90 -1.40 335 183
7.00 -1.40 337 181
7.10 -1.40 339 179
7.20 -1.40 341 178
7.30 -1.40 343 176
7.40 -1.40 346 175
7.50 -1.40 348 173
7.60 -1.40 350 173
7.70 -1.40 352 172
7.80 -1.40 0 0
7.90 -1.40 0 0
8.00 -1.40 0 0
8.10 -1.40 0 0
8.20 -1.40 0 0
8.30 -1.40 0 0
8.40 -1.40 0 0
8.50 -1.40 0 0
8.60 -1.40 0 0
8.70 -1.40 0 0
8.80 -1.40 0 0
8.90 -1.40 0 0
9.00 -1.40 0 0
9.10 -1.40 0 0
-9.00 -1.30 0 0
-8.90 -1.30 0 0
-8.80 -1.30 0 0
-8.70 -1.30 0 0
-8.60 -1.30 0 0
-8.50 -1.30 0 0
-8.40 -1.30 0 0
-8.30 -1.30 0 0
-8.20 -1.30 0 0
-8.10 -1.30 0 0
-8.00 -1.30 0 0
-7.90 -1.30 0 0
-7.80 -1.30 0 0
-7.70 -1.30 0 0
-7.60 -1.30 0 0
-7.50 -1.30 0 0
-7.40 -1.30 0 0
-7.30 -1.30 0 0
-7.20 -1.30 0 0
-7.10 -1.30 0 0
-7.00 -1.30 0 0
-6.90 -1.30 0 0
-6.80 -1.30 0 0
-6.70 -1.30 0 0
-6.60 -1.30 0 0
-6.50 -1.30 0 0
-6.40 -1.30 0 0
-6.30 -1.30 0 0
-6.20 -1.30 0 0
-6.10 -1.30 0 0
-6.00 -1.30 0 0
-5.90 -1.30 5 365
-5.80 -1.30 5 364
-5.70 -1.30 8 364
-5.60 -1.30 9 363
-5.50 -1.30 11 363
-5.40 -1.30 11 362
-5.30 -1.30 12 362
-5.20 -1.30 13 362
-5.10 -1.30 13 362
-5.00 -1.30 13 361
-4.90 -1.30 16 361
-4.80 -1.30 16 360
-4.70 -1.30 0 0
-4.60 -1.30 0 0
-4.50 -1.30 0 0
-4.40 -1.30 56 323
-4.30 -1.30 53 359
-4.20 -1.30 54 358
-4.10 -1.30 56 359
-4.00 -1.30 59 358
-3.90 -1.30 60 359
-3.80 -1.30 61 358
-3.70 -1.30 63 358
-3.60 -1.30 64 357
-3.50 -1.30 66 355
-3.40 -1.30 66 355
-3.30 -1.30 67 354
-3.20 -1.30 68 353
-3.10 -1.30 69 352
-3.00 -1.30 71 351
-2.90 -1.30 74 349
-2.80 -1.30 78 349
-2.70 -1.30 81 347
-2.60 -1.30 86 344
-2.50 -1.30 88 343
-2.40 -1.30 92 341
-2.30 -1.30 94 341
-2.20 -1.30 94 339
-2.10 -1.30 96 338
-2.00 -1.30 96 337
-1.90 -1.30 98 337
-1.80 -1.30 100 338
-1.70 -1.30 130 283
-1.60 -1.30 132 282
-1.50 -1.30 0 0
-1.40 -1.30 138 281
-1.30 -1.30 141 280
-1.20 -1.30 143 280
-1.10 -1.30 145 279
-1.00 -1.30 0 0
-0.90 -1.30 150 277
-0.80 -1.30 0 0
-0.70 -1.30 151 308
-0.60 -1.30 152 307
-0.50 -1.30 155 307
-0.40 -1.30 158 305
-0.30 -1.30 159 304
-0.20 -1.30 160 302
-0.10 -1.30 163 301
-0.00 -1.30 168 302
0.10 -1.30 175 267
0.20 -1.30 172 297
0.30 -1.30 180 266
0.40 -1.30 183 265
0.50 -1.30 185 264
0.60 -1.30 188 263
0.70 -1.30 190 262
0.80 -1.30 192 261
0.90 -1.30 195 260
1.00 -1.30 196 259
1.10 -1.30 199 258
1.20 -1.30 202 257
1.30 -1.30 204 256
1.40 -1.30 207 254
1.50 -1.30 209 253
1.60 -1.30 212 252
1.70 -1.30 214 251
1.80 -1.30 217 250
1.90 -1.30 219 249
2.00 -1.30 221 248
2.10 -1.30 224 247
2.20 -1.30 226 246
2.30 -1.30 229 245
2.40 -1.30 231 243
2.50 -1.30 233 242
2.60 -1.30 236 241
2.70 -1.30 238 240
2.80 -1.30 240 239
2.90 -1.30 243 238
3.00 -1.30 245 236
3.10 -1.30 247 235
3.20 -1.30 250 234
3.30 -1.30 252 233
3.40 -1.30 255 231
3.50 -1.30 257 230
3.60 -1.30 259 229
3.70 -1.30 262 228
3.80 -1.30 264 227
3.90 -1.30 266 225
4.00 -1.30 269 224
4.10 -1.30 272 224
4.20 -1.30 0 0
4.30 -1.30 276 220
4.40 -1.30 278 219
4.50 -1.30 280 218
4.60 -1.30 283 216
4.70 -1.30 0 0
4.80 -1.30 0 0
4.90 -1.30 290 212
5.00 -1.30 292 211
5.10 -1.30 294 210
5.20 -1.30 298 208
5.30 -1.30 298 208
5.40 -1.30 302 205
5.50 -1.30 304 204
5.60 -1.30 306 203
5.70 -1.30 309 201
5.80 -1.30 310 200
5.90 -1.30 313 199
6.00 -1.30 316 197
6.10 -1.30 318 195
6.20 -1.30 320 194
6.30 -1.30 323 192
6.40 -1.30 324 191
6.50 -1.30 327 190
6.60 -1.30 329 188
6.70 -1.30 331 187
6.80 -1.30 334 185
6.90 -1.30 336 184
7.00 -1.30 338 182
7.10 -1.30 340 181
7.20 -1.30 343 179
7.30 -1.30 345 177
7.40 -1.30 348 176
7.50 -1.30 350 175
7.60 -1.30 352 174
7.70 -1.30 354 173
7.80 -1.30 0 0
7.90 -1.30 0 0
8.00 -1.30 0 0
8.10 -1.30 0 0
8.20 -1.30 0 0
8.30 -1.30 0 0
8.40 -1.30 0 0
8.50 -1.30 0 0
8.60 -1.30 0 0
8.70 -1.30 0 0
8.80 -1.30 0 0
8.90 -1.30 0 0
9.00 -1.30 0 0
9.10 -1.30 0 0
-9.00 -1.20 0 0
-8.90 -1.20 0 0
-8.80 -1.20 0 0
-8.70 -1.20 0 0
-8.60 -1.20 0 0
-8.50 -1.20 0 0
-8.40 -1.20 0 0
-8.30 -1.20 0 0
-8.20 -1.20 0 0
-8.10 -1.20 0 0
-8.00 -1.20 0 0
-7.90 -1.20 0 0
-7.80 -1.20 0 0
-7.70 -1.20 0 0
-7.60 -1.20 0 0
-7.50 -1.20 0 0
-7.40 -1.20 0 0
-7.30 -1.20 0 0
-7.20 -1.20 0 0
-7.10 -1.20 0 0
-7.00 -1.20 0 0
-6.90 -1.20 0 0
-6.80 -1.20 0 0
-6.70 -1.20 0 0
-6.60 -1.20 0 0
-6.50 -1.20 0 0
-6.40 -1.20 0 0
-6.30 -1.20 0 0
-6.20 -1.20 0 0
-6.10 -1.20 0 0
-6.00 -1.20 0 0
-5.90 -1.20 5 365
-5.80 -1.20 6 364
-5.70 -1.20 9 366
-5.60 -1.20 10 364
-5.50 -1.20 11 363
-5.40 -1.20 12 364
-5.30 -1.20 13 363
-5.20 -1.20 14 363
-5.10 -1.20 15 363
-5.00 -1.20 16 362
-4.90 -1.20 18 362
-4.80 -1.20 18 360
-4.70 -1.20 0 0
-4.60 -1.20 0 0
-4.50 -1.20 56 325
-4.40 -1.20 58 325
-4.30 -1.20 53 360
-4.20 -1.20 57 361
-4.10 -1.20 59 361
-4.00 -1.20 60 359
-3.90 -1.20 62 359
-3.80 -1.20 63 360
-3.70 -1.20 64 358
-3.60 -1.20 66 359
-3.50 -1.20 66 358
-3.40 -1.20 69 357
-3.30 -1.20 69 357
-3.20 -1.20 68 355
-3.10 -1.20 70 353
-3.00 -1.20 72 352
-2.90 -1.20 76 351
-2.80 -1.20 79 349
-2.70 -1.20 84 348
-2.60 -1.20 87 345
-2.50 -1.20 91 344
-2.40 -1.20 93 342
-2.30 -1.20 96 343
-2.20 -1.20 96 340
-2.10 -1.20 98 341
-2.00 -1.20 98 339
-1.90 -1.20 101 339
-1.80 -1.20 101 339
-1.70 -1.20 132 285
-1.60 -1.20 128 318
-1.50 -1.20 137 283
-1.40 -1.20 139 282
-1.30 -1.20 142 281
-1.20 -1.20 144 281
-1.10 -1.20 146 280
-1.00 -1.20 147 311
-0.90 -1.20 146 312
-0.80 -1.20 149 310
-0.70 -1.20 152 311
-0.60 -1.20 155 308
-0.50 -1.20 162 274
-0.40 -1.20 159 305
-0.30 -1.20 161 305
-0.20 -1.20 163 305
-0.10 -1.20 172 271
-0.00 -1.20 167 300
0.10 -1.20 176 269
0.20 -1.20 179 268
0.30 -1.20 182 267
0.40 -1.20 184 266
0.50 -1.20 186 265
0.60 -1.20 189 264
0.70 -1.20 191 263
0.80 -1.20 194 262
0.90 -1.20 196 261
1.00 -1.20 198 260
1.10 -1.20 201 259
1.20 -1.20 204 258
1.30 -1.20 206 257
1.40 -1.20 208 256
1.50 -1.20 210 254
1.60 -1.20 213 253
1.70 -1.20 215 253
1.80 -1.20 218 252
1.90 -1.20 220 250
2.00 -1.20 223 249
2.10 -1.20 225 248
2.20 -1.20 228 247
2.30 -1.20 230 246
2.40 -1.20 233 244
2.50 -1.20 235 244
2.60 -1.20 237 242
2.70 -1.20 240 241
2.80 -1.20 242 240
2.90 -1.20 244 239
3.00 -1.20 246 238
3.10 -1.20 249 237
3.20 -1.20 252 236
3.30 -1.20 254 234
3.40 -1.20 256 233
3.50 -1.20 258 232
3.60 -1.20 261 231
3.70 -1.20 263 229
3.80 -1.20 265 228
3.90 -1.20 268 227
4.00 -1.20 271 226
4.10 -1.20 273 224
4.20 -1.20 275 223
4.30 -1.20 277 221
4.40 -1.20 280 221
4.50 -1.20 0 0
4.60 -1.20 284 217
4.70 -1.20 287 215
4.80 -1.20 289 215
4.90 -1.20 291 213
5.00 -1.20 294 212
5.10 -1.20 296 211
5.20 -1.20 298 210
5.30 -1.20 301 208
5.40 -1.20 303 206
5.50 -1.20 306 205
5.60 -1.20 308 204
5.70 -1.20 310 202
5.80 -1.20 313 201
5.90 -1.20 314 200
6.00 -1.20 317 198
6.10 -1.20 319 197
6.20 -1.20 321 195
6.30 -1.20 324 194
6.40 -1.20 326 192
6.50 -1.20 329 190
6.60 -1.20 331 189
6.70 -1.20 333 188
6.80 -1.20 335 187
6.90 -1.20 338 185
7.00 -1.20 340 183
7.10 -1.20 341 182
7.20 -1.20 344 180
7.30 -1.20 346 179
7.40 -1.20 349 177
7.50 -1.20 351 175
7.60 -1.20 353 175
7.70 -1.20 355 174
7.80 -1.20 357 174
7.90 -1.20 0 0
8.00 -1.20 0 0
8.10 -1.20 0 0
8.20 -1.20 0 0
8.30 -1.20 0 0
8.40 -1.20 0 0
8.50 -1.20 0 0
8.60 -1.20 0 0
8.70 -1.20 0 0
8.80 -1.20 0 0
8.90 -1.20 0 0
9.00 -1.20 0 0
9.10 -1.20 0 0
-9.00 -1.10 0 0
-8.90 -1.10 0 0
-8.80 -1.10 0 0
-8.70 -1.10 0 0
-8.60 -1.10 0 0
-8.50 -1.10 0 0
-8.40 -1.10 0 0
-8.30 -1.10 0 0
-8.20 -1.10 0 0
-8.10 -1.10 0 0
-8.00 -1.10 0 0
-7.90 -1.10 0 0
-7.80 -1.10 0 0
-7.70 -1.10 0 0
-7.60 -1.10 0 0
-7.50 -1.10 0 0
-7.40 -1.10 0 0
-7.30 -1.10 0 0
-7.20 -1.10 0 0
-7.10 -1.10 0 0
-7.00 -1.10 0 0
-6.90 -1.10 0 0
-6.80 -1.10 0 0
-6.70 -1.10 0 0
-6.60 -1.10 0 0
-6.50 -1.10 0 0
-6.40 -1.10 0 0
-6.30 -1.10 0 0
-6.20 -1.10 0 0
-6.10 -1.10 0 0
-6.00 -1.10 0 0
-5.90 -1.10 5 367
-5.80 -1.10 7 367
-5.70 -1.10 9 367
-5.60 -1.10 12 366
-5.50 -1.10 12 366
-5.40 -1.10 14 366
-5.30 -1.10 14 366
-5.20 -1.10 14 365
-5.10 -1.10 17 365
-5.00 -1.10 17 364
-4.90 -1.10 19 364
-4.80 -1.10 21 362
-4.70 -1.10 0 0
-4.60 -1.10 0 0
-4.50 -1.10 57 327
-4.40 -1.10 59 326
-4.30 -1.10 56 361
-4.20 -1.10 58 362
-4.10 -1.10 60 362
-4.00 -1.10 61 361
-3.90 -1.10 64 362
-3.80 -1.10 65 361
-3.70 -1.10 66 360
-3.60 -1.10 67 360
-3.50 -1.10 68 359
-3.40 -1.10 69 358
-3.30 -1.10 70 357
-3.20 -1.10 71 357
-3.10 -1.10 72 356
-3.00 -1.10 75 354
-2.90 -1.10 77 353
-2.80 -1.10 81 351
-2.70 -1.10 85 349
-2.60 -1.10 90 347
-2.50 -1.10 92 345
-2.40 -1.10 94 345
-2.30 -1.10 96 343
-2.20 -1.10 98 343
-2.10 -1.10 100 342
-2.00 -1.10 100 340
-1.90 -1.10 103 341
-1.80 -1.10 131 287
-1.70 -1.10 133 286
-1.60 -1.10 136 285
-1.50 -1.10 139 284
-1.40 -1.10 0 0
-1.30 -1.10 143 283
-1.20 -1.10 146 282
-1.10 -1.10 144 316
-1.00 -1.10 152 280
-0.90 -1.10 149 314
-0.80 -1.10 150 312
-0.70 -1.10 154 310
-0.60 -1.10 154 310
-0.50 -1.10 163 276
-0.40 -1.10 158 306
-0.30 -1.10 164 307
-0.20 -1.10 171 273
-0.10 -1.10 170 305
-0.00 -1.10 176 271
0.10 -1.10 174 302
0.20 -1.10 181 269
0.30 -1.10 184 268
0.40 -1.10 186 267
0.50 -1.10 188 266
0.60 -1.10 190 265
0.70 -1.10 193 264
0.80 -1.10 195 264
0.90 -1.10 197 262
1.00 -1.10 200 261
1.10 -1.10 202 260
1.20 -1.10 205 259
1.30 -1.10 207 258
1.40 -1.10 210 257
1.50 -1.10 212 256
1.60 -1.10 215 255
1.70 -1.10 217 254
1.80 -1.10 219 253
1.90 -1.10 222 251
2.00 -1.10 224 250
2.10 -1.10 226 249
2.20 -1.10 229 248
2.30 -1.10 231 247
2.40 -1.10 234 246
2.50 -1.10 237 245
2.60 -1.10 238 244
2.70 -1.10 241 242
2.80 -1.10 243 242
2.90 -1.10 246 240
3.00 -1.10 248 238
3.10 -1.10 251 238
3.20 -1.10 253 237
3.30 -1.10 255 236
3.40 -1.10 257 234
3.50 -1.10 260 233
3.60 -1.10 262 231
3.70 -1.10 264 229
3.80 -1.10 266 229
3.90 -1.10 269 227
4.00 -1.10 272 226
4.10 -1.10 274 225
4.20 -1.10 276 224
4.30 -1.10 278 223
4.40 -1.10 281 221
4.50 -1.10 283 220
4.60 -1.10 287 218
4.70 -1.10 0 0
4.80 -1.10 291 216
4.90 -1.10 293 215
5.00 -1.10 295 214
5.10 -1.10 297 212
5.20 -1.10 300 211
5.30 -1.10 302 209
5.40 -1.10 304 208
5.50 -1.10 307 207
5.60 -1.10 309 205
5.70 -1.10 311 204
5.80 -1.10 314 202
5.90 -1.10 317 200
6.00 -1.10 318 200
6.10 -1.10 321 198
6.20 -1.10 323 196
6.30 -1.10 325 195
6.40 -1.10 327 194
6.50 -1.10 330 192
6.60 -1.10 332 190
6.70 -1.10 334 189
6.80 -1.10 336 187
6.90 -1.10 339 186
7.00 -1.10 341 185
7.10 -1.10 344 183
7.20 -1.10 346 182
7.30 -1.10 348 180
7.40 -1.10 351 178
7.50 -1.10 353 177
7.60 -1.10 355 176
7.70 -1.10 357 175
7.80 -1.10 359 174
7.90 -1.10 0 0
8.00 -1.10 0 0
8.10 -1.10 0 0
8.20 -1.10 0 0
8.30 -1.10 0 0
8.40 -1.10 0 0
8.50 -1.10 0 0
8.60 -1.10 0 0
8.70 -1.10 0 0
8.80 -1.10 0 0
8.90 -1.10 0 0
9.00 -1.10 0 0
9.10 -1.10 0 0
-9.00 -1.00 0 0
-8.90 -1.00 0 0
-8.80 -1.00 0 0
-8.70 -1.00 0 0
-8.60 -1.00 0 0
-8.50 -1.00 0 0
-8.40 -1.00 0 0
-8.30 -1.00 0 0
-8.20 -1.00 0 0
-8.10 -1.00 0 0
-8.00 -1.00 0 0
-7.90 -1.00 0 0
-7.80 -1.00 0 0
-7.70 -1.00 0 0
-7.60 -1.00 0 0
-7.50 -1.00 0 0
-7.40 -1.00 0 0
-7.30 -1.00 0 0
-7.20 -1.00 0 0
-7.10 -1.00 0 0
-7.00 -1.00 0 0
-6.90 -1.00 0 0
-6.80 -1.00 0 0
-6.70 -1.00 0 0
-6.60 -1.00 0 0
-6.50 -1.00 0 0
-6.40 -1.00 0 0
-6.30 -1.00 0 0
-6.20 -1.00 0 0
-6.10 -1.00 0 0
-6.00 -1.00 0 0
-5.90 -1.00 5 369
-5.80 -1.00 9 368
-5.70 -1.00 10 368
-5.60 -1.00 12 368
-5.50 -1.00 13 367
-5.40 -1.00 15 366
-5.30 -1.00 16 367
-5.20 -1.00 16 367
-5.10 -1.00 17 366
-5.00 -1.00 19 365
-4.90 -1.00 20 365
-4.80 -1.00 22 365
-4.70 -1.00 0 0
-4.60 -1.00 0 0
-4.50 -1.00 58 328
-4.40 -1.00 61 327
-4.30 -1.00 58 363
-4.20 -1.00 61 363
-4.10 -1.00 62 363
-4.00 -1.00 64 362
-3.90 -1.00 66 363
-3.80 -1.00 66 362
-3.70 -1.00 68 362
-3.60 -1.00 69 361
-3.50 -1.00 69 361
-3.40 -1.00 69 360
-3.30 -1.00 70 359
-3.20 -1.00 72 358
-3.10 -1.00 73 357
-3.00 -1.00 76 356
-2.90 -1.00 80 354
-2.80 -1.00 83 353
-2.70 -1.00 89 351
-2.60 -1.00 91 348
-2.50 -1.00 95 349
-2.40 -1.00 97 345
-2.30 -1.00 99 345
-2.20 -1.00 99 344
-2.10 -1.00 101 343
-2.00 -1.00 103 343
-1.90 -1.00 103 341
-1.80 -1.00 103 340
-1.70 -1.00 135 287
-1.60 -1.00 137 286
-1.50 -1.00 131 319
-1.40 -1.00 142 285
-1.30 -1.00 139 317
-1.20 -1.00 142 317
-1.10 -1.00 151 282
-1.00 -1.00 152 316
-0.90 -1.00 155 280
-0.80 -1.00 154 314
-0.70 -1.00 161 279
-0.60 -1.00 157 310
-0.50 -1.00 156 310
-0.40 -1.00 161 309
-0.30 -1.00 167 308
-0.20 -1.00 169 306
-0.10 -1.00 172 304
-0.00 -1.00 174 306
0.10 -1.00 176 304
0.20 -1.00 182 271
0.30 -1.00 184 269
0.40 -1.00 187 268
0.50 -1.00 189 268
0.60 -1.00 191 267
0.70 -1.00 195 265
0.80 -1.00 196 265
0.90 -1.00 199 264
1.00 -1.00 202 262
1.10 -1.00 204 262
1.20 -1.00 206 260
1.30 -1.00 209 259
1.40 -1.00 211 258
1.50 -1.00 213 257
1.60 -1.00 216 256
1.70 -1.00 218 255
1.80 -1.00 221 254
1.90 -1.00 223 253
2.00 -1.00 226 252
2.10 -1.00 228 251
2.20 -1.00 230 250
2.30 -1.00 233 248
2.40 -1.00 235 247
2.50 -1.00 238 245
2.60 -1.00 240 245
2.70 -1.00 242 244
2.80 -1.00 245 243
2.90 -1.00 247 241
3.00 -1.00 249 240
3.10 -1.00 252 239
3.20 -1.00 254 238
3.30 -1.00 257 236
3.40 -1.00 259 236
3.50 -1.00 261 234
3.60 -1.00 264 232
3.70 -1.00 267 232
3.80 -1.00 268 231
3.90 -1.00 272 229
4.00 -1.00 273 228
4.10 -1.00 276 226
4.20 -1.00 278 225
4.30 -1.00 281 224
4.40 -1.00 283 223
4.50 -1.00 285 222
4.60 -1.00 288 220
4.70 -1.00 290 218
4.80 -1.00 292 218
4.90 -1.00 295 216
5.00 -1.00 297 214
5.10 -1.00 299 213
5.20 -1.00 301 212
5.30 -1.00 303 210
5.40 -1.00 306 210
5.50 -1.00 308 208
5.60 -1.00 310 206
5.70 -1.00 313 205
5.80 -1.00 316 203
5.90 -1.00 318 201
6.00 -1.00 319 201
6.10 -1.00 322 199
6.20 -1.00 324 197
6.30 -1.00 327 196
6.40 -1.00 329 195
6.50 -1.00 331 193
6.60 -1.00 334 191
6.70 -1.00 336 190
6.80 -1.00 338 188
6.90 -1.00 340 187
7.00 -1.00 343 186
7.10 -1.00 345 184
7.20 -1.00 347 183
7.30 -1.00 349 181
7.40 -1.00 352 179
7.50 -1.00 354 178
7.60 -1.00 357 176
7.70 -1.00 358 176
7.80 -1.00 360 175
7.90 -1.00 0 0
8.00 -1.00 0 0
8.10 -1.00 0 0
8.20 -1.00 0 0
8.30 -1.00 0 0
8.40 -1.00 0 0
8.50 -1.00 0 0
8.60 -1.00 0 0
8.70 -1.00 0 0
8.80 -1.00 0 0
8.90 -1.00 0 0
9.00 -1.00 0 0
9.10 -1.00 0 0
-9.00 -0.90 0 0
-8.90 -0.90 0 0
-8.80 -0.90 0 0
-8.70 -0.90 0 0
-8.60 -0.90 0 0
-8.50 -0.90 0 0
-8.40 -0.90 0 0
-8.30 -0.90 0 0
-8.20 -0.90 0 0
-8.10 -0.90 0 0
-8.00 -0.90 0 0
-7.90 -0.90 0 0
-7.80 -0.90 0 0
-7.70 -0.90 0 0
-7.60 -0.90 0 0
-7.50 -0.90 0 0
-7.40 -0.90 0 0
-7.30 -0.90 0 0
-7.20 -0.90 0 0
-7.10 -0.90 0 0
-7.00 -0.90 0 0
-6.90 -0.90 0 0
-6.80 -0.90 0 0
-6.70 -0.90 0 0
-6.60 -0.90 0 0
-6.50 -0.90 0 0
-6.40 -0.90 0 0
-6.30 -0.90 0 0
-6.20 -0.90 0 0
-6.10 -0.90 0 0
-6.00 -0.90 0 0
-5.90 -0.90 8 368
-5.80 -0.90 9 368
-5.70 -0.90 12 370
-5.60 -0.90 14 369
-5.50 -0.90 15 368
-5.40 -0.90 15 368
-5.30 -0.90 16 368
-5.20 -0.90 18 368
-5.10 -0.90 19 367
-5.00 -0.90 20 367
-4.90 -0.90 22 366
-4.80 -0.90 24 367
-4.70 -0.90 0 0
-4.60 -0.90 58 331
-4.50 -0.90 60 330
-4.40 -0.90 63 328
-4.30 -0.90 60 364
-4.20 -0.90 61 364
-4.10 -0.90 64 364
-4.00 -0.90 65 364
-3.90 -0.90 67 364
-3.80 -0.90 68 363
-3.70 -0.90 69 363
-3.60 -0.90 71 363
-3.50 -0.90 71 362
-3.40 -0.90 71 361
-3.30 -0.90 71 361
-3.20 -0.90 74 360
-3.10 -0.90 75 358
-3.00 -0.90 78 357
-2.90 -0.90 81 355
-2.80 -0.90 85 354
-2.70 -0.90 90 351
-2.60 -0.90 92 350
-2.50 -0.90 96 349
-2.40 -0.90 98 347
-2.30 -0.90 101 347
-2.20 -0.90 101 346
-2.10 -0.90 103 346
-2.00 -0.90 103 343
-1.90 -0.90 104 343
-1.80 -0.90 103 341
-1.70 -0.90 137 289
-1.60 -0.90 139 288
-1.50 -0.90 135 321
-1.40 -0.90 144 286
-1.30 -0.90 147 286
-1.20 -0.90 144 316
-1.10 -0.90 152 284
-1.00 -0.90 154 283
-0.90 -0.90 150 314
-0.80 -0.90 154 313
-0.70 -0.90 156 313
-0.60 -0.90 160 312
-0.50 -0.90 162 310
-0.40 -0.90 163 309
-0.30 -0.90 167 310
-0.20 -0.90 170 306
-0.10 -0.90 168 307
-0.00 -0.90 173 307
0.10 -0.90 178 306
0.20 -0.90 184 272
0.30 -0.90 186 271
0.40 -0.90 188 270
0.50 -0.90 191 269
0.60 -0.90 193 268
0.70 -0.90 196 267
0.80 -0.90 198 266
0.90 -0.90 201 265
1.00 -0.90 203 264
1.10 -0.90 206 263
1.20 -0.90 208 262
1.30 -0.90 210 260
1.40 -0.90 213 259
1.50 -0.90 215 258
1.60 -0.90 218 257
1.70 -0.90 220 256
1.80 -0.90 222 255
1.90 -0.90 225 254
2.00 -0.90 228 253
2.10 -0.90 230 252
2.20 -0.90 232 250
2.30 -0.90 234 249
2.40 -0.90 237 248
2.50 -0.90 239 247
2.60 -0.90 241 246
2.70 -0.90 244 245
2.80 -0.90 246 244
2.90 -0.90 249 242
3.00 -0.90 251 241
3.10 -0.90 253 240
3.20 -0.90 256 239
3.30 -0.90 258 238
3.40 -0.90 260 236
3.50 -0.90 263 236
3.60 -0.90 266 234
3.70 -0.90 268 232
3.80 -0.90 270 231
3.90 -0.90 272 230
4.00 -0.90 275 229
4.10 -0.90 277 228
4.20 -0.90 280 226
4.30 -0.90 282 225
4.40 -0.90 287 259
4.50 -0.90 287 261
4.60 -0.90 290 260
4.70 -0.90 291 220
4.80 -0.90 294 255
4.90 -0.90 296 217
5.00 -0.90 298 216
5.10 -0.90 301 215
5.20 -0.90 304 250
5.30 -0.90 306 212
5.40 -0.90 308 210
5.50 -0.90 310 209
5.60 -0.90 310 246
5.70 -0.90 315 206
5.80 -0.90 317 204
5.90 -0.90 319 203
6.00 -0.90 321 202
6.10 -0.90 324 200
6.20 -0.90 326 199
6.30 -0.90 328 197
6.40 -0.90 330 196
6.50 -0.90 333 194
6.60 -0.90 335 193
6.70 -0.90 337 191
6.80 -0.90 340 189
6.90 -0.90 342 188
7.00 -0.90 344 187
7.10 -0.90 346 186
7.20 -0.90 348 184
7.30 -0.90 351 182
7.40 -0.90 353 180
7.50 -0.90 355 179
7.60 -0.90 358 178
7.70 -0.90 360 177
7.80 -0.90 362 176
7.90 -0.90 0 0
8.00 -0.90 0 0
8.10 -0.90 0 0
8.20 -0.90 0 0
8.30 -0.90 0 0
8.40 -0.90 0 0
8.50 -0.90 0 0
8.60 -0.90 0 0
8.70 -0.90 0 0
8.80 -0.90 0 0
8.90 -0.90 0 0
9.00 -0.90 0 0
9.10 -0.90 0 0
-9.00 -0.80 0 0
-8.90 -0.80 0 0
-8.80 -0.80 0 0
-8.70 -0.80 0 0
-8.60 -0.80 0 0
-8.50 -0.80 0 0
-8.40 -0.80 0 0
-8.30 -0.80 0 0
-8.20 -0.80 0 0
-8.10 -0.80 0 0
-8.00 -0.80 0 0
-7.90 -0.80 0 0
-7.80 -0.80 0 0
-7.70 -0.80 0 0
-7.60 -0.80 0 0
-7.50 -0.80 0 0
-7.40 -0.80 0 0
-7.30 -0.80 0 0
-7.20 -0.80 0 0
-7.10 -0.80 0 0
-7.00 -0.80 0 0
-6.90 -0.80 0 0
-6.80 -0.80 0 0
-6.70 -0.80 0 0
-6.60 -0.80 0 0
-6.50 -0.80 0 0
-6.40 -0.80 0 0
-6.30 -0.80 0 0
-6.20 -0.80 0 0
-6.10 -0.80 0 0
-6.00 -0.80 0 0
-5.90 -0.80 9 371
-5.80 -0.80 13 372
-5.70 -0.80 13 370
-5.60 -0.80 15 370
-5.50 -0.80 16 370
-5.40 -0.80 17 370
-5.30 -0.80 18 370
-5.20 -0.80 19 369
-5.10 -0.80 21 368
-5.00 -0.80 23 368
-4.90 -0.80 24 368
-4.80 -0.80 25 369
-4.70 -0.80 24 367
-4.60 -0.80 59 332
-4.50 -0.80 61 331
-4.40 -0.80 64 329
-4.30 -0.80 62 366
-4.20 -0.80 64 366
-4.10 -0.80 64 364
-4.00 -0.80 67 365
-3.90 -0.80 68 365
-3.80 -0.80 70 364
-3.70 -0.80 71 364
-3.60 -0.80 71 364
-3.50 -0.80 72 364
-3.40 -0.80 73 363
-3.30 -0.80 74 361
-3.20 -0.80 76 361
-3.10 -0.80 77 360
-3.00 -0.80 80 358
-2.90 -0.80 84 356
-2.80 -0.80 87 355
-2.70 -0.80 91 353
-2.60 -0.80 94 351
-2.50 -0.80 97 350
-2.40 -0.80 99 349
-2.30 -0.80 101 347
-2.20 -0.80 103 347
-2.10 -0.80 103 346
-2.00 -0.80 105 345
-1.90 -0.80 106 345
-1.80 -0.80 107 344
-1.70 -0.80 138 290
-1.60 -0.80 134 322
-1.50 -0.80 135 322
-1.40 -0.80 142 321
-1.30 -0.80 146 321
-1.20 -0.80 146 319
-1.10 -0.80 147 320
-1.00 -0.80 155 285
-0.90 -0.80 151 316
-0.80 -0.80 156 316
-0.70 -0.80 162 281
-0.60 -0.80 159 313
-0.50 -0.80 163 311
-0.40 -0.80 163 313
-0.30 -0.80 168 310
-0.20 -0.80 169 308
-0.10 -0.80 171 309
-0.00 -0.80 175 307
0.10 -0.80 176 308
0.20 -0.80 180 306
0.30 -0.80 183 305
0.40 -0.80 184 301
0.50 -0.80 192 270
0.60 -0.80 195 269
0.70 -0.80 197 268
0.80 -0.80 199 267
0.90 -0.80 202 266
1.00 -0.80 205 265
1.10 -0.80 207 264
1.20 -0.80 209 263
1.30 -0.80 212 262
1.40 -0.80 214 261
1.50 -0.80 217 259
1.60 -0.80 220 258
1.70 -0.80 221 257
1.80 -0.80 224 256
1.90 -0.80 226 255
2.00 -0.80 229 254
2.10 -0.80 231 253
2.20 -0.80 233 252
2.30 -0.80 236 251
2.40 -0.80 238 249
2.50 -0.80 241 248
2.60 -0.80 243 247
2.70 -0.80 245 246
2.80 -0.80 248 245
2.90 -0.80 250 244
3.00 -0.80 253 243
3.10 -0.80 254 241
3.20 -0.80 258 240
3.30 -0.80 260 239
3.40 -0.80 262 237
3.50 -0.80 265 236
3.60 -0.80 267 236
3.70 -0.80 269 234
3.80 -0.80 272 233
3.90 -0.80 274 231
4.00 -0.80 276 231
4.10 -0.80 279 229
4.20 -0.80 282 228
4.30 -0.80 283 226
4.40 -0.80 286 225
4.50 -0.80 289 223
4.60 -0.80 291 222
4.70 -0.80 293 221
4.80 -0.80 295 219
4.90 -0.80 297 218
5.00 -0.80 300 217
5.10 -0.80 302 215
5.20 -0.80 305 215
5.30 -0.80 306 252
5.40 -0.80 310 212
5.50 -0.80 312 210
5.60 -0.80 314 209
5.70 -0.80 316 207
5.80 -0.80 318 206
5.90 -0.80 320 244
6.00 -0.80 323 203
6.10 -0.80 325 201
6.20 -0.80 327 200
6.30 -0.80 329 198
6.40 -0.80 333 197
6.50 -0.80 335 195
6.60 -0.80 337 194
6.70 -0.80 339 192
6.80 -0.80 341 191
6.90 -0.80 344 189
7.00 -0.80 346 188
7.10 -0.80 348 186
7.20 -0.80 350 184
7.30 -0.80 353 183
7.40 -0.80 355 181
7.50 -0.80 357 180
7.60 -0.80 359 178
7.70 -0.80 361 177
7.80 -0.80 363 177
7.90 -0.80 365 177
8.00 -0.80 0 0
8.10 -0.80 0 0
8.20 -0.80 0 0
8.30 -0.80 0 0
8.40 -0.80 0 0
8.50 -0.80 0 0
8.60 -0.80 0 0
8.70 -0.80 0 0
8.80 -0.80 0 0
8.90 -0.80 0 0
9.00 -0.80 0 0
9.10 -0.80 0 0
-9.00 -0.70 0 0
-8.90 -0.70 0 0
-8.80 -0.70 0 0
-8.70 -0.70 0 0
-8.60 -0.70 0 0
-8.50 -0.70 0 0
-8.40 -0.70 0 0
-8.30 -0.70 0 0
-8.20 -0.70 0 0
-8.10 -0.70 0 0
-8.00 -0.70 0 0
-7.90 -0.70 0 0
-7.80 -0.70 0 0
-7.70 -0.70 0 0
-7.60 -0.70 0 0
-7.50 -0.70 0 0
-7.40 -0.70 0 0
-7.30 -0.70 0 0
-7.20 -0.70 0 0
-7.10 -0.70 0 0
-7.00 -0.70 3 323
-6.90 -0.70 0 0
-6.80 -0.70 0 0
-6.70 -0.70 0 0
-6.60 -0.70 0 0
-6.50 -0.70 0 0
-6.40 -0.70 0 0
-6.30 -0.70 0 0
-6.20 -0.70 0 0
-6.10 -0.70 0 0
-6.00 -0.70 0 0
-5.90 -0.70 12 374
-5.80 -0.70 12 373
-5.70 -0.70 15 371
-5.60 -0.70 16 371
-5.50 -0.70 17 371
-5.40 -0.70 18 371
-5.30 -0.70 20 371
-5.20 -0.70 21 371
-5.10 -0.70 22 369
-5.00 -0.70 23 369
-4.90 -0.70 25 369
-4.80 -0.70 26 370
-4.70 -0.70 28 371
-4.60 -0.70 61 334
-4.50 -0.70 63 332
-4.40 -0.70 67 370
-4.30 -0.70 65 368
-4.20 -0.70 66 367
-4.10 -0.70 68 367
-4.00 -0.70 69 366
-3.90 -0.70 71 366
-3.80 -0.70 72 366
-3.70 -0.70 72 365
-3.60 -0.70 73 366
-3.50 -0.70 73 365
-3.40 -0.70 75 364
-3.30 -0.70 74 363
-3.20 -0.70 75 362
-3.10 -0.70 79 362
-3.00 -0.70 81 360
-2.90 -0.70 85 358
-2.80 -0.70 90 356
-2.70 -0.70 92 355
-2.60 -0.70 97 353
-2.50 -0.70 99 351
-2.40 -0.70 101 351
-2.30 -0.70 104 350
-2.20 -0.70 105 349
-2.10 -0.70 105 347
-2.00 -0.70 106 346
-1.90 -0.70 106 345
-1.80 -0.70 107 346
-1.70 -0.70 131 325
-1.60 -0.70 131 324
-1.50 -0.70 144 290
-1.40 -0.70 140 320
-1.30 -0.70 146 323
-1.20 -0.70 146 321
-1.10 -0.70 155 287
-1.00 -0.70 151 318
-0.90 -0.70 154 317
-0.80 -0.70 156 316
-0.70 -0.70 160 314
-0.60 -0.70 162 313
-0.50 -0.70 164 312
-0.40 -0.70 166 310
-0.30 -0.70 169 311
-0.20 -0.70 170 309
-0.10 -0.70 175 309
-0.00 -0.70 174 308
0.10 -0.70 179 307
0.20 -0.70 181 308
0.30 -0.70 189 273
0.40 -0.70 192 273
0.50 -0.70 194 272
0.60 -0.70 196 270
0.70 -0.70 199 269
0.80 -0.70 201 268
0.90 -0.70 203 267
1.00 -0.70 206 266
1.10 -0.70 209 265
1.20 -0.70 211 264
1.30 -0.70 213 263
1.40 -0.70 216 262
1.50 -0.70 218 261
1.60 -0.70 220 259
1.70 -0.70 223 259
1.80 -0.70 225 258
1.90 -0.70 228 256
2.00 -0.70 230 256
2.10 -0.70 233 254
2.20 -0.70 235 254
2.30 -0.70 238 252
2.40 -0.70 240 251
2.50 -0.70 242 250
2.60 -0.70 245 249
2.70 -0.70 247 248
2.80 -0.70 250 246
2.90 -0.70 252 245
3.00 -0.70 254 244
3.10 -0.70 257 243
3.20 -0.70 259 242
3.30 -0.70 262 240
3.40 -0.70 263 239
3.50 -0.70 266 237
3.60 -0.70 268 237
3.70 -0.70 271 235
3.80 -0.70 273 234
3.90 -0.70 276 233
4.00 -0.70 278 232
4.10 -0.70 280 231
4.20 -0.70 283 229
4.30 -0.70 285 227
4.40 -0.70 288 226
4.50 -0.70 290 225
4.60 -0.70 292 223
4.70 -0.70 295 222
4.80 -0.70 297 221
4.90 -0.70 299 219
5.00 -0.70 302 218
5.10 -0.70 304 217
5.20 -0.70 306 215
5.30 -0.70 309 214
5.40 -0.70 311 212
5.50 -0.70 313 211
5.60 -0.70 315 210
5.70 -0.70 318 208
5.80 -0.70 320 207
5.90 -0.70 322 206
6.00 -0.70 324 204
6.10 -0.70 327 202
6.20 -0.70 329 201
6.30 -0.70 331 200
6.40 -0.70 334 198
6.50 -0.70 336 197
6.60 -0.70 339 195
6.70 -0.70 341 194
6.80 -0.70 343 192
6.90 -0.70 345 191
7.00 -0.70 347 189
7.10 -0.70 350 188
7.20 -0.70 352 186
7.30 -0.70 354 184
7.40 -0.70 356 183
7.50 -0.70 358 181
7.60 -0.70 361 180
7.70 -0.70 363 178
7.80 -0.70 365 178
7.90 -0.70 367 176
8.00 -0.70 0 0
8.10 -0.70 0 0
8.20 -0.70 0 0
8.30 -0.70 0 0
8.40 -0.70 0 0
8.50 -0.70 0 0
8.60 -0.70 0 0
8.70 -0.70 0 0
8.80 -0.70 0 0
8.90 -0.70 0 0
9.00 -0.70 0 0
9.10 -0.70 0 0
-9.00 -0.60 0 0
-8.90 -0.60 0 0
-8.80 -0.60 0 0
-8.70 -0.60 0 0
-8.60 -0.60 0 0
-8.50 -0.60 0 0
-8.40 -0.60 0 0
-8.30 -0.60 0 0
-8.20 -0.60 0 0
-8.10 -0.60 0 0
-8.00 -0.60 0 0
-7.90 -0.60 0 0
-7.80 -0.60 0 0
-7.70 -0.60 0 0
-7.60 -0.60 0 0
-7.50 -0.60 0 0
-7.40 -0.60 0 0
-7.30 -0.60 0 0
-7.20 -0.60 0 0
-7.10 -0.60 0 0
-7.00 -0.60 0 0
-6.90 -0.60 0 0
-6.80 -0.60 0 0
-6.70 -0.60 0 0
-6.60 -0.60 0 0
-6.50 -0.60 0 0
-6.40 -0.60 0 0
-6.30 -0.60 0 0
-6.20 -0.60 2 376
-6.10 -0.60 0 0
-6.00 -0.60 0 0
-5.90 -0.60 15 377
-5.80 -0.60 15 374
-5.70 -0.60 16 373
-5.60 -0.60 18 373
-5.50 -0.60 19 373
-5.40 -0.60 21 373
-5.30 -0.60 21 372
-5.20 -0.60 24 372
-5.10 -0.60 24 372
-5.00 -0.60 26 371
-4.90 -0.60 28 371
-4.80 -0.60 27 370
-4.70 -0.60 60 336
-4.60 -0.60 62 335
-4.50 -0.60 64 333
-4.40 -0.60 68 332
-4.30 -0.60 66 368
-4.20 -0.60 69 369
-4.10 -0.60 69 368
-4.00 -0.60 70 368
-3.90 -0.60 73 368
-3.80 -0.60 74 367
-3.70 -0.60 74 367
-3.60 -0.60 75 367
-3.50 -0.60 75 366
-3.40 -0.60 75 366
-3.30 -0.60 76 364
-3.20 -0.60 78 364
-3.10 -0.60 80 363
-3.00 -0.60 82 361
-2.90 -0.60 86 359
-2.80 -0.60 91 358
-2.70 -0.60 95 356
-2.60 -0.60 98 355
-2.50 -0.60 101 353
-2.40 -0.60 103 352
-2.30 -0.60 105 351
-2.20 -0.60 107 349
-2.10 -0.60 108 348
-2.00 -0.60 106 347
-1.90 -0.60 109 347
-1.80 -0.60 134 328
-1.70 -0.60 141 292
-1.60 -0.60 144 292
-1.50 -0.60 137 324
-1.40 -0.60 148 290
-1.30 -0.60 150 323
-1.20 -0.60 150 323
-1.10 -0.60 152 320
-1.00 -0.60 154 320
-0.90 -0.60 162 286
-0.80 -0.60 160 320
-0.70 -0.60 166 284
-0.60 -0.60 168 283
-0.50 -0.60 165 313
-0.40 -0.60 171 313
-0.30 -0.60 169 311
-0.20 -0.60 174 310
-0.10 -0.60 178 309
-0.00 -0.60 177 311
0.10 -0.60 182 309
0.20 -0.60 188 276
0.30 -0.60 187 306
0.40 -0.60 192 274
0.50 -0.60 193 306
0.60 -0.60 198 272
0.70 -0.60 200 271
0.80 -0.60 203 270
0.90 -0.60 205 268
1.00 -0.60 208 268
1.10 -0.60 210 267
1.20 -0.60 212 266
1.30 -0.60 215 264
1.40 -0.60 218 264
1.50 -0.60 220 262
1.60 -0.60 222 261
1.70 -0.60 225 260
1.80 -0.60 227 259
1.90 -0.60 229 258
2.00 -0.60 231 257
2.10 -0.60 234 255
2.20 -0.60 236 254
2.30 -0.60 239 254
2.40 -0.60 242 252
2.50 -0.60 244 251
2.60 -0.60 247 250
2.70 -0.60 249 249
2.80 -0.60 251 247
2.90 -0.60 253 246
3.00 -0.60 256 245
3.10 -0.60 257 244
3.20 -0.60 261 243
3.30 -0.60 263 241
3.40 -0.60 265 240
3.50 -0.60 267 239
3.60 -0.60 270 238
3.70 -0.60 272 236
3.80 -0.60 275 235
3.90 -0.60 277 234
4.00 -0.60 280 233
4.10 -0.60 283 231
4.20 -0.60 284 230
4.30 -0.60 286 264
4.40 -0.60 289 228
4.50 -0.60 0 0
4.60 -0.60 294 225
4.70 -0.60 296 224
4.80 -0.60 299 222
4.90 -0.60 301 220
5.00 -0.60 302 219
5.10 -0.60 305 218
5.20 -0.60 306 256
5.30 -0.60 310 215
5.40 -0.60 313 250
5.50 -0.60 315 212
5.60 -0.60 317 211
5.70 -0.60 319 209
5.80 -0.60 321 208
5.90 -0.60 324 206
6.00 -0.60 326 205
6.10 -0.60 329 204
6.20 -0.60 331 202
6.30 -0.60 333 201
6.40 -0.60 336 199
6.50 -0.60 338 197
6.60 -0.60 340 197
6.70 -0.60 342 195
6.80 -0.60 344 193
6.90 -0.60 347 191
7.00 -0.60 349 190
7.10 -0.60 351 189
7.20 -0.60 354 187
7.30 -0.60 355 186
7.40 -0.60 358 184
7.50 -0.60 360 182
7.60 -0.60 362 181
7.70 -0.60 364 179
7.80 -0.60 366 178
7.90 -0.60 369 178
8.00 -0.60 0 0
8.10 -0.60 0 0
8.20 -0.60 0 0
8.30 -0.60 0 0
8.40 -0.60 0 0
8.50 -0.60 0 0
8.60 -0.60 0 0
8.70 -0.60 0 0
8.80 -0.60 0 0
8.90 -0.60 0 0
9.00 -0.60 0 0
9.10 -0.60 0 0
-9.00 -0.50 0 0
-8.90 -0.50 0 0
-8.80 -0.50 0 0
-8.70 -0.50 0 0
-8.60 -0.50 0 0
-8.50 -0.50 0 0
-8.40 -0.50 0 0
-8.30 -0.50 0 0
-8.20 -0.50 0 0
-8.10 -0.50 0 0
-8.00 -0.50 0 0
-7.90 -0.50 0 0
-7.80 -0.50 0 0
-7.70 -0.50 0 0
-7.60 -0.50 0 0
-7.50 -0.50 0 0
-7.40 -0.50 0 0
-7.30 -0.50 0 0
-7.20 -0.50 0 0
-7.10 -0.50 0 0
-7.00 -0.50 0 0
-6.90 -0.50 0 0
-6.80 -0.50 0 0
-6.70 -0.50 0 0
-6.60 -0.50 0 0
-6.50 -0.50 0 0
-6.40 -0.50 0 0
-6.30 -0.50 2 375
-6.20 -0.50 2 375
-6.10 -0.50 0 0
-6.00 -0.50 0 0
-5.90 -0.50 15 377
-5.80 -0.50 16 376
-5.70 -0.50 17 375
-5.60 -0.50 20 375
-5.50 -0.50 21 374
-5.40 -0.50 22 374
-5.30 -0.50 23 373
-5.20 -0.50 25 373
-5.10 -0.50 27 374
-5.00 -0.50 27 372
-4.90 -0.50 29 372
-4.80 -0.50 31 372
-4.70 -0.50 0 0
-4.60 -0.50 63 336
-4.50 -0.50 66 334
-4.40 -0.50 69 334
-4.30 -0.50 67 369
-4.20 -0.50 69 369
-4.10 -0.50 72 370
-4.00 -0.50 73 369
-3.90 -0.50 74 369
-3.80 -0.50 75 369
-3.70 -0.50 75 368
-3.60 -0.50 76 369
-3.50 -0.50 76 367
-3.40 -0.50 76 367
-3.30 -0.50 77 366
-3.20 -0.50 80 365
-3.10 -0.50 82 364
-3.00 -0.50 84 363
-2.90 -0.50 89 361
-2.80 -0.50 92 360
-2.70 -0.50 97 357
-2.60 -0.50 100 356
-2.50 -0.50 102 355
-2.40 -0.50 105 354
-2.30 -0.50 107 353
-2.20 -0.50 108 351
-2.10 -0.50 109 350
-2.00 -0.50 110 349
-1.90 -0.50 111 349
-1.80 -0.50 111 349
-1.70 -0.50 143 293
-1.60 -0.50 0 0
-1.50 -0.50 144 325
-1.40 -0.50 145 325
-1.30 -0.50 152 291
-1.20 -0.50 152 323
-1.10 -0.50 155 322
-1.00 -0.50 155 322
-0.90 -0.50 155 320
-0.80 -0.50 162 319
-0.70 -0.50 167 285
-0.60 -0.50 170 285
-0.50 -0.50 173 284
-0.40 -0.50 171 314
-0.30 -0.50 172 312
-0.20 -0.50 180 281
-0.10 -0.50 178 311
-0.00 -0.50 180 309
0.10 -0.50 183 311
0.20 -0.50 190 277
0.30 -0.50 192 276
0.40 -0.50 195 276
0.50 -0.50 196 275
0.60 -0.50 200 273
0.70 -0.50 202 272
0.80 -0.50 204 271
0.90 -0.50 206 270
1.00 -0.50 209 269
1.10 -0.50 212 268
1.20 -0.50 214 267
1.30 -0.50 217 265
1.40 -0.50 219 265
1.50 -0.50 221 264
1.60 -0.50 224 262
1.70 -0.50 226 262
1.80 -0.50 229 260
1.90 -0.50 231 258
2.00 -0.50 233 257
2.10 -0.50 236 257
2.20 -0.50 239 256
2.30 -0.50 240 254
2.40 -0.50 243 254
2.50 -0.50 246 252
2.60 -0.50 248 251
2.70 -0.50 250 250
2.80 -0.50 252 249
2.90 -0.50 255 247
3.00 -0.50 258 246
3.10 -0.50 260 245
3.20 -0.50 262 244
3.30 -0.50 265 242
3.40 -0.50 266 242
3.50 -0.50 269 240
3.60 -0.50 271 238
3.70 -0.50 273 237
3.80 -0.50 276 236
3.90 -0.50 279 235
4.00 -0.50 281 234
4.10 -0.50 283 233
4.20 -0.50 286 231
4.30 -0.50 288 230
4.40 -0.50 290 229
4.50 -0.50 293 228
4.60 -0.50 295 225
4.70 -0.50 298 224
4.80 -0.50 300 223
4.90 -0.50 303 221
5.00 -0.50 305 220
5.10 -0.50 307 219
5.20 -0.50 309 218
5.30 -0.50 314 252
5.40 -0.50 314 215
5.50 -0.50 316 213
5.60 -0.50 319 212
5.70 -0.50 320 211
5.80 -0.50 323 209
5.90 -0.50 325 208
6.00 -0.50 328 206
6.10 -0.50 330 204
6.20 -0.50 332 204
6.30 -0.50 335 202
6.40 -0.50 337 201
6.50 -0.50 339 199
6.60 -0.50 342 197
6.70 -0.50 343 196
6.80 -0.50 346 194
6.90 -0.50 348 193
7.00 -0.50 351 192
7.10 -0.50 352 190
7.20 -0.50 354 188
7.30 -0.50 357 187
7.40 -0.50 359 185
7.50 -0.50 362 184
7.60 -0.50 364 182
7.70 -0.50 366 180
7.80 -0.50 368 179
7.90 -0.50 370 179
8.00 -0.50 372 178
8.10 -0.50 0 0
8.20 -0.50 0 0
8.30 -0.50 0 0
8.40 -0.50 0 0
8.50 -0.50 0 0
8.60 -0.50 0 0
8.70 -0.50 0 0
8.80 -0.50 0 0
8.90 -0.50 0 0
9.00 -0.50 0 0
9.10 -0.50 0 0
-9.00 -0.40 0 0
-8.90 -0.40 0 0
-8.80 -0.40 0 0
-8.70 -0.40 0 0
-8.60 -0.40 0 0
-8.50 -0.40 0 0
-8.40 -0.40 0 0
-8.30 -0.40 0 0
-8.20 -0.40 0 0
-8.10 -0.40 0 0
-8.00 -0.40 0 0
-7.90 -0.40 0 0
-7.80 -0.40 0 0
-7.70 -0.40 0 0
-7.60 -0.40 0 0
-7.50 -0.40 0 0
-7.40 -0.40 0 0
-7.30 -0.40 0 0
-7.20 -0.40 36 356
-7.10 -0.40 4 328
-7.00 -0.40 0 0
-6.90 -0.40 0 0
-6.80 -0.40 0 0
-6.70 -0.40 0 0
-6.60 -0.40 0 0
-6.50 -0.40 0 0
-6.40 -0.40 0 0
-6.30 -0.40 4 377
-6.20 -0.40 3 377
-6.10 -0.40 0 0
-6.00 -0.40 0 0
-5.90 -0.40 16 378
-5.80 -0.40 18 378
-5.70 -0.40 20 377
-5.60 -0.40 21 376
-5.50 -0.40 22 376
-5.40 -0.40 24 376
-5.30 -0.40 26 376
-5.20 -0.40 27 375
-5.10 -0.40 28 375
-5.00 -0.40 31 374
-4.90 -0.40 30 373
-4.80 -0.40 32 375
-4.70 -0.40 62 338
-4.60 -0.40 65 337
-4.50 -0.40 67 336
-4.40 -0.40 70 334
-4.30 -0.40 70 371
-4.20 -0.40 71 371
-4.10 -0.40 74 371
-4.00 -0.40 74 370
-3.90 -0.40 75 370
-3.80 -0.40 77 370
-3.70 -0.40 76 369
-3.60 -0.40 77 369
-3.50 -0.40 77 369
-3.40 -0.40 78 368
-3.30 -0.40 80 368
-3.20 -0.40 82 366
-3.10 -0.40 84 366
-3.00 -0.40 86 364
-2.90 -0.40 89 362
-2.80 -0.40 95 361
-2.70 -0.40 99 358
-2.60 -0.40 101 357
-2.50 -0.40 104 356
-2.40 -0.40 107 354
-2.30 -0.40 108 353
-2.20 -0.40 110 353
-2.10 -0.40 110 351
-2.00 -0.40 111 351
-1.90 -0.40 113 351
-1.80 -0.40 141 296
-1.70 -0.40 144 295
-1.60 -0.40 141 327
-1.50 -0.40 148 293
-1.40 -0.40 151 293
-1.30 -0.40 145 325
-1.20 -0.40 157 291
-1.10 -0.40 0 0
-1.00 -0.40 162 290
-0.90 -0.40 160 323
-0.80 -0.40 161 322
-0.70 -0.40 169 287
-0.60 -0.40 171 286
-0.50 -0.40 169 319
-0.40 -0.40 177 284
-0.30 -0.40 179 283
-0.20 -0.40 180 316
-0.10 -0.40 183 281
-0.00 -0.40 187 280
0.10 -0.40 189 279
0.20 -0.40 191 278
0.30 -0.40 194 277
0.40 -0.40 196 276
0.50 -0.40 198 276
0.60 -0.40 201 274
0.70 -0.40 203 273
0.80 -0.40 206 272
0.90 -0.40 208 271
1.00 -0.40 210 270
1.10 -0.40 213 269
1.20 -0.40 216 268
1.30 -0.40 218 267
1.40 -0.40 220 266
1.50 -0.40 223 265
1.60 -0.40 225 263
1.70 -0.40 228 262
1.80 -0.40 230 261
1.90 -0.40 232 260
2.00 -0.40 235 259
2.10 -0.40 237 258
2.20 -0.40 239 257
2.30 -0.40 242 256
2.40 -0.40 245 255
2.50 -0.40 247 253
2.60 -0.40 249 252
2.70 -0.40 252 251
2.80 -0.40 254 250
2.90 -0.40 257 249
3.00 -0.40 259 248
3.10 -0.40 261 246
3.20 -0.40 263 245
3.30 -0.40 266 244
3.40 -0.40 268 243
3.50 -0.40 272 241
3.60 -0.40 274 240
3.70 -0.40 276 239
3.80 -0.40 278 237
3.90 -0.40 280 236
4.00 -0.40 283 235
4.10 -0.40 286 234
4.20 -0.40 287 233
4.30 -0.40 289 231
4.40 -0.40 292 230
4.50 -0.40 295 228
4.60 -0.40 297 227
4.70 -0.40 0 0
4.80 -0.40 302 224
4.90 -0.40 303 223
5.00 -0.40 306 222
5.10 -0.40 309 220
5.20 -0.40 312 219
5.30 -0.40 313 217
5.40 -0.40 0 0
5.50 -0.40 318 215
5.60 -0.40 320 213
5.70 -0.40 322 212
5.80 -0.40 325 211
5.90 -0.40 327 209
6.00 -0.40 330 208
6.10 -0.40 332 206
6.20 -0.40 334 205
6.30 -0.40 336 203
6.40 -0.40 339 201
6.50 -0.40 341 200
6.60 -0.40 343 198
6.70 -0.40 345 197
6.80 -0.40 348 196
6.90 -0.40 350 194
7.00 -0.40 352 192
7.10 -0.40 354 191
7.20 -0.40 356 189
7.30 -0.40 358 188
7.40 -0.40 361 186
7.50 -0.40 364 184
7.60 -0.40 366 183
7.70 -0.40 368 181
7.80 -0.40 370 180
7.90 -0.40 372 180
8.00 -0.40 373 180
8.10 -0.40 0 0
8.20 -0.40 0 0
8.30 -0.40 0 0
8.40 -0.40 0 0
8.50 -0.40 0 0
8.60 -0.40 0 0
8.70 -0.40 0 0
8.80 -0.40 0 0
8.90 -0.40 0 0
9.00 -0.40 0 0
9.10 -0.40 0 0
-9.00 -0.30 0 0
-8.90 -0.30 0 0
-8.80 -0.30 0 0
-8.70 -0.30 0 0
-8.60 -0.30 0 0
-8.50 -0.30 0 0
-8.40 -0.30 0 0
-8.30 -0.30 0 0
-8.20 -0.30 0 0
-8.10 -0.30 0 0
-8.00 -0.30 0 0
-7.90 -0.30 0 0
-7.80 -0.30 0 0
-7.70 -0.30 0 0
-7.60 -0.30 0 0
-7.50 -0.30 0 0
-7.40 -0.30 0 0
-7.30 -0.30 0 0
-7.20 -0.30 3 330
-7.10 -0.30 5 330
-7.00 -0.30 0 0
-6.90 -0.30 0 0
-6.80 -0.30 0 0
-6.70 -0.30 0 0
-6.60 -0.30 0 0
-6.50 -0.30 0 0
-6.40 -0.30 0 0
-6.30 -0.30 4 378
-6.20 -0.30 3 377
-6.10 -0.30 2 377
-6.00 -0.30 0 0
-5.90 -0.30 17 379
-5.80 -0.30 20 380
-5.70 -0.30 21 378
-5.60 -0.30 22 378
-5.50 -0.30 23 378
-5.40 -0.30 26 377
-5.30 -0.30 26 377
-5.20 -0.30 29 377
-5.10 -0.30 30 376
-5.00 -0.30 32 376
-4.90 -0.30 33 376
-4.80 -0.30 35 375
-4.70 -0.30 64 340
-4.60 -0.30 67 338
-4.50 -0.30 69 337
-4.40 -0.30 72 336
-4.30 -0.30 71 372
-4.20 -0.30 72 372
-4.10 -0.30 74 371
-4.00 -0.30 75 371
-3.90 -0.30 78 371
-3.80 -0.30 78 371
-3.70 -0.30 79 371
-3.60 -0.30 79 371
-3.50 -0.30 78 371
-3.40 -0.30 80 370
-3.30 -0.30 81 369
-3.20 -0.30 84 367
-3.10 -0.30 84 368
-3.00 -0.30 88 366
-2.90 -0.30 92 364
-2.80 -0.30 98 361
-2.70 -0.30 100 360
-2.60 -0.30 103 358
-2.50 -0.30 107 357
-2.40 -0.30 109 356
-2.30 -0.30 109 354
-2.20 -0.30 111 353
-2.10 -0.30 113 353
-2.00 -0.30 113 352
-1.90 -0.30 115 353
-1.80 -0.30 143 297
-1.70 -0.30 140 331
-1.60 -0.30 148 295
-1.50 -0.30 150 295
-1.40 -0.30 153 294
-1.30 -0.30 156 293
-1.20 -0.30 150 326
-1.10 -0.30 161 291
-1.00 -0.30 160 323
-0.90 -0.30 163 324
-0.80 -0.30 168 288
-0.70 -0.30 170 288
-0.60 -0.30 173 287
-0.50 -0.30 175 286
-0.40 -0.30 178 285
-0.30 -0.30 179 318
-0.20 -0.30 183 284
-0.10 -0.30 183 319
-0.00 -0.30 187 281
0.10 -0.30 190 280
0.20 -0.30 193 280
0.30 -0.30 195 278
0.40 -0.30 198 277
0.50 -0.30 200 277
0.60 -0.30 203 276
0.70 -0.30 205 275
0.80 -0.30 207 273
0.90 -0.30 210 272
1.00 -0.30 213 271
1.10 -0.30 215 270
1.20 -0.30 217 269
1.30 -0.30 220 268
1.40 -0.30 222 267
1.50 -0.30 224 266
1.60 -0.30 226 265
1.70 -0.30 229 264
1.80 -0.30 232 263
1.90 -0.30 234 261
2.00 -0.30 236 260
2.10 -0.30 239 259
2.20 -0.30 241 258
2.30 -0.30 244 257
2.40 -0.30 246 256
2.50 -0.30 249 255
2.60 -0.30 251 254
2.70 -0.30 253 252
2.80 -0.30 256 251
2.90 -0.30 258 250
3.00 -0.30 260 249
3.10 -0.30 263 248
3.20 -0.30 265 246
3.30 -0.30 268 245
3.40 -0.30 270 244
3.50 -0.30 273 242
3.60 -0.30 275 241
3.70 -0.30 277 240
3.80 -0.30 280 239
3.90 -0.30 281 238
4.00 -0.30 285 236
4.10 -0.30 287 235
4.20 -0.30 289 234
4.30 -0.30 292 233
4.40 -0.30 294 231
4.50 -0.30 296 229
4.60 -0.30 298 228
4.70 -0.30 301 227
4.80 -0.30 303 226
4.90 -0.30 305 224
5.00 -0.30 308 223
5.10 -0.30 311 222
5.20 -0.30 313 219
5.30 -0.30 314 218
5.40 -0.30 318 218
5.50 -0.30 319 216
5.60 -0.30 322 215
5.70 -0.30 324 212
5.80 -0.30 326 211
5.90 -0.30 329 210
6.00 -0.30 331 208
6.10 -0.30 333 207
6.20 -0.30 336 206
6.30 -0.30 338 204
6.40 -0.30 340 202
6.50 -0.30 342 201
6.60 -0.30 344 200
6.70 -0.30 347 198
6.80 -0.30 349 197
6.90 -0.30 351 195
7.00 -0.30 353 194
7.10 -0.30 356 192
7.20 -0.30 358 190
7.30 -0.30 360 189
7.40 -0.30 362 187
7.50 -0.30 365 186
7.60 -0.30 367 184
7.70 -0.30 369 183
7.80 -0.30 371 181
7.90 -0.30 373 181
8.00 -0.30 375 180
8.10 -0.30 0 0
8.20 -0.30 0 0
8.30 -0.30 0 0
8.40 -0.30 0 0
8.50 -0.30 0 0
8.60 -0.30 0 0
8.70 -0.30 0 0
8.80 -0.30 0 0
8.90 -0.30 0 0
9.00 -0.30 0 0
9.10 -0.30 0 0
-9.00 -0.20 0 0
-8.90 -0.20 0 0
-8.80 -0.20 0 0
-8.70 -0.20 0 0
-8.60 -0.20 0 0
-8.50 -0.20 0 0
-8.40 -0.20 0 0
-8.30 -0.20 0 0
-8.20 -0.20 0 0
-8.10 -0.20 0 0
-8.00 -0.20 0 0
-7.90 -0.20 0 0
-7.80 -0.20 0 0
-7.70 -0.20 0 0
-7.60 -0.20 0 0
-7.50 -0.20 0 0
-7.40 -0.20 0 0
-7.30 -0.20 0 0
-7.20 -0.20 4 332
-7.10 -0.20 2 386
-7.00 -0.20 0 0
-6.90 -0.20 0 0
-6.80 -0.20 0 0
-6.70 -0.20 0 0
-6.60 -0.20 0 0
-6.50 -0.20 0 0
-6.40 -0.20 4 379
-6.30 -0.20 5 380
-6.20 -0.20 6 379
-6.10 -0.20 3 377
-6.00 -0.20 18 381
-5.90 -0.20 21 382
-5.80 -0.20 22 380
-5.70 -0.20 23 380
-5.60 -0.20 25 379
-5.50 -0.20 25 378
-5.40 -0.20 28 379
-5.30 -0.20 28 378
-5.20 -0.20 30 378
-5.10 -0.20 32 378
-5.00 -0.20 33 378
-4.90 -0.20 35 378
-4.80 -0.20 35 377
-4.70 -0.20 66 341
-4.60 -0.20 68 340
-4.50 -0.20 70 338
-4.40 -0.20 73 337
-4.30 -0.20 73 373
-4.20 -0.20 73 372
-4.10 -0.20 75 372
-4.00 -0.20 76 372
-3.90 -0.20 79 373
-3.80 -0.20 79 372
-3.70 -0.20 81 373
-3.60 -0.20 80 372
-3.50 -0.20 80 372
-3.40 -0.20 81 371
-3.30 -0.20 82 370
-3.20 -0.20 85 369
-3.10 -0.20 87 368
-3.00 -0.20 90 366
-2.90 -0.20 94 366
-2.80 -0.20 97 363
-2.70 -0.20 102 362
-2.60 -0.20 106 360
-2.50 -0.20 107 359
-2.40 -0.20 109 357
-2.30 -0.20 112 356
-2.20 -0.20 112 355
-2.10 -0.20 113 355
-2.00 -0.20 115 354
-1.90 -0.20 116 353
-1.80 -0.20 116 352
-1.70 -0.20 142 329
-1.60 -0.20 144 328
-1.50 -0.20 146 329
-1.40 -0.20 146 327
-1.30 -0.20 0 0
-1.20 -0.20 0 0
-1.10 -0.20 157 324
-1.00 -0.20 165 325
-0.90 -0.20 165 324
-0.80 -0.20 169 290
-0.70 -0.20 164 323
-0.60 -0.20 174 288
-0.50 -0.20 172 319
-0.40 -0.20 175 319
-0.30 -0.20 181 322
-0.20 -0.20 182 319
-0.10 -0.20 182 317
-0.00 -0.20 187 318
0.10 -0.20 192 282
0.20 -0.20 192 316
0.30 -0.20 193 314
0.40 -0.20 197 313
0.50 -0.20 197 310
0.60 -0.20 204 277
0.70 -0.20 206 276
0.80 -0.20 209 275
0.90 -0.20 211 274
1.00 -0.20 214 273
1.10 -0.20 216 272
1.20 -0.20 219 270
1.30 -0.20 221 269
1.40 -0.20 223 268
1.50 -0.20 226 268
1.60 -0.20 229 266
1.70 -0.20 230 265
1.80 -0.20 233 264
1.90 -0.20 236 263
2.00 -0.20 238 262
2.10 -0.20 240 260
2.20 -0.20 243 259
2.30 -0.20 245 258
2.40 -0.20 248 257
2.50 -0.20 250 256
2.60 -0.20 252 255
2.70 -0.20 255 253
2.80 -0.20 257 252
2.90 -0.20 260 251
3.00 -0.20 262 250
3.10 -0.20 264 249
3.20 -0.20 267 248
3.30 -0.20 269 246
3.40 -0.20 272 245
3.50 -0.20 274 244
3.60 -0.20 277 243
3.70 -0.20 279 241
3.80 -0.20 281 240
3.90 -0.20 283 239
4.00 -0.20 286 237
4.10 -0.20 288 236
4.20 -0.20 291 234
4.30 -0.20 293 234
4.40 -0.20 295 232
4.50 -0.20 298 231
4.60 -0.20 300 230
4.70 -0.20 302 229
4.80 -0.20 305 227
4.90 -0.20 307 226
5.00 -0.20 311 260
5.10 -0.20 313 260
5.20 -0.20 314 222
5.30 -0.20 317 257
5.40 -0.20 319 218
5.50 -0.20 321 217
5.60 -0.20 323 216
5.70 -0.20 325 214
5.80 -0.20 329 212
5.90 -0.20 330 211
6.00 -0.20 332 210
6.10 -0.20 335 208
6.20 -0.20 337 207
6.30 -0.20 339 205
6.40 -0.20 341 204
6.50 -0.20 343 202
6.60 -0.20 346 201
6.70 -0.20 349 199
6.80 -0.20 350 198
6.90 -0.20 353 197
7.00 -0.20 355 195
7.10 -0.20 357 193
7.20 -0.20 359 191
7.30 -0.20 363 190
7.40 -0.20 364 188
7.50 -0.20 366 187
7.60 -0.20 368 185
7.70 -0.20 371 183
7.80 -0.20 373 182
7.90 -0.20 375 181
8.00 -0.20 377 181
8.10 -0.20 0 0
8.20 -0.20 0 0
8.30 -0.20 0 0
8.40 -0.20 0 0
8.50 -0.20 0 0
8.60 -0.20 0 0
8.70 -0.20 0 0
8.80 -0.20 0 0
8.90 -0.20 0 0
9.00 -0.20 0 0
9.10 -0.20 0 0
-9.00 -0.10 0 0
-8.90 -0.10 0 0
-8.80 -0.10 0 0
-8.70 -0.10 0 0
-8.60 -0.10 0 0
-8.50 -0.10 0 0
-8.40 -0.10 0 0
-8.30 -0.10 0 0
-8.20 -0.10 0 0
-8.10 -0.10 0 0
-8.00 -0.10 0 0
-7.90 -0.10 0 0
-7.80 -0.10 0 0
-7.70 -0.10 0 0
-7.60 -0.10 0 0
-7.50 -0.10 0 0
-7.40 -0.10 0 0
-7.30 -0.10 4 334
-7.20 -0.10 2 388
-7.10 -0.10 2 388
-7.00 -0.10 0 0
-6.90 -0.10 0 0
-6.80 -0.10 0 0
-6.70 -0.10 0 0
-6.60 -0.10 0 0
-6.50 -0.10 0 0
-6.40 -0.10 6 380
-6.30 -0.10 6 381
-6.20 -0.10 8 381
-6.10 -0.10 8 380
-6.00 -0.10 21 383
-5.90 -0.10 20 382
-5.80 -0.10 23 381
-5.70 -0.10 25 381
-5.60 -0.10 27 380
-5.50 -0.10 28 381
-5.40 -0.10 29 380
-5.30 -0.10 31 380
-5.20 -0.10 32 380
-5.10 -0.10 33 380
-5.00 -0.10 35 380
-4.90 -0.10 35 379
-4.80 -0.10 37 379
-4.70 -0.10 67 342
-4.60 -0.10 69 341
-4.50 -0.10 72 340
-4.40 -0.10 75 338
-4.30 -0.10 74 374
-4.20 -0.10 77 374
-4.10 -0.10 76 373
-4.00 -0.10 79 373
-3.90 -0.10 81 373
-3.80 -0.10 82 374
-3.70 -0.10 82 373
-3.60 -0.10 82 373
-3.50 -0.10 82 373
-3.40 -0.10 84 372
-3.30 -0.10 86 371
-3.20 -0.10 87 371
-3.10 -0.10 90 369
-3.00 -0.10 92 368
-2.90 -0.10 95 366
-2.80 -0.10 100 365
-2.70 -0.10 104 363
-2.60 -0.10 107 363
-2.50 -0.10 110 360
-2.40 -0.10 111 359
-2.30 -0.10 112 358
-2.20 -0.10 113 355
-2.10 -0.10 115 356
-2.00 -0.10 117 356
-1.90 -0.10 116 354
-1.80 -0.10 118 355
-1.70 -0.10 139 332
-1.60 -0.10 144 331
-1.50 -0.10 148 329
-1.40 -0.10 156 296
-1.30 -0.10 159 296
-1.20 -0.10 154 328
-1.10 -0.10 162 325
-1.00 -0.10 162 326
-0.90 -0.10 165 325
-0.80 -0.10 165 324
-0.70 -0.10 169 323
-0.60 -0.10 170 323
-0.50 -0.10 175 322
-0.40 -0.10 179 321
-0.30 -0.10 180 321
-0.20 -0.10 181 319
-0.10 -0.10 186 318
-0.00 -0.10 188 320
0.10 -0.10 189 316
0.20 -0.10 192 315
0.30 -0.10 195 315
0.40 -0.10 198 317
0.50 -0.10 197 312
0.60 -0.10 200 312
0.70 -0.10 203 310
0.80 -0.10 210 276
0.90 -0.10 209 309
1.00 -0.10 215 274
1.10 -0.10 218 273
1.20 -0.10 215 307
1.30 -0.10 223 271
1.40 -0.10 225 270
1.50 -0.10 227 269
1.60 -0.10 229 268
1.70 -0.10 233 266
1.80 -0.10 235 265
1.90 -0.10 237 264
2.00 -0.10 240 262
2.10 -0.10 243 262
2.20 -0.10 244 260
2.30 -0.10 247 259
2.40 -0.10 249 258
2.50 -0.10 252 257
2.60 -0.10 254 256
2.70 -0.10 257 254
2.80 -0.10 259 254
2.90 -0.10 261 252
3.00 -0.10 264 251
3.10 -0.10 266 250
3.20 -0.10 268 248
3.30 -0.10 270 247
3.40 -0.10 274 246
3.50 -0.10 275 245
3.60 -0.10 278 244
3.70 -0.10 280 242
3.80 -0.10 283 241
3.90 -0.10 284 240
4.00 -0.10 288 239
4.10 -0.10 289 237
4.20 -0.10 292 236
4.30 -0.10 294 235
4.40 -0.10 296 233
4.50 -0.10 300 232
4.60 -0.10 301 231
4.70 -0.10 304 230
4.80 -0.10 307 267
4.90 -0.10 310 264
5.00 -0.10 310 225
5.10 -0.10 314 262
5.20 -0.10 316 259
5.30 -0.10 316 259
5.40 -0.10 320 220
5.50 -0.10 322 218
5.60 -0.10 325 216
5.70 -0.10 327 215
5.80 -0.10 329 214
5.90 -0.10 332 212
6.00 -0.10 338 251
6.10 -0.10 336 209
6.20 -0.10 338 208
6.30 -0.10 340 207
6.40 -0.10 343 205
6.50 -0.10 345 203
6.60 -0.10 348 202
6.70 -0.10 350 200
6.80 -0.10 352 199
6.90 -0.10 354 198
7.00 -0.10 357 195
7.10 -0.10 359 195
7.20 -0.10 361 193
7.30 -0.10 363 191
7.40 -0.10 365 190
7.50 -0.10 367 188
7.60 -0.10 370 186
7.70 -0.10 372 184
7.80 -0.10 374 183
7.90 -0.10 377 182
8.00 -0.10 378 181
8.10 -0.10 0 0
8.20 -0.10 0 0
8.30 -0.10 0 0
8.40 -0.10 0 0
8.50 -0.10 0 0
8.60 -0.10 0 0
8.70 -0.10 0 0
8.80 -0.10 0 0
8.90 -0.10 0 0
9.00 -0.10 0 0
9.10 -0.10 0 0
-9.00 -0.00 0 0
-8.90 -0.00 0 0
-8.80 -0.00 0 0
-8.70 -0.00 0 0
-8.60 -0.00 0 0
-8.50 -0.00 0 0
-8.40 -0.00 0 0
-8.30 -0.00 0 0
-8.20 -0.00 0 0
-8.10 -0.00 0 0
-8.00 -0.00 0 0
-7.90 -0.00 0 0
-7.80 -0.00 0 0
-7.70 -0.00 0 0
-7.60 -0.00 43 362
-7.50 -0.00 42 362
-7.40 -0.00 42 361
-7.30 -0.00 41 361
-7.20 -0.00 3 394
-7.10 -0.00 3 392
-7.00 -0.00 0 0
-6.90 -0.00 0 0
-6.80 -0.00 0 0
-6.70 -0.00 0 0
-6.60 -0.00 0 0
-6.50 -0.00 0 0
-6.40 -0.00 7 382
-6.30 -0.00 7 382
-6.20 -0.00 7 381
-6.10 -0.00 7 382
-6.00 -0.00 22 384
-5.90 -0.00 25 385
-5.80 -0.00 25 382
-5.70 -0.00 28 383
-5.60 -0.00 28 382
-5.50 -0.00 30 382
-5.40 -0.00 30 381
-5.30 -0.00 32 382
-5.20 -0.00 33 382
-5.10 -0.00 35 381
-5.00 -0.00 36 381
-4.90 -0.00 38 381
-4.80 -0.00 39 380
-4.70 -0.00 69 343
-4.60 -0.00 71 342
-4.50 -0.00 73 341
-4.40 -0.00 77 339
-4.30 -0.00 74 373
-4.20 -0.00 79 375
-4.10 -0.00 79 374
-4.00 -0.00 83 375
-3.90 -0.00 82 374
-3.80 -0.00 83 374
-3.70 -0.00 84 375
-3.60 -0.00 83 374
-3.50 -0.00 84 374
-3.40 -0.00 85 373
-3.30 -0.00 87 373
-3.20 -0.00 89 371
-3.10 -0.00 92 371
-3.00 -0.00 94 370
-2.90 -0.00 97 368
-2.80 -0.00 103 367
-2.70 -0.00 106 365
-2.60 -0.00 108 364
-2.50 -0.00 110 363
-2.40 -0.00 114 361
-2.30 -0.00 113 359
-2.20 -0.00 117 359
-2.10 -0.00 116 358
-2.00 -0.00 117 357
-1.90 -0.00 118 356
-1.80 -0.00 141 335
-1.70 -0.00 144 332
-1.60 -0.00 143 332
-1.50 -0.00 149 332
-1.40 -0.00 151 329
-1.30 -0.00 160 297
-1.20 -0.00 158 328
-1.10 -0.00 158 328
-1.00 -0.00 162 328
-0.90 -0.00 167 327
-0.80 -0.00 168 326
-0.70 -0.00 172 326
-0.60 -0.00 174 323
-0.50 -0.00 176 322
-0.40 -0.00 179 322
-0.30 -0.00 181 321
-0.20 -0.00 183 321
-0.10 -0.00 186 320
-0.00 -0.00 190 319
0.10 -0.00 192 315
0.20 -0.00 196 317
0.30 -0.00 194 316
0.40 -0.00 199 315
0.50 -0.00 200 315
0.60 -0.00 204 313
0.70 -0.00 206 313
0.80 -0.00 209 311
0.90 -0.00 212 311
1.00 -0.00 217 275
1.10 -0.00 214 310
1.20 -0.00 217 307
1.30 -0.00 224 272
1.40 -0.00 227 271
1.50 -0.00 224 305
1.60 -0.00 232 269
1.70 -0.00 234 267
1.80 -0.00 237 266
1.90 -0.00 239 265
2.00 -0.00 242 264
2.10 -0.00 244 263
2.20 -0.00 246 261
2.30 -0.00 248 260
2.40 -0.00 250 260
2.50 -0.00 253 258
2.60 -0.00 255 257
2.70 -0.00 258 256
2.80 -0.00 260 255
2.90 -0.00 263 253
3.00 -0.00 265 252
3.10 -0.00 267 251
3.20 -0.00 270 249
3.30 -0.00 272 249
3.40 -0.00 275 247
3.50 -0.00 277 246
3.60 -0.00 276 280
3.70 -0.00 282 243
3.80 -0.00 284 242
3.90 -0.00 286 273
4.00 -0.00 289 240
4.10 -0.00 292 238
4.20 -0.00 294 237
4.30 -0.00 297 273
4.40 -0.00 295 271
4.50 -0.00 300 233
4.60 -0.00 303 232
4.70 -0.00 306 266
4.80 -0.00 308 266
4.90 -0.00 311 264
5.00 -0.00 312 226
5.10 -0.00 317 262
5.20 -0.00 317 261
5.30 -0.00 316 258
5.40 -0.00 322 221
5.50 -0.00 324 219
5.60 -0.00 325 255
5.70 -0.00 329 216
5.80 -0.00 332 253
5.90 -0.00 333 213
6.00 -0.00 337 252
6.10 -0.00 338 210
6.20 -0.00 340 209
6.30 -0.00 342 208
6.40 -0.00 345 206
6.50 -0.00 347 204
6.60 -0.00 349 203
6.70 -0.00 352 201
6.80 -0.00 354 200
6.90 -0.00 356 198
7.00 -0.00 358 197
7.10 -0.00 360 195
7.20 -0.00 362 194
7.30 -0.00 364 193
7.40 -0.00 367 191
7.50 -0.00 369 189
7.60 -0.00 371 187
7.70 -0.00 374 186
7.80 -0.00 376 185
7.90 -0.00 378 183
8.00 -0.00 380 182
8.10 -0.00 0 0
8.20 -0.00 0 0
8.30 -0.00 0 0
8.40 -0.00 0 0
8.50 -0.00 0 0
8.60 -0.00 390 226
8.70 -0.00 0 0
8.80 -0.00 0 0
8.90 -0.00 0 0
9.00 -0.00 0 0
9.10 -0.00 0 0
-9.00 0.10 0 0
-8.90 0.10 0 0
-8.80 0.10 0 0
-8.70 0.10 0 0
-8.60 0.10 0 0
-8.50 0.10 0 0
-8.40 0.10 0 0
-8.30 0.10 0 0
-8.20 0.10 0 0
-8.10 0.10 0 0
-8.00 0.10 0 0
-7.90 0.10 0 0
-7.80 0.10 0 0
-7.70 0.10 0 0
-7.60 0.10 43 361
-7.50 0.10 42 361
-7.40 0.10 42 361
-7.30 0.10 3 393
-7.20 0.10 3 394
-7.10 0.10 4 392
-7.00 0.10 0 0
-6.90 0.10 0 0
-6.80 0.10 0 0
-6.70 0.10 0 0
-6.60 0.10 0 0
-6.50 0.10 6 383
-6.40 0.10 7 383
-6.30 0.10 8 384
-6.20 0.10 8 383
-6.10 0.10 9 382
-6.00 0.10 17 383
-5.90 0.10 26 386
-5.80 0.10 28 385
-5.70 0.10 29 384
-5.60 0.10 31 384
-5.50 0.10 31 384
-5.40 0.10 33 384
-5.30 0.10 34 383
-5.20 0.10 35 382
-5.10 0.10 36 383
-5.00 0.10 38 382
-4.90 0.10 40 382
-4.80 0.10 40 381
-4.70 0.10 70 344
-4.60 0.10 72 343
-4.50 0.10 75 342
-4.40 0.10 78 341
-4.30 0.10 79 377
-4.20 0.10 78 375
-4.10 0.10 82 376
-4.00 0.10 83 376
-3.90 0.10 85 376
-3.80 0.10 85 376
-3.70 0.10 84 376
-3.60 0.10 85 376
-3.50 0.10 86 375
-3.40 0.10 87 374
-3.30 0.10 89 374
-3.20 0.10 91 373
-3.10 0.10 93 372
-3.00 0.10 95 371
-2.90 0.10 99 370
-2.80 0.10 102 369
-2.70 0.10 108 367
-2.60 0.10 110 365
-2.50 0.10 112 364
-2.40 0.10 115 363
-2.30 0.10 116 361
-2.20 0.10 117 359
-2.10 0.10 118 359
-2.00 0.10 120 359
-1.90 0.10 120 358
-1.80 0.10 121 358
-1.70 0.10 151 302
-1.60 0.10 148 334
-1.50 0.10 147 332
-1.40 0.10 159 299
-1.30 0.10 157 331
-1.20 0.10 158 331
-1.10 0.10 163 329
-1.00 0.10 164 328
-0.90 0.10 169 326
-0.80 0.10 170 327
-0.70 0.10 170 326
-0.60 0.10 175 324
-0.50 0.10 177 323
-0.40 0.10 180 323
-0.30 0.10 185 322
-0.20 0.10 186 321
-0.10 0.10 188 321
-0.00 0.10 190 320
0.10 0.10 193 320
0.20 0.10 195 318
0.30 0.10 197 316
0.40 0.10 199 316
0.50 0.10 204 315
0.60 0.10 205 314
0.70 0.10 207 314
0.80 0.10 213 314
0.90 0.10 213 313
1.00 0.10 215 312
1.10 0.10 217 312
1.20 0.10 219 311
1.30 0.10 225 273
1.40 0.10 228 272
1.50 0.10 231 271
1.60 0.10 233 270
1.70 0.10 236 269
1.80 0.10 238 267
1.90 0.10 240 266
2.00 0.10 243 265
2.10 0.10 246 264
2.20 0.10 247 262
2.30 0.10 250 261
2.40 0.10 253 261
2.50 0.10 255 259
2.60 0.10 257 258
2.70 0.10 260 257
2.80 0.10 262 256
2.90 0.10 264 254
3.00 0.10 267 254
3.10 0.10 269 252
3.20 0.10 271 251
3.30 0.10 274 250
3.40 0.10 276 248
3.50 0.10 278 247
3.60 0.10 281 246
3.70 0.10 283 245
3.80 0.10 285 244
3.90 0.10 288 242
4.00 0.10 291 241
4.10 0.10 293 240
4.20 0.10 295 238
4.30 0.10 296 272
4.40 0.10 300 272
4.50 0.10 302 234
4.60 0.10 304 233
4.70 0.10 306 231
4.80 0.10 309 230
4.90 0.10 310 266
5.00 0.10 315 264
5.10 0.10 316 226
5.20 0.10 320 263
5.30 0.10 320 260
5.40 0.10 323 222
5.50 0.10 325 220
5.60 0.10 328 219
5.70 0.10 330 217
5.80 0.10 332 216
5.90 0.10 337 254
6.00 0.10 337 213
6.10 0.10 340 211
6.20 0.10 342 210
6.30 0.10 344 209
6.40 0.10 346 207
6.50 0.10 349 206
6.60 0.10 350 204
6.70 0.10 354 202
6.80 0.10 355 201
6.90 0.10 357 200
7.00 0.10 360 198
7.10 0.10 362 196
7.20 0.10 364 194
7.30 0.10 367 194
7.40 0.10 369 192
7.50 0.10 371 189
7.60 0.10 373 188
7.70 0.10 375 187
7.80 0.10 378 185
7.90 0.10 380 184
8.00 0.10 381 183
8.10 0.10 0 0
8.20 0.10 0 0
8.30 0.10 0 0
8.40 0.10 0 0
8.50 0.10 0 0
8.60 0.10 0 0
8.70 0.10 0 0
8.80 0.10 0 0
8.90 0.10 0 0
9.00 0.10 0 0
9.10 0.10 0 0
-9.00 0.20 0 0
-8.90 0.20 0 0
-8.80 0.20 0 0
-8.70 0.20 0 0
-8.60 0.20 0 0
-8.50 0.20 0 0
-8.40 0.20 0 0
-8.30 0.20 0 0
-8.20 0.20 0 0
-8.10 0.20 0 0
-8.00 0.20 0 0
-7.90 0.20 0 0
-7.80 0.20 0 0
-7.70 0.20 0 0
-7.60 0.20 0 0
-7.50 0.20 43 362
-7.40 0.20 2 399
-7.30 0.20 3 397
-7.20 0.20 3 395
-7.10 0.20 3 395
-7.00 0.20 0 0
-6.90 0.20 0 0
-6.80 0.20 0 0
-6.70 0.20 0 0
-6.60 0.20 0 0
-6.50 0.20 5 383
-6.40 0.20 8 384
-6.30 0.20 9 384
-6.20 0.20 8 384
-6.10 0.20 7 383
-6.00 0.20 10 382
-5.90 0.20 28 387
-5.80 0.20 29 386
-5.70 0.20 30 385
-5.60 0.20 31 386
-5.50 0.20 33 385
-5.40 0.20 34 385
-5.30 0.20 35 384
-5.20 0.20 37 384
-5.10 0.20 38 384
-5.00 0.20 40 383
-4.90 0.20 40 383
-4.80 0.20 44 384
-4.70 0.20 71 346
-4.60 0.20 74 345
-4.50 0.20 77 343
-4.40 0.20 79 342
-4.30 0.20 82 340
-4.20 0.20 80 376
-4.10 0.20 81 376
-4.00 0.20 85 377
-3.90 0.20 86 377
-3.80 0.20 87 378
-3.70 0.20 88 378
-3.60 0.20 87 377
-3.50 0.20 87 376
-3.40 0.20 90 376
-3.30 0.20 91 375
-3.20 0.20 92 374
-3.10 0.20 95 373
-3.00 0.20 97 372
-2.90 0.20 102 371
-2.80 0.20 106 370
-2.70 0.20 109 367
-2.60 0.20 112 366
-2.50 0.20 114 365
-2.40 0.20 117 364
-2.30 0.20 117 362
-2.20 0.20 119 361
-2.10 0.20 121 361
-2.00 0.20 123 360
-1.90 0.20 124 360
-1.80 0.20 141 336
-1.70 0.20 153 303
-1.60 0.20 156 302
-1.50 0.20 154 335
-1.40 0.20 160 300
-1.30 0.20 158 333
-1.20 0.20 162 332
-1.10 0.20 168 298
-1.00 0.20 166 327
-0.90 0.20 170 328
-0.80 0.20 170 327
-0.70 0.20 174 325
-0.60 0.20 175 325
-0.50 0.20 178 323
-0.40 0.20 183 324
-0.30 0.20 184 324
-0.20 0.20 187 323
-0.10 0.20 188 320
-0.00 0.20 191 321
0.10 0.20 196 321
0.20 0.20 196 319
0.30 0.20 201 319
0.40 0.20 201 317
0.50 0.20 206 316
0.60 0.20 211 282
0.70 0.20 208 314
0.80 0.20 210 315
0.90 0.20 218 279
1.00 0.20 215 312
1.10 0.20 223 276
1.20 0.20 225 275
1.30 0.20 227 274
1.40 0.20 230 273
1.50 0.20 232 272
1.60 0.20 235 271
1.70 0.20 237 270
1.80 0.20 239 269
1.90 0.20 242 267
2.00 0.20 244 266
2.10 0.20 246 265
2.20 0.20 249 264
2.30 0.20 252 263
2.40 0.20 254 261
2.50 0.20 256 260
2.60 0.20 259 260
2.70 0.20 261 258
2.80 0.20 263 257
2.90 0.20 266 256
3.00 0.20 268 255
3.10 0.20 271 253
3.20 0.20 273 252
3.30 0.20 275 251
3.40 0.20 278 249
3.50 0.20 280 248
3.60 0.20 282 247
3.70 0.20 285 246
3.80 0.20 288 244
3.90 0.20 290 243
4.00 0.20 292 243
4.10 0.20 294 241
4.20 0.20 296 240
4.30 0.20 299 238
4.40 0.20 301 237
4.50 0.20 304 235
4.60 0.20 306 234
4.70 0.20 308 232
4.80 0.20 311 231
4.90 0.20 313 230
5.00 0.20 316 229
5.10 0.20 317 262
5.20 0.20 320 226
5.30 0.20 322 224
5.40 0.20 325 223
5.50 0.20 327 221
5.60 0.20 329 220
5.70 0.20 332 219
5.80 0.20 333 218
5.90 0.20 336 216
6.00 0.20 338 214
6.10 0.20 341 212
6.20 0.20 343 211
6.30 0.20 345 209
6.40 0.20 347 208
6.50 0.20 350 207
6.60 0.20 352 205
6.70 0.20 354 204
6.80 0.20 357 202
6.90 0.20 359 201
7.00 0.20 361 199
7.10 0.20 364 198
7.20 0.20 366 196
7.30 0.20 368 194
7.40 0.20 370 193
7.50 0.20 372 191
7.60 0.20 374 189
7.70 0.20 377 188
7.80 0.20 379 186
7.90 0.20 382 185
8.00 0.20 383 184
8.10 0.20 385 184
8.20 0.20 0 0
8.30 0.20 0 0
8.40 0.20 0 0
8.50 0.20 0 0
8.60 0.20 0 0
8.70 0.20 0 0
8.80 0.20 0 0
8.90 0.20 0 0
9.00 0.20 0 0
9.10 0.20 0 0
-9.00 0.30 0 0
-8.90 0.30 0 0
-8.80 0.30 0 0
-8.70 0.30 0 0
-8.60 0.30 0 0
-8.50 0.30 0 0
-8.40 0.30 0 0
-8.30 0.30 0 0
-8.20 0.30 0 0
-8.10 0.30 0 0
-8.00 0.30 0 0
-7.90 0.30 0 0
-7.80 0.30 0 0
-7.70 0.30 0 0
-7.60 0.30 0 0
-7.50 0.30 0 0
-7.40 0.30 6 340
-7.30 0.30 3 398
-7.20 0.30 4 398
-7.10 0.30 3 396
-7.00 0.30 0 0
-6.90 0.30 0 0
-6.80 0.30 0 0
-6.70 0.30 0 0
-6.60 0.30 0 0
-6.50 0.30 7 384
-6.40 0.30 9 386
-6.30 0.30 9 385
-6.20 0.30 8 384
-6.10 0.30 7 384
-6.00 0.30 0 0
-5.90 0.30 29 388
-5.80 0.30 31 388
-5.70 0.30 30 386
-5.60 0.30 32 387
-5.50 0.30 35 386
-5.40 0.30 36 386
-5.30 0.30 37 386
-5.20 0.30 39 385
-5.10 0.30 39 385
-5.00 0.30 41 384
-4.90 0.30 43 385
-4.80 0.30 45 385
-4.70 0.30 73 347
-4.60 0.30 75 346
-4.50 0.30 78 345
-4.40 0.30 80 343
-4.30 0.30 83 342
-4.20 0.30 82 378
-4.10 0.30 85 379
-4.00 0.30 85 378
-3.90 0.30 88 378
-3.80 0.30 88 379
-3.70 0.30 88 378
-3.60 0.30 88 378
-3.50 0.30 89 377
-3.40 0.30 90 377
-3.30 0.30 93 376
-3.20 0.30 95 376
-3.10 0.30 95 375
-3.00 0.30 99 373
-2.90 0.30 103 372
-2.80 0.30 107 371
-2.70 0.30 110 369
-2.60 0.30 114 367
-2.50 0.30 117 366
-2.40 0.30 118 364
-2.30 0.30 119 364
-2.20 0.30 123 363
-2.10 0.30 123 361
-2.00 0.30 125 361
-1.90 0.30 125 361
-1.80 0.30 152 304
-1.70 0.30 0 0
-1.60 0.30 157 304
-1.50 0.30 160 303
-1.40 0.30 156 336
-1.30 0.30 160 333
-1.20 0.30 167 300
-1.10 0.30 170 299
-1.00 0.30 171 299
-0.90 0.30 175 298
-0.80 0.30 173 330
-0.70 0.30 176 327
-0.60 0.30 182 294
-0.50 0.30 181 326
-0.40 0.30 183 326
-0.30 0.30 187 323
-0.20 0.30 192 291
-0.10 0.30 190 324
-0.00 0.30 193 322
0.10 0.30 196 322
0.20 0.30 199 320
0.30 0.30 205 286
0.40 0.30 204 319
0.50 0.30 209 284
0.60 0.30 209 318
0.70 0.30 213 315
0.80 0.30 217 281
0.90 0.30 219 280
1.00 0.30 221 279
1.10 0.30 224 278
1.20 0.30 227 277
1.30 0.30 229 275
1.40 0.30 231 274
1.50 0.30 234 273
1.60 0.30 236 272
1.70 0.30 239 271
1.80 0.30 241 270
1.90 0.30 244 269
2.00 0.30 246 267
2.10 0.30 248 266
2.20 0.30 251 265
2.30 0.30 253 264
2.40 0.30 256 263
2.50 0.30 258 262
2.60 0.30 261 260
2.70 0.30 263 259
2.80 0.30 265 258
2.90 0.30 268 257
3.00 0.30 270 256
3.10 0.30 272 254
3.20 0.30 274 253
3.30 0.30 277 252
3.40 0.30 279 251
3.50 0.30 283 250
3.60 0.30 284 248
3.70 0.30 286 247
3.80 0.30 289 246
3.90 0.30 291 245
4.00 0.30 294 243
4.10 0.30 296 242
4.20 0.30 298 241
4.30 0.30 301 240
4.40 0.30 303 238
4.50 0.30 305 237
4.60 0.30 307 235
4.70 0.30 311 233
4.80 0.30 312 267
4.90 0.30 314 231
5.00 0.30 317 229
5.10 0.30 319 229
5.20 0.30 322 227
5.30 0.30 324 225
5.40 0.30 327 224
5.50 0.30 329 223
5.60 0.30 331 221
5.70 0.30 333 220
5.80 0.30 336 218
5.90 0.30 338 216
6.00 0.30 340 215
6.10 0.30 343 214
6.20 0.30 345 212
6.30 0.30 347 211
6.40 0.30 349 209
6.50 0.30 352 208
6.60 0.30 354 206
6.70 0.30 356 205
6.80 0.30 359 204
6.90 0.30 360 201
7.00 0.30 363 200
7.10 0.30 365 198
7.20 0.30 367 197
7.30 0.30 370 195
7.40 0.30 371 194
7.50 0.30 374 192
7.60 0.30 376 190
7.70 0.30 378 189
7.80 0.30 381 187
7.90 0.30 383 186
8.00 0.30 384 185
8.10 0.30 0 0
8.20 0.30 0 0
8.30 0.30 0 0
8.40 0.30 0 0
8.50 0.30 0 0
8.60 0.30 0 0
8.70 0.30 0 0
8.80 0.30 0 0
8.90 0.30 0 0
9.00 0.30 0 0
9.10 0.30 0 0
-9.00 0.40 0 0
-8.90 0.40 0 0
-8.80 0.40 0 0
-8.70 0.40 0 0
-8.60 0.40 0 0
-8.50 0.40 0 0
-8.40 0.40 0 0
-8.30 0.40 0 0
-8.20 0.40 0 0
-8.10 0.40 0 0
-8.00 0.40 0 0
-7.90 0.40 0 0
-7.80 0.40 0 0
-7.70 0.40 0 0
-7.60 0.40 0 0
-7.50 0.40 4 342
-7.40 0.40 2 398
-7.30 0.40 3 399
-7.20 0.40 4 398
-7.10 0.40 3 396
-7.00 0.40 0 0
-6.90 0.40 0 0
-6.80 0.40 0 0
-6.70 0.40 0 0
-6.60 0.40 0 0
-6.50 0.40 8 386
-6.40 0.40 9 388
-6.30 0.40 11 388
-6.20 0.40 10 386
-6.10 0.40 9 385
-6.00 0.40 31 392
-5.90 0.40 31 390
-5.80 0.40 33 389
-5.70 0.40 33 388
-5.60 0.40 34 388
-5.50 0.40 36 387
-5.40 0.40 38 388
-5.30 0.40 39 387
-5.20 0.40 40 387
-5.10 0.40 42 387
-5.00 0.40 43 386
-4.90 0.40 45 385
-4.80 0.40 46 384
-4.70 0.40 74 349
-4.60 0.40 77 347
-4.50 0.40 80 346
-4.40 0.40 82 345
-4.30 0.40 85 343
-4.20 0.40 84 379
-4.10 0.40 87 380
-4.00 0.40 89 380
-3.90 0.40 90 380
-3.80 0.40 91 380
-3.70 0.40 91 380
-3.60 0.40 90 379
-3.50 0.40 91 379
-3.40 0.40 93 378
-3.30 0.40 94 378
-3.20 0.40 96 377
-3.10 0.40 99 376
-3.00 0.40 102 375
-2.90 0.40 104 374
-2.80 0.40 108 372
-2.70 0.40 112 370
-2.60 0.40 116 368
-2.50 0.40 117 368
-2.40 0.40 121 366
-2.30 0.40 122 365
-2.20 0.40 124 364
-2.10 0.40 125 363
-2.00 0.40 125 363
-1.90 0.40 132 365
-1.80 0.40 154 306
-1.70 0.40 156 306
-1.60 0.40 0 0
-1.50 0.40 161 304
-1.40 0.40 164 303
-1.30 0.40 166 302
-1.20 0.40 169 301
-1.10 0.40 172 300
-1.00 0.40 174 299
-0.90 0.40 176 298
-0.80 0.40 180 298
-0.70 0.40 181 297
-0.60 0.40 184 296
-0.50 0.40 184 328
-0.40 0.40 185 324
-0.30 0.40 188 326
-0.20 0.40 189 325
-0.10 0.40 193 324
-0.00 0.40 196 323
0.10 0.40 197 322
0.20 0.40 202 322
0.30 0.40 202 320
0.40 0.40 204 320
0.50 0.40 208 320
0.60 0.40 210 318
0.70 0.40 215 283
0.80 0.40 216 318
0.90 0.40 221 281
1.00 0.40 223 280
1.10 0.40 223 316
1.20 0.40 228 278
1.30 0.40 231 276
1.40 0.40 233 275
1.50 0.40 235 274
1.60 0.40 238 273
1.70 0.40 241 272
1.80 0.40 243 271
1.90 0.40 245 270
2.00 0.40 247 269
2.10 0.40 249 268
2.20 0.40 252 266
2.30 0.40 255 265
2.40 0.40 257 264
2.50 0.40 259 263
2.60 0.40 262 262
2.70 0.40 265 261
2.80 0.40 267 259
2.90 0.40 270 258
3.00 0.40 271 256
3.10 0.40 274 255
3.20 0.40 276 254
3.30 0.40 279 253
3.40 0.40 281 252
3.50 0.40 283 250
3.60 0.40 286 250
3.70 0.40 288 248
3.80 0.40 291 247
3.90 0.40 293 245
4.00 0.40 295 244
4.10 0.40 298 243
4.20 0.40 300 242
4.30 0.40 302 241
4.40 0.40 304 239
4.50 0.40 307 238
4.60 0.40 309 237
4.70 0.40 312 235
4.80 0.40 313 270
4.90 0.40 316 232
5.00 0.40 319 231
5.10 0.40 322 229
5.20 0.40 322 265
5.30 0.40 329 263
5.40 0.40 328 225
5.50 0.40 334 260
5.60 0.40 332 222
5.70 0.40 338 259
5.80 0.40 337 220
5.90 0.40 339 218
6.00 0.40 341 217
6.10 0.40 344 214
6.20 0.40 347 213
6.30 0.40 348 211
6.40 0.40 351 210
6.50 0.40 353 209
6.60 0.40 355 207
6.70 0.40 358 206
6.80 0.40 360 204
6.90 0.40 362 203
7.00 0.40 364 201
7.10 0.40 366 200
7.20 0.40 369 198
7.30 0.40 371 197
7.40 0.40 373 195
7.50 0.40 376 193
7.60 0.40 377 192
7.70 0.40 380 190
7.80 0.40 383 188
7.90 0.40 384 187
8.00 0.40 386 186
8.10 0.40 388 186
8.20 0.40 0 0
8.30 0.40 0 0
8.40 0.40 0 0
8.50 0.40 0 0
8.60 0.40 0 0
8.70 0.40 0 0
8.80 0.40 0 0
8.90 0.40 0 0
9.00 0.40 0 0
9.10 0.40 0 0
-9.00 0.50 0 0
-8.90 0.50 0 0
-8.80 0.50 0 0
-8.70 0.50 0 0
-8.60 0.50 0 0
-8.50 0.50 0 0
-8.40 0.50 0 0
-8.30 0.50 0 0
-8.20 0.50 0 0
-8.10 0.50 0 0
-8.00 0.50 0 0
-7.90 0.50 0 0
-7.80 0.50 0 0
-7.70 0.50 0 0
-7.60 0.50 3 345
-7.50 0.50 3 404
-7.40 0.50 3 402
-7.30 0.50 5 400
-7.20 0.50 5 399
-7.10 0.50 4 397
-7.00 0.50 0 0
-6.90 0.50 0 0
-6.80 0.50 0 0
-6.70 0.50 0 0
-6.60 0.50 0 0
-6.50 0.50 8 388
-6.40 0.50 11 390
-6.30 0.50 12 390
-6.20 0.50 10 388
-6.10 0.50 9 386
-6.00 0.50 33 394
-5.90 0.50 32 391
-5.80 0.50 34 390
-5.70 0.50 35 390
-5.60 0.50 36 389
-5.50 0.50 38 389
-5.40 0.50 39 389
-5.30 0.50 40 388
-5.20 0.50 41 388
-5.10 0.50 43 387
-5.00 0.50 46 387
-4.90 0.50 48 387
-4.80 0.50 49 388
-4.70 0.50 75 350
-4.60 0.50 78 348
-4.50 0.50 81 347
-4.40 0.50 84 346
-4.30 0.50 87 345
-4.20 0.50 83 379
-4.10 0.50 90 380
-4.00 0.50 90 380
-3.90 0.50 91 380
-3.80 0.50 92 380
-3.70 0.50 92 381
-3.60 0.50 93 380
-3.50 0.50 94 380
-3.40 0.50 94 380
-3.30 0.50 96 379
-3.20 0.50 98 378
-3.10 0.50 100 378
-3.00 0.50 102 377
-2.90 0.50 107 375
-2.80 0.50 110 374
-2.70 0.50 113 372
-2.60 0.50 116 370
-2.50 0.50 119 368
-2.40 0.50 121 367
-2.30 0.50 124 367
-2.20 0.50 126 366
-2.10 0.50 127 365
-2.00 0.50 129 365
-1.90 0.50 132 365
-1.80 0.50 133 365
-1.70 0.50 158 307
-1.60 0.50 160 306
-1.50 0.50 163 305
-1.40 0.50 166 304
-1.30 0.50 168 303
-1.20 0.50 170 303
-1.10 0.50 168 336
-1.00 0.50 175 300
-0.90 0.50 176 334
-0.80 0.50 179 331
-0.70 0.50 180 330
-0.60 0.50 185 297
-0.50 0.50 187 329
-0.40 0.50 189 329
-0.30 0.50 189 327
-0.20 0.50 194 326
-0.10 0.50 195 325
-0.00 0.50 196 325
0.10 0.50 198 324
0.20 0.50 201 322
0.30 0.50 203 321
0.40 0.50 204 321
0.50 0.50 210 320
0.60 0.50 211 319
0.70 0.50 213 320
0.80 0.50 215 317
0.90 0.50 220 318
1.00 0.50 221 316
1.10 0.50 222 315
1.20 0.50 230 279
1.30 0.50 233 278
1.40 0.50 235 277
1.50 0.50 236 276
1.60 0.50 239 274
1.70 0.50 242 273
1.80 0.50 244 272
1.90 0.50 247 271
2.00 0.50 249 270
2.10 0.50 252 269
2.20 0.50 253 268
2.30 0.50 256 266
2.40 0.50 259 265
2.50 0.50 262 264
2.60 0.50 264 263
2.70 0.50 265 261
2.80 0.50 268 260
2.90 0.50 270 259
3.00 0.50 273 258
3.10 0.50 275 257
3.20 0.50 277 256
3.30 0.50 280 254
3.40 0.50 282 253
3.50 0.50 285 252
3.60 0.50 287 250
3.70 0.50 289 249
3.80 0.50 292 248
3.90 0.50 294 247
4.00 0.50 297 245
4.10 0.50 299 244
4.20 0.50 301 243
4.30 0.50 302 276
4.40 0.50 306 240
4.50 0.50 309 239
4.60 0.50 311 238
4.70 0.50 313 271
4.80 0.50 316 273
4.90 0.50 318 234
5.00 0.50 322 269
5.10 0.50 323 267
5.20 0.50 325 229
5.30 0.50 329 264
5.40 0.50 330 263
5.50 0.50 334 263
5.60 0.50 336 262
5.70 0.50 338 260
5.80 0.50 341 259
5.90 0.50 341 219
6.00 0.50 344 257
6.10 0.50 346 215
6.20 0.50 348 214
6.30 0.50 350 213
6.40 0.50 353 212
6.50 0.50 355 210
6.60 0.50 357 208
6.70 0.50 359 207
6.80 0.50 361 205
6.90 0.50 363 204
7.00 0.50 366 202
7.10 0.50 368 201
7.20 0.50 370 199
7.30 0.50 373 197
7.40 0.50 375 196
7.50 0.50 377 194
7.60 0.50 379 193
7.70 0.50 382 190
7.80 0.50 384 190
7.90 0.50 386 188
8.00 0.50 388 187
8.10 0.50 389 186
8.20 0.50 0 0
8.30 0.50 0 0
8.40 0.50 0 0
8.50 0.50 0 0
8.60 0.50 0 0
8.70 0.50 0 0
8.80 0.50 0 0
8.90 0.50 0 0
9.00 0.50 0 0
9.10 0.50 0 0
-9.00 0.60 0 0
-8.90 0.60 0 0
-8.80 0.60 0 0
-8.70 0.60 0 0
-8.60 0.60 0 0
-8.50 0.60 0 0
-8.40 0.60 0 0
-8.30 0.60 0 0
-8.20 0.60 0 0
-8.10 0.60 0 0
-8.00 0.60 0 0
-7.90 0.60 0 0
-7.80 0.60 0 0
-7.70 0.60 47 365
-7.60 0.60 3 406
-7.50 0.60 4 405
-7.40 0.60 5 404
-7.30 0.60 6 404
-7.20 0.60 6 400
-7.10 0.60 6 401
-7.00 0.60 0 0
-6.90 0.60 0 0
-6.80 0.60 0 0
-6.70 0.60 0 0
-6.60 0.60 0 0
-6.50 0.60 10 390
-6.40 0.60 12 392
-6.30 0.60 12 391
-6.20 0.60 12 390
-6.10 0.60 11 388
-6.00 0.60 36 397
-5.90 0.60 34 393
-5.80 0.60 36 392
-5.70 0.60 36 391
-5.60 0.60 39 390
-5.50 0.60 41 390
-5.40 0.60 41 390
-5.30 0.60 41 389
-5.20 0.60 43 390
-5.10 0.60 45 389
-5.00 0.60 47 389
-4.90 0.60 48 389
-4.80 0.60 52 390
-4.70 0.60 54 390
-4.60 0.60 79 350
-4.50 0.60 83 348
-4.40 0.60 85 347
-4.30 0.60 88 346
-4.20 0.60 86 380
-4.10 0.60 90 381
-4.00 0.60 92 381
-3.90 0.60 94 382
-3.80 0.60 94 382
-3.70 0.60 95 382
-3.60 0.60 95 381
-3.50 0.60 96 381
-3.40 0.60 97 381
-3.30 0.60 98 379
-3.20 0.60 100 379
-3.10 0.60 103 379
-3.00 0.60 104 378
-2.90 0.60 108 377
-2.80 0.60 112 375
-2.70 0.60 115 373
-2.60 0.60 120 371
-2.50 0.60 122 371
-2.40 0.60 124 370
-2.30 0.60 126 368
-2.20 0.60 127 367
-2.10 0.60 129 367
-2.00 0.60 133 367
-1.90 0.60 132 365
-1.80 0.60 135 366
-1.70 0.60 134 366
-1.60 0.60 156 341
-1.50 0.60 159 340
-1.40 0.60 160 339
-1.30 0.60 165 337
-1.20 0.60 168 338
-1.10 0.60 168 335
-1.00 0.60 177 336
-0.90 0.60 178 334
-0.80 0.60 180 333
-0.70 0.60 183 332
-0.60 0.60 183 331
-0.50 0.60 188 331
-0.40 0.60 191 330
-0.30 0.60 192 329
-0.20 0.60 192 328
-0.10 0.60 196 327
-0.00 0.60 199 325
0.10 0.60 200 325
0.20 0.60 202 323
0.30 0.60 204 323
0.40 0.60 208 321
0.50 0.60 212 320
0.60 0.60 213 321
0.70 0.60 216 320
0.80 0.60 217 320
0.90 0.60 221 318
1.00 0.60 222 317
1.10 0.60 226 316
1.20 0.60 227 315
1.30 0.60 234 279
1.40 0.60 233 316
1.50 0.60 235 311
1.60 0.60 241 276
1.70 0.60 244 274
1.80 0.60 245 273
1.90 0.60 248 272
2.00 0.60 250 271
2.10 0.60 253 270
2.20 0.60 255 269
2.30 0.60 258 267
2.40 0.60 260 266
2.50 0.60 262 265
2.60 0.60 265 264
2.70 0.60 267 263
2.80 0.60 269 262
2.90 0.60 272 260
3.00 0.60 275 259
3.10 0.60 274 292
3.20 0.60 279 257
3.30 0.60 281 256
3.40 0.60 284 254
3.50 0.60 287 253
3.60 0.60 288 252
3.70 0.60 292 250
3.80 0.60 293 249
3.90 0.60 296 248
4.00 0.60 299 247
4.10 0.60 301 245
4.20 0.60 303 244
4.30 0.60 305 243
4.40 0.60 308 242
4.50 0.60 310 240
4.60 0.60 313 273
4.70 0.60 315 237
4.80 0.60 319 272
4.90 0.60 319 272
5.00 0.60 324 270
5.10 0.60 324 269
5.20 0.60 326 269
5.30 0.60 328 269
5.40 0.60 333 265
5.50 0.60 334 265
5.60 0.60 336 260
5.70 0.60 340 261
5.80 0.60 340 260
5.90 0.60 345 258
6.00 0.60 346 258
6.10 0.60 349 256
6.20 0.60 351 256
6.30 0.60 352 214
6.40 0.60 354 213
6.50 0.60 356 211
6.60 0.60 359 210
6.70 0.60 360 208
6.80 0.60 363 206
6.90 0.60 365 205
7.00 0.60 367 203
7.10 0.60 370 202
7.20 0.60 372 200
7.30 0.60 374 198
7.40 0.60 376 197
7.50 0.60 378 195
7.60 0.60 381 193
7.70 0.60 383 191
7.80 0.60 385 191
7.90 0.60 388 189
8.00 0.60 389 188
8.10 0.60 391 187
8.20 0.60 0 0
8.30 0.60 0 0
8.40 0.60 0 0
8.50 0.60 398 228
8.60 0.60 0 0
8.70 0.60 0 0
8.80 0.60 0 0
8.90 0.60 0 0
9.00 0.60 0 0
9.10 0.60 0 0
-9.00 0.70 0 0
-8.90 0.70 0 0
-8.80 0.70 0 0
-8.70 0.70 0 0
-8.60 0.70 0 0
-8.50 0.70 0 0
-8.40 0.70 0 0
-8.30 0.70 0 0
-8.20 0.70 0 0
-8.10 0.70 0 0
-8.00 0.70 0 0
-7.90 0.70 0 0
-7.80 0.70 0 0
-7.70 0.70 3 413
-7.60 0.70 4 409
-7.50 0.70 4 408
-7.40 0.70 6 406
-7.30 0.70 7 403
-7.20 0.70 8 402
-7.10 0.70 6 401
-7.00 0.70 3 401
-6.90 0.70 0 0
-6.80 0.70 0 0
-6.70 0.70 0 0
-6.60 0.70 0 0
-6.50 0.70 11 392
-6.40 0.70 13 393
-6.30 0.70 14 393
-6.20 0.70 13 393
-6.10 0.70 19 393
-6.00 0.70 26 393
-5.90 0.70 36 394
-5.80 0.70 37 393
-5.70 0.70 40 392
-5.60 0.70 40 392
-5.50 0.70 42 392
-5.40 0.70 44 392
-5.30 0.70 44 391
-5.20 0.70 45 391
-5.10 0.70 47 391
-5.00 0.70 48 390
-4.90 0.70 51 390
-4.80 0.70 53 391
-4.70 0.70 54 391
-4.60 0.70 82 351
-4.50 0.70 84 350
-4.40 0.70 87 348
-4.30 0.70 89 347
-4.20 0.70 89 382
-4.10 0.70 92 382
-4.00 0.70 93 382
-3.90 0.70 96 383
-3.80 0.70 97 383
-3.70 0.70 95 383
-3.60 0.70 97 382
-3.50 0.70 96 382
-3.40 0.70 100 382
-3.30 0.70 101 381
-3.20 0.70 103 380
-3.10 0.70 105 379
-3.00 0.70 107 379
-2.90 0.70 110 378
-2.80 0.70 114 376
-2.70 0.70 116 375
-2.60 0.70 121 373
-2.50 0.70 123 372
-2.40 0.70 126 371
-2.30 0.70 129 370
-2.20 0.70 130 369
-2.10 0.70 130 368
-2.00 0.70 132 367
-1.90 0.70 134 368
-1.80 0.70 135 366
-1.70 0.70 154 342
-1.60 0.70 157 342
-1.50 0.70 161 342
-1.40 0.70 161 340
-1.30 0.70 167 343
-1.20 0.70 173 305
-1.10 0.70 173 336
-1.00 0.70 176 337
-0.90 0.70 180 335
-0.80 0.70 182 335
-0.70 0.70 184 333
-0.60 0.70 185 333
-0.50 0.70 189 331
-0.40 0.70 190 331
-0.30 0.70 193 330
-0.20 0.70 194 328
-0.10 0.70 198 329
-0.00 0.70 200 325
0.10 0.70 202 325
0.20 0.70 204 324
0.30 0.70 207 324
0.40 0.70 208 323
0.50 0.70 212 322
0.60 0.70 214 321
0.70 0.70 217 321
0.80 0.70 217 321
0.90 0.70 223 318
1.00 0.70 224 318
1.10 0.70 227 317
1.20 0.70 230 316
1.30 0.70 233 318
1.40 0.70 235 315
1.50 0.70 237 313
1.60 0.70 243 277
1.70 0.70 244 310
1.80 0.70 247 274
1.90 0.70 250 273
2.00 0.70 252 272
2.10 0.70 255 271
2.20 0.70 257 270
2.30 0.70 260 269
2.40 0.70 262 268
2.50 0.70 264 266
2.60 0.70 266 265
2.70 0.70 269 264
2.80 0.70 271 263
2.90 0.70 274 262
3.00 0.70 276 299
3.10 0.70 279 296
3.20 0.70 281 294
3.30 0.70 283 257
3.40 0.70 286 255
3.50 0.70 288 254
3.60 0.70 290 253
3.70 0.70 293 252
3.80 0.70 295 250
3.90 0.70 298 249
4.00 0.70 300 248
4.10 0.70 301 282
4.20 0.70 305 245
4.30 0.70 307 244
4.40 0.70 309 278
4.50 0.70 316 276
4.60 0.70 314 276
4.70 0.70 317 274
4.80 0.70 319 273
4.90 0.70 318 272
5.00 0.70 322 272
5.10 0.70 326 270
5.20 0.70 328 269
5.30 0.70 331 267
5.40 0.70 334 267
5.50 0.70 336 265
5.60 0.70 339 264
5.70 0.70 340 263
5.80 0.70 342 260
5.90 0.70 345 260
6.00 0.70 346 259
6.10 0.70 351 257
6.20 0.70 353 257
6.30 0.70 353 214
6.40 0.70 355 214
6.50 0.70 358 212
6.60 0.70 360 211
6.70 0.70 362 209
6.80 0.70 364 207
6.90 0.70 366 205
7.00 0.70 369 204
7.10 0.70 371 203
7.20 0.70 374 201
7.30 0.70 376 200
7.40 0.70 378 198
7.50 0.70 380 196
7.60 0.70 383 195
7.70 0.70 385 193
7.80 0.70 387 191
7.90 0.70 389 190
8.00 0.70 391 189
8.10 0.70 392 188
8.20 0.70 0 0
8.30 0.70 0 0
8.40 0.70 395 234
8.50 0.70 0 0
8.60 0.70 0 0
8.70 0.70 0 0
8.80 0.70 0 0
8.90 0.70 0 0
9.00 0.70 0 0
9.10 0.70 0 0
-9.00 0.80 0 0
-8.90 0.80 0 0
-8.80 0.80 0 0
-8.70 0.80 0 0
-8.60 0.80 0 0
-8.50 0.80 0 0
-8.40 0.80 0 0
-8.30 0.80 0 0
-8.20 0.80 0 0
-8.10 0.80 0 0
-8.00 0.80 0 0
-7.90 0.80 0 0
-7.80 0.80 2 412
-7.70 0.80 2 411
-7.60 0.80 5 409
-7.50 0.80 5 408
-7.40 0.80 7 407
-7.30 0.80 8 406
-7.20 0.80 8 404
-7.10 0.80 7 404
-7.00 0.80 3 403
-6.90 0.80 0 0
-6.80 0.80 0 0
-6.70 0.80 0 0
-6.60 0.80 0 0
-6.50 0.80 12 394
-6.40 0.80 14 395
-6.30 0.80 15 394
-6.20 0.80 16 394
-6.10 0.80 20 394
-6.00 0.80 37 396
-5.90 0.80 37 395
-5.80 0.80 39 394
-5.70 0.80 42 395
-5.60 0.80 42 393
-5.50 0.80 44 393
-5.40 0.80 45 393
-5.30 0.80 46 393
-5.20 0.80 47 392
-5.10 0.80 49 392
-5.00 0.80 50 392
-4.90 0.80 52 392
-4.80 0.80 56 392
-4.70 0.80 55 393
-4.60 0.80 83 352
-4.50 0.80 86 351
-4.40 0.80 88 349
-4.30 0.80 91 348
-4.20 0.80 94 347
-4.10 0.80 95 384
-4.00 0.80 97 384
-3.90 0.80 97 384
-3.80 0.80 98 385
-3.70 0.80 98 384
-3.60 0.80 98 383
-3.50 0.80 99 383
-3.40 0.80 101 382
-3.30 0.80 102 382
-3.20 0.80 105 381
-3.10 0.80 107 381
-3.00 0.80 109 380
-2.90 0.80 113 379
-2.80 0.80 115 378
-2.70 0.80 120 377
-2.60 0.80 123 375
-2.50 0.80 125 373
-2.40 0.80 129 372
-2.30 0.80 131 372
-2.20 0.80 132 370
-2.10 0.80 134 370
-2.00 0.80 135 369
-1.90 0.80 135 368
-1.80 0.80 137 368
-1.70 0.80 155 344
-1.60 0.80 165 309
-1.50 0.80 162 344
-1.40 0.80 165 341
-1.30 0.80 168 340
-1.20 0.80 171 340
-1.10 0.80 175 337
-1.00 0.80 178 336
-0.90 0.80 181 336
-0.80 0.80 184 336
-0.70 0.80 186 335
-0.60 0.80 188 334
-0.50 0.80 190 333
-0.40 0.80 192 331
-0.30 0.80 195 330
-0.20 0.80 197 329
-0.10 0.80 198 328
-0.00 0.80 201 329
0.10 0.80 202 326
0.20 0.80 208 326
0.30 0.80 208 325
0.40 0.80 211 325
0.50 0.80 213 323
0.60 0.80 217 323
0.70 0.80 220 322
0.80 0.80 221 320
0.90 0.80 224 321
1.00 0.80 226 319
1.10 0.80 226 318
1.20 0.80 230 318
1.30 0.80 235 317
1.40 0.80 239 280
1.50 0.80 239 315
1.60 0.80 241 314
1.70 0.80 244 313
1.80 0.80 247 310
1.90 0.80 248 311
2.00 0.80 253 273
2.10 0.80 256 272
2.20 0.80 259 271
2.30 0.80 261 270
2.40 0.80 264 269
2.50 0.80 266 268
2.60 0.80 269 266
2.70 0.80 271 265
2.80 0.80 272 264
2.90 0.80 275 263
3.00 0.80 275 296
3.10 0.80 276 295
3.20 0.80 281 295
3.30 0.80 285 258
3.40 0.80 287 257
3.50 0.80 290 255
3.60 0.80 292 254
3.70 0.80 295 289
3.80 0.80 297 289
3.90 0.80 299 250
4.00 0.80 302 249
4.10 0.80 304 247
4.20 0.80 306 247
4.30 0.80 309 245
4.40 0.80 311 244
4.50 0.80 313 242
4.60 0.80 316 277
4.70 0.80 319 275
4.80 0.80 320 273
4.90 0.80 324 274
5.00 0.80 325 273
5.10 0.80 328 270
5.20 0.80 331 271
5.30 0.80 332 269
5.40 0.80 335 266
5.50 0.80 337 266
5.60 0.80 339 263
5.70 0.80 344 264
5.80 0.80 346 263
5.90 0.80 346 260
6.00 0.80 350 260
6.10 0.80 353 257
6.20 0.80 353 257
6.30 0.80 356 253
6.40 0.80 357 255
6.50 0.80 359 213
6.60 0.80 361 212
6.70 0.80 363 210
6.80 0.80 366 208
6.90 0.80 368 207
7.00 0.80 371 205
7.10 0.80 372 204
7.20 0.80 375 202
7.30 0.80 377 200
7.40 0.80 379 199
7.50 0.80 381 197
7.60 0.80 384 196
7.70 0.80 387 194
7.80 0.80 388 192
7.90 0.80 391 191
8.00 0.80 393 190
8.10 0.80 394 189
8.20 0.80 0 0
8.30 0.80 395 234
8.40 0.80 397 237
8.50 0.80 401 234
8.60 0.80 0 0
8.70 0.80 0 0
8.80 0.80 0 0
8.90 0.80 0 0
9.00 0.80 0 0
9.10 0.80 0 0
-9.00 0.90 0 0
-8.90 0.90 0 0
-8.80 0.90 0 0
-8.70 0.90 0 0
-8.60 0.90 0 0
-8.50 0.90 0 0
-8.40 0.90 0 0
-8.30 0.90 0 0
-8.20 0.90 0 0
-8.10 0.90 0 0
-8.00 0.90 0 0
-7.90 0.90 0 0
-7.80 0.90 3 413
-7.70 0.90 3 411
-7.60 0.90 5 411
-7.50 0.90 6 410
-7.40 0.90 7 408
-7.30 0.90 8 407
-7.20 0.90 9 405
-7.10 0.90 8 404
-7.00 0.90 4 404
-6.90 0.90 0 0
-6.80 0.90 0 0
-6.70 0.90 0 0
-6.60 0.90 0 0
-6.50 0.90 14 395
-6.40 0.90 15 396
-6.30 0.90 16 395
-6.20 0.90 16 395
-6.10 0.90 20 394
-6.00 0.90 32 398
-5.90 0.90 38 397
-5.80 0.90 41 396
-5.70 0.90 41 394
-5.60 0.90 44 395
-5.50 0.90 45 394
-5.40 0.90 48 395
-5.30 0.90 48 394
-5.20 0.90 49 394
-5.10 0.90 51 394
-5.00 0.90 52 393
-4.90 0.90 56 393
-4.80 0.90 56 393
-4.70 0.90 58 393
-4.60 0.90 84 354
-4.50 0.90 87 352
-4.40 0.90 90 351
-4.30 0.90 92 349
-4.20 0.90 95 348
-4.10 0.90 96 385
-4.00 0.90 98 385
-3.90 0.90 99 385
-3.80 0.90 99 385
-3.70 0.90 99 385
-3.60 0.90 101 385
-3.50 0.90 101 384
-3.40 0.90 103 384
-3.30 0.90 104 383
-3.20 0.90 106 383
-3.10 0.90 108 382
-3.00 0.90 111 382
-2.90 0.90 113 380
-2.80 0.90 117 379
-2.70 0.90 122 377
-2.60 0.90 125 376
-2.50 0.90 127 374
-2.40 0.90 130 373
-2.30 0.90 131 373
-2.20 0.90 134 371
-2.10 0.90 136 370
-2.00 0.90 137 371
-1.90 0.90 138 370
-1.80 0.90 140 370
-1.70 0.90 144 371
-1.60 0.90 166 311
-1.50 0.90 164 343
-1.40 0.90 171 309
-1.30 0.90 174 308
-1.20 0.90 173 340
-1.10 0.90 179 307
-1.00 0.90 180 338
-0.90 0.90 187 339
-0.80 0.90 186 337
-0.70 0.90 186 336
-0.60 0.90 187 335
-0.50 0.90 193 335
-0.40 0.90 193 333
-0.30 0.90 192 333
-0.20 0.90 198 331
-0.10 0.90 201 330
-0.00 0.90 203 329
0.10 0.90 205 328
0.20 0.90 206 327
0.30 0.90 208 327
0.40 0.90 212 325
0.50 0.90 217 324
0.60 0.90 217 323
0.70 0.90 222 325
0.80 0.90 221 323
0.90 0.90 225 321
1.00 0.90 228 320
1.10 0.90 229 319
1.20 0.90 234 319
1.30 0.90 236 318
1.40 0.90 241 282
1.50 0.90 244 315
1.60 0.90 245 314
1.70 0.90 247 313
1.80 0.90 250 277
1.90 0.90 252 310
2.00 0.90 255 275
2.10 0.90 258 273
2.20 0.90 261 272
2.30 0.90 263 271
2.40 0.90 265 270
2.50 0.90 267 268
2.60 0.90 270 267
2.70 0.90 272 266
2.80 0.90 275 265
2.90 0.90 277 264
3.00 0.90 279 263
3.10 0.90 282 262
3.20 0.90 284 260
3.30 0.90 284 296
3.40 0.90 289 257
3.50 0.90 291 256
3.60 0.90 293 255
3.70 0.90 297 289
3.80 0.90 299 290
3.90 0.90 301 252
4.00 0.90 303 288
4.10 0.90 305 249
4.20 0.90 307 247
4.30 0.90 310 246
4.40 0.90 313 245
4.50 0.90 314 244
4.60 0.90 317 242
4.70 0.90 323 279
4.80 0.90 322 274
4.90 0.90 325 274
5.00 0.90 327 273
5.10 0.90 328 235
5.20 0.90 331 233
5.30 0.90 333 232
5.40 0.90 336 269
5.50 0.90 338 265
5.60 0.90 343 266
5.70 0.90 346 263
5.80 0.90 348 263
5.90 0.90 349 262
6.00 0.90 351 261
6.10 0.90 353 258
6.20 0.90 354 219
6.30 0.90 356 217
6.40 0.90 360 254
6.50 0.90 361 214
6.60 0.90 363 213
6.70 0.90 364 211
6.80 0.90 368 209
6.90 0.90 370 208
7.00 0.90 372 206
7.10 0.90 374 205
7.20 0.90 377 203
7.30 0.90 379 202
7.40 0.90 381 200
7.50 0.90 383 198
7.60 0.90 385 197
7.70 0.90 388 194
7.80 0.90 390 193
7.90 0.90 392 192
8.00 0.90 395 191
8.10 0.90 396 190
8.20 0.90 0 0
8.30 0.90 0 0
8.40 0.90 0 0
8.50 0.90 0 0
8.60 0.90 0 0
8.70 0.90 0 0
8.80 0.90 0 0
8.90 0.90 0 0
9.00 0.90 0 0
9.10 0.90 0 0
-9.00 1.00 0 0
-8.90 1.00 0 0
-8.80 1.00 0 0
-8.70 1.00 0 0
-8.60 1.00 0 0
-8.50 1.00 0 0
-8.40 1.00 0 0
-8.30 1.00 0 0
-8.20 1.00 0 0
-8.10 1.00 0 0
-8.00 1.00 0 0
-7.90 1.00 0 0
-7.80 1.00 3 414
-7.70 1.00 3 410
-7.60 1.00 5 411
-7.50 1.00 6 411
-7.40 1.00 8 409
-7.30 1.00 8 408
-7.20 1.00 9 405
-7.10 1.00 8 406
-7.00 1.00 5 405
-6.90 1.00 0 0
-6.80 1.00 0 0
-6.70 1.00 0 0
-6.60 1.00 0 0
-6.50 1.00 15 397
-6.40 1.00 16 397
-6.30 1.00 16 397
-6.20 1.00 17 396
-6.10 1.00 23 396
-6.00 1.00 32 397
-5.90 1.00 41 399
-5.80 1.00 42 397
-5.70 1.00 43 396
-5.60 1.00 45 396
-5.50 1.00 47 396
-5.40 1.00 48 395
-5.30 1.00 50 395
-5.20 1.00 51 395
-5.10 1.00 53 395
-5.00 1.00 54 394
-4.90 1.00 56 393
-4.80 1.00 59 394
-4.70 1.00 83 356
-4.60 1.00 85 355
-4.50 1.00 88 353
-4.40 1.00 91 352
-4.30 1.00 94 351
-4.20 1.00 97 350
-4.10 1.00 96 385
-4.00 1.00 99 385
-3.90 1.00 102 387
-3.80 1.00 100 386
-3.70 1.00 101 386
-3.60 1.00 102 386
-3.50 1.00 103 385
-3.40 1.00 104 385
-3.30 1.00 105 385
-3.20 1.00 107 384
-3.10 1.00 110 383
-3.00 1.00 112 383
-2.90 1.00 114 381
-2.80 1.00 119 381
-2.70 1.00 123 378
-2.60 1.00 126 376
-2.50 1.00 129 375
-2.40 1.00 133 374
-2.30 1.00 135 373
-2.20 1.00 136 372
-2.10 1.00 138 371
-2.00 1.00 138 371
-1.90 1.00 140 370
-1.80 1.00 142 370
-1.70 1.00 144 371
-1.60 1.00 0 0
-1.50 1.00 170 311
-1.40 1.00 172 310
-1.30 1.00 175 310
-1.20 1.00 0 0
-1.10 1.00 180 307
-1.00 1.00 183 307
-0.90 1.00 186 306
-0.80 1.00 188 305
-0.70 1.00 188 338
-0.60 1.00 187 336
-0.50 1.00 192 336
-0.40 1.00 195 335
-0.30 1.00 201 301
-0.20 1.00 203 299
-0.10 1.00 204 331
-0.00 1.00 208 298
0.10 1.00 210 296
0.20 1.00 213 296
0.30 1.00 215 295
0.40 1.00 218 293
0.50 1.00 220 292
0.60 1.00 223 291
0.70 1.00 225 290
0.80 1.00 227 289
0.90 1.00 230 288
1.00 1.00 233 287
1.10 1.00 235 286
1.20 1.00 237 285
1.30 1.00 239 284
1.40 1.00 242 283
1.50 1.00 244 282
1.60 1.00 247 280
1.70 1.00 250 279
1.80 1.00 252 278
1.90 1.00 254 277
2.00 1.00 257 276
2.10 1.00 259 274
2.20 1.00 261 273
2.30 1.00 264 272
2.40 1.00 266 271
2.50 1.00 269 270
2.60 1.00 271 268
2.70 1.00 274 267
2.80 1.00 276 266
2.90 1.00 279 265
3.00 1.00 281 264
3.10 1.00 283 263
3.20 1.00 286 261
3.30 1.00 288 260
3.40 1.00 290 259
3.50 1.00 293 258
3.60 1.00 295 256
3.70 1.00 297 255
3.80 1.00 300 254
3.90 1.00 302 253
4.00 1.00 304 252
4.10 1.00 307 250
4.20 1.00 309 248
4.30 1.00 311 247
4.40 1.00 315 246
4.50 1.00 317 244
4.60 1.00 318 243
4.70 1.00 321 241
4.80 1.00 323 240
4.90 1.00 326 239
5.00 1.00 327 274
5.10 1.00 330 236
5.20 1.00 333 235
5.30 1.00 335 233
5.40 1.00 337 232
5.50 1.00 340 230
5.60 1.00 342 228
5.70 1.00 344 227
5.80 1.00 347 226
5.90 1.00 349 224
6.00 1.00 351 223
6.10 1.00 353 222
6.20 1.00 356 219
6.30 1.00 358 218
6.40 1.00 360 217
6.50 1.00 363 215
6.60 1.00 364 213
6.70 1.00 367 212
6.80 1.00 369 211
6.90 1.00 371 209
7.00 1.00 374 207
7.10 1.00 376 206
7.20 1.00 378 205
7.30 1.00 381 203
7.40 1.00 382 201
7.50 1.00 385 200
7.60 1.00 387 198
7.70 1.00 390 196
7.80 1.00 392 194
7.90 1.00 394 192
8.00 1.00 396 192
8.10 1.00 398 191
8.20 1.00 0 0
8.30 1.00 0 0
8.40 1.00 0 0
8.50 1.00 0 0
8.60 1.00 0 0
8.70 1.00 0 0
8.80 1.00 0 0
8.90 1.00 0 0
9.00 1.00 0 0
9.10 1.00 0 0
-9.00 1.10 0 0
-8.90 1.10 0 0
-8.80 1.10 0 0
-8.70 1.10 0 0
-8.60 1.10 0 0
-8.50 1.10 0 0
-8.40 1.10 0 0
-8.30 1.10 0 0
-8.20 1.10 0 0
-8.10 1.10 0 0
-8.00 1.10 0 0
-7.90 1.10 0 0
-7.80 1.10 0 0
-7.70 1.10 0 0
-7.60 1.10 3 414
-7.50 1.10 4 412
-7.40 1.10 6 411
-7.30 1.10 7 409
-7.20 1.10 8 408
-7.10 1.10 7 408
-7.00 1.10 0 0
-6.90 1.10 0 0
-6.80 1.10 0 0
-6.70 1.10 0 0
-6.60 1.10 0 0
-6.50 1.10 17 398
-6.40 1.10 17 397
-6.30 1.10 18 397
-6.20 1.10 19 396
-6.10 1.10 22 396
-6.00 1.10 40 400
-5.90 1.10 41 400
-5.80 1.10 41 399
-5.70 1.10 45 399
-5.60 1.10 46 397
-5.50 1.10 49 397
-5.40 1.10 50 396
-5.30 1.10 51 396
-5.20 1.10 53 396
-5.10 1.10 54 395
-5.00 1.10 57 394
-4.90 1.10 60 396
-4.80 1.10 61 395
-4.70 1.10 84 357
-4.60 1.10 87 356
-4.50 1.10 90 355
-4.40 1.10 93 353
-4.30 1.10 96 352
-4.20 1.10 100 351
-4.10 1.10 101 349
-4.00 1.10 0 0
-3.90 1.10 101 388
-3.80 1.10 0 0
-3.70 1.10 103 388
-3.60 1.10 105 387
-3.50 1.10 106 387
-3.40 1.10 106 387
-3.30 1.10 106 386
-3.20 1.10 108 386
-3.10 1.10 110 385
-3.00 1.10 112 385
-2.90 1.10 115 383
-2.80 1.10 119 383
-2.70 1.10 123 380
-2.60 1.10 127 377
-2.50 1.10 132 376
-2.40 1.10 135 374
-2.30 1.10 136 374
-2.20 1.10 140 373
-2.10 1.10 140 372
-2.00 1.10 141 372
-1.90 1.10 144 372
-1.80 1.10 142 372
-1.70 1.10 0 0
-1.60 1.10 169 314
-1.50 1.10 0 0
-1.40 1.10 175 311
-1.30 1.10 178 311
-1.20 1.10 180 310
-1.10 1.10 182 309
-1.00 1.10 185 308
-0.90 1.10 186 339
-0.80 1.10 189 339
-0.70 1.10 192 305
-0.60 1.10 194 336
-0.50 1.10 195 338
-0.40 1.10 196 335
-0.30 1.10 201 333
-0.20 1.10 205 301
-0.10 1.10 207 300
-0.00 1.10 209 334
0.10 1.10 212 298
0.20 1.10 214 297
0.30 1.10 217 296
0.40 1.10 219 295
0.50 1.10 222 294
0.60 1.10 224 293
0.70 1.10 227 292
0.80 1.10 229 290
0.90 1.10 232 289
1.00 1.10 234 288
1.10 1.10 237 287
1.20 1.10 239 286
1.30 1.10 241 285
1.40 1.10 244 284
1.50 1.10 247 283
1.60 1.10 248 281
1.70 1.10 251 281
1.80 1.10 254 279
1.90 1.10 257 278
2.00 1.10 258 277
2.10 1.10 261 276
2.20 1.10 263 274
2.30 1.10 266 273
2.40 1.10 268 272
2.50 1.10 270 271
2.60 1.10 273 269
2.70 1.10 275 268
2.80 1.10 278 267
2.90 1.10 280 266
3.00 1.10 283 265
3.10 1.10 285 264
3.20 1.10 288 263
3.30 1.10 289 261
3.40 1.10 292 260
3.50 1.10 294 259
3.60 1.10 297 258
3.70 1.10 299 256
3.80 1.10 301 255
3.90 1.10 304 253
4.00 1.10 306 252
4.10 1.10 308 251
4.20 1.10 310 250
4.30 1.10 313 248
4.40 1.10 316 247
4.50 1.10 318 246
4.60 1.10 320 244
4.70 1.10 322 243
4.80 1.10 325 241
4.90 1.10 327 240
5.00 1.10 330 238
5.10 1.10 332 237
5.20 1.10 335 236
5.30 1.10 336 235
5.40 1.10 339 233
5.50 1.10 342 231
5.60 1.10 344 230
5.70 1.10 346 229
5.80 1.10 348 227
5.90 1.10 350 226
6.00 1.10 352 225
6.10 1.10 356 222
6.20 1.10 357 221
6.30 1.10 359 220
6.40 1.10 362 218
6.50 1.10 364 217
6.60 1.10 367 214
6.70 1.10 368 213
6.80 1.10 371 211
6.90 1.10 373 210
7.00 1.10 375 209
7.10 1.10 377 207
7.20 1.10 380 205
7.30 1.10 382 203
7.40 1.10 384 202
7.50 1.10 387 201
7.60 1.10 389 199
7.70 1.10 391 197
7.80 1.10 394 195
7.90 1.10 396 194
8.00 1.10 398 192
8.10 1.10 398 192
8.20 1.10 0 0
8.30 1.10 0 0
8.40 1.10 0 0
8.50 1.10 0 0
8.60 1.10 0 0
8.70 1.10 0 0
8.80 1.10 0 0
8.90 1.10 0 0
9.00 1.10 0 0
9.10 1.10 0 0
-9.00 1.20 0 0
-8.90 1.20 0 0
-8.80 1.20 0 0
-8.70 1.20 0 0
-8.60 1.20 0 0
-8.50 1.20 0 0
-8.40 1.20 0 0
-8.30 1.20 0 0
-8.20 1.20 0 0
-8.10 1.20 0 0
-8.00 1.20 0 0
-7.90 1.20 3 359
-7.80 1.20 6 357
-7.70 1.20 3 417
-7.60 1.20 5 414
-7.50 1.20 6 414
-7.40 1.20 7 412
-7.30 1.20 9 411
-7.20 1.20 9 410
-7.10 1.20 8 409
-7.00 1.20 0 0
-6.90 1.20 0 0
-6.80 1.20 0 0
-6.70 1.20 0 0
-6.60 1.20 0 0
-6.50 1.20 19 399
-6.40 1.20 19 399
-6.30 1.20 18 399
-6.20 1.20 19 398
-6.10 1.20 25 399
-6.00 1.20 39 401
-5.90 1.20 43 402
-5.80 1.20 44 401
-5.70 1.20 46 400
-5.60 1.20 48 399
-5.50 1.20 50 398
-5.40 1.20 52 398
-5.30 1.20 53 398
-5.20 1.20 54 397
-5.10 1.20 57 396
-5.00 1.20 59 396
-4.90 1.20 61 396
-4.80 1.20 65 397
-4.70 1.20 66 397
-4.60 1.20 89 357
-4.50 1.20 91 356
-4.40 1.20 94 355
-4.30 1.20 97 354
-4.20 1.20 100 352
-4.10 1.20 103 351
-4.00 1.20 106 389
-3.90 1.20 104 388
-3.80 1.20 0 0
-3.70 1.20 103 388
-3.60 1.20 107 389
-3.50 1.20 106 388
-3.40 1.20 108 388
-3.30 1.20 107 387
-3.20 1.20 109 387
-3.10 1.20 112 386
-3.00 1.20 115 385
-2.90 1.20 118 384
-2.80 1.20 121 383
-2.70 1.20 126 381
-2.60 1.20 131 379
-2.50 1.20 133 378
-2.40 1.20 136 376
-2.30 1.20 138 375
-2.20 1.20 140 374
-2.10 1.20 142 373
-2.00 1.20 142 373
-1.90 1.20 143 372
-1.80 1.20 142 371
-1.70 1.20 150 374
-1.60 1.20 171 314
-1.50 1.20 174 314
-1.40 1.20 177 312
-1.30 1.20 179 312
-1.20 1.20 182 311
-1.10 1.20 184 310
-1.00 1.20 186 309
-0.90 1.20 189 340
-0.80 1.20 191 340
-0.70 1.20 192 339
-0.60 1.20 193 338
-0.50 1.20 196 338
-0.40 1.20 197 337
-0.30 1.20 199 336
-0.20 1.20 205 335
-0.10 1.20 208 301
-0.00 1.20 208 334
0.10 1.20 213 299
0.20 1.20 216 298
0.30 1.20 218 297
0.40 1.20 221 296
0.50 1.20 223 295
0.60 1.20 226 294
0.70 1.20 228 293
0.80 1.20 229 326
0.90 1.20 232 290
1.00 1.20 235 289
1.10 1.20 238 288
1.20 1.20 241 287
1.30 1.20 243 286
1.40 1.20 245 285
1.50 1.20 248 284
1.60 1.20 250 282
1.70 1.20 253 281
1.80 1.20 255 280
1.90 1.20 258 279
2.00 1.20 260 278
2.10 1.20 263 276
2.20 1.20 265 275
2.30 1.20 267 274
2.40 1.20 269 273
2.50 1.20 272 272
2.60 1.20 275 271
2.70 1.20 277 270
2.80 1.20 279 268
2.90 1.20 282 267
3.00 1.20 284 266
3.10 1.20 286 265
3.20 1.20 289 263
3.30 1.20 291 262
3.40 1.20 294 261
3.50 1.20 296 260
3.60 1.20 299 258
3.70 1.20 301 257
3.80 1.20 303 256
3.90 1.20 306 255
4.00 1.20 307 254
4.10 1.20 310 252
4.20 1.20 312 251
4.30 1.20 315 249
4.40 1.20 317 248
4.50 1.20 320 246
4.60 1.20 322 245
4.70 1.20 324 244
4.80 1.20 326 243
4.90 1.20 329 241
5.00 1.20 332 240
5.10 1.20 333 239
5.20 1.20 336 237
5.30 1.20 340 272
5.40 1.20 341 234
5.50 1.20 343 232
5.60 1.20 346 231
5.70 1.20 347 230
5.80 1.20 350 228
5.90 1.20 352 226
6.00 1.20 354 225
6.10 1.20 357 223
6.20 1.20 359 222
6.30 1.20 361 221
6.40 1.20 363 219
6.50 1.20 366 217
6.60 1.20 368 216
6.70 1.20 370 214
6.80 1.20 373 212
6.90 1.20 374 211
7.00 1.20 377 210
7.10 1.20 379 208
7.20 1.20 381 206
7.30 1.20 384 205
7.40 1.20 386 203
7.50 1.20 388 201
7.60 1.20 390 199
7.70 1.20 392 198
7.80 1.20 395 196
7.90 1.20 397 195
8.00 1.20 399 194
8.10 1.20 401 193
8.20 1.20 0 0
8.30 1.20 0 0
8.40 1.20 0 0
8.50 1.20 0 0
8.60 1.20 0 0
8.70 1.20 0 0
8.80 1.20 0 0
8.90 1.20 0 0
9.00 1.20 0 0
9.10 1.20 0 0
-9.00 1.30 0 0
-8.90 1.30 0 0
-8.80 1.30 0 0
-8.70 1.30 0 0
-8.60 1.30 0 0
-8.50 1.30 0 0
-8.40 1.30 0 0
-8.30 1.30 0 0
-8.20 1.30 0 0
-8.10 1.30 0 0
-8.00 1.30 0 0
-7.90 1.30 0 0
-7.80 1.30 3 420
-7.70 1.30 4 418
-7.60 1.30 6 417
-7.50 1.30 7 416
-7.40 1.30 8 413
-7.30 1.30 9 412
-7.20 1.30 10 411
-7.10 1.30 7 410
-7.00 1.30 0 0
-6.90 1.30 0 0
-6.80 1.30 0 0
-6.70 1.30 0 0
-6.60 1.30 0 0
-6.50 1.30 21 400
-6.40 1.30 19 400
-6.30 1.30 21 400
-6.20 1.30 21 399
-6.10 1.30 27 399
-6.00 1.30 41 401
-5.90 1.30 43 402
-5.80 1.30 46 402
-5.70 1.30 47 401
-5.60 1.30 49 400
-5.50 1.30 51 399
-5.40 1.30 52 399
-5.30 1.30 54 398
-5.20 1.30 56 398
-5.10 1.30 58 398
-5.00 1.30 61 398
-4.90 1.30 62 397
-4.80 1.30 65 398
-4.70 1.30 66 397
-4.60 1.30 90 359
-4.50 1.30 93 357
-4.40 1.30 96 356
-4.30 1.30 99 355
-4.20 1.30 101 354
-4.10 1.30 105 352
-4.00 1.30 0 0
-3.90 1.30 0 0
-3.80 1.30 0 0
-3.70 1.30 108 390
-3.60 1.30 107 389
-3.50 1.30 108 389
-3.40 1.30 110 389
-3.30 1.30 111 388
-3.20 1.30 113 388
-3.10 1.30 115 387
-3.00 1.30 117 387
-2.90 1.30 119 386
-2.80 1.30 122 384
-2.70 1.30 128 383
-2.60 1.30 131 380
-2.50 1.30 136 378
-2.40 1.30 137 377
-2.30 1.30 140 376
-2.20 1.30 141 375
-2.10 1.30 142 374
-2.00 1.30 144 374
-1.90 1.30 145 374
-1.80 1.30 148 374
-1.70 1.30 150 374
-1.60 1.30 173 316
-1.50 1.30 175 315
-1.40 1.30 178 314
-1.30 1.30 180 313
-1.20 1.30 183 312
-1.10 1.30 185 311
-1.00 1.30 188 311
-0.90 1.30 189 340
-0.80 1.30 191 341
-0.70 1.30 194 340
-0.60 1.30 196 340
-0.50 1.30 197 339
-0.40 1.30 198 338
-0.30 1.30 202 338
-0.20 1.30 205 336
-0.10 1.30 209 336
-0.00 1.30 210 334
0.10 1.30 213 334
0.20 1.30 217 299
0.30 1.30 217 332
0.40 1.30 217 330
0.50 1.30 224 331
0.60 1.30 225 330
0.70 1.30 229 328
0.80 1.30 233 293
0.90 1.30 234 326
1.00 1.30 237 291
1.10 1.30 239 323
1.20 1.30 242 288
1.30 1.30 244 287
1.40 1.30 247 286
1.50 1.30 247 320
1.60 1.30 252 284
1.70 1.30 253 318
1.80 1.30 257 282
1.90 1.30 259 280
2.00 1.30 262 279
2.10 1.30 264 278
2.20 1.30 266 276
2.30 1.30 270 275
2.40 1.30 271 274
2.50 1.30 274 273
2.60 1.30 276 272
2.70 1.30 279 271
2.80 1.30 281 270
2.90 1.30 284 268
3.00 1.30 286 267
3.10 1.30 288 266
3.20 1.30 290 265
3.30 1.30 293 263
3.40 1.30 295 262
3.50 1.30 297 261
3.60 1.30 298 296
3.70 1.30 302 258
3.80 1.30 305 257
3.90 1.30 307 255
4.00 1.30 310 255
4.10 1.30 312 253
4.20 1.30 314 252
4.30 1.30 317 250
4.40 1.30 319 249
4.50 1.30 322 248
4.60 1.30 323 246
4.70 1.30 325 245
4.80 1.30 328 243
4.90 1.30 330 242
5.00 1.30 332 241
5.10 1.30 336 239
5.20 1.30 337 238
5.30 1.30 340 236
5.40 1.30 343 272
5.50 1.30 344 232
5.60 1.30 349 272
5.70 1.30 350 268
5.80 1.30 351 268
5.90 1.30 356 265
6.00 1.30 356 227
6.10 1.30 358 224
6.20 1.30 361 223
6.30 1.30 363 222
6.40 1.30 365 219
6.50 1.30 367 218
6.60 1.30 370 217
6.70 1.30 372 216
6.80 1.30 374 214
6.90 1.30 376 212
7.00 1.30 378 210
7.10 1.30 381 209
7.20 1.30 383 207
7.30 1.30 386 206
7.40 1.30 387 203
7.50 1.30 390 202
7.60 1.30 392 201
7.70 1.30 394 200
7.80 1.30 396 198
7.90 1.30 398 196
8.00 1.30 400 195
8.10 1.30 402 194
8.20 1.30 0 0
8.30 1.30 0 0
8.40 1.30 0 0
8.50 1.30 0 0
8.60 1.30 0 0
8.70 1.30 0 0
8.80 1.30 0 0
8.90 1.30 0 0
9.00 1.30 0 0
9.10 1.30 0 0
-9.00 1.40 0 0
-8.90 1.40 0 0
-8.80 1.40 0 0
-8.70 1.40 0 0
-8.60 1.40 0 0
-8.50 1.40 0 0
-8.40 1.40 0 0
-8.30 1.40 0 0
-8.20 1.40 0 0
-8.10 1.40 0 0
-8.00 1.40 0 0
-7.90 1.40 3 421
-7.80 1.40 5 422
-7.70 1.40 5 421
-7.60 1.40 7 418
-7.50 1.40 8 417
-7.40 1.40 10 417
-7.30 1.40 11 414
-7.20 1.40 11 413
-7.10 1.40 7 412
-7.00 1.40 0 0
-6.90 1.40 0 0
-6.80 1.40 0 0
-6.70 1.40 0 0
-6.60 1.40 0 0
-6.50 1.40 21 403
-6.40 1.40 20 403
-6.30 1.40 21 402
-6.20 1.40 22 401
-6.10 1.40 28 401
-6.00 1.40 37 401
-5.90 1.40 46 404
-5.80 1.40 47 402
-5.70 1.40 49 401
-5.60 1.40 51 402
-5.50 1.40 53 400
-5.40 1.40 54 400
-5.30 1.40 55 399
-5.20 1.40 57 399
-5.10 1.40 59 399
-5.00 1.40 61 399
-4.90 1.40 64 398
-4.80 1.40 65 398
-4.70 1.40 67 398
-4.60 1.40 92 360
-4.50 1.40 95 358
-4.40 1.40 98 357
-4.30 1.40 101 356
-4.20 1.40 103 355
-4.10 1.40 106 353
-4.00 1.40 0 0
-3.90 1.40 0 0
-3.80 1.40 0 0
-3.70 1.40 0 0
-3.60 1.40 108 390
-3.50 1.40 110 390
-3.40 1.40 110 390
-3.30 1.40 112 390
-3.20 1.40 115 389
-3.10 1.40 116 389
-3.00 1.40 118 388
-2.90 1.40 122 388
-2.80 1.40 126 385
-2.70 1.40 127 384
-2.60 1.40 133 381
-2.50 1.40 137 380
-2.40 1.40 138 378
-2.30 1.40 142 377
-2.20 1.40 142 376
-2.10 1.40 146 375
-2.00 1.40 146 375
-1.90 1.40 146 375
-1.80 1.40 149 375
-1.70 1.40 153 375
-1.60 1.40 0 0
-1.50 1.40 0 0
-1.40 1.40 179 315
-1.30 1.40 0 0
-1.20 1.40 184 313
-1.10 1.40 187 312
-1.00 1.40 189 344
-0.90 1.40 193 342
-0.80 1.40 193 342
-0.70 1.40 196 341
-0.60 1.40 195 340
-0.50 1.40 200 339
-0.40 1.40 203 339
-0.30 1.40 204 338
-0.20 1.40 207 338
-0.10 1.40 212 337
-0.00 1.40 213 335
0.10 1.40 210 335
0.20 1.40 217 334
0.30 1.40 221 335
0.40 1.40 224 298
0.50 1.40 226 297
0.60 1.40 229 296
0.70 1.40 232 295
0.80 1.40 234 294
0.90 1.40 233 326
1.00 1.40 239 292
1.10 1.40 242 290
1.20 1.40 244 289
1.30 1.40 247 321
1.40 1.40 249 287
1.50 1.40 251 286
1.60 1.40 254 285
1.70 1.40 256 284
1.80 1.40 258 282
1.90 1.40 260 282
2.00 1.40 263 280
2.10 1.40 266 279
2.20 1.40 268 278
2.30 1.40 271 276
2.40 1.40 273 275
2.50 1.40 275 274
2.60 1.40 277 273
2.70 1.40 280 272
2.80 1.40 282 270
2.90 1.40 285 269
3.00 1.40 287 268
3.10 1.40 289 267
3.20 1.40 291 266
3.30 1.40 294 265
3.40 1.40 296 263
3.50 1.40 299 262
3.60 1.40 301 261
3.70 1.40 304 259
3.80 1.40 307 258
3.90 1.40 309 257
4.00 1.40 311 255
4.10 1.40 313 254
4.20 1.40 316 253
4.30 1.40 318 251
4.40 1.40 320 250
4.50 1.40 322 249
4.60 1.40 324 247
4.70 1.40 327 246
4.80 1.40 330 245
4.90 1.40 333 243
5.00 1.40 334 242
5.10 1.40 336 240
5.20 1.40 339 239
5.30 1.40 0 0
5.40 1.40 344 236
5.50 1.40 0 0
5.60 1.40 348 233
5.70 1.40 351 232
5.80 1.40 353 231
5.90 1.40 0 0
6.00 1.40 357 227
6.10 1.40 360 226
6.20 1.40 362 224
6.30 1.40 364 222
6.40 1.40 366 220
6.50 1.40 369 219
6.60 1.40 371 218
6.70 1.40 373 217
6.80 1.40 375 215
6.90 1.40 378 213
7.00 1.40 380 211
7.10 1.40 0 0
7.20 1.40 385 209
7.30 1.40 387 206
7.40 1.40 389 205
7.50 1.40 390 204
7.60 1.40 393 202
7.70 1.40 396 200
7.80 1.40 398 198
7.90 1.40 400 197
8.00 1.40 402 196
8.10 1.40 404 195
8.20 1.40 0 0
8.30 1.40 0 0
8.40 1.40 0 0
8.50 1.40 0 0
8.60 1.40 0 0
8.70 1.40 0 0
8.80 1.40 0 0
8.90 1.40 0 0
9.00 1.40 0 0
9.10 1.40 0 0
-9.00 1.50 0 0
-8.90 1.50 0 0
-8.80 1.50 0 0
-8.70 1.50 0 0
-8.60 1.50 0 0
-8.50 1.50 0 0
-8.40 1.50 0 0
-8.30 1.50 0 0
-8.20 1.50 0 0
-8.10 1.50 0 0
-8.00 1.50 2 422
-7.90 1.50 3 425
-7.80 1.50 4 423
-7.70 1.50 6 421
-7.60 1.50 7 419
-7.50 1.50 8 418
-7.40 1.50 9 417
-7.30 1.50 11 416
-7.20 1.50 11 416
-7.10 1.50 8 414
-7.00 1.50 0 0
-6.90 1.50 0 0
-6.80 1.50 0 0
-6.70 1.50 0 0
-6.60 1.50 0 0
-6.50 1.50 22 403
-6.40 1.50 23 404
-6.30 1.50 23 403
-6.20 1.50 24 403
-6.10 1.50 27 402
-6.00 1.50 30 401
-5.90 1.50 46 404
-5.80 1.50 47 403
-5.70 1.50 50 404
-5.60 1.50 51 403
-5.50 1.50 54 402
-5.40 1.50 56 402
-5.30 1.50 57 400
-5.20 1.50 59 400
-5.10 1.50 61 400
-5.00 1.50 62 399
-4.90 1.50 66 399
-4.80 1.50 67 398
-4.70 1.50 69 399
-4.60 1.50 93 361
-4.50 1.50 97 359
-4.40 1.50 98 358
-4.30 1.50 102 357
-4.20 1.50 104 356
-4.10 1.50 0 0
-4.00 1.50 0 0
-3.90 1.50 0 0
-3.80 1.50 0 0
-3.70 1.50 0 0
-3.60 1.50 111 391
-3.50 1.50 112 391
-3.40 1.50 116 392
-3.30 1.50 115 391
-3.20 1.50 118 392
-3.10 1.50 118 390
-3.00 1.50 122 390
-2.90 1.50 124 389
-2.80 1.50 126 389
-2.70 1.50 132 386
-2.60 1.50 135 384
-2.50 1.50 137 382
-2.40 1.50 141 381
-2.30 1.50 144 380
-2.20 1.50 146 377
-2.10 1.50 148 378
-2.00 1.50 148 376
-1.90 1.50 153 377
-1.80 1.50 153 376
-1.70 1.50 152 376
-1.60 1.50 176 318
-1.50 1.50 178 317
-1.40 1.50 0 0
-1.30 1.50 184 315
-1.20 1.50 186 314
-1.10 1.50 188 314
-1.00 1.50 191 345
-0.90 1.50 194 312
-0.80 1.50 194 343
-0.70 1.50 196 342
-0.60 1.50 197 341
-0.50 1.50 201 341
-0.40 1.50 205 341
-0.30 1.50 205 339
-0.20 1.50 210 340
-0.10 1.50 211 338
-0.00 1.50 212 337
0.10 1.50 216 336
0.20 1.50 219 336
0.30 1.50 219 335
0.40 1.50 226 300
0.50 1.50 226 331
0.60 1.50 230 297
0.70 1.50 233 296
0.80 1.50 235 295
0.90 1.50 238 294
1.00 1.50 240 293
1.10 1.50 243 292
1.20 1.50 245 291
1.30 1.50 248 289
1.40 1.50 250 288
1.50 1.50 252 322
1.60 1.50 255 286
1.70 1.50 258 285
1.80 1.50 260 284
1.90 1.50 262 283
2.00 1.50 265 282
2.10 1.50 267 314
2.20 1.50 270 279
2.30 1.50 272 277
2.40 1.50 275 277
2.50 1.50 277 275
2.60 1.50 279 275
2.70 1.50 282 273
2.80 1.50 284 272
2.90 1.50 287 271
3.00 1.50 289 269
3.10 1.50 291 268
3.20 1.50 294 267
3.30 1.50 296 266
3.40 1.50 298 265
3.50 1.50 301 264
3.60 1.50 304 262
3.70 1.50 306 260
3.80 1.50 308 259
3.90 1.50 310 259
4.00 1.50 313 257
4.10 1.50 315 255
4.20 1.50 317 254
4.30 1.50 320 253
4.40 1.50 322 251
4.50 1.50 324 250
4.60 1.50 327 248
4.70 1.50 329 247
4.80 1.50 331 247
4.90 1.50 333 245
5.00 1.50 336 243
5.10 1.50 0 0
5.20 1.50 341 240
5.30 1.50 0 0
5.40 1.50 346 237
5.50 1.50 348 236
5.60 1.50 350 274
5.70 1.50 352 233
5.80 1.50 355 231
5.90 1.50 357 230
6.00 1.50 359 228
6.10 1.50 361 226
6.20 1.50 364 225
6.30 1.50 366 223
6.40 1.50 368 222
6.50 1.50 370 220
6.60 1.50 372 219
6.70 1.50 375 217
6.80 1.50 377 216
6.90 1.50 379 214
7.00 1.50 381 213
7.10 1.50 384 211
7.20 1.50 386 209
7.30 1.50 388 208
7.40 1.50 391 206
7.50 1.50 393 204
7.60 1.50 395 203
7.70 1.50 398 201
7.80 1.50 400 200
7.90 1.50 402 198
8.00 1.50 404 197
8.10 1.50 406 196
8.20 1.50 0 0
8.30 1.50 0 0
8.40 1.50 0 0
8.50 1.50 0 0
8.60 1.50 0 0
8.70 1.50 0 0
8.80 1.50 0 0
8.90 1.50 0 0
9.00 1.50 0 0
9.10 1.50 0 0
-9.00 1.60 0 0
-8.90 1.60 0 0
-8.80 1.60 0 0
-8.70 1.60 0 0
-8.60 1.60 0 0
-8.50 1.60 0 0
-8.40 1.60 0 0
-8.30 1.60 0 0
-8.20 1.60 0 0
-8.10 1.60 0 0
-8.00 1.60 5 365
-7.90 1.60 4 426
-7.80 1.60 5 424
-7.70 1.60 7 423
-7.60 1.60 7 421
-7.50 1.60 9 420
-7.40 1.60 10 418
-7.30 1.60 11 417
-7.20 1.60 11 416
-7.10 1.60 9 417
-7.00 1.60 0 0
-6.90 1.60 0 0
-6.80 1.60 0 0
-6.70 1.60 0 0
-6.60 1.60 0 0
-6.50 1.60 25 405
-6.40 1.60 23 405
-6.30 1.60 25 405
-6.20 1.60 27 404
-6.10 1.60 28 403
-6.00 1.60 45 406
-5.90 1.60 46 405
-5.80 1.60 48 404
-5.70 1.60 51 405
-5.60 1.60 54 405
-5.50 1.60 56 403
-5.40 1.60 57 402
-5.30 1.60 59 402
-5.20 1.60 61 401
-5.10 1.60 62 401
-5.00 1.60 65 401
-4.90 1.60 67 400
-4.80 1.60 69 400
-4.70 1.60 69 400
-4.60 1.60 95 362
-4.50 1.60 98 361
-4.40 1.60 101 360
-4.30 1.60 103 359
-4.20 1.60 106 358
-4.10 1.60 0 0
-4.00 1.60 0 0
-3.90 1.60 0 0
-3.80 1.60 0 0
-3.70 1.60 0 0
-3.60 1.60 114 392
-3.50 1.60 116 392
-3.40 1.60 118 393
-3.30 1.60 119 393
-3.20 1.60 119 392
-3.10 1.60 122 392
-3.00 1.60 123 391
-2.90 1.60 126 391
-2.80 1.60 129 390
-2.70 1.60 133 388
-2.60 1.60 137 385
-2.50 1.60 141 383
-2.40 1.60 142 383
-2.30 1.60 147 381
-2.20 1.60 148 379
-2.10 1.60 152 379
-2.00 1.60 152 378
-1.90 1.60 153 378
-1.80 1.60 156 377
-1.70 1.60 0 0
-1.60 1.60 0 0
-1.50 1.60 180 318
-1.40 1.60 182 318
-1.30 1.60 185 316
-1.20 1.60 188 316
-1.10 1.60 190 315
-1.00 1.60 0 0
-0.90 1.60 196 344
-0.80 1.60 197 344
-0.70 1.60 198 343
-0.60 1.60 200 343
-0.50 1.60 201 342
-0.40 1.60 205 341
-0.30 1.60 206 341
-0.20 1.60 210 339
-0.10 1.60 212 339
-0.00 1.60 215 338
0.10 1.60 216 337
0.20 1.60 218 338
0.30 1.60 222 335
0.40 1.60 227 301
0.50 1.60 228 332
0.60 1.60 232 332
0.70 1.60 233 329
0.80 1.60 235 331
0.90 1.60 235 329
1.00 1.60 239 330
1.10 1.60 245 293
1.20 1.60 247 292
1.30 1.60 249 291
1.40 1.60 252 290
1.50 1.60 253 322
1.60 1.60 257 287
1.70 1.60 259 286
1.80 1.60 261 284
1.90 1.60 264 283
2.00 1.60 267 282
2.10 1.60 269 281
2.20 1.60 271 280
2.30 1.60 273 279
2.40 1.60 276 277
2.50 1.60 279 276
2.60 1.60 281 275
2.70 1.60 283 274
2.80 1.60 286 273
2.90 1.60 288 272
3.00 1.60 291 270
3.10 1.60 293 269
3.20 1.60 295 268
3.30 1.60 298 267
3.40 1.60 300 266
3.50 1.60 302 264
3.60 1.60 305 263
3.70 1.60 308 261
3.80 1.60 309 261
3.90 1.60 311 259
4.00 1.60 314 258
4.10 1.60 317 256
4.20 1.60 319 255
4.30 1.60 321 254
4.40 1.60 323 252
4.50 1.60 326 251
4.60 1.60 328 249
4.70 1.60 331 248
4.80 1.60 333 247
4.90 1.60 335 246
5.00 1.60 338 245
5.10 1.60 340 243
5.20 1.60 343 242
5.30 1.60 345 240
5.40 1.60 347 238
5.50 1.60 349 237
5.60 1.60 351 273
5.70 1.60 354 233
5.80 1.60 356 232
5.90 1.60 358 231
6.00 1.60 361 229
6.10 1.60 363 228
6.20 1.60 365 226
6.30 1.60 368 225
6.40 1.60 370 224
6.50 1.60 373 221
6.60 1.60 374 220
6.70 1.60 376 218
6.80 1.60 379 217
6.90 1.60 381 215
7.00 1.60 384 214
7.10 1.60 385 212
7.20 1.60 388 210
7.30 1.60 390 210
7.40 1.60 392 207
7.50 1.60 394 205
7.60 1.60 397 204
7.70 1.60 398 203
7.80 1.60 401 201
7.90 1.60 404 198
8.00 1.60 405 197
8.10 1.60 408 196
8.20 1.60 0 0
8.30 1.60 0 0
8.40 1.60 0 0
8.50 1.60 0 0
8.60 1.60 0 0
8.70 1.60 0 0
8.80 1.60 0 0
8.90 1.60 0 0
9.00 1.60 0 0
9.10 1.60 0 0
-9.00 1.70 0 0
-8.90 1.70 0 0
-8.80 1.70 0 0
-8.70 1.70 0 0
-8.60 1.70 0 0
-8.50 1.70 0 0
-8.40 1.70 0 0
-8.30 1.70 0 0
-8.20 1.70 0 0
-8.10 1.70 0 0
-8.00 1.70 3 431
-7.90 1.70 4 428
-7.80 1.70 6 426
-7.70 1.70 7 424
-7.60 1.70 9 423
-7.50 1.70 10 421
-7.40 1.70 11 419
-7.30 1.70 12 418
-7.20 1.70 12 418
-7.10 1.70 12 419
-7.00 1.70 0 0
-6.90 1.70 0 0
-6.80 1.70 0 0
-6.70 1.70 0 0
-6.60 1.70 0 0
-6.50 1.70 26 406
-6.40 1.70 26 406
-6.30 1.70 26 406
-6.20 1.70 28 405
-6.10 1.70 29 404
-6.00 1.70 0 0
-5.90 1.70 47 406
-5.80 1.70 53 409
-5.70 1.70 53 407
-5.60 1.70 55 406
-5.50 1.70 57 405
-5.40 1.70 58 404
-5.30 1.70 61 404
-5.20 1.70 63 402
-5.10 1.70 65 402
-5.00 1.70 67 402
-4.90 1.70 69 402
-4.80 1.70 71 401
-4.70 1.70 72 401
-4.60 1.70 96 364
-4.50 1.70 99 362
-4.40 1.70 102 361
-4.30 1.70 105 360
-4.20 1.70 108 358
-4.10 1.70 0 0
-4.00 1.70 0 0
-3.90 1.70 0 0
-3.80 1.70 0 0
-3.70 1.70 0 0
-3.60 1.70 128 335
-3.50 1.70 118 394
-3.40 1.70 119 393
-3.30 1.70 121 394
-3.20 1.70 121 394
-3.10 1.70 124 394
-3.00 1.70 125 392
-2.90 1.70 129 393
-2.80 1.70 130 391
-2.70 1.70 134 390
-2.60 1.70 138 388
-2.50 1.70 143 385
-2.40 1.70 145 384
-2.30 1.70 149 382
-2.20 1.70 149 381
-2.10 1.70 153 380
-2.00 1.70 155 380
-1.90 1.70 155 379
-1.80 1.70 156 378
-1.70 1.70 157 378
-1.60 1.70 159 379
-1.50 1.70 181 320
-1.40 1.70 184 318
-1.30 1.70 187 318
-1.20 1.70 189 317
-1.10 1.70 0 0
-1.00 1.70 190 345
-0.90 1.70 196 345
-0.80 1.70 196 346
-0.70 1.70 200 344
-0.60 1.70 202 343
-0.50 1.70 203 342
-0.40 1.70 206 341
-0.30 1.70 209 342
-0.20 1.70 212 341
-0.10 1.70 214 339
-0.00 1.70 216 339
0.10 1.70 221 337
0.20 1.70 218 338
0.30 1.70 226 303
0.40 1.70 226 335
0.50 1.70 226 334
0.60 1.70 230 332
0.70 1.70 236 299
0.80 1.70 238 331
0.90 1.70 240 331
1.00 1.70 244 295
1.10 1.70 246 294
1.20 1.70 248 293
1.30 1.70 251 291
1.40 1.70 254 291
1.50 1.70 256 290
1.60 1.70 259 288
1.70 1.70 261 287
1.80 1.70 263 286
1.90 1.70 265 285
2.00 1.70 268 284
2.10 1.70 270 282
2.20 1.70 273 281
2.30 1.70 275 280
2.40 1.70 278 279
2.50 1.70 280 277
2.60 1.70 282 276
2.70 1.70 285 275
2.80 1.70 288 274
2.90 1.70 290 273
3.00 1.70 292 272
3.10 1.70 294 271
3.20 1.70 297 269
3.30 1.70 299 268
3.40 1.70 302 266
3.50 1.70 304 265
3.60 1.70 306 264
3.70 1.70 309 263
3.80 1.70 311 262
3.90 1.70 314 260
4.00 1.70 316 259
4.10 1.70 318 257
4.20 1.70 321 256
4.30 1.70 323 255
4.40 1.70 326 254
4.50 1.70 328 253
4.60 1.70 330 251
4.70 1.70 333 250
4.80 1.70 334 248
4.90 1.70 337 247
5.00 1.70 339 246
5.10 1.70 342 243
5.20 1.70 345 242
5.30 1.70 347 241
5.40 1.70 348 240
5.50 1.70 0 0
5.60 1.70 0 0
5.70 1.70 355 235
5.80 1.70 357 233
5.90 1.70 360 232
6.00 1.70 362 230
6.10 1.70 365 229
6.20 1.70 367 228
6.30 1.70 370 226
6.40 1.70 371 225
6.50 1.70 373 222
6.60 1.70 376 220
6.70 1.70 378 220
6.80 1.70 380 218
6.90 1.70 382 217
7.00 1.70 385 215
7.10 1.70 387 213
7.20 1.70 0 0
7.30 1.70 391 210
7.40 1.70 394 208
7.50 1.70 396 206
7.60 1.70 398 205
7.70 1.70 401 204
7.80 1.70 403 200
7.90 1.70 404 200
8.00 1.70 407 199
8.10 1.70 409 198
8.20 1.70 0 0
8.30 1.70 0 0
8.40 1.70 0 0
8.50 1.70 0 0
8.60 1.70 0 0
8.70 1.70 0 0
8.80 1.70 0 0
8.90 1.70 0 0
9.00 1.70 0 0
9.10 1.70 0 0
-9.00 1.80 0 0
-8.90 1.80 0 0
-8.80 1.80 0 0
-8.70 1.80 0 0
-8.60 1.80 0 0
-8.50 1.80 0 0
-8.40 1.80 0 0
-8.30 1.80 0 0
-8.20 1.80 0 0
-8.10 1.80 2 434
-8.00 1.80 3 431
-7.90 1.80 3 428
-7.80 1.80 5 428
-7.70 1.80 7 426
-7.60 1.80 8 424
-7.50 1.80 10 422
-7.40 1.80 11 420
-7.30 1.80 12 420
-7.20 1.80 13 419
-7.10 1.80 12 418
-7.00 1.80 0 0
-6.90 1.80 0 0
-6.80 1.80 0 0
-6.70 1.80 0 0
-6.60 1.80 0 0
-6.50 1.80 27 406
-6.40 1.80 28 407
-6.30 1.80 28 407
-6.20 1.80 30 406
-6.10 1.80 30 405
-6.00 1.80 0 0
-5.90 1.80 50 408
-5.80 1.80 52 409
-5.70 1.80 54 408
-5.60 1.80 56 409
-5.50 1.80 58 407
-5.40 1.80 60 406
-5.30 1.80 63 405
-5.20 1.80 65 404
-5.10 1.80 67 403
-5.00 1.80 69 403
-4.90 1.80 71 402
-4.80 1.80 75 403
-4.70 1.80 75 402
-4.60 1.80 98 365
-4.50 1.80 101 363
-4.40 1.80 104 362
-4.30 1.80 106 361
-4.20 1.80 109 360
-4.10 1.80 0 0
-4.00 1.80 0 0
-3.90 1.80 0 0
-3.80 1.80 0 0
-3.70 1.80 0 0
-3.60 1.80 0 0
-3.50 1.80 0 0
-3.40 1.80 120 394
-3.30 1.80 124 395
-3.20 1.80 123 395
-3.10 1.80 125 394
-3.00 1.80 127 394
-2.90 1.80 130 394
-2.80 1.80 133 392
-2.70 1.80 136 391
-2.60 1.80 140 391
-2.50 1.80 145 386
-2.40 1.80 147 387
-2.30 1.80 152 384
-2.20 1.80 153 383
-2.10 1.80 155 382
-2.00 1.80 157 381
-1.90 1.80 157 380
-1.80 1.80 159 380
-1.70 1.80 162 380
-1.60 1.80 165 380
-1.50 1.80 165 380
-1.40 1.80 185 320
-1.30 1.80 188 319
-1.20 1.80 190 351
-1.10 1.80 194 349
-1.00 1.80 193 348
-0.90 1.80 198 347
-0.80 1.80 200 346
-0.70 1.80 203 345
-0.60 1.80 204 344
-0.50 1.80 206 344
-0.40 1.80 208 343
-0.30 1.80 211 342
-0.20 1.80 213 341
-0.10 1.80 216 341
-0.00 1.80 218 339
0.10 1.80 220 339
0.20 1.80 222 338
0.30 1.80 226 337
0.40 1.80 228 337
0.50 1.80 230 336
0.60 1.80 232 334
0.70 1.80 236 333
0.80 1.80 239 332
0.90 1.80 240 332
1.00 1.80 242 331
1.10 1.80 248 295
1.20 1.80 249 328
1.30 1.80 253 328
1.40 1.80 252 326
1.50 1.80 256 325
1.60 1.80 260 290
1.70 1.80 260 323
1.80 1.80 265 287
1.90 1.80 266 320
2.00 1.80 270 285
2.10 1.80 272 283
2.20 1.80 274 283
2.30 1.80 277 281
2.40 1.80 279 280
2.50 1.80 282 279
2.60 1.80 285 278
2.70 1.80 286 276
2.80 1.80 289 275
2.90 1.80 291 274
3.00 1.80 294 273
3.10 1.80 296 272
3.20 1.80 299 270
3.30 1.80 301 269
3.40 1.80 303 268
3.50 1.80 306 267
3.60 1.80 308 266
3.70 1.80 311 264
3.80 1.80 312 298
3.90 1.80 315 261
4.00 1.80 318 260
4.10 1.80 320 259
4.20 1.80 322 257
4.30 1.80 325 256
4.40 1.80 327 255
4.50 1.80 329 253
4.60 1.80 332 252
4.70 1.80 334 250
4.80 1.80 337 249
4.90 1.80 339 248
5.00 1.80 341 246
5.10 1.80 344 245
5.20 1.80 346 243
5.30 1.80 348 242
5.40 1.80 350 241
5.50 1.80 352 239
5.60 1.80 357 277
5.70 1.80 358 274
5.80 1.80 360 234
5.90 1.80 362 232
6.00 1.80 364 231
6.10 1.80 366 230
6.20 1.80 368 228
6.30 1.80 371 227
6.40 1.80 374 225
6.50 1.80 375 224
6.60 1.80 378 222
6.70 1.80 380 220
6.80 1.80 382 218
6.90 1.80 384 218
7.00 1.80 386 216
7.10 1.80 388 214
7.20 1.80 391 212
7.30 1.80 393 211
7.40 1.80 396 209
7.50 1.80 398 208
7.60 1.80 400 205
7.70 1.80 402 204
7.80 1.80 404 203
7.90 1.80 406 201
8.00 1.80 408 199
8.10 1.80 410 198
8.20 1.80 412 198
8.30 1.80 0 0
8.40 1.80 0 0
8.50 1.80 0 0
8.60 1.80 0 0
8.70 1.80 0 0
8.80 1.80 0 0
8.90 1.80 0 0
9.00 1.80 0 0
9.10 1.80 451 228
-9.00 1.90 0 0
-8.90 1.90 0 0
-8.80 1.90 0 0
-8.70 1.90 0 0
-8.60 1.90 0 0
-8.50 1.90 0 0
-8.40 1.90 0 0
-8.30 1.90 3 373
-8.20 1.90 5 372
-8.10 1.90 4 432
-8.00 1.90 5 432
-7.90 1.90 6 430
-7.80 1.90 8 428
-7.70 1.90 9 427
-7.60 1.90 10 425
-7.50 1.90 12 424
-7.40 1.90 13 422
-7.30 1.90 14 421
-7.20 1.90 15 420
-7.10 1.90 14 420
-7.00 1.90 17 418
-6.90 1.90 0 0
-6.80 1.90 0 0
-6.70 1.90 0 0
-6.60 1.90 0 0
-6.50 1.90 30 409
-6.40 1.90 29 409
-6.30 1.90 30 409
-6.20 1.90 31 408
-6.10 1.90 31 405
-6.00 1.90 55 415
-5.90 1.90 54 413
-5.80 1.90 55 412
-5.70 1.90 57 412
-5.60 1.90 59 410
-5.50 1.90 61 408
-5.40 1.90 63 408
-5.30 1.90 64 407
-5.20 1.90 67 407
-5.10 1.90 69 406
-5.00 1.90 71 404
-4.90 1.90 72 404
-4.80 1.90 76 404
-4.70 1.90 77 404
-4.60 1.90 100 366
-4.50 1.90 103 365
-4.40 1.90 105 364
-4.30 1.90 108 362
-4.20 1.90 111 361
-4.10 1.90 114 359
-4.00 1.90 116 358
-3.90 1.90 119 357
-3.80 1.90 126 338
-3.70 1.90 128 338
-3.60 1.90 131 337
-3.50 1.90 121 395
-3.40 1.90 123 395
-3.30 1.90 125 396
-3.20 1.90 125 395
-3.10 1.90 128 395
-3.00 1.90 130 395
-2.90 1.90 133 394
-2.80 1.90 136 394
-2.70 1.90 139 393
-2.60 1.90 140 392
-2.50 1.90 146 388
-2.40 1.90 149 387
-2.30 1.90 153 386
-2.20 1.90 154 384
-2.10 1.90 157 384
-2.00 1.90 159 382
-1.90 1.90 161 382
-1.80 1.90 162 381
-1.70 1.90 165 381
-1.60 1.90 164 380
-1.50 1.90 185 322
-1.40 1.90 187 321
-1.30 1.90 190 320
-1.20 1.90 191 352
-1.10 1.90 193 350
-1.00 1.90 197 349
-0.90 1.90 198 348
-0.80 1.90 202 346
-0.70 1.90 204 346
-0.60 1.90 205 345
-0.50 1.90 208 345
-0.40 1.90 210 344
-0.30 1.90 212 343
-0.20 1.90 214 342
-0.10 1.90 218 342
-0.00 1.90 219 341
0.10 1.90 223 340
0.20 1.90 224 339
0.30 1.90 226 338
0.40 1.90 229 337
0.50 1.90 231 336
0.60 1.90 234 335
0.70 1.90 236 334
0.80 1.90 240 333
0.90 1.90 241 334
1.00 1.90 244 331
1.10 1.90 249 296
1.20 1.90 249 329
1.30 1.90 253 328
1.40 1.90 254 328
1.50 1.90 255 326
1.60 1.90 259 325
1.70 1.90 261 323
1.80 1.90 263 323
1.90 1.90 269 287
2.00 1.90 272 286
2.10 1.90 274 285
2.20 1.90 276 284
2.30 1.90 279 282
2.40 1.90 281 281
2.50 1.90 283 280
2.60 1.90 286 279
2.70 1.90 288 277
2.80 1.90 290 276
2.90 1.90 293 275
3.00 1.90 295 274
3.10 1.90 298 272
3.20 1.90 300 271
3.30 1.90 302 270
3.40 1.90 306 269
3.50 1.90 307 268
3.60 1.90 310 266
3.70 1.90 312 265
3.80 1.90 314 264
3.90 1.90 317 262
4.00 1.90 319 261
4.10 1.90 319 296
4.20 1.90 324 258
4.30 1.90 326 257
4.40 1.90 329 256
4.50 1.90 331 255
4.60 1.90 333 253
4.70 1.90 335 251
4.80 1.90 339 250
4.90 1.90 341 249
5.00 1.90 343 247
5.10 1.90 345 245
5.20 1.90 347 244
5.30 1.90 349 243
5.40 1.90 351 242
5.50 1.90 355 240
5.60 1.90 356 238
5.70 1.90 363 275
5.80 1.90 361 235
5.90 1.90 364 234
6.00 1.90 366 232
6.10 1.90 368 231
6.20 1.90 370 229
6.30 1.90 373 228
6.40 1.90 375 226
6.50 1.90 377 224
6.60 1.90 379 223
6.70 1.90 382 221
6.80 1.90 384 220
6.90 1.90 386 218
7.00 1.90 388 216
7.10 1.90 390 215
7.20 1.90 393 214
7.30 1.90 395 212
7.40 1.90 398 210
7.50 1.90 399 208
7.60 1.90 402 207
7.70 1.90 404 205
7.80 1.90 406 203
7.90 1.90 408 202
8.00 1.90 410 201
8.10 1.90 412 199
8.20 1.90 413 198
8.30 1.90 0 0
8.40 1.90 0 0
8.50 1.90 0 0
8.60 1.90 0 0
8.70 1.90 0 0
8.80 1.90 0 0
8.90 1.90 0 0
9.00 1.90 0 0
9.10 1.90 452 228
-9.00 2.00 0 0
-8.90 2.00 0 0
-8.80 2.00 0 0
-8.70 2.00 0 0
-8.60 2.00 0 0
-8.50 2.00 0 0
-8.40 2.00 0 0
-8.30 2.00 4 375
-8.20 2.00 5 373
-8.10 2.00 3 435
-8.00 2.00 5 433
-7.90 2.00 6 431
-7.80 2.00 7 429
-7.70 2.00 8 428
-7.60 2.00 11 427
-7.50 2.00 12 425
-7.40 2.00 13 424
-7.30 2.00 15 423
-7.20 2.00 16 421
-7.10 2.00 16 420
-7.00 2.00 18 420
-6.90 2.00 0 0
-6.80 2.00 0 0
-6.70 2.00 0 0
-6.60 2.00 0 0
-6.50 2.00 30 409
-6.40 2.00 31 411
-6.30 2.00 31 411
-6.20 2.00 32 409
-6.10 2.00 35 407
-6.00 2.00 36 407
-5.90 2.00 58 416
-5.80 2.00 57 414
-5.70 2.00 58 413
-5.60 2.00 60 411
-5.50 2.00 63 410
-5.40 2.00 64 409
-5.30 2.00 67 409
-5.20 2.00 68 408
-5.10 2.00 70 406
-5.00 2.00 72 406
-4.90 2.00 76 405
-4.80 2.00 77 405
-4.70 2.00 79 405
-4.60 2.00 79 404
-4.50 2.00 104 366
-4.40 2.00 107 364
-4.30 2.00 110 363
-4.20 2.00 112 362
-4.10 2.00 114 361
-4.00 2.00 118 359
-3.90 2.00 121 359
-3.80 2.00 128 339
-3.70 2.00 131 339
-3.60 2.00 132 338
-3.50 2.00 125 397
-3.40 2.00 126 397
-3.30 2.00 127 397
-3.20 2.00 129 397
-3.10 2.00 130 397
-3.00 2.00 133 396
-2.90 2.00 135 396
-2.80 2.00 138 395
-2.70 2.00 141 394
-2.60 2.00 144 392
-2.50 2.00 148 391
-2.40 2.00 152 389
-2.30 2.00 155 388
-2.20 2.00 157 386
-2.10 2.00 160 384
-2.00 2.00 161 383
-1.90 2.00 164 383
-1.80 2.00 165 383
-1.70 2.00 167 383
-1.60 2.00 169 383
-1.50 2.00 167 381
-1.40 2.00 189 322
-1.30 2.00 192 353
-1.20 2.00 191 351
-1.10 2.00 197 352
-1.00 2.00 198 349
-0.90 2.00 199 349
-0.80 2.00 202 348
-0.70 2.00 205 347
-0.60 2.00 207 346
-0.50 2.00 210 345
-0.40 2.00 212 346
-0.30 2.00 211 344
-0.20 2.00 220 345
-0.10 2.00 219 343
-0.00 2.00 219 341
0.10 2.00 225 341
0.20 2.00 228 340
0.30 2.00 229 340
0.40 2.00 232 337
0.50 2.00 237 304
0.60 2.00 238 303
0.70 2.00 241 302
0.80 2.00 244 301
0.90 2.00 244 333
1.00 2.00 248 298
1.10 2.00 251 298
1.20 2.00 253 297
1.30 2.00 256 295
1.40 2.00 259 294
1.50 2.00 261 293
1.60 2.00 263 292
1.70 2.00 266 291
1.80 2.00 268 290
1.90 2.00 271 288
2.00 2.00 273 287
2.10 2.00 275 285
2.20 2.00 278 284
2.30 2.00 281 283
2.40 2.00 283 282
2.50 2.00 285 281
2.60 2.00 287 280
2.70 2.00 290 279
2.80 2.00 292 278
2.90 2.00 295 276
3.00 2.00 297 275
3.10 2.00 300 273
3.20 2.00 0 0
3.30 2.00 0 0
3.40 2.00 0 0
3.50 2.00 0 0
3.60 2.00 0 0
3.70 2.00 0 0
3.80 2.00 0 0
3.90 2.00 0 0
4.00 2.00 0 0
4.10 2.00 0 0
4.20 2.00 0 0
4.30 2.00 0 0
4.40 2.00 0 0
4.50 2.00 0 0
4.60 2.00 0 0
4.70 2.00 0 0
4.80 2.00 0 0
4.90 2.00 0 0
5.00 2.00 0 0
5.10 2.00 0 0
5.20 2.00 0 0
5.30 2.00 0 0
5.40 2.00 0 0
5.50 2.00 0 0
5.60 2.00 0 0
5.70 2.00 0 0
5.80 2.00 0 0
5.90 2.00 0 0
6.00 2.00 0 0
6.10 2.00 0 0
6.20 2.00 0 0
6.30 2.00 0 0
6.40 2.00 0 0
6.50 2.00 0 0
6.60 2.00 0 0
6.70 2.00 0 0
6.80 2.00 0 0
6.90 2.00 0 0
7.00 2.00 0 0
7.10 2.00 0 0
7.20 2.00 0 0
7.30 2.00 0 0
7.40 2.00 0 0
7.50 2.00 0 0
7.60 2.00 0 0
7.70 2.00 0 0
7.80 2.00 0 0
7.90 2.00 0 0
8.00 2.00 0 0
8.10 2.00 0 0
8.20 2.00 0 0
8.30 2.00 0 0
8.40 2.00 0 0
8.50 2.00 0 0
8.60 2.00 0 0
8.70 2.00 0 0
8.80 2.00 0 0
8.90 2.00 0 0
9.00 2.00 0 0
9.10 2.00 0 0
-9.00 2.10 0 0
-8.90 2.10 0 0
-8.80 2.10 0 0
-8.70 2.10 0 0
-8.60 2.10 0 0
-8.50 2.10 0 0
-8.40 2.10 0 0
-8.30 2.10 0 0
-8.20 2.10 0 0
-8.10 2.10 0 0
-8.00 2.10 3 433
-7.90 2.10 5 434
-7.80 2.10 6 432
-7.70 2.10 7 430
-7.60 2.10 9 428
-7.50 2.10 10 427
-7.40 2.10 13 425
-7.30 2.10 14 423
-7.20 2.10 16 423
-7.10 2.10 17 422
-7.00 2.10 19 422
-6.90 2.10 0 0
-6.80 2.10 0 0
-6.70 2.10 0 0
-6.60 2.10 0 0
-6.50 2.10 31 409
-6.40 2.10 33 411
-6.30 2.10 33 412
-6.20 2.10 33 408
-6.10 2.10 0 0
-6.00 2.10 0 0
-5.90 2.10 0 0
-5.80 2.10 63 418
-5.70 2.10 64 418
-5.60 2.10 63 416
-5.50 2.10 65 414
-5.40 2.10 66 411
-5.30 2.10 68 409
-5.20 2.10 69 409
-5.10 2.10 72 408
-5.00 2.10 75 406
-4.90 2.10 76 406
-4.80 2.10 79 406
-4.70 2.10 82 407
-4.60 2.10 0 0
-4.50 2.10 0 0
-4.40 2.10 0 0
-4.30 2.10 0 0
-4.20 2.10 0 0
-4.10 2.10 0 0
-4.00 2.10 0 0
-3.90 2.10 0 0
-3.80 2.10 0 0
-3.70 2.10 0 0
-3.60 2.10 0 0
-3.50 2.10 0 0
-3.40 2.10 0 0
-3.30 2.10 0 0
-3.20 2.10 0 0
-3.10 2.10 133 398
-3.00 2.10 135 397
-2.90 2.10 137 397
-2.80 2.10 138 396
-2.70 2.10 142 396
-2.60 2.10 144 394
-2.50 2.10 150 391
-2.40 2.10 153 390
-2.30 2.10 155 388
-2.20 2.10 158 385
-2.10 2.10 162 385
-2.00 2.10 164 384
-1.90 2.10 165 384
-1.80 2.10 164 383
-1.70 2.10 165 382
-1.60 2.10 0 0
-1.50 2.10 0 0
-1.40 2.10 0 0
-1.30 2.10 0 0
-1.20 2.10 0 0
-1.10 2.10 0 0
-1.00 2.10 0 0
-0.90 2.10 0 0
-0.80 2.10 0 0
-0.70 2.10 209 348
-0.60 2.10 209 348
-0.50 2.10 212 347
-0.40 2.10 213 346
-0.30 2.10 215 345
-0.20 2.10 216 344
-0.10 2.10 222 344
-0.00 2.10 224 343
0.10 2.10 224 342
0.20 2.10 226 341
0.30 2.10 230 340
0.40 2.10 0 0
0.50 2.10 0 0
0.60 2.10 0 0
0.70 2.10 0 0
0.80 2.10 0 0
0.90 2.10 0 0
1.00 2.10 0 0
1.10 2.10 0 0
1.20 2.10 255 298
1.30 2.10 0 0
1.40 2.10 0 0
1.50 2.10 0 0
1.60 2.10 0 0
1.70 2.10 0 0
1.80 2.10 0 0
1.90 2.10 0 0
2.00 2.10 0 0
2.10 2.10 0 0
2.20 2.10 0 0
2.30 2.10 0 0
2.40 2.10 0 0
2.50 2.10 0 0
2.60 2.10 0 0
2.70 2.10 291 280
2.80 2.10 0 0
2.90 2.10 0 0
3.00 2.10 0 0
3.10 2.10 0 0
3.20 2.10 0 0
3.30 2.10 0 0
3.40 2.10 0 0
3.50 2.10 0 0
3.60 2.10 0 0
3.70 2.10 0 0
3.80 2.10 0 0
3.90 2.10 0 0
4.00 2.10 0 0
4.10 2.10 0 0
4.20 2.10 0 0
4.30 2.10 0 0
4.40 2.10 0 0
4.50 2.10 0 0
4.60 2.10 0 0
4.70 2.10 0 0
4.80 2.10 0 0
4.90 2.10 0 0
5.00 2.10 0 0
5.10 2.10 0 0
5.20 2.10 0 0
5.30 2.10 0 0
5.40 2.10 0 0
5.50 2.10 0 0
5.60 2.10 0 0
5.70 2.10 0 0
5.80 2.10 0 0
5.90 2.10 0 0
6.00 2.10 0 0
6.10 2.10 0 0
6.20 2.10 0 0
6.30 2.10 0 0
6.40 2.10 0 0
6.50 2.10 0 0
6.60 2.10 0 0
6.70 2.10 0 0
6.80 2.10 0 0
6.90 2.10 0 0
7.00 2.10 0 0
7.10 2.10 0 0
7.20 2.10 0 0
7.30 2.10 0 0
7.40 2.10 0 0
7.50 2.10 0 0
7.60 2.10 0 0
7.70 2.10 0 0
7.80 2.10 0 0
7.90 2.10 0 0
8.00 2.10 0 0
8.10 2.10 0 0
8.20 2.10 0 0
8.30 2.10 0 0
8.40 2.10 0 0
8.50 2.10 0 0
8.60 2.10 0 0
8.70 2.10 0 0
8.80 2.10 0 0
8.90 2.10 0 0
9.00 2.10 0 0
9.10 2.10 0 0
-9.00 2.20 0 0
-8.90 2.20 0 0
-8.80 2.20 0 0
-8.70 2.20 0 0
-8.60 2.20 0 0
-8.50 2.20 0 0
-8.40 2.20 0 0
-8.30 2.20 0 0
-8.20 2.20 0 0
-8.10 2.20 2 434
-8.00 2.20 4 435
-7.90 2.20 5 435
-7.80 2.20 6 433
-7.70 2.20 8 431
-7.60 2.20 11 429
-7.50 2.20 11 429
-7.40 2.20 13 427
-7.30 2.20 14 426
-7.20 2.20 17 424
-7.10 2.20 18 423
-7.00 2.20 0 0
-6.90 2.20 0 0
-6.80 2.20 0 0
-6.70 2.20 0 0
-6.60 2.20 0 0
-6.50 2.20 34 411
-6.40 2.20 35 413
-6.30 2.20 36 412
-6.20 2.20 37 412
-6.10 2.20 35 408
-6.00 2.20 0 0
-5.90 2.20 0 0
-5.80 2.20 64 419
-5.70 2.20 65 419
-5.60 2.20 65 418
-5.50 2.20 67 416
-5.40 2.20 67 413
-5.30 2.20 70 413
-5.20 2.20 72 410
-5.10 2.20 73 409
-5.00 2.20 76 408
-4.90 2.20 79 406
-4.80 2.20 80 406
-4.70 2.20 0 0
-4.60 2.20 0 0
-4.50 2.20 0 0
-4.40 2.20 0 0
-4.30 2.20 0 0
-4.20 2.20 0 0
-4.10 2.20 0 0
-4.00 2.20 0 0
-3.90 2.20 0 0
-3.80 2.20 0 0
-3.70 2.20 0 0
-3.60 2.20 0 0
-3.50 2.20 0 0
-3.40 2.20 0 0
-3.30 2.20 0 0
-3.20 2.20 0 0
-3.10 2.20 135 398
-3.00 2.20 135 398
-2.90 2.20 141 398
-2.80 2.20 143 396
-2.70 2.20 144 395
-2.60 2.20 145 396
-2.50 2.20 150 394
-2.40 2.20 151 390
-2.30 2.20 157 389
-2.20 2.20 159 387
-2.10 2.20 164 386
-2.00 2.20 165 386
-1.90 2.20 166 385
-1.80 2.20 167 384
-1.70 2.20 167 384
-1.60 2.20 0 0
-1.50 2.20 0 0
-1.40 2.20 0 0
-1.30 2.20 0 0
-1.20 2.20 0 0
-1.10 2.20 194 353
-1.00 2.20 0 0
-0.90 2.20 204 351
-0.80 2.20 206 351
-0.70 2.20 0 0
-0.60 2.20 210 348
-0.50 2.20 211 348
-0.40 2.20 212 347
-0.30 2.20 218 344
-0.20 2.20 220 345
-0.10 2.20 223 345
-0.00 2.20 225 345
0.10 2.20 228 344
0.20 2.20 231 342
0.30 2.20 231 341
0.40 2.20 233 342
0.50 2.20 236 339
0.60 2.20 241 305
0.70 2.20 245 304
0.80 2.20 246 303
0.90 2.20 249 302
1.00 2.20 251 301
1.10 2.20 251 332
1.20 2.20 256 299
1.30 2.20 259 298
1.40 2.20 262 296
1.50 2.20 264 295
1.60 2.20 266 294
1.70 2.20 269 293
1.80 2.20 271 292
1.90 2.20 273 290
2.00 2.20 276 289
2.10 2.20 278 288
2.20 2.20 281 287
2.30 2.20 284 285
2.40 2.20 286 284
2.50 2.20 288 283
2.60 2.20 290 282
2.70 2.20 293 281
2.80 2.20 295 280
2.90 2.20 297 279
3.00 2.20 301 277
3.10 2.20 303 276
3.20 2.20 305 274
3.30 2.20 307 273
3.40 2.20 310 272
3.50 2.20 312 270
3.60 2.20 314 270
3.70 2.20 317 268
3.80 2.20 319 267
3.90 2.20 322 266
4.00 2.20 324 264
4.10 2.20 326 262
4.20 2.20 329 262
4.30 2.20 331 260
4.40 2.20 333 259
4.50 2.20 336 258
4.60 2.20 338 256
4.70 2.20 340 255
4.80 2.20 340 290
4.90 2.20 346 288
5.00 2.20 348 251
5.10 2.20 350 249
5.20 2.20 352 248
5.30 2.20 354 282
5.40 2.20 357 245
5.50 2.20 359 281
5.60 2.20 363 279
5.70 2.20 363 240
5.80 2.20 366 238
5.90 2.20 368 237
6.00 2.20 371 235
6.10 2.20 373 234
6.20 2.20 375 232
6.30 2.20 377 231
6.40 2.20 379 229
6.50 2.20 382 228
6.60 2.20 384 226
6.70 2.20 387 225
6.80 2.20 389 223
6.90 2.20 391 221
7.00 2.20 393 220
7.10 2.20 396 218
7.20 2.20 398 216
7.30 2.20 399 214
7.40 2.20 402 214
7.50 2.20 404 211
7.60 2.20 406 210
7.70 2.20 409 208
7.80 2.20 411 206
7.90 2.20 413 205
8.00 2.20 415 203
8.10 2.20 417 202
8.20 2.20 0 0
8.30 2.20 0 0
8.40 2.20 0 0
8.50 2.20 0 0
8.60 2.20 0 0
8.70 2.20 0 0
8.80 2.20 0 0
8.90 2.20 0 0
9.00 2.20 458 240
9.10 2.20 455 234
-9.00 2.30 0 0
-8.90 2.30 0 0
-8.80 2.30 0 0
-8.70 2.30 0 0
-8.60 2.30 0 0
-8.50 2.30 0 0
-8.40 2.30 4 379
-8.30 2.30 5 378
-8.20 2.30 3 440
-8.10 2.30 5 438
-8.00 2.30 6 436
-7.90 2.30 8 436
-7.80 2.30 9 434
-7.70 2.30 11 432
-7.60 2.30 13 431
-7.50 2.30 13 430
-7.40 2.30 15 428
-7.30 2.30 18 426
-7.20 2.30 19 425
-7.10 2.30 19 426
-7.00 2.30 22 425
-6.90 2.30 0 0
-6.80 2.30 0 0
-6.70 2.30 0 0
-6.60 2.30 0 0
-6.50 2.30 36 415
-6.40 2.30 36 415
-6.30 2.30 37 415
-6.20 2.30 37 413
-6.10 2.30 38 413
-6.00 2.30 62 421
-5.90 2.30 64 421
-5.80 2.30 65 419
-5.70 2.30 66 419
-5.60 2.30 66 418
-5.50 2.30 68 415
-5.40 2.30 70 414
-5.30 2.30 73 413
-5.20 2.30 74 412
-5.10 2.30 77 411
-5.00 2.30 79 410
-4.90 2.30 80 409
-4.80 2.30 83 409
-4.70 2.30 84 408
-4.60 2.30 87 409
-4.50 2.30 109 370
-4.40 2.30 111 369
-4.30 2.30 115 367
-4.20 2.30 117 366
-4.10 2.30 120 365
-4.00 2.30 123 363
-3.90 2.30 126 362
-3.80 2.30 128 362
-3.70 2.30 135 342
-3.60 2.30 137 342
-3.50 2.30 127 398
-3.40 2.30 134 400
-3.30 2.30 132 399
-3.20 2.30 136 400
-3.10 2.30 138 400
-3.00 2.30 138 399
-2.90 2.30 139 398
-2.80 2.30 143 398
-2.70 2.30 145 398
-2.60 2.30 149 396
-2.50 2.30 152 396
-2.40 2.30 157 393
-2.30 2.30 159 391
-2.20 2.30 162 390
-2.10 2.30 165 389
-2.00 2.30 167 387
-1.90 2.30 168 387
-1.80 2.30 171 386
-1.70 2.30 173 386
-1.60 2.30 173 385
-1.50 2.30 176 385
-1.40 2.30 178 385
-1.30 2.30 194 357
-1.20 2.30 195 355
-1.10 2.30 197 354
-1.00 2.30 202 353
-0.90 2.30 205 353
-0.80 2.30 207 351
-0.70 2.30 208 350
-0.60 2.30 211 350
-0.50 2.30 214 349
-0.40 2.30 217 348
-0.30 2.30 218 347
-0.20 2.30 221 347
-0.10 2.30 223 346
-0.00 2.30 227 345
0.10 2.30 230 343
0.20 2.30 231 343
0.30 2.30 233 342
0.40 2.30 235 342
0.50 2.30 239 341
0.60 2.30 241 340
0.70 2.30 244 339
0.80 2.30 248 337
0.90 2.30 249 336
1.00 2.30 251 336
1.10 2.30 254 334
1.20 2.30 257 334
1.30 2.30 258 332
1.40 2.30 261 331
1.50 2.30 266 296
1.60 2.30 264 330
1.70 2.30 268 329
1.80 2.30 273 293
1.90 2.30 276 291
2.00 2.30 278 290
2.10 2.30 280 289
2.20 2.30 283 288
2.30 2.30 285 287
2.40 2.30 288 285
2.50 2.30 290 284
2.60 2.30 292 283
2.70 2.30 295 282
2.80 2.30 297 281
2.90 2.30 299 280
3.00 2.30 302 278
3.10 2.30 305 277
3.20 2.30 307 276
3.30 2.30 309 274
3.40 2.30 311 273
3.50 2.30 314 272
3.60 2.30 316 270
3.70 2.30 0 0
3.80 2.30 0 0
3.90 2.30 0 0
4.00 2.30 0 0
4.10 2.30 0 0
4.20 2.30 0 0
4.30 2.30 0 0
4.40 2.30 0 0
4.50 2.30 0 0
4.60 2.30 0 0
4.70 2.30 0 0
4.80 2.30 0 0
4.90 2.30 0 0
5.00 2.30 0 0
5.10 2.30 0 0
5.20 2.30 0 0
5.30 2.30 0 0
5.40 2.30 0 0
5.50 2.30 0 0
5.60 2.30 0 0
5.70 2.30 0 0
5.80 2.30 0 0
5.90 2.30 0 0
6.00 2.30 0 0
6.10 2.30 0 0
6.20 2.30 377 233
6.30 2.30 0 0
6.40 2.30 381 230
6.50 2.30 384 229
6.60 2.30 386 227
6.70 2.30 388 225
6.80 2.30 390 224
6.90 2.30 392 222
7.00 2.30 395 221
7.10 2.30 397 219
7.20 2.30 399 217
7.30 2.30 401 215
7.40 2.30 404 214
7.50 2.30 406 212
7.60 2.30 408 211
7.70 2.30 410 209
7.80 2.30 412 207
7.90 2.30 415 205
8.00 2.30 417 204
8.10 2.30 418 203
8.20 2.30 0 0
8.30 2.30 0 0
8.40 2.30 0 0
8.50 2.30 0 0
8.60 2.30 0 0
8.70 2.30 0 0
8.80 2.30 0 0
8.90 2.30 0 0
9.00 2.30 456 238
9.10 2.30 457 236
-9.00 2.40 0 0
-8.90 2.40 0 0
-8.80 2.40 0 0
-8.70 2.40 0 0
-8.60 2.40 0 0
-8.50 2.40 3 382
-8.40 2.40 5 380
-8.30 2.40 3 445
-8.20 2.40 4 443
-8.10 2.40 6 441
-8.00 2.40 7 439
-7.90 2.40 9 437
-7.80 2.40 10 436
-7.70 2.40 12 434
-7.60 2.40 14 432
-7.50 2.40 15 430
-7.40 2.40 17 429
-7.30 2.40 18 428
-7.20 2.40 19 427
-7.10 2.40 21 426
-7.00 2.40 24 426
-6.90 2.40 0 0
-6.80 2.40 0 0
-6.70 2.40 0 0
-6.60 2.40 0 0
-6.50 2.40 38 416
-6.40 2.40 38 417
-6.30 2.40 38 416
-6.20 2.40 40 415
-6.10 2.40 40 415
-6.00 2.40 62 421
-5.90 2.40 65 421
-5.80 2.40 66 420
-5.70 2.40 67 420
-5.60 2.40 70 419
-5.50 2.40 70 418
-5.40 2.40 72 416
-5.30 2.40 73 415
-5.20 2.40 76 413
-5.10 2.40 78 412
-5.00 2.40 80 411
-4.90 2.40 83 412
-4.80 2.40 85 411
-4.70 2.40 87 411
-4.60 2.40 89 409
-4.50 2.40 110 372
-4.40 2.40 113 370
-4.30 2.40 116 369
-4.20 2.40 119 367
-4.10 2.40 121 366
-4.00 2.40 125 365
-3.90 2.40 128 364
-3.80 2.40 129 363
-3.70 2.40 136 343
-3.60 2.40 138 343
-3.50 2.40 141 342
-3.40 2.40 133 400
-3.30 2.40 134 400
-3.20 2.40 136 400
-3.10 2.40 141 401
-3.00 2.40 141 400
-2.90 2.40 144 400
-2.80 2.40 145 399
-2.70 2.40 149 398
-2.60 2.40 151 398
-2.50 2.40 153 396
-2.40 2.40 158 395
-2.30 2.40 162 392
-2.20 2.40 164 391
-2.10 2.40 166 390
-2.00 2.40 169 389
-1.90 2.40 171 387
-1.80 2.40 173 387
-1.70 2.40 175 387
-1.60 2.40 176 387
-1.50 2.40 179 386
-1.40 2.40 192 360
-1.30 2.40 196 357
-1.20 2.40 198 356
-1.10 2.40 202 356
-1.00 2.40 204 355
-0.90 2.40 206 353
-0.80 2.40 210 353
-0.70 2.40 209 351
-0.60 2.40 213 351
-0.50 2.40 216 350
-0.40 2.40 217 349
-0.30 2.40 219 348
-0.20 2.40 223 347
-0.10 2.40 225 346
-0.00 2.40 227 346
0.10 2.40 230 344
0.20 2.40 232 344
0.30 2.40 235 343
0.40 2.40 238 343
0.50 2.40 240 342
0.60 2.40 242 341
0.70 2.40 245 339
0.80 2.40 248 339
0.90 2.40 250 338
1.00 2.40 253 336
1.10 2.40 256 335
1.20 2.40 256 334
1.30 2.40 260 333
1.40 2.40 263 333
1.50 2.40 267 298
1.60 2.40 268 331
1.70 2.40 270 329
1.80 2.40 274 328
1.90 2.40 277 293
2.00 2.40 279 291
2.10 2.40 282 290
2.20 2.40 284 289
2.30 2.40 284 321
2.40 2.40 289 287
2.50 2.40 291 285
2.60 2.40 294 284
2.70 2.40 294 319
2.80 2.40 298 316
2.90 2.40 301 281
3.00 2.40 304 279
3.10 2.40 306 278
3.20 2.40 308 277
3.30 2.40 311 275
3.40 2.40 313 274
3.50 2.40 316 273
3.60 2.40 317 271
3.70 2.40 321 270
3.80 2.40 322 269
3.90 2.40 325 268
4.00 2.40 327 301
4.10 2.40 330 301
4.20 2.40 332 263
4.30 2.40 334 298
4.40 2.40 336 261
4.50 2.40 339 296
4.60 2.40 341 258
4.70 2.40 344 257
4.80 2.40 346 255
4.90 2.40 349 290
5.00 2.40 348 290
5.10 2.40 352 287
5.20 2.40 358 287
5.30 2.40 359 284
5.40 2.40 361 282
5.50 2.40 359 283
5.60 2.40 365 244
5.70 2.40 367 241
5.80 2.40 369 279
5.90 2.40 371 239
6.00 2.40 374 237
6.10 2.40 376 236
6.20 2.40 378 234
6.30 2.40 381 233
6.40 2.40 383 231
6.50 2.40 387 269
6.60 2.40 387 228
6.70 2.40 390 226
6.80 2.40 392 225
6.90 2.40 394 224
7.00 2.40 397 222
7.10 2.40 399 220
7.20 2.40 401 219
7.30 2.40 403 217
7.40 2.40 406 215
7.50 2.40 408 213
7.60 2.40 410 212
7.70 2.40 412 210
7.80 2.40 414 208
7.90 2.40 417 206
8.00 2.40 418 205
8.10 2.40 420 205
8.20 2.40 421 204
8.30 2.40 0 0
8.40 2.40 0 0
8.50 2.40 0 0
8.60 2.40 0 0
8.70 2.40 0 0
8.80 2.40 0 0
8.90 2.40 457 240
9.00 2.40 458 239
9.10 2.40 458 237
-9.00 2.50 0 0
-8.90 2.50 0 0
-8.80 2.50 0 0
-8.70 2.50 0 0
-8.60 2.50 0 0
-8.50 2.50 4 384
-8.40 2.50 5 383
-8.30 2.50 4 447
-8.20 2.50 6 444
-8.10 2.50 6 442
-8.00 2.50 7 440
-7.90 2.50 9 439
-7.80 2.50 11 437
-7.70 2.50 12 436
-7.60 2.50 14 434
-7.50 2.50 16 432
-7.40 2.50 17 431
-7.30 2.50 20 429
-7.20 2.50 21 428
-7.10 2.50 22 428
-7.00 2.50 25 427
-6.90 2.50 0 0
-6.80 2.50 0 0
-6.70 2.50 0 0
-6.60 2.50 0 0
-6.50 2.50 39 418
-6.40 2.50 40 418
-6.30 2.50 41 418
-6.20 2.50 41 417
-6.10 2.50 44 416
-6.00 2.50 64 423
-5.90 2.50 65 422
-5.80 2.50 67 421
-5.70 2.50 68 420
-5.60 2.50 70 420
-5.50 2.50 71 419
-5.40 2.50 74 417
-5.30 2.50 76 416
-5.20 2.50 78 415
-5.10 2.50 80 414
-5.00 2.50 82 413
-4.90 2.50 84 412
-4.80 2.50 87 413
-4.70 2.50 89 412
-4.60 2.50 92 411
-4.50 2.50 111 373
-4.40 2.50 115 371
-4.30 2.50 117 370
-4.20 2.50 121 369
-4.10 2.50 123 368
-4.00 2.50 126 365
-3.90 2.50 128 364
-3.80 2.50 131 364
-3.70 2.50 138 345
-3.60 2.50 140 344
-3.50 2.50 142 344
-3.40 2.50 145 343
-3.30 2.50 136 401
-3.20 2.50 141 402
-3.10 2.50 140 401
-3.00 2.50 143 401
-2.90 2.50 145 400
-2.80 2.50 147 400
-2.70 2.50 150 399
-2.60 2.50 152 399
-2.50 2.50 155 398
-2.40 2.50 159 396
-2.30 2.50 163 394
-2.20 2.50 166 392
-2.10 2.50 167 391
-2.00 2.50 171 390
-1.90 2.50 173 389
-1.80 2.50 175 389
-1.70 2.50 177 388
-1.60 2.50 179 388
-1.50 2.50 180 387
-1.40 2.50 184 387
-1.30 2.50 197 358
-1.20 2.50 200 359
-1.10 2.50 202 356
-1.00 2.50 205 355
-0.90 2.50 208 355
-0.80 2.50 209 354
-0.70 2.50 213 353
-0.60 2.50 214 352
-0.50 2.50 217 352
-0.40 2.50 219 351
-0.30 2.50 222 349
-0.20 2.50 224 348
-0.10 2.50 226 347
-0.00 2.50 229 347
0.10 2.50 233 345
0.20 2.50 234 345
0.30 2.50 237 344
0.40 2.50 239 344
0.50 2.50 242 343
0.60 2.50 244 342
0.70 2.50 246 340
0.80 2.50 248 339
0.90 2.50 253 338
1.00 2.50 254 337
1.10 2.50 258 336
1.20 2.50 260 335
1.30 2.50 262 335
1.40 2.50 264 334
1.50 2.50 266 333
1.60 2.50 271 331
1.70 2.50 271 331
1.80 2.50 275 330
1.90 2.50 277 329
2.00 2.50 281 293
2.10 2.50 283 327
2.20 2.50 286 290
2.30 2.50 289 289
2.40 2.50 291 288
2.50 2.50 293 286
2.60 2.50 296 285
2.70 2.50 297 318
2.80 2.50 298 319
2.90 2.50 300 317
3.00 2.50 302 316
3.10 2.50 307 279
3.20 2.50 310 278
3.30 2.50 312 277
3.40 2.50 314 309
3.50 2.50 317 274
3.60 2.50 319 273
3.70 2.50 322 271
3.80 2.50 324 270
3.90 2.50 327 305
4.00 2.50 329 303
4.10 2.50 331 266
4.20 2.50 332 299
4.30 2.50 336 299
4.40 2.50 339 262
4.50 2.50 342 297
4.60 2.50 343 259
4.70 2.50 345 258
4.80 2.50 348 293
4.90 2.50 350 255
5.00 2.50 351 290
5.10 2.50 356 291
5.20 2.50 357 251
5.30 2.50 359 284
5.40 2.50 362 284
5.50 2.50 366 284
5.60 2.50 367 282
5.70 2.50 370 280
5.80 2.50 371 242
5.90 2.50 374 280
6.00 2.50 376 277
6.10 2.50 376 275
6.20 2.50 381 274
6.30 2.50 382 234
6.40 2.50 384 232
6.50 2.50 386 231
6.60 2.50 389 229
6.70 2.50 392 227
6.80 2.50 394 226
6.90 2.50 396 224
7.00 2.50 398 223
7.10 2.50 400 221
7.20 2.50 402 220
7.30 2.50 404 218
7.40 2.50 407 216
7.50 2.50 409 214
7.60 2.50 411 213
7.70 2.50 413 211
7.80 2.50 415 209
7.90 2.50 418 207
8.00 2.50 420 206
8.10 2.50 421 206
8.20 2.50 0 0
8.30 2.50 0 0
8.40 2.50 0 0
8.50 2.50 0 0
8.60 2.50 0 0
8.70 2.50 0 0
8.80 2.50 457 241
8.90 2.50 460 242
9.00 2.50 458 239
9.10 2.50 460 238
-9.00 2.60 0 0
-8.90 2.60 0 0
-8.80 2.60 0 0
-8.70 2.60 0 0
-8.60 2.60 2 388
-8.50 2.60 5 385
-8.40 2.60 4 448
-8.30 2.60 5 447
-8.20 2.60 6 445
-8.10 2.60 7 443
-8.00 2.60 9 442
-7.90 2.60 10 440
-7.80 2.60 12 438
-7.70 2.60 14 437
-7.60 2.60 15 436
-7.50 2.60 17 433
-7.40 2.60 19 432
-7.30 2.60 20 431
-7.20 2.60 22 430
-7.10 2.60 23 429
-7.00 2.60 26 428
-6.90 2.60 0 0
-6.80 2.60 0 0
-6.70 2.60 0 0
-6.60 2.60 0 0
-6.50 2.60 42 420
-6.40 2.60 41 420
-6.30 2.60 42 419
-6.20 2.60 42 419
-6.10 2.60 50 419
-6.00 2.60 66 425
-5.90 2.60 67 422
-5.80 2.60 69 422
-5.70 2.60 71 422
-5.60 2.60 72 421
-5.50 2.60 73 420
-5.40 2.60 75 419
-5.30 2.60 77 418
-5.20 2.60 80 416
-5.10 2.60 83 415
-5.00 2.60 85 415
-4.90 2.60 88 414
-4.80 2.60 89 414
-4.70 2.60 92 413
-4.60 2.60 94 413
-4.50 2.60 98 413
-4.40 2.60 116 373
-4.30 2.60 119 371
-4.20 2.60 122 370
-4.10 2.60 125 368
-4.00 2.60 128 366
-3.90 2.60 130 365
-3.80 2.60 131 364
-3.70 2.60 139 346
-3.60 2.60 142 346
-3.50 2.60 144 345
-3.40 2.60 146 344
-3.30 2.60 136 401
-3.20 2.60 141 402
-3.10 2.60 142 402
-3.00 2.60 145 401
-2.90 2.60 147 401
-2.80 2.60 149 401
-2.70 2.60 153 401
-2.60 2.60 155 400
-2.50 2.60 158 399
-2.40 2.60 162 398
-2.30 2.60 165 396
-2.20 2.60 168 394
-2.10 2.60 170 392
-2.00 2.60 172 391
-1.90 2.60 176 391
-1.80 2.60 177 389
-1.70 2.60 178 389
-1.60 2.60 180 388
-1.50 2.60 182 388
-1.40 2.60 184 388
-1.30 2.60 198 360
-1.20 2.60 202 359
-1.10 2.60 205 359
-1.00 2.60 207 357
-0.90 2.60 209 355
-0.80 2.60 212 355
-0.70 2.60 214 355
-0.60 2.60 216 353
-0.50 2.60 220 353
-0.40 2.60 221 351
-0.30 2.60 224 351
-0.20 2.60 227 350
-0.10 2.60 229 349
-0.00 2.60 231 348
0.10 2.60 233 347
0.20 2.60 237 346
0.30 2.60 239 345
0.40 2.60 241 345
0.50 2.60 243 344
0.60 2.60 247 342
0.70 2.60 247 341
0.80 2.60 252 340
0.90 2.60 253 340
1.00 2.60 257 339
1.10 2.60 259 338
1.20 2.60 261 337
1.30 2.60 264 336
1.40 2.60 264 335
1.50 2.60 269 334
1.60 2.60 270 331
1.70 2.60 272 331
1.80 2.60 275 331
1.90 2.60 277 331
2.00 2.60 281 328
2.10 2.60 284 326
2.20 2.60 287 326
2.30 2.60 289 325
2.40 2.60 291 324
2.50 2.60 294 322
2.60 2.60 297 321
2.70 2.60 298 321
2.80 2.60 302 284
2.90 2.60 303 318
3.00 2.60 304 318
3.10 2.60 308 316
3.20 2.60 312 315
3.30 2.60 314 278
3.40 2.60 316 276
3.50 2.60 319 310
3.60 2.60 320 309
3.70 2.60 323 307
3.80 2.60 326 307
3.90 2.60 329 270
4.00 2.60 330 268
4.10 2.60 332 301
4.20 2.60 335 301
4.30 2.60 341 299
4.40 2.60 342 300
4.50 2.60 345 300
4.60 2.60 347 295
4.70 2.60 347 295
4.80 2.60 348 295
4.90 2.60 354 295
5.00 2.60 354 293
5.10 2.60 358 290
5.20 2.60 358 290
5.30 2.60 365 287
5.40 2.60 365 287
5.50 2.60 368 286
5.60 2.60 369 283
5.70 2.60 373 282
5.80 2.60 374 280
5.90 2.60 373 280
6.00 2.60 377 239
6.10 2.60 378 276
6.20 2.60 381 236
6.30 2.60 384 274
6.40 2.60 386 233
6.50 2.60 388 231
6.60 2.60 391 230
6.70 2.60 393 228
6.80 2.60 395 227
6.90 2.60 398 225
7.00 2.60 399 224
7.10 2.60 402 221
7.20 2.60 404 221
7.30 2.60 407 219
7.40 2.60 409 216
7.50 2.60 410 215
7.60 2.60 412 214
7.70 2.60 415 212
7.80 2.60 417 210
7.90 2.60 419 209
8.00 2.60 421 208
8.10 2.60 423 207
8.20 2.60 423 206
8.30 2.60 0 0
8.40 2.60 0 0
8.50 2.60 0 0
8.60 2.60 0 0
8.70 2.60 457 242
8.80 2.60 459 244
8.90 2.60 459 243
9.00 2.60 460 241
9.10 2.60 460 239
-9.00 2.70 0 0
-8.90 2.70 0 0
-8.80 2.70 0 0
-8.70 2.70 2 390
-8.60 2.70 4 389
-8.50 2.70 6 387
-8.40 2.70 4 447
-8.30 2.70 5 447
-8.20 2.70 7 445
-8.10 2.70 8 444
-8.00 2.70 9 443
-7.90 2.70 11 442
-7.80 2.70 13 440
-7.70 2.70 14 438
-7.60 2.70 15 437
-7.50 2.70 17 435
-7.40 2.70 20 433
-7.30 2.70 21 432
-7.20 2.70 24 431
-7.10 2.70 26 431
-7.00 2.70 27 430
-6.90 2.70 0 0
-6.80 2.70 0 0
-6.70 2.70 0 0
-6.60 2.70 0 0
-6.50 2.70 42 422
-6.40 2.70 43 422
-6.30 2.70 44 421
-6.20 2.70 45 421
-6.10 2.70 51 421
-6.00 2.70 67 425
-5.90 2.70 68 424
-5.80 2.70 71 424
-5.70 2.70 71 423
-5.60 2.70 73 422
-5.50 2.70 75 422
-5.40 2.70 76 420
-5.30 2.70 79 419
-5.20 2.70 81 418
-5.10 2.70 84 417
-5.00 2.70 86 416
-4.90 2.70 90 416
-4.80 2.70 91 415
-4.70 2.70 94 415
-4.60 2.70 95 414
-4.50 2.70 98 414
-4.40 2.70 118 374
-4.30 2.70 120 373
-4.20 2.70 124 371
-4.10 2.70 126 370
-4.00 2.70 129 367
-3.90 2.70 131 366
-3.80 2.70 133 365
-3.70 2.70 141 347
-3.60 2.70 143 346
-3.50 2.70 146 346
-3.40 2.70 148 345
-3.30 2.70 141 403
-3.20 2.70 145 403
-3.10 2.70 146 403
-3.00 2.70 147 402
-2.90 2.70 150 403
-2.80 2.70 152 402
-2.70 2.70 154 401
-2.60 2.70 156 400
-2.50 2.70 160 400
-2.40 2.70 162 399
-2.30 2.70 166 397
-2.20 2.70 170 395
-2.10 2.70 172 394
-2.00 2.70 175 392
-1.90 2.70 177 392
-1.80 2.70 179 391
-1.70 2.70 180 390
-1.60 2.70 183 389
-1.50 2.70 185 389
-1.40 2.70 186 390
-1.30 2.70 202 362
-1.20 2.70 203 361
-1.10 2.70 205 360
-1.00 2.70 207 358
-0.90 2.70 211 357
-0.80 2.70 212 357
-0.70 2.70 215 355
-0.60 2.70 219 354
-0.50 2.70 221 354
-0.40 2.70 222 353
-0.30 2.70 226 351
-0.20 2.70 227 351
-0.10 2.70 230 350
-0.00 2.70 232 349
0.10 2.70 235 348
0.20 2.70 237 348
0.30 2.70 241 346
0.40 2.70 243 346
0.50 2.70 245 344
0.60 2.70 247 343
0.70 2.70 250 343
0.80 2.70 253 342
0.90 2.70 255 341
1.00 2.70 256 339
1.10 2.70 260 338
1.20 2.70 263 337
1.30 2.70 264 336
1.40 2.70 266 335
1.50 2.70 268 334
1.60 2.70 273 332
1.70 2.70 275 333
1.80 2.70 278 331
1.90 2.70 281 331
2.00 2.70 283 329
2.10 2.70 285 328
2.20 2.70 287 327
2.30 2.70 292 324
2.40 2.70 294 325
2.50 2.70 295 323
2.60 2.70 298 322
2.70 2.70 299 320
2.80 2.70 301 320
2.90 2.70 303 318
3.00 2.70 305 317
3.10 2.70 308 316
3.20 2.70 313 280
3.30 2.70 316 279
3.40 2.70 318 312
3.50 2.70 319 311
3.60 2.70 322 308
3.70 2.70 324 308
3.80 2.70 325 307
3.90 2.70 330 306
4.00 2.70 333 270
4.10 2.70 335 268
4.20 2.70 337 267
4.30 2.70 339 265
4.40 2.70 342 264
4.50 2.70 345 262
4.60 2.70 346 262
4.70 2.70 349 260
4.80 2.70 351 258
4.90 2.70 354 257
5.00 2.70 356 255
5.10 2.70 358 254
5.20 2.70 361 252
5.30 2.70 362 251
5.40 2.70 365 249
5.50 2.70 367 248
5.60 2.70 369 247
5.70 2.70 372 245
5.80 2.70 374 244
5.90 2.70 376 241
6.00 2.70 378 241
6.10 2.70 380 239
6.20 2.70 383 238
6.30 2.70 385 236
6.40 2.70 387 234
6.50 2.70 390 233
6.60 2.70 392 231
6.70 2.70 394 229
6.80 2.70 397 228
6.90 2.70 399 226
7.00 2.70 401 224
7.10 2.70 403 223
7.20 2.70 406 221
7.30 2.70 408 219
7.40 2.70 410 218
7.50 2.70 412 216
7.60 2.70 415 214
7.70 2.70 417 213
7.80 2.70 419 211
7.90 2.70 421 210
8.00 2.70 423 209
8.10 2.70 425 208
8.20 2.70 0 0
8.30 2.70 0 0
8.40 2.70 0 0
8.50 2.70 0 0
8.60 2.70 0 0
8.70 2.70 0 0
8.80 2.70 458 243
8.90 2.70 458 241
9.00 2.70 460 241
9.10 2.70 460 240
-9.00 2.80 0 0
-8.90 2.80 0 0
-8.80 2.80 0 0
-8.70 2.80 2 391
-8.60 2.80 4 390
-8.50 2.80 7 388
-8.40 2.80 10 387
-8.30 2.80 4 448
-8.20 2.80 5 448
-8.10 2.80 7 448
-8.00 2.80 8 445
-7.90 2.80 9 443
-7.80 2.80 11 442
-7.70 2.80 14 440
-7.60 2.80 15 437
-7.50 2.80 17 437
-7.40 2.80 20 434
-7.30 2.80 23 432
-7.20 2.80 25 431
-7.10 2.80 27 431
-7.00 2.80 31 430
-6.90 2.80 0 0
-6.80 2.80 0 0
-6.70 2.80 0 0
-6.60 2.80 0 0
-6.50 2.80 47 421
-6.40 2.80 46 422
-6.30 2.80 47 422
-6.20 2.80 48 421
-6.10 2.80 48 421
-6.00 2.80 70 427
-5.90 2.80 68 426
-5.80 2.80 70 425
-5.70 2.80 72 424
-5.60 2.80 73 424
-5.50 2.80 75 423
-5.40 2.80 77 423
-5.30 2.80 80 421
-5.20 2.80 83 420
-5.10 2.80 86 417
-5.00 2.80 89 417
-4.90 2.80 93 416
-4.80 2.80 95 415
-4.70 2.80 97 415
-4.60 2.80 99 415
-4.50 2.80 101 414
-4.40 2.80 120 376
-4.30 2.80 122 374
-4.20 2.80 126 372
-4.10 2.80 128 372
-4.00 2.80 131 370
-3.90 2.80 133 368
-3.80 2.80 141 348
-3.70 2.80 142 348
-3.60 2.80 146 347
-3.50 2.80 147 347
-3.40 2.80 150 346
-3.30 2.80 152 346
-3.20 2.80 144 404
-3.10 2.80 147 404
-3.00 2.80 149 405
-2.90 2.80 153 406
-2.80 2.80 152 405
-2.70 2.80 154 404
-2.60 2.80 158 402
-2.50 2.80 162 402
-2.40 2.80 164 400
-2.30 2.80 168 399
-2.20 2.80 171 397
-2.10 2.80 174 395
-2.00 2.80 176 393
-1.90 2.80 180 392
-1.80 2.80 181 391
-1.70 2.80 182 391
-1.60 2.80 186 390
-1.50 2.80 187 389
-1.40 2.80 190 389
-1.30 2.80 192 389
-1.20 2.80 193 390
-1.10 2.80 208 358
-1.00 2.80 206 359
-0.90 2.80 210 359
-0.80 2.80 213 357
-0.70 2.80 216 356
-0.60 2.80 219 355
-0.50 2.80 223 355
-0.40 2.80 226 353
-0.30 2.80 228 353
-0.20 2.80 231 352
-0.10 2.80 232 351
-0.00 2.80 233 350
0.10 2.80 237 349
0.20 2.80 240 349
0.30 2.80 242 348
0.40 2.80 244 347
0.50 2.80 247 346
0.60 2.80 249 344
0.70 2.80 252 344
0.80 2.80 257 309
0.90 2.80 257 342
1.00 2.80 262 307
1.10 2.80 262 339
1.20 2.80 265 338
1.30 2.80 266 338
1.40 2.80 272 303
1.50 2.80 274 302
1.60 2.80 276 301
1.70 2.80 279 300
1.80 2.80 281 298
1.90 2.80 284 297
2.00 2.80 286 296
2.10 2.80 288 295
2.20 2.80 291 294
2.30 2.80 293 293
2.40 2.80 296 291
2.50 2.80 298 290
2.60 2.80 300 289
2.70 2.80 303 288
2.80 2.80 306 286
2.90 2.80 308 285
3.00 2.80 310 284
3.10 2.80 312 283
3.20 2.80 315 281
3.30 2.80 317 280
3.40 2.80 320 278
3.50 2.80 323 277
3.60 2.80 324 276
3.70 2.80 327 274
3.80 2.80 329 273
3.90 2.80 332 272
4.00 2.80 334 270
4.10 2.80 336 269
4.20 2.80 338 268
4.30 2.80 341 267
4.40 2.80 343 265
4.50 2.80 346 263
4.60 2.80 348 263
4.70 2.80 351 261
4.80 2.80 352 259
4.90 2.80 355 257
5.00 2.80 357 256
5.10 2.80 359 255
5.20 2.80 362 252
5.30 2.80 364 252
5.40 2.80 366 250
5.50 2.80 369 249
5.60 2.80 372 248
5.70 2.80 374 246
5.80 2.80 375 245
5.90 2.80 378 243
6.00 2.80 380 241
6.10 2.80 383 240
6.20 2.80 384 239
6.30 2.80 387 237
6.40 2.80 389 235
6.50 2.80 392 233
6.60 2.80 394 232
6.70 2.80 396 230
6.80 2.80 398 229
6.90 2.80 400 227
7.00 2.80 403 225
7.10 2.80 405 224
7.20 2.80 407 222
7.30 2.80 410 220
7.40 2.80 411 218
7.50 2.80 414 217
7.60 2.80 416 215
7.70 2.80 418 213
7.80 2.80 421 212
7.90 2.80 423 210
8.00 2.80 424 209
8.10 2.80 426 208
8.20 2.80 0 0
8.30 2.80 0 0
8.40 2.80 0 0
8.50 2.80 0 0
8.60 2.80 0 0
8.70 2.80 460 247
8.80 2.80 461 245
8.90 2.80 460 244
9.00 2.80 460 242
9.10 2.80 463 242
-9.00 2.90 0 0
-8.90 2.90 0 0
-8.80 2.90 0 0
-8.70 2.90 3 392
-8.60 2.90 5 391
-8.50 2.90 8 389
-8.40 2.90 4 451
-8.30 2.90 5 449
-8.20 2.90 6 448
-8.10 2.90 7 447
-8.00 2.90 9 447
-7.90 2.90 10 445
-7.80 2.90 11 444
-7.70 2.90 14 442
-7.60 2.90 16 440
-7.50 2.90 18 438
-7.40 2.90 21 435
-7.30 2.90 25 434
-7.20 2.90 28 433
-7.10 2.90 30 432
-7.00 2.90 31 432
-6.90 2.90 0 0
-6.80 2.90 0 0
-6.70 2.90 0 0
-6.60 2.90 0 0
-6.50 2.90 47 420
-6.40 2.90 48 423
-6.30 2.90 49 424
-6.20 2.90 49 423
-6.10 2.90 51 422
-6.00 2.90 70 429
-5.90 2.90 70 428
-5.80 2.90 72 427
-5.70 2.90 73 426
-5.60 2.90 75 425
-5.50 2.90 77 424
-5.40 2.90 79 424
-5.30 2.90 82 423
-5.20 2.90 84 420
-5.10 2.90 88 419
-5.00 2.90 91 418
-4.90 2.90 94 417
-4.80 2.90 97 417
-4.70 2.90 99 416
-4.60 2.90 101 416
-4.50 2.90 103 416
-4.40 2.90 121 377
-4.30 2.90 124 375
-4.20 2.90 126 374
-4.10 2.90 130 373
-4.00 2.90 132 372
-3.90 2.90 135 370
-3.80 2.90 137 369
-3.70 2.90 143 349
-3.60 2.90 146 348
-3.50 2.90 149 348
-3.40 2.90 151 348
-3.30 2.90 154 347
-3.20 2.90 157 347
-3.10 2.90 149 405
-3.00 2.90 151 406
-2.90 2.90 154 406
-2.80 2.90 155 405
-2.70 2.90 157 404
-2.60 2.90 161 404
-2.50 2.90 163 402
-2.40 2.90 167 401
-2.30 2.90 168 400
-2.20 2.90 172 398
-2.10 2.90 176 396
-2.00 2.90 179 395
-1.90 2.90 180 393
-1.80 2.90 182 392
-1.70 2.90 185 392
-1.60 2.90 187 391
-1.50 2.90 190 390
-1.40 2.90 191 391
-1.30 2.90 194 390
-1.20 2.90 198 390
-1.10 2.90 208 360
-1.00 2.90 210 360
-0.90 2.90 212 359
-0.80 2.90 214 358
-0.70 2.90 220 358
-0.60 2.90 221 355
-0.50 2.90 223 355
-0.40 2.90 227 354
-0.30 2.90 229 354
-0.20 2.90 232 353
-0.10 2.90 232 351
-0.00 2.90 237 352
0.10 2.90 237 351
0.20 2.90 242 349
0.30 2.90 243 348
0.40 2.90 247 348
0.50 2.90 247 347
0.60 2.90 249 347
0.70 2.90 252 345
0.80 2.90 256 343
0.90 2.90 258 342
1.00 2.90 263 309
1.10 2.90 263 340
1.20 2.90 265 339
1.30 2.90 270 305
1.40 2.90 271 339
1.50 2.90 276 303
1.60 2.90 278 302
1.70 2.90 280 301
1.80 2.90 283 300
1.90 2.90 285 299
2.00 2.90 287 298
2.10 2.90 290 296
2.20 2.90 293 295
2.30 2.90 295 294
2.40 2.90 298 292
2.50 2.90 300 291
2.60 2.90 303 290
2.70 2.90 305 289
2.80 2.90 307 287
2.90 2.90 310 286
3.00 2.90 312 285
3.10 2.90 315 283
3.20 2.90 316 282
3.30 2.90 319 281
3.40 2.90 322 279
3.50 2.90 324 278
3.60 2.90 326 277
3.70 2.90 328 276
3.80 2.90 331 275
3.90 2.90 333 273
4.00 2.90 336 272
4.10 2.90 338 270
4.20 2.90 340 269
4.30 2.90 342 268
4.40 2.90 344 266
4.50 2.90 347 264
4.60 2.90 350 263
4.70 2.90 352 262
4.80 2.90 354 260
4.90 2.90 357 259
5.00 2.90 359 257
5.10 2.90 361 257
5.20 2.90 364 254
5.30 2.90 365 253
5.40 2.90 368 252
5.50 2.90 370 250
5.60 2.90 374 248
5.70 2.90 375 247
5.80 2.90 378 245
5.90 2.90 380 244
6.00 2.90 383 243
6.10 2.90 385 241
6.20 2.90 387 240
6.30 2.90 389 238
6.40 2.90 391 236
6.50 2.90 394 234
6.60 2.90 396 233
6.70 2.90 398 231
6.80 2.90 400 230
6.90 2.90 402 228
7.00 2.90 405 226
7.10 2.90 406 225
7.20 2.90 409 223
7.30 2.90 411 221
7.40 2.90 413 220
7.50 2.90 416 218
7.60 2.90 417 217
7.70 2.90 420 214
7.80 2.90 422 213
7.90 2.90 424 211
8.00 2.90 426 210
8.10 2.90 428 210
8.20 2.90 0 0
8.30 2.90 0 0
8.40 2.90 0 0
8.50 2.90 0 0
8.60 2.90 0 0
8.70 2.90 0 0
8.80 2.90 461 246
8.90 2.90 461 245
9.00 2.90 462 243
9.10 2.90 464 243
-9.00 3.00 0 0
-8.90 3.00 0 0
-8.80 3.00 3 395
-8.70 3.00 4 394
-8.60 3.00 5 393
-8.50 3.00 10 390
-8.40 3.00 4 454
-8.30 3.00 6 450
-8.20 3.00 7 450
-8.10 3.00 8 448
-8.00 3.00 9 447
-7.90 3.00 11 446
-7.80 3.00 13 445
-7.70 3.00 14 443
-7.60 3.00 17 440
-7.50 3.00 20 439
-7.40 3.00 23 437
-7.30 3.00 26 435
-7.20 3.00 29 434
-7.10 3.00 31 433
-7.00 3.00 33 434
-6.90 3.00 0 0
-6.80 3.00 0 0
-6.70 3.00 0 0
-6.60 3.00 0 0
-6.50 3.00 0 0
-6.40 3.00 49 424
-6.30 3.00 50 424
-6.20 3.00 50 424
-6.10 3.00 52 423
-6.00 3.00 0 0
-5.90 3.00 70 428
-5.80 3.00 73 428
-5.70 3.00 74 427
-5.60 3.00 77 426
-5.50 3.00 78 426
-5.40 3.00 80 425
-5.30 3.00 83 424
-5.20 3.00 87 423
-5.10 3.00 89 421
-5.00 3.00 92 419
-4.90 3.00 95 418
-4.80 3.00 98 418
-4.70 3.00 101 417
-4.60 3.00 102 417
-4.50 3.00 105 417
-4.40 3.00 122 378
-4.30 3.00 125 376
-4.20 3.00 128 375
-4.10 3.00 131 374
-4.00 3.00 134 373
-3.90 3.00 137 372
-3.80 3.00 0 0
-3.70 3.00 146 350
-3.60 3.00 148 350
-3.50 3.00 150 349
-3.40 3.00 152 348
-3.30 3.00 156 348
-3.20 3.00 159 347
-3.10 3.00 151 406
-3.00 3.00 150 405
-2.90 3.00 154 406
-2.80 3.00 156 406
-2.70 3.00 159 405
-2.60 3.00 161 404
-2.50 3.00 164 403
-2.40 3.00 168 403
-2.30 3.00 171 401
-2.20 3.00 175 400
-2.10 3.00 178 398
-2.00 3.00 182 397
-1.90 3.00 182 394
-1.80 3.00 186 394
-1.70 3.00 186 393
-1.60 3.00 189 392
-1.50 3.00 193 392
-1.40 3.00 194 391
-1.30 3.00 195 391
-1.20 3.00 198 391
-1.10 3.00 211 362
-1.00 3.00 214 361
-0.90 3.00 214 360
-0.80 3.00 216 359
-0.70 3.00 219 359
-0.60 3.00 222 358
-0.50 3.00 225 356
-0.40 3.00 227 355
-0.30 3.00 230 355
-0.20 3.00 233 354
-0.10 3.00 235 353
-0.00 3.00 238 353
0.10 3.00 240 351
0.20 3.00 244 351
0.30 3.00 245 349
0.40 3.00 247 348
0.50 3.00 250 348
0.60 3.00 254 346
0.70 3.00 254 347
0.80 3.00 257 344
0.90 3.00 261 344
1.00 3.00 262 343
1.10 3.00 264 341
1.20 3.00 264 339
1.30 3.00 271 339
1.40 3.00 275 305
1.50 3.00 277 304
1.60 3.00 280 303
1.70 3.00 281 335
1.80 3.00 285 301
1.90 3.00 287 299
2.00 3.00 289 298
2.10 3.00 291 330
2.20 3.00 294 296
2.30 3.00 297 295
2.40 3.00 299 294
2.50 3.00 302 292
2.60 3.00 304 291
2.70 3.00 306 290
2.80 3.00 309 288
2.90 3.00 311 287
3.00 3.00 313 286
3.10 3.00 316 284
3.20 3.00 318 283
3.30 3.00 321 282
3.40 3.00 323 281
3.50 3.00 326 279
3.60 3.00 328 278
3.70 3.00 330 277
3.80 3.00 333 275
3.90 3.00 335 274
4.00 3.00 337 273
4.10 3.00 340 271
4.20 3.00 342 270
4.30 3.00 344 269
4.40 3.00 347 267
4.50 3.00 349 266
4.60 3.00 351 264
4.70 3.00 354 262
4.80 3.00 356 261
4.90 3.00 358 260
5.00 3.00 360 258
5.10 3.00 363 257
5.20 3.00 365 256
5.30 3.00 367 254
5.40 3.00 373 288
5.50 3.00 372 250
5.60 3.00 375 250
5.70 3.00 377 248
5.80 3.00 379 247
5.90 3.00 382 245
6.00 3.00 384 244
6.10 3.00 386 242
6.20 3.00 388 241
6.30 3.00 391 238
6.40 3.00 393 237
6.50 3.00 395 235
6.60 3.00 397 234
6.70 3.00 400 232
6.80 3.00 402 231
6.90 3.00 405 229
7.00 3.00 406 227
7.10 3.00 408 226
7.20 3.00 411 223
7.30 3.00 413 222
7.40 3.00 415 221
7.50 3.00 418 219
7.60 3.00 419 217
7.70 3.00 421 215
7.80 3.00 424 214
7.90 3.00 425 212
8.00 3.00 427 212
8.10 3.00 429 210
8.20 3.00 0 0
8.30 3.00 0 0
8.40 3.00 0 0
8.50 3.00 0 0
8.60 3.00 461 252
8.70 3.00 460 249
8.80 3.00 461 248
8.90 3.00 461 245
9.00 3.00 464 245
9.10 3.00 465 242
-9.00 3.10 0 0
-8.90 3.10 0 0
-8.80 3.10 3 397
-8.70 3.10 4 396
-8.60 3.10 7 394
-8.50 3.10 12 391
-8.40 3.10 4 456
-8.30 3.10 5 455
-8.20 3.10 7 455
-8.10 3.10 9 450
-8.00 3.10 10 449
-7.90 3.10 12 446
-7.80 3.10 14 446
-7.70 3.10 16 444
-7.60 3.10 18 443
-7.50 3.10 20 441
-7.40 3.10 26 438
-7.30 3.10 27 437
-7.20 3.10 31 435
-7.10 3.10 34 434
-7.00 3.10 35 435
-6.90 3.10 37 431
-6.80 3.10 0 0
-6.70 3.10 0 0
-6.60 3.10 0 0
-6.50 3.10 0 0
-6.40 3.10 52 426
-6.30 3.10 51 426
-6.20 3.10 52 425
-6.10 3.10 54 424
-6.00 3.10 56 425
-5.90 3.10 76 432
-5.80 3.10 75 429
-5.70 3.10 75 429
-5.60 3.10 77 428
-5.50 3.10 79 428
-5.40 3.10 82 426
-5.30 3.10 84 425
-5.20 3.10 87 423
-5.10 3.10 91 422
-5.00 3.10 95 421
-4.90 3.10 97 419
-4.80 3.10 100 419
-4.70 3.10 103 418
-4.60 3.10 104 418
-4.50 3.10 107 418
-4.40 3.10 108 418
-4.30 3.10 127 378
-4.20 3.10 130 376
-4.10 3.10 133 376
-4.00 3.10 135 374
-3.90 3.10 138 372
-3.80 3.10 141 371
-3.70 3.10 147 350
-3.60 3.10 150 351
-3.50 3.10 152 350
-3.40 3.10 155 350
-3.30 3.10 157 349
-3.20 3.10 160 349
-3.10 3.10 162 348
-3.00 3.10 157 407
-2.90 3.10 156 407
-2.80 3.10 158 406
-2.70 3.10 161 406
-2.60 3.10 164 405
-2.50 3.10 166 405
-2.40 3.10 170 404
-2.30 3.10 172 403
-2.20 3.10 177 400
-2.10 3.10 179 399
-2.00 3.10 182 398
-1.90 3.10 185 396
-1.80 3.10 187 396
-1.70 3.10 189 394
-1.60 3.10 191 394
-1.50 3.10 194 393
-1.40 3.10 197 393
-1.30 3.10 200 392
-1.20 3.10 201 392
-1.10 3.10 206 392
-1.00 3.10 214 362
-0.90 3.10 215 362
-0.80 3.10 218 361
-0.70 3.10 221 360
-0.60 3.10 225 359
-0.50 3.10 227 358
-0.40 3.10 230 356
-0.30 3.10 233 355
-0.20 3.10 235 355
-0.10 3.10 238 354
-0.00 3.10 240 353
0.10 3.10 241 353
0.20 3.10 244 351
0.30 3.10 245 351
0.40 3.10 248 349
0.50 3.10 252 348
0.60 3.10 253 347
0.70 3.10 258 346
0.80 3.10 259 347
0.90 3.10 263 344
1.00 3.10 265 344
1.10 3.10 266 343
1.20 3.10 270 342
1.30 3.10 274 308
1.40 3.10 277 306
1.50 3.10 279 305
1.60 3.10 282 304
1.70 3.10 284 303
1.80 3.10 287 302
1.90 3.10 289 301
2.00 3.10 291 300
2.10 3.10 294 331
2.20 3.10 296 297
2.30 3.10 298 329
2.40 3.10 301 294
2.50 3.10 303 293
2.60 3.10 305 292
2.70 3.10 308 291
2.80 3.10 311 289
2.90 3.10 313 289
3.00 3.10 315 287
3.10 3.10 318 286
3.20 3.10 319 284
3.30 3.10 322 283
3.40 3.10 325 282
3.50 3.10 327 281
3.60 3.10 330 279
3.70 3.10 332 278
3.80 3.10 335 276
3.90 3.10 336 275
4.00 3.10 339 274
4.10 3.10 341 272
4.20 3.10 343 271
4.30 3.10 346 269
4.40 3.10 348 268
4.50 3.10 350 267
4.60 3.10 353 265
4.70 3.10 355 264
4.80 3.10 357 262
4.90 3.10 360 261
5.00 3.10 363 259
5.10 3.10 364 258
5.20 3.10 367 257
5.30 3.10 369 255
5.40 3.10 372 255
5.50 3.10 374 252
5.60 3.10 376 251
5.70 3.10 379 248
5.80 3.10 380 247
5.90 3.10 383 246
6.00 3.10 385 244
6.10 3.10 388 242
6.20 3.10 390 241
6.30 3.10 392 239
6.40 3.10 395 237
6.50 3.10 397 237
6.60 3.10 398 235
6.70 3.10 401 234
6.80 3.10 403 231
6.90 3.10 406 230
7.00 3.10 408 228
7.10 3.10 411 227
7.20 3.10 412 225
7.30 3.10 414 223
7.40 3.10 416 221
7.50 3.10 418 220
7.60 3.10 421 218
7.70 3.10 423 216
7.80 3.10 425 215
7.90 3.10 427 213
8.00 3.10 430 213
8.10 3.10 0 0
8.20 3.10 0 0
8.30 3.10 0 0
8.40 3.10 0 0
8.50 3.10 0 0
8.60 3.10 462 253
8.70 3.10 461 250
8.80 3.10 463 250
8.90 3.10 463 247
9.00 3.10 464 245
9.10 3.10 466 244
-9.00 3.20 0 0
-8.90 3.20 4 400
-8.80 3.20 5 399
-8.70 3.20 5 399
-8.60 3.20 9 395
-8.50 3.20 12 394
-8.40 3.20 5 457
-8.30 3.20 6 456
-8.20 3.20 7 456
-8.10 3.20 9 454
-8.00 3.20 10 452
-7.90 3.20 13 447
-7.80 3.20 14 447
-7.70 3.20 17 445
-7.60 3.20 19 444
-7.50 3.20 24 441
-7.40 3.20 26 440
-7.30 3.20 28 438
-7.20 3.20 32 436
-7.10 3.20 35 436
-7.00 3.20 36 435
-6.90 3.20 41 434
-6.80 3.20 0 0
-6.70 3.20 0 0
-6.60 3.20 0 0
-6.50 3.20 0 0
-6.40 3.20 52 427
-6.30 3.20 54 427
-6.20 3.20 54 426
-6.10 3.20 56 426
-6.00 3.20 59 426
-5.90 3.20 76 432
-5.80 3.20 75 430
-5.70 3.20 76 430
-5.60 3.20 79 429
-5.50 3.20 82 429
-5.40 3.20 84 428
-5.30 3.20 86 426
-5.20 3.20 89 425
-5.10 3.20 92 424
-5.00 3.20 95 422
-4.90 3.20 99 421
-4.80 3.20 102 420
-4.70 3.20 104 419
-4.60 3.20 107 419
-4.50 3.20 109 418
-4.40 3.20 111 419
-4.30 3.20 129 379
-4.20 3.20 131 378
-4.10 3.20 134 376
-4.00 3.20 138 375
-3.90 3.20 140 374
-3.80 3.20 143 373
-3.70 3.20 0 0
-3.60 3.20 151 352
-3.50 3.20 154 351
-3.40 3.20 157 351
-3.30 3.20 159 350
-3.20 3.20 161 350
-3.10 3.20 163 349
-3.00 3.20 166 348
-2.90 3.20 157 407
-2.80 3.20 160 407
-2.70 3.20 161 407
-2.60 3.20 165 406
-2.50 3.20 167 406
-2.40 3.20 171 405
-2.30 3.20 176 404
-2.20 3.20 180 403
-2.10 3.20 182 401
-2.00 3.20 184 399
-1.90 3.20 186 398
-1.80 3.20 189 397
-1.70 3.20 191 396
-1.60 3.20 194 395
-1.50 3.20 196 394
-1.40 3.20 198 394
-1.30 3.20 201 393
-1.20 3.20 203 393
-1.10 3.20 205 393
-1.00 3.20 220 363
-0.90 3.20 219 362
-0.80 3.20 221 361
-0.70 3.20 224 361
-0.60 3.20 226 359
-0.50 3.20 227 359
-0.40 3.20 232 357
-0.30 3.20 235 357
-0.20 3.20 237 356
-0.10 3.20 239 355
-0.00 3.20 240 354
0.10 3.20 243 354
0.20 3.20 246 353
0.30 3.20 248 351
0.40 3.20 251 350
0.50 3.20 251 349
0.60 3.20 255 348
0.70 3.20 258 347
0.80 3.20 262 346
0.90 3.20 264 346
1.00 3.20 267 345
1.10 3.20 269 343
1.20 3.20 271 343
1.30 3.20 276 309
1.40 3.20 277 341
1.50 3.20 278 338
1.60 3.20 283 305
1.70 3.20 285 336
1.80 3.20 286 336
1.90 3.20 290 302
2.00 3.20 290 334
2.10 3.20 295 299
2.20 3.20 298 298
2.30 3.20 300 297
2.40 3.20 303 295
2.50 3.20 303 328
2.60 3.20 307 293
2.70 3.20 310 292
2.80 3.20 312 290
2.90 3.20 315 289
3.00 3.20 317 288
3.10 3.20 319 287
3.20 3.20 321 285
3.30 3.20 324 284
3.40 3.20 327 283
3.50 3.20 328 282
3.60 3.20 331 280
3.70 3.20 334 279
3.80 3.20 336 277
3.90 3.20 338 276
4.00 3.20 340 275
4.10 3.20 343 273
4.20 3.20 345 272
4.30 3.20 348 271
4.40 3.20 350 269
4.50 3.20 353 268
4.60 3.20 354 266
4.70 3.20 357 265
4.80 3.20 359 263
4.90 3.20 362 262
5.00 3.20 364 260
5.10 3.20 367 259
5.20 3.20 368 258
5.30 3.20 371 256
5.40 3.20 373 255
5.50 3.20 375 253
5.60 3.20 378 251
5.70 3.20 381 250
5.80 3.20 382 248
5.90 3.20 384 247
6.00 3.20 387 245
6.10 3.20 389 243
6.20 3.20 391 242
6.30 3.20 394 241
6.40 3.20 396 238
6.50 3.20 398 238
6.60 3.20 401 236
6.70 3.20 403 234
6.80 3.20 405 232
6.90 3.20 407 232
7.00 3.20 410 229
7.10 3.20 412 227
7.20 3.20 414 226
7.30 3.20 415 224
7.40 3.20 418 222
7.50 3.20 420 221
7.60 3.20 423 219
7.70 3.20 425 217
7.80 3.20 428 216
7.90 3.20 429 215
8.00 3.20 430 213
8.10 3.20 0 0
8.20 3.20 0 0
8.30 3.20 0 0
8.40 3.20 0 0
8.50 3.20 461 252
8.60 3.20 462 253
8.70 3.20 463 251
8.80 3.20 463 249
8.90 3.20 465 248
9.00 3.20 466 246
9.10 3.20 468 246
-9.00 3.30 2 403
-8.90 3.30 4 402
-8.80 3.30 5 400
-8.70 3.30 7 399
-8.60 3.30 10 397
-8.50 3.30 6 460
-8.40 3.30 6 461
-8.30 3.30 8 458
-8.20 3.30 8 457
-8.10 3.30 10 455
-8.00 3.30 11 453
-7.90 3.30 14 448
-7.80 3.30 15 447
-7.70 3.30 18 446
-7.60 3.30 21 445
-7.50 3.30 25 443
-7.40 3.30 28 441
-7.30 3.30 31 439
-7.20 3.30 33 438
-7.10 3.30 37 437
-7.00 3.30 38 436
-6.90 3.30 42 436
-6.80 3.30 0 0
-6.70 3.30 0 0
-6.60 3.30 0 0
-6.50 3.30 0 0
-6.40 3.30 56 427
-6.30 3.30 55 428
-6.20 3.30 56 428
-6.10 3.30 57 428
-6.00 3.30 0 0
-5.90 3.30 76 433
-5.80 3.30 78 433
-5.70 3.30 79 431
-5.60 3.30 81 431
-5.50 3.30 82 429
-5.40 3.30 86 427
-5.30 3.30 88 427
-5.20 3.30 90 426
-5.10 3.30 94 425
-5.00 3.30 96 424
-4.90 3.30 100 422
-4.80 3.30 103 421
-4.70 3.30 105 421
-4.60 3.30 108 420
-4.50 3.30 110 420
-4.40 3.30 113 420
-4.30 3.30 130 381
-4.20 3.30 133 379
-4.10 3.30 135 378
-4.00 3.30 138 377
-3.90 3.30 142 375
-3.80 3.30 145 372
-3.70 3.30 0 0
-3.60 3.30 153 353
-3.50 3.30 155 352
-3.40 3.30 158 352
-3.30 3.30 161 351
-3.20 3.30 163 351
-3.10 3.30 166 350
-3.00 3.30 168 350
-2.90 3.30 160 408
-2.80 3.30 161 408
-2.70 3.30 163 408
-2.60 3.30 166 407
-2.50 3.30 169 407
-2.40 3.30 173 407
-2.30 3.30 177 406
-2.20 3.30 180 403
-2.10 3.30 184 402
-2.00 3.30 187 401
-1.90 3.30 189 399
-1.80 3.30 192 399
-1.70 3.30 195 397
-1.60 3.30 196 396
-1.50 3.30 198 395
-1.40 3.30 201 395
-1.30 3.30 202 394
-1.20 3.30 205 393
-1.10 3.30 214 367
-1.00 3.30 217 365
-0.90 3.30 222 365
-0.80 3.30 223 362
-0.70 3.30 227 362
-0.60 3.30 227 361
-0.50 3.30 230 359
-0.40 3.30 234 359
-0.30 3.30 236 358
-0.20 3.30 238 357
-0.10 3.30 241 356
-0.00 3.30 244 355
0.10 3.30 246 354
0.20 3.30 247 354
0.30 3.30 249 352
0.40 3.30 251 352
0.50 3.30 256 350
0.60 3.30 259 350
0.70 3.30 259 349
0.80 3.30 263 347
0.90 3.30 265 346
1.00 3.30 269 345
1.10 3.30 270 343
1.20 3.30 273 344
1.30 3.30 274 342
1.40 3.30 277 341
1.50 3.30 283 338
1.60 3.30 284 339
1.70 3.30 286 337
1.80 3.30 288 337
1.90 3.30 291 335
2.00 3.30 293 334
2.10 3.30 295 334
2.20 3.30 299 299
2.30 3.30 302 298
2.40 3.30 304 296
2.50 3.30 306 296
2.60 3.30 309 294
2.70 3.30 312 293
2.80 3.30 314 292
2.90 3.30 316 290
3.00 3.30 319 289
3.10 3.30 321 288
3.20 3.30 323 286
3.30 3.30 325 285
3.40 3.30 328 283
3.50 3.30 330 282
3.60 3.30 333 281
3.70 3.30 335 280
3.80 3.30 338 278
3.90 3.30 340 277
4.00 3.30 342 276
4.10 3.30 345 274
4.20 3.30 347 273
4.30 3.30 349 272
4.40 3.30 352 270
4.50 3.30 354 269
4.60 3.30 356 267
4.70 3.30 358 266
4.80 3.30 361 265
4.90 3.30 364 263
5.00 3.30 366 262
5.10 3.30 368 260
5.20 3.30 371 259
5.30 3.30 373 257
5.40 3.30 375 255
5.50 3.30 377 254
5.60 3.30 380 252
5.70 3.30 382 251
5.80 3.30 384 249
5.90 3.30 386 248
6.00 3.30 388 246
6.10 3.30 391 244
6.20 3.30 393 243
6.30 3.30 396 242
6.40 3.30 398 240
6.50 3.30 400 238
6.60 3.30 402 237
6.70 3.30 404 236
6.80 3.30 407 234
6.90 3.30 408 232
7.00 3.30 411 230
7.10 3.30 413 228
7.20 3.30 416 227
7.30 3.30 418 225
7.40 3.30 419 223
7.50 3.30 422 222
7.60 3.30 424 220
7.70 3.30 426 218
7.80 3.30 428 216
7.90 3.30 430 215
8.00 3.30 431 214
8.10 3.30 0 0
8.20 3.30 0 0
8.30 3.30 0 0
8.40 3.30 0 0
8.50 3.30 462 254
8.60 3.30 463 253
8.70 3.30 464 252
8.80 3.30 465 251
8.90 3.30 465 249
9.00 3.30 468 248
9.10 3.30 470 247
-9.00 3.40 3 404
-8.90 3.40 5 403
-8.80 3.40 6 401
-8.70 3.40 8 400
-8.60 3.40 5 467
-8.50 3.40 6 464
-8.40 3.40 7 464
-8.30 3.40 8 460
-8.20 3.40 10 459
-8.10 3.40 11 457
-8.00 3.40 13 454
-7.90 3.40 13 453
-7.80 3.40 16 450
-7.70 3.40 19 448
-7.60 3.40 22 446
-7.50 3.40 28 444
-7.40 3.40 31 442
-7.30 3.40 32 441
-7.20 3.40 36 439
-7.10 3.40 38 439
-7.00 3.40 40 438
-6.90 3.40 42 437
-6.80 3.40 0 0
-6.70 3.40 0 0
-6.60 3.40 0 0
-6.50 3.40 0 0
-6.40 3.40 57 428
-6.30 3.40 56 430
-6.20 3.40 58 429
-6.10 3.40 60 428
-6.00 3.40 0 0
-5.90 3.40 80 437
-5.80 3.40 79 434
-5.70 3.40 80 432
-5.60 3.40 83 433
-5.50 3.40 85 432
-5.40 3.40 87 431
-5.30 3.40 90 429
-5.20 3.40 92 428
-5.10 3.40 95 427
-5.00 3.40 98 425
-4.90 3.40 101 424
-4.80 3.40 104 423
-4.70 3.40 108 422
-4.60 3.40 109 421
-4.50 3.40 112 421
-4.40 3.40 112 420
-4.30 3.40 132 382
-4.20 3.40 134 380
-4.10 3.40 137 379
-4.00 3.40 141 378
-3.90 3.40 143 376
-3.80 3.40 146 374
-3.70 3.40 148 374
-3.60 3.40 153 354
-3.50 3.40 157 353
-3.40 3.40 159 353
-3.30 3.40 162 352
-3.20 3.40 165 352
-3.10 3.40 167 351
-3.00 3.40 170 351
-2.90 3.40 172 350
-2.80 3.40 162 408
-2.70 3.40 164 409
-2.60 3.40 167 409
-2.50 3.40 173 408
-2.40 3.40 177 408
-2.30 3.40 180 407
-2.20 3.40 183 405
-2.10 3.40 185 404
-2.00 3.40 188 403
-1.90 3.40 190 401
-1.80 3.40 193 399
-1.70 3.40 196 399
-1.60 3.40 197 397
-1.50 3.40 201 397
-1.40 3.40 202 396
-1.30 3.40 204 395
-1.20 3.40 207 395
-1.10 3.40 210 394
-1.00 3.40 218 366
-0.90 3.40 221 365
-0.80 3.40 223 364
-0.70 3.40 226 362
-0.60 3.40 229 363
-0.50 3.40 231 362
-0.40 3.40 235 359
-0.30 3.40 237 359
-0.20 3.40 239 358
-0.10 3.40 243 357
-0.00 3.40 245 357
0.10 3.40 247 355
0.20 3.40 249 355
0.30 3.40 251 353
0.40 3.40 253 353
0.50 3.40 258 351
0.60 3.40 260 350
0.70 3.40 260 350
0.80 3.40 265 348
0.90 3.40 266 347
1.00 3.40 268 347
1.10 3.40 271 345
1.20 3.40 275 345
1.30 3.40 278 344
1.40 3.40 280 343
1.50 3.40 281 342
1.60 3.40 283 341
1.70 3.40 288 306
1.80 3.40 290 336
1.90 3.40 293 303
2.00 3.40 294 335
2.10 3.40 298 333
2.20 3.40 301 300
2.30 3.40 304 298
2.40 3.40 307 297
2.50 3.40 306 329
2.60 3.40 311 295
2.70 3.40 311 329
2.80 3.40 316 325
2.90 3.40 316 326
3.00 3.40 319 323
3.10 3.40 323 289
3.20 3.40 325 287
3.30 3.40 328 286
3.40 3.40 330 285
3.50 3.40 332 284
3.60 3.40 334 282
3.70 3.40 336 281
3.80 3.40 340 279
3.90 3.40 341 278
4.00 3.40 344 277
4.10 3.40 346 275
4.20 3.40 348 274
4.30 3.40 351 273
4.40 3.40 353 271
4.50 3.40 356 270
4.60 3.40 358 268
4.70 3.40 360 267
4.80 3.40 362 266
4.90 3.40 366 264
5.00 3.40 368 263
5.10 3.40 369 261
5.20 3.40 374 296
5.30 3.40 375 258
5.40 3.40 376 256
5.50 3.40 379 255
5.60 3.40 382 253
5.70 3.40 383 252
5.80 3.40 386 250
5.90 3.40 388 248
6.00 3.40 390 247
6.10 3.40 393 246
6.20 3.40 395 244
6.30 3.40 397 243
6.40 3.40 401 241
6.50 3.40 402 239
6.60 3.40 403 238
6.70 3.40 406 236
6.80 3.40 408 234
6.90 3.40 411 233
7.00 3.40 413 231
7.10 3.40 415 229
7.20 3.40 417 228
7.30 3.40 420 226
7.40 3.40 422 224
7.50 3.40 424 223
7.60 3.40 426 221
7.70 3.40 428 219
7.80 3.40 430 218
7.90 3.40 432 217
8.00 3.40 433 216
8.10 3.40 0 0
8.20 3.40 0 0
8.30 3.40 463 260
8.40 3.40 463 256
8.50 3.40 464 257
8.60 3.40 464 255
8.70 3.40 465 253
8.80 3.40 466 252
8.90 3.40 467 251
9.00 3.40 470 250
9.10 3.40 472 248
-9.00 3.50 4 406
-8.90 3.50 5 404
-8.80 3.50 7 403
-8.70 3.50 10 401
-8.60 3.50 6 468
-8.50 3.50 6 465
-8.40 3.50 8 463
-8.30 3.50 9 462
-8.20 3.50 11 460
-8.10 3.50 12 459
-8.00 3.50 14 457
-7.90 3.50 15 454
-7.80 3.50 17 452
-7.70 3.50 20 449
-7.60 3.50 26 446
-7.50 3.50 28 445
-7.40 3.50 30 444
-7.30 3.50 36 442
-7.20 3.50 39 441
-7.10 3.50 41 440
-7.00 3.50 42 440
-6.90 3.50 43 438
-6.80 3.50 0 0
-6.70 3.50 0 0
-6.60 3.50 0 0
-6.50 3.50 0 0
-6.40 3.50 58 429
-6.30 3.50 57 431
-6.20 3.50 58 431
-6.10 3.50 60 430
-6.00 3.50 80 437
-5.90 3.50 81 438
-5.80 3.50 81 435
-5.70 3.50 83 435
-5.60 3.50 84 434
-5.50 3.50 87 434
-5.40 3.50 89 432
-5.30 3.50 90 431
-5.20 3.50 93 429
-5.10 3.50 96 428
-5.00 3.50 100 427
-4.90 3.50 102 425
-4.80 3.50 106 424
-4.70 3.50 108 423
-4.60 3.50 110 422
-4.50 3.50 113 422
-4.40 3.50 114 421
-4.30 3.50 133 383
-4.20 3.50 136 382
-4.10 3.50 139 380
-4.00 3.50 141 379
-3.90 3.50 144 378
-3.80 3.50 148 377
-3.70 3.50 0 0
-3.60 3.50 157 355
-3.50 3.50 158 355
-3.40 3.50 160 354
-3.30 3.50 163 353
-3.20 3.50 166 353
-3.10 3.50 169 352
-3.00 3.50 171 352
-2.90 3.50 174 351
-2.80 3.50 176 351
-2.70 3.50 168 411
-2.60 3.50 173 410
-2.50 3.50 176 409
-2.40 3.50 178 409
-2.30 3.50 182 407
-2.20 3.50 184 407
-2.10 3.50 187 406
-2.00 3.50 189 405
-1.90 3.50 193 403
-1.80 3.50 195 401
-1.70 3.50 197 400
-1.60 3.50 199 399
-1.50 3.50 202 398
-1.40 3.50 205 397
-1.30 3.50 207 396
-1.20 3.50 208 396
-1.10 3.50 211 395
-1.00 3.50 219 368
-0.90 3.50 222 366
-0.80 3.50 226 365
-0.70 3.50 227 364
-0.60 3.50 232 363
-0.50 3.50 232 362
-0.40 3.50 236 360
-0.30 3.50 238 360
-0.20 3.50 240 360
-0.10 3.50 245 358
-0.00 3.50 246 357
0.10 3.50 249 357
0.20 3.50 250 357
0.30 3.50 254 355
0.40 3.50 256 354
0.50 3.50 259 353
0.60 3.50 261 351
0.70 3.50 264 351
0.80 3.50 266 349
0.90 3.50 270 348
1.00 3.50 270 348
1.10 3.50 274 346
1.20 3.50 278 346
1.30 3.50 278 345
1.40 3.50 280 343
1.50 3.50 283 343
1.60 3.50 287 342
1.70 3.50 290 308
1.80 3.50 293 306
1.90 3.50 293 338
2.00 3.50 295 338
2.10 3.50 298 336
2.20 3.50 302 333
2.30 3.50 302 334
2.40 3.50 308 298
2.50 3.50 310 298
2.60 3.50 312 296
2.70 3.50 315 295
2.80 3.50 317 293
2.90 3.50 319 292
3.00 3.50 322 291
3.10 3.50 324 290
3.20 3.50 326 289
3.30 3.50 329 287
3.40 3.50 332 286
3.50 3.50 334 284
3.60 3.50 336 283
3.70 3.50 339 281
3.80 3.50 341 280
3.90 3.50 343 279
4.00 3.50 346 278
4.10 3.50 348 277
4.20 3.50 350 275
4.30 3.50 353 273
4.40 3.50 355 272
4.50 3.50 358 271
4.60 3.50 360 270
4.70 3.50 362 268
4.80 3.50 364 267
4.90 3.50 367 265
5.00 3.50 369 264
5.10 3.50 371 262
5.20 3.50 374 261
5.30 3.50 376 296
5.40 3.50 378 257
5.50 3.50 380 256
5.60 3.50 383 254
5.70 3.50 385 253
5.80 3.50 387 251
5.90 3.50 390 250
6.00 3.50 392 248
6.10 3.50 395 246
6.20 3.50 396 245
6.30 3.50 399 244
6.40 3.50 402 242
6.50 3.50 404 240
6.60 3.50 405 239
6.70 3.50 407 237
6.80 3.50 410 235
6.90 3.50 412 234
7.00 3.50 414 232
7.10 3.50 417 230
7.20 3.50 419 228
7.30 3.50 421 227
7.40 3.50 423 226
7.50 3.50 425 224
7.60 3.50 428 222
7.70 3.50 430 220
7.80 3.50 432 219
7.90 3.50 433 217
8.00 3.50 0 0
8.10 3.50 0 0
8.20 3.50 0 0
8.30 3.50 463 261
8.40 3.50 463 258
8.50 3.50 464 258
8.60 3.50 464 255
8.70 3.50 466 255
8.80 3.50 466 253
8.90 3.50 469 252
9.00 3.50 471 250
9.10 3.50 474 249
-9.00 3.60 4 407
-8.90 3.60 5 405
-8.80 3.60 8 404
-8.70 3.60 5 468
-8.60 3.60 6 469
-8.50 3.60 8 468
-8.40 3.60 9 466
-8.30 3.60 10 464
-8.20 3.60 11 462
-8.10 3.60 13 461
-8.00 3.60 15 458
-7.90 3.60 16 456
-7.80 3.60 18 454
-7.70 3.60 21 452
-7.60 3.60 26 447
-7.50 3.60 28 446
-7.40 3.60 34 444
-7.30 3.60 36 444
-7.20 3.60 41 442
-7.10 3.60 43 441
-7.00 3.60 44 441
-6.90 3.60 44 441
-6.80 3.60 0 0
-6.70 3.60 0 0
-6.60 3.60 0 0
-6.50 3.60 0 0
-6.40 3.60 61 430
-6.30 3.60 60 433
-6.20 3.60 60 433
-6.10 3.60 61 432
-6.00 3.60 0 0
-5.90 3.60 80 438
-5.80 3.60 80 436
-5.70 3.60 84 437
-5.60 3.60 86 436
-5.50 3.60 89 435
-5.40 3.60 90 434
-5.30 3.60 93 433
-5.20 3.60 96 432
-5.10 3.60 98 430
-5.00 3.60 101 429
-4.90 3.60 104 427
-4.80 3.60 108 425
-4.70 3.60 110 424
-4.60 3.60 114 423
-4.50 3.60 115 422
-4.40 3.60 118 423
-4.30 3.60 119 423
-4.20 3.60 138 383
-4.10 3.60 141 382
-4.00 3.60 144 380
-3.90 3.60 146 379
-3.80 3.60 151 377
-3.70 3.60 152 376
-3.60 3.60 158 356
-3.50 3.60 160 356
-3.40 3.60 162 355
-3.30 3.60 165 355
-3.20 3.60 167 354
-3.10 3.60 171 354
-3.00 3.60 173 353
-2.90 3.60 175 352
-2.80 3.60 178 351
-2.70 3.60 180 351
-2.60 3.60 177 412
-2.50 3.60 180 410
-2.40 3.60 182 410
-2.30 3.60 184 409
-2.20 3.60 187 408
-2.10 3.60 189 407
-2.00 3.60 191 406
-1.90 3.60 193 405
-1.80 3.60 196 403
-1.70 3.60 199 401
-1.60 3.60 201 400
-1.50 3.60 204 399
-1.40 3.60 207 398
-1.30 3.60 209 397
-1.20 3.60 210 397
-1.10 3.60 213 396
-1.00 3.60 224 368
-0.90 3.60 225 366
-0.80 3.60 225 366
-0.70 3.60 230 364
-0.60 3.60 232 364
-0.50 3.60 236 362
-0.40 3.60 237 361
-0.30 3.60 240 361
-0.20 3.60 242 360
-0.10 3.60 247 359
-0.00 3.60 248 358
0.10 3.60 249 356
0.20 3.60 252 357
0.30 3.60 254 355
0.40 3.60 256 355
0.50 3.60 259 353
0.60 3.60 264 351
0.70 3.60 266 351
0.80 3.60 268 350
0.90 3.60 270 349
1.00 3.60 272 348
1.10 3.60 274 348
1.20 3.60 277 347
1.30 3.60 281 345
1.40 3.60 282 345
1.50 3.60 283 344
1.60 3.60 288 343
1.70 3.60 290 341
1.80 3.60 292 339
1.90 3.60 297 306
2.00 3.60 297 337
2.10 3.60 301 336
2.20 3.60 302 335
2.30 3.60 306 332
2.40 3.60 307 332
2.50 3.60 310 332
2.60 3.60 314 297
2.70 3.60 314 330
2.80 3.60 319 294
2.90 3.60 321 294
3.00 3.60 323 292
3.10 3.60 325 291
3.20 3.60 328 289
3.30 3.60 331 288
3.40 3.60 333 287
3.50 3.60 338 320
3.60 3.60 338 284
3.70 3.60 340 318
3.80 3.60 338 316
3.90 3.60 345 280
4.00 3.60 347 279
4.10 3.60 350 278
4.20 3.60 352 276
4.30 3.60 354 275
4.40 3.60 356 273
4.50 3.60 359 272
4.60 3.60 361 270
4.70 3.60 364 269
4.80 3.60 365 267
4.90 3.60 369 266
5.00 3.60 371 265
5.10 3.60 373 263
5.20 3.60 375 262
5.30 3.60 378 260
5.40 3.60 380 258
5.50 3.60 382 257
5.60 3.60 384 256
5.70 3.60 387 253
5.80 3.60 390 252
5.90 3.60 392 251
6.00 3.60 393 249
6.10 3.60 396 248
6.20 3.60 398 246
6.30 3.60 400 244
6.40 3.60 403 242
6.50 3.60 405 241
6.60 3.60 407 239
6.70 3.60 410 238
6.80 3.60 412 236
6.90 3.60 414 234
7.00 3.60 415 233
7.10 3.60 418 231
7.20 3.60 421 230
7.30 3.60 423 228
7.40 3.60 424 226
7.50 3.60 427 224
7.60 3.60 429 222
7.70 3.60 431 221
7.80 3.60 433 219
7.90 3.60 435 219
8.00 3.60 0 0
8.10 3.60 0 0
8.20 3.60 463 261
8.30 3.60 464 263
8.40 3.60 464 259
8.50 3.60 465 259
8.60 3.60 466 257
8.70 3.60 467 255
8.80 3.60 468 254
8.90 3.60 471 252
9.00 3.60 473 252
9.10 3.60 476 251
-9.00 3.70 5 408
-8.90 3.70 6 407
-8.80 3.70 9 405
-8.70 3.70 6 471
-8.60 3.70 7 471
-8.50 3.70 9 468
-8.40 3.70 9 466
-8.30 3.70 11 466
-8.20 3.70 12 463
-8.10 3.70 14 462
-8.00 3.70 15 460
-7.90 3.70 18 459
-7.80 3.70 20 457
-7.70 3.70 23 454
-7.60 3.70 26 452
-7.50 3.70 32 449
-7.40 3.70 36 446
-7.30 3.70 39 444
-7.20 3.70 42 443
-7.10 3.70 44 442
-7.00 3.70 45 443
-6.90 3.70 46 443
-6.80 3.70 0 0
-6.70 3.70 0 0
-6.60 3.70 0 0
-6.50 3.70 0 0
-6.40 3.70 0 0
-6.30 3.70 62 434
-6.20 3.70 63 434
-6.10 3.70 62 433
-6.00 3.70 0 0
-5.90 3.70 82 439
-5.80 3.70 86 439
-5.70 3.70 86 439
-5.60 3.70 88 438
-5.50 3.70 90 437
-5.40 3.70 93 435
-5.30 3.70 95 434
-5.20 3.70 98 433
-5.10 3.70 100 431
-5.00 3.70 103 430
-4.90 3.70 106 429
-4.80 3.70 109 427
-4.70 3.70 112 426
-4.60 3.70 114 425
-4.50 3.70 117 424
-4.40 3.70 119 423
-4.30 3.70 122 423
-4.20 3.70 139 385
-4.10 3.70 142 383
-4.00 3.70 145 382
-3.90 3.70 148 381
-3.80 3.70 152 378
-3.70 3.70 153 377
-3.60 3.70 155 377
-3.50 3.70 161 357
-3.40 3.70 164 356
-3.30 3.70 167 356
-3.20 3.70 170 356
-3.10 3.70 172 355
-3.00 3.70 175 354
-2.90 3.70 177 353
-2.80 3.70 179 352
-2.70 3.70 182 352
-2.60 3.70 180 411
-2.50 3.70 181 411
-2.40 3.70 184 410
-2.30 3.70 186 409
-2.20 3.70 189 409
-2.10 3.70 191 408
-2.00 3.70 194 407
-1.90 3.70 196 405
-1.80 3.70 199 404
-1.70 3.70 201 403
-1.60 3.70 203 401
-1.50 3.70 206 400
-1.40 3.70 209 399
-1.30 3.70 210 399
-1.20 3.70 212 397
-1.10 3.70 216 397
-1.00 3.70 219 396
-0.90 3.70 226 367
-0.80 3.70 228 368
-0.70 3.70 230 367
-0.60 3.70 234 365
-0.50 3.70 236 364
-0.40 3.70 239 363
-0.30 3.70 243 362
-0.20 3.70 245 360
-0.10 3.70 247 359
-0.00 3.70 250 359
0.10 3.70 252 358
0.20 3.70 254 357
0.30 3.70 256 356
0.40 3.70 258 355
0.50 3.70 262 355
0.60 3.70 264 354
0.70 3.70 265 352
0.80 3.70 268 351
0.90 3.70 270 350
1.00 3.70 276 350
1.10 3.70 277 349
1.20 3.70 279 346
1.30 3.70 283 347
1.40 3.70 285 347
1.50 3.70 288 343
1.60 3.70 290 343
1.70 3.70 294 342
1.80 3.70 294 341
1.90 3.70 297 340
2.00 3.70 301 306
2.10 3.70 304 305
2.20 3.70 304 336
2.30 3.70 305 336
2.40 3.70 307 333
2.50 3.70 311 333
2.60 3.70 313 332
2.70 3.70 317 329
2.80 3.70 320 330
2.90 3.70 323 295
3.00 3.70 325 293
3.10 3.70 328 292
3.20 3.70 329 290
3.30 3.70 332 323
3.40 3.70 334 288
3.50 3.70 337 321
3.60 3.70 339 320
3.70 3.70 341 318
3.80 3.70 344 283
3.90 3.70 347 281
4.00 3.70 348 280
4.10 3.70 349 313
4.20 3.70 354 277
4.30 3.70 356 275
4.40 3.70 359 274
4.50 3.70 361 272
4.60 3.70 363 271
4.70 3.70 366 270
4.80 3.70 368 268
4.90 3.70 370 267
5.00 3.70 372 266
5.10 3.70 375 265
5.20 3.70 377 262
5.30 3.70 380 261
5.40 3.70 381 259
5.50 3.70 384 258
5.60 3.70 386 256
5.70 3.70 389 255
5.80 3.70 391 254
5.90 3.70 393 252
6.00 3.70 395 250
6.10 3.70 398 248
6.20 3.70 400 247
6.30 3.70 402 245
6.40 3.70 404 244
6.50 3.70 406 242
6.60 3.70 408 240
6.70 3.70 411 239
6.80 3.70 413 237
6.90 3.70 415 235
7.00 3.70 417 233
7.10 3.70 420 231
7.20 3.70 422 230
7.30 3.70 425 229
7.40 3.70 426 227
7.50 3.70 428 225
7.60 3.70 431 224
7.70 3.70 433 222
7.80 3.70 435 221
7.90 3.70 436 220
8.00 3.70 0 0
8.10 3.70 0 0
8.20 3.70 464 268
8.30 3.70 464 265
8.40 3.70 465 262
8.50 3.70 465 260
8.60 3.70 468 258
8.70 3.70 468 256
8.80 3.70 469 255
8.90 3.70 471 254
9.00 3.70 475 253
9.10 3.70 478 252
-9.00 3.80 6 409
-8.90 3.80 7 408
-8.80 3.80 5 472
-8.70 3.80 6 473
-8.60 3.80 8 471
-8.50 3.80 11 471
-8.40 3.80 10 470
-8.30 3.80 11 468
-8.20 3.80 13 465
-8.10 3.80 14 463
-8.00 3.80 16 462
-7.90 3.80 19 460
-7.80 3.80 21 458
-7.70 3.80 25 456
-7.60 3.80 29 454
-7.50 3.80 33 452
-7.40 3.80 37 449
-7.30 3.80 40 447
-7.20 3.80 44 446
-7.10 3.80 45 444
-7.00 3.80 48 444
-6.90 3.80 49 445
-6.80 3.80 0 0
-6.70 3.80 0 0
-6.60 3.80 0 0
-6.50 3.80 0 0
-6.40 3.80 0 0
-6.30 3.80 63 435
-6.20 3.80 64 435
-6.10 3.80 64 435
-6.00 3.80 0 0
-5.90 3.80 0 0
-5.80 3.80 87 441
-5.70 3.80 88 439
-5.60 3.80 90 439
-5.50 3.80 92 438
-5.40 3.80 95 436
-5.30 3.80 98 435
-5.20 3.80 99 434
-5.10 3.80 102 433
-5.00 3.80 105 431
-4.90 3.80 108 430
-4.80 3.80 110 429
-4.70 3.80 113 427
-4.60 3.80 117 427
-4.50 3.80 119 425
-4.40 3.80 122 425
-4.30 3.80 122 425
-4.20 3.80 124 424
-4.10 3.80 143 384
-4.00 3.80 146 383
-3.90 3.80 149 382
-3.80 3.80 153 379
-3.70 3.80 155 378
-3.60 3.80 158 378
-3.50 3.80 164 358
-3.40 3.80 166 357
-3.30 3.80 168 357
-3.20 3.80 171 357
-3.10 3.80 173 356
-3.00 3.80 176 355
-2.90 3.80 178 354
-2.80 3.80 181 353
-2.70 3.80 184 353
-2.60 3.80 181 413
-2.50 3.80 185 412
-2.40 3.80 185 411
-2.30 3.80 188 411
-2.20 3.80 190 410
-2.10 3.80 192 409
-2.00 3.80 195 408
-1.90 3.80 198 407
-1.80 3.80 199 406
-1.70 3.80 203 404
-1.60 3.80 205 403
-1.50 3.80 208 401
-1.40 3.80 211 401
-1.30 3.80 213 400
-1.20 3.80 215 399
-1.10 3.80 217 399
-1.00 3.80 221 397
-0.90 3.80 228 370
-0.80 3.80 229 369
-0.70 3.80 231 366
-0.60 3.80 235 366
-0.50 3.80 239 365
-0.40 3.80 242 362
-0.30 3.80 242 363
-0.20 3.80 246 362
-0.10 3.80 248 360
-0.00 3.80 251 360
0.10 3.80 253 359
0.20 3.80 255 358
0.30 3.80 257 358
0.40 3.80 261 357
0.50 3.80 264 355
0.60 3.80 265 354
0.70 3.80 268 353
0.80 3.80 272 352
0.90 3.80 274 351
1.00 3.80 275 350
1.10 3.80 278 350
1.20 3.80 282 348
1.30 3.80 281 348
1.40 3.80 286 345
1.50 3.80 287 345
1.60 3.80 291 344
1.70 3.80 293 342
1.80 3.80 297 341
1.90 3.80 299 341
2.00 3.80 301 339
2.10 3.80 304 339
2.20 3.80 308 335
2.30 3.80 309 337
2.40 3.80 311 336
2.50 3.80 313 334
2.60 3.80 318 299
2.70 3.80 319 331
2.80 3.80 322 332
2.90 3.80 324 328
3.00 3.80 327 294
3.10 3.80 329 293
3.20 3.80 331 292
3.30 3.80 334 290
3.40 3.80 337 289
3.50 3.80 339 287
3.60 3.80 341 286
3.70 3.80 344 318
3.80 3.80 346 284
3.90 3.80 348 316
4.00 3.80 351 281
4.10 3.80 353 279
4.20 3.80 357 314
4.30 3.80 357 277
4.40 3.80 360 275
4.50 3.80 362 273
4.60 3.80 365 272
4.70 3.80 367 271
4.80 3.80 369 269
4.90 3.80 372 268
5.00 3.80 374 266
5.10 3.80 377 265
5.20 3.80 379 263
5.30 3.80 382 262
5.40 3.80 384 260
5.50 3.80 386 259
5.60 3.80 388 258
5.70 3.80 390 256
5.80 3.80 393 255
5.90 3.80 395 252
6.00 3.80 397 251
6.10 3.80 399 249
6.20 3.80 401 248
6.30 3.80 404 246
6.40 3.80 406 244
6.50 3.80 408 243
6.60 3.80 411 241
6.70 3.80 412 240
6.80 3.80 414 237
6.90 3.80 417 236
7.00 3.80 419 235
7.10 3.80 422 233
7.20 3.80 424 231
7.30 3.80 426 230
7.40 3.80 428 228
7.50 3.80 430 226
7.60 3.80 433 224
7.70 3.80 435 222
7.80 3.80 436 221
7.90 3.80 437 220
8.00 3.80 0 0
8.10 3.80 464 267
8.20 3.80 465 266
8.30 3.80 465 264
8.40 3.80 466 262
8.50 3.80 466 261
8.60 3.80 468 260
8.70 3.80 469 257
8.80 3.80 471 255
8.90 3.80 474 254
9.00 3.80 477 253
9.10 3.80 481 252
-9.00 3.90 6 411
-8.90 3.90 8 410
-8.80 3.90 6 476
-8.70 3.90 7 474
-8.60 3.90 9 473
-8.50 3.90 11 472
-8.40 3.90 12 471
-8.30 3.90 13 469
-8.20 3.90 14 467
-8.10 3.90 15 466
-8.00 3.90 17 463
-7.90 3.90 21 462
-7.80 3.90 22 460
-7.70 3.90 27 457
-7.60 3.90 30 455
-7.50 3.90 35 453
-7.40 3.90 38 451
-7.30 3.90 42 449
-7.20 3.90 44 448
-7.10 3.90 47 446
-7.00 3.90 49 444
-6.90 3.90 52 445
-6.80 3.90 60 445
-6.70 3.90 0 0
-6.60 3.90 0 0
-6.50 3.90 0 0
-6.40 3.90 0 0
-6.30 3.90 65 437
-6.20 3.90 65 439
-6.10 3.90 65 436
-6.00 3.90 65 437
-5.90 3.90 0 0
-5.80 3.90 88 442
-5.70 3.90 89 440
-5.60 3.90 92 439
-5.50 3.90 94 438
-5.40 3.90 96 437
-5.30 3.90 99 437
-5.20 3.90 100 436
-5.10 3.90 104 433
-5.00 3.90 106 433
-4.90 3.90 110 432
-4.80 3.90 113 429
-4.70 3.90 116 429
-4.60 3.90 118 428
-4.50 3.90 120 426
-4.40 3.90 123 426
-4.30 3.90 124 425
-4.20 3.90 126 424
-4.10 3.90 145 386
-4.00 3.90 148 384
-3.90 3.90 151 383
-3.80 3.90 154 380
-3.70 3.90 157 379
-3.60 3.90 158 379
-3.50 3.90 166 359
-3.40 3.90 168 359
-3.30 3.90 170 358
-3.20 3.90 173 358
-3.10 3.90 175 357
-3.00 3.90 178 356
-2.90 3.90 180 355
-2.80 3.90 183 355
-2.70 3.90 186 354
-2.60 3.90 182 413
-2.50 3.90 184 412
-2.40 3.90 187 412
-2.30 3.90 190 412
-2.20 3.90 193 410
-2.10 3.90 193 410
-2.00 3.90 197 409
-1.90 3.90 200 408
-1.80 3.90 202 407
-1.70 3.90 205 406
-1.60 3.90 207 404
-1.50 3.90 211 403
-1.40 3.90 212 402
-1.30 3.90 216 400
-1.20 3.90 218 400
-1.10 3.90 220 399
-1.00 3.90 222 398
-0.90 3.90 226 398
-0.80 3.90 232 369
-0.70 3.90 234 368
-0.60 3.90 238 367
-0.50 3.90 239 366
-0.40 3.90 243 365
-0.30 3.90 245 364
-0.20 3.90 247 363
-0.10 3.90 250 361
-0.00 3.90 252 361
0.10 3.90 255 360
0.20 3.90 257 359
0.30 3.90 260 359
0.40 3.90 263 357
0.50 3.90 265 356
0.60 3.90 267 356
0.70 3.90 270 354
0.80 3.90 271 354
0.90 3.90 276 352
1.00 3.90 278 352
1.10 3.90 281 351
1.20 3.90 280 349
1.30 3.90 286 349
1.40 3.90 287 348
1.50 3.90 290 347
1.60 3.90 293 344
1.70 3.90 296 343
1.80 3.90 296 344
1.90 3.90 300 341
2.00 3.90 305 341
2.10 3.90 304 339
2.20 3.90 308 338
2.30 3.90 311 338
2.40 3.90 312 335
2.50 3.90 316 302
2.60 3.90 319 334
2.70 3.90 321 299
2.80 3.90 324 298
2.90 3.90 326 297
3.00 3.90 329 295
3.10 3.90 332 294
3.20 3.90 333 327
3.30 3.90 335 326
3.40 3.90 339 324
3.50 3.90 343 323
3.60 3.90 344 322
3.70 3.90 344 320
3.80 3.90 347 318
3.90 3.90 350 283
4.00 3.90 352 282
4.10 3.90 355 280
4.20 3.90 357 279
4.30 3.90 360 277
4.40 3.90 362 276
4.50 3.90 364 275
4.60 3.90 366 273
4.70 3.90 368 271
4.80 3.90 371 270
4.90 3.90 374 269
5.00 3.90 376 267
5.10 3.90 378 266
5.20 3.90 381 264
5.30 3.90 383 262
5.40 3.90 385 261
5.50 3.90 387 260
5.60 3.90 389 258
5.70 3.90 392 256
5.80 3.90 394 255
5.90 3.90 397 253
6.00 3.90 398 252
6.10 3.90 401 250
6.20 3.90 404 248
6.30 3.90 405 247
6.40 3.90 408 246
6.50 3.90 410 244
6.60 3.90 412 242
6.70 3.90 414 241
6.80 3.90 416 238
6.90 3.90 419 237
7.00 3.90 421 236
7.10 3.90 423 234
7.20 3.90 426 232
7.30 3.90 427 231
7.40 3.90 430 228
7.50 3.90 432 227
7.60 3.90 434 225
7.70 3.90 436 224
7.80 3.90 438 223
7.90 3.90 439 222
8.00 3.90 465 270
8.10 3.90 465 268
8.20 3.90 466 267
8.30 3.90 465 266
8.40 3.90 467 263
8.50 3.90 468 261
8.60 3.90 468 260
8.70 3.90 470 258
8.80 3.90 474 257
8.90 3.90 475 256
9.00 3.90 480 255
9.10 3.90 481 252
-9.00 4.00 3 480
-8.90 4.00 5 480
-8.80 4.00 6 476
-8.70 4.00 8 475
-8.60 4.00 10 474
-8.50 4.00 12 473
-8.40 4.00 12 472
-8.30 4.00 14 471
-8.20 4.00 15 469
-8.10 4.00 17 467
-8.00 4.00 19 465
-7.90 4.00 22 464
-7.80 4.00 25 461
-7.70 4.00 28 459
-7.60 4.00 32 457
-7.50 4.00 35 454
-7.40 4.00 40 453
-7.30 4.00 43 451
-7.20 4.00 46 450
-7.10 4.00 48 448
-7.00 4.00 52 447
-6.90 4.00 54 445
-6.80 4.00 58 446
-6.70 4.00 0 0
-6.60 4.00 0 0
-6.50 4.00 0 0
-6.40 4.00 0 0
-6.30 4.00 67 438
-6.20 4.00 66 439
-6.10 4.00 67 440
-6.00 4.00 0 0
-5.90 4.00 85 444
-5.80 4.00 91 442
-5.70 4.00 91 442
-5.60 4.00 93 440
-5.50 4.00 96 441
-5.40 4.00 98 438
-5.30 4.00 99 437
-5.20 4.00 103 436
-5.10 4.00 105 435
-5.00 4.00 108 434
-4.90 4.00 111 432
-4.80 4.00 114 431
-4.70 4.00 118 430
-4.60 4.00 120 430
-4.50 4.00 124 427
-4.40 4.00 123 427
-4.30 4.00 126 426
-4.20 4.00 129 426
-4.10 4.00 147 387
-4.00 4.00 150 386
-3.90 4.00 152 384
-3.80 4.00 156 382
-3.70 4.00 159 381
-3.60 4.00 161 380
-3.50 4.00 166 360
-3.40 4.00 169 359
-3.30 4.00 172 359
-3.20 4.00 175 358
-3.10 4.00 176 358
-3.00 4.00 179 357
-2.90 4.00 182 356
-2.80 4.00 185 356
-2.70 4.00 188 355
-2.60 4.00 180 412
-2.50 4.00 187 413
-2.40 4.00 187 413
-2.30 4.00 191 412
-2.20 4.00 193 411
-2.10 4.00 195 410
-2.00 4.00 199 410
-1.90 4.00 202 409
-1.80 4.00 204 408
-1.70 4.00 206 407
-1.60 4.00 209 406
-1.50 4.00 212 404
-1.40 4.00 215 403
-1.30 4.00 217 403
-1.20 4.00 219 401
-1.10 4.00 222 400
-1.00 4.00 225 399
-0.90 4.00 227 399
-0.80 4.00 230 398
-0.70 4.00 232 398
-0.60 4.00 240 368
-0.50 4.00 240 365
-0.40 4.00 244 366
-0.30 4.00 247 364
-0.20 4.00 250 364
-0.10 4.00 251 363
-0.00 4.00 254 361
0.10 4.00 257 361
0.20 4.00 259 360
0.30 4.00 261 360
0.40 4.00 263 358
0.50 4.00 267 357
0.60 4.00 270 356
0.70 4.00 273 356
0.80 4.00 274 355
0.90 4.00 276 353
1.00 4.00 279 353
1.10 4.00 282 352
1.20 4.00 284 350
1.30 4.00 287 349
1.40 4.00 291 348
1.50 4.00 293 348
1.60 4.00 295 346
1.70 4.00 296 345
1.80 4.00 300 344
1.90 4.00 302 342
2.00 4.00 304 342
2.10 4.00 305 341
2.20 4.00 312 306
2.30 4.00 313 338
2.40 4.00 314 337
2.50 4.00 316 336
2.60 4.00 319 335
2.70 4.00 323 300
2.80 4.00 326 332
2.90 4.00 329 330
3.00 4.00 331 329
3.10 4.00 334 328
3.20 4.00 335 327
3.30 4.00 337 327
3.40 4.00 339 324
3.50 4.00 342 289
3.60 4.00 345 288
3.70 4.00 347 322
3.80 4.00 349 286
3.90 4.00 352 284
4.00 4.00 354 282
4.10 4.00 357 281
4.20 4.00 358 280
4.30 4.00 361 279
4.40 4.00 363 277
4.50 4.00 365 276
4.60 4.00 368 274
4.70 4.00 370 272
4.80 4.00 373 271
4.90 4.00 375 269
5.00 4.00 377 268
5.10 4.00 379 267
5.20 4.00 383 264
5.30 4.00 384 264
5.40 4.00 386 262
5.50 4.00 389 260
5.60 4.00 391 259
5.70 4.00 393 258
5.80 4.00 396 256
5.90 4.00 398 255
6.00 4.00 401 253
6.10 4.00 403 251
6.20 4.00 405 250
6.30 4.00 407 248
6.40 4.00 409 246
6.50 4.00 412 245
6.60 4.00 414 243
6.70 4.00 416 241
6.80 4.00 418 240
6.90 4.00 421 238
7.00 4.00 422 237
7.10 4.00 424 235
7.20 4.00 427 232
7.30 4.00 429 232
7.40 4.00 432 229
7.50 4.00 434 228
7.60 4.00 436 226
7.70 4.00 438 225
7.80 4.00 440 224
7.90 4.00 440 224
8.00 4.00 464 270
8.10 4.00 465 269
8.20 4.00 466 268
8.30 4.00 467 266
8.40 4.00 467 265
8.50 4.00 468 262
8.60 4.00 470 261
8.70 4.00 472 259
8.80 4.00 475 258
8.90 4.00 477 257
9.00 4.00 480 255
9.10 4.00 482 255
-9.00 4.10 4 480
-8.90 4.10 6 480
-8.80 4.10 7 479
-8.70 4.10 9 476
-8.60 4.10 11 475
-8.50 4.10 12 474
-8.40 4.10 13 473
-8.30 4.10 15 472
-8.20 4.10 16 470
-8.10 4.10 19 469
-8.00 4.10 20 467
-7.90 4.10 22 464
-7.80 4.10 26 462
-7.70 4.10 30 459
-7.60 4.10 32 458
-7.50 4.10 38 456
-7.40 4.10 42 455
-7.30 4.10 46 453
-7.20 4.10 48 452
-7.10 4.10 50 451
-7.00 4.10 54 449
-6.90 4.10 55 447
-6.80 4.10 59 446
-6.70 4.10 0 0
-6.60 4.10 0 0
-6.50 4.10 0 0
-6.40 4.10 0 0
-6.30 4.10 71 438
-6.20 4.10 68 440
-6.10 4.10 67 440
-6.00 4.10 0 0
-5.90 4.10 88 445
-5.80 4.10 90 443
-5.70 4.10 94 443
-5.60 4.10 97 443
-5.50 4.10 97 442
-5.40 4.10 100 441
-5.30 4.10 103 438
-5.20 4.10 104 437
-5.10 4.10 108 436
-5.00 4.10 110 434
-4.90 4.10 113 433
-4.80 4.10 116 432
-4.70 4.10 119 431
-4.60 4.10 121 429
-4.50 4.10 124 429
-4.40 4.10 126 428
-4.30 4.10 128 427
-4.20 4.10 130 427
-4.10 4.10 149 388
-4.00 4.10 151 387
-3.90 4.10 154 386
-3.80 4.10 157 384
-3.70 4.10 160 382
-3.60 4.10 162 380
-3.50 4.10 163 380
-3.40 4.10 170 361
-3.30 4.10 173 360
-3.20 4.10 176 360
-3.10 4.10 178 359
-3.00 4.10 180 358
-2.90 4.10 184 358
-2.80 4.10 186 357
-2.70 4.10 188 356
-2.60 4.10 192 356
-2.50 4.10 188 414
-2.40 4.10 189 413
-2.30 4.10 193 413
-2.20 4.10 195 412
-2.10 4.10 198 411
-2.00 4.10 200 411
-1.90 4.10 202 410
-1.80 4.10 206 409
-1.70 4.10 209 409
-1.60 4.10 210 407
-1.50 4.10 214 406
-1.40 4.10 216 404
-1.30 4.10 219 403
-1.20 4.10 221 402
-1.10 4.10 225 402
-1.00 4.10 228 400
-0.90 4.10 229 399
-0.80 4.10 232 399
-0.70 4.10 238 371
-0.60 4.10 241 369
-0.50 4.10 243 368
-0.40 4.10 246 367
-0.30 4.10 248 366
-0.20 4.10 250 366
-0.10 4.10 254 363
-0.00 4.10 257 362
0.10 4.10 259 362
0.20 4.10 261 362
0.30 4.10 264 360
0.40 4.10 265 359
0.50 4.10 269 358
0.60 4.10 271 357
0.70 4.10 273 356
0.80 4.10 277 356
0.90 4.10 281 354
1.00 4.10 282 353
1.10 4.10 283 353
1.20 4.10 285 351
1.30 4.10 288 349
1.40 4.10 292 348
1.50 4.10 295 348
1.60 4.10 297 346
1.70 4.10 299 345
1.80 4.10 302 345
1.90 4.10 304 343
2.00 4.10 306 342
2.10 4.10 308 341
2.20 4.10 309 341
2.30 4.10 314 339
2.40 4.10 316 337
2.50 4.10 318 337
2.60 4.10 322 334
2.70 4.10 325 301
2.80 4.10 326 333
2.90 4.10 329 332
3.00 4.10 332 331
3.10 4.10 334 329
3.20 4.10 337 328
3.30 4.10 339 327
3.40 4.10 339 326
3.50 4.10 344 326
3.60 4.10 346 324
3.70 4.10 348 288
3.80 4.10 351 320
3.90 4.10 353 286
4.00 4.10 356 284
4.10 4.10 358 282
4.20 4.10 360 280
4.30 4.10 362 313
4.40 4.10 366 314
4.50 4.10 369 311
4.60 4.10 372 310
4.70 4.10 372 274
4.80 4.10 375 272
4.90 4.10 376 271
5.00 4.10 379 269
5.10 4.10 382 268
5.20 4.10 384 266
5.30 4.10 386 264
5.40 4.10 388 263
5.50 4.10 390 261
5.60 4.10 393 260
5.70 4.10 395 258
5.80 4.10 398 257
5.90 4.10 400 255
6.00 4.10 402 253
6.10 4.10 404 252
6.20 4.10 407 251
6.30 4.10 409 249
6.40 4.10 411 247
6.50 4.10 413 246
6.60 4.10 416 244
6.70 4.10 418 242
6.80 4.10 420 240
6.90 4.10 423 239
7.00 4.10 425 237
7.10 4.10 427 235
7.20 4.10 429 234
7.30 4.10 431 232
7.40 4.10 433 231
7.50 4.10 435 228
7.60 4.10 438 227
7.70 4.10 439 225
7.80 4.10 441 225
7.90 4.10 464 272
8.00 4.10 465 272
8.10 4.10 466 270
8.20 4.10 466 268
8.30 4.10 467 266
8.40 4.10 468 265
8.50 4.10 469 263
8.60 4.10 472 261
8.70 4.10 473 259
8.80 4.10 478 259
8.90 4.10 480 257
9.00 4.10 482 257
9.10 4.10 484 254
-9.00 4.20 5 482
-8.90 4.20 6 484
-8.80 4.20 8 481
-8.70 4.20 9 478
-8.60 4.20 11 477
-8.50 4.20 12 476
-8.40 4.20 13 474
-8.30 4.20 16 473
-8.20 4.20 17 472
-8.10 4.20 19 470
-8.00 4.20 21 468
-7.90 4.20 24 467
-7.80 4.20 27 464
-7.70 4.20 31 462
-7.60 4.20 35 459
-7.50 4.20 39 458
-7.40 4.20 43 456
-7.30 4.20 47 455
-7.20 4.20 50 452
-7.10 4.20 52 451
-7.00 4.20 55 450
-6.90 4.20 59 449
-6.80 4.20 60 446
-6.70 4.20 0 0
-6.60 4.20 0 0
-6.50 4.20 0 0
-6.40 4.20 0 0
-6.30 4.20 0 0
-6.20 4.20 71 442
-6.10 4.20 74 441
-6.00 4.20 0 0
-5.90 4.20 0 0
-5.80 4.20 94 447
-5.70 4.20 97 446
-5.60 4.20 99 445
-5.50 4.20 100 444
-5.40 4.20 102 443
-5.30 4.20 104 441
-5.20 4.20 107 440
-5.10 4.20 109 437
-5.00 4.20 112 436
-4.90 4.20 115 435
-4.80 4.20 118 433
-4.70 4.20 121 432
-4.60 4.20 123 431
-4.50 4.20 127 430
-4.40 4.20 129 429
-4.30 4.20 132 430
-4.20 4.20 133 428
-4.10 4.20 133 428
-4.00 4.20 152 388
-3.90 4.20 156 387
-3.80 4.20 159 385
-3.70 4.20 161 383
-3.60 4.20 164 383
-3.50 4.20 166 382
-3.40 4.20 173 362
-3.30 4.20 174 361
-3.20 4.20 178 360
-3.10 4.20 180 360
-3.00 4.20 182 359
-2.90 4.20 186 359
-2.80 4.20 188 358
-2.70 4.20 190 357
-2.60 4.20 193 357
-2.50 4.20 190 414
-2.40 4.20 193 414
-2.30 4.20 195 414
-2.20 4.20 198 414
-2.10 4.20 200 413
-2.00 4.20 203 412
-1.90 4.20 204 411
-1.80 4.20 207 410
-1.70 4.20 210 410
-1.60 4.20 214 408
-1.50 4.20 215 406
-1.40 4.20 218 406
-1.30 4.20 221 404
-1.20 4.20 224 403
-1.10 4.20 227 402
-1.00 4.20 229 401
-0.90 4.20 231 401
-0.80 4.20 235 400
-0.70 4.20 235 399
-0.60 4.20 242 371
-0.50 4.20 245 369
-0.40 4.20 248 367
-0.30 4.20 251 366
-0.20 4.20 252 367
-0.10 4.20 254 366
-0.00 4.20 257 364
0.10 4.20 261 362
0.20 4.20 262 362
0.30 4.20 264 361
0.40 4.20 267 360
0.50 4.20 270 359
0.60 4.20 273 358
0.70 4.20 275 357
0.80 4.20 278 356
0.90 4.20 281 356
1.00 4.20 283 355
1.10 4.20 284 352
1.20 4.20 287 353
1.30 4.20 291 351
1.40 4.20 293 350
1.50 4.20 294 348
1.60 4.20 297 347
1.70 4.20 300 347
1.80 4.20 303 346
1.90 4.20 306 345
2.00 4.20 307 344
2.10 4.20 310 342
2.20 4.20 312 341
2.30 4.20 315 339
2.40 4.20 319 339
2.50 4.20 320 339
2.60 4.20 325 335
2.70 4.20 325 335
2.80 4.20 328 332
2.90 4.20 330 333
3.00 4.20 334 331
3.10 4.20 336 332
3.20 4.20 338 329
3.30 4.20 341 329
3.40 4.20 342 327
3.50 4.20 345 292
3.60 4.20 347 324
3.70 4.20 351 324
3.80 4.20 353 321
3.90 4.20 355 286
4.00 4.20 357 284
4.10 4.20 360 283
4.20 4.20 360 317
4.30 4.20 365 315
4.40 4.20 369 313
4.50 4.20 369 278
4.60 4.20 371 276
4.70 4.20 375 310
4.80 4.20 377 273
4.90 4.20 377 308
5.00 4.20 381 270
5.10 4.20 383 269
5.20 4.20 386 267
5.30 4.20 387 266
5.40 4.20 390 264
5.50 4.20 392 262
5.60 4.20 395 260
5.70 4.20 397 259
5.80 4.20 399 258
5.90 4.20 401 256
6.00 4.20 403 254
6.10 4.20 406 253
6.20 4.20 408 251
6.30 4.20 410 250
6.40 4.20 413 248
6.50 4.20 415 246
6.60 4.20 417 245
6.70 4.20 419 244
6.80 4.20 422 241
6.90 4.20 424 240
7.00 4.20 426 238
7.10 4.20 428 236
7.20 4.20 431 235
7.30 4.20 432 233
7.40 4.20 435 232
7.50 4.20 437 230
7.60 4.20 439 228
7.70 4.20 441 227
7.80 4.20 442 225
7.90 4.20 464 273
8.00 4.20 466 271
8.10 4.20 466 270
8.20 4.20 468 270
8.30 4.20 469 270
8.40 4.20 468 265
8.50 4.20 471 264
8.60 4.20 474 263
8.70 4.20 475 261
8.80 4.20 480 260
8.90 4.20 482 260
9.00 4.20 483 258
9.10 4.20 485 257
-9.00 4.30 3 485
-8.90 4.30 6 484
-8.80 4.30 8 482
-8.70 4.30 10 480
-8.60 4.30 12 478
-8.50 4.30 13 477
-8.40 4.30 15 476
-8.30 4.30 16 474
-8.20 4.30 18 472
-8.10 4.30 20 471
-8.00 4.30 21 469
-7.90 4.30 24 468
-7.80 4.30 27 466
-7.70 4.30 32 465
-7.60 4.30 35 462
-7.50 4.30 41 459
-7.40 4.30 44 457
-7.30 4.30 48 456
-7.20 4.30 50 454
-7.10 4.30 54 453
-7.00 4.30 57 451
-6.90 4.30 60 451
-6.80 4.30 61 450
-6.70 4.30 82 383
-6.60 4.30 0 0
-6.50 4.30 0 0
-6.40 4.30 0 0
-6.30 4.30 0 0
-6.20 4.30 70 444
-6.10 4.30 70 444
-6.00 4.30 0 0
-5.90 4.30 0 0
-5.80 4.30 99 451
-5.70 4.30 98 447
-5.60 4.30 100 446
-5.50 4.30 102 446
-5.40 4.30 104 445
-5.30 4.30 107 443
-5.20 4.30 110 442
-5.10 4.30 111 440
-5.00 4.30 115 438
-4.90 4.30 117 437
-4.80 4.30 120 434
-4.70 4.30 123 433
-4.60 4.30 126 432
-4.50 4.30 129 432
-4.40 4.30 132 431
-4.30 4.30 134 430
-4.20 4.30 134 430
-4.10 4.30 138 431
-4.00 4.30 154 390
-3.90 4.30 157 389
-3.80 4.30 161 387
-3.70 4.30 163 385
-3.60 4.30 166 384
-3.50 4.30 169 382
-3.40 4.30 0 0
-3.30 4.30 176 363
-3.20 4.30 180 362
-3.10 4.30 182 361
-3.00 4.30 184 360
-2.90 4.30 186 360
-2.80 4.30 189 359
-2.70 4.30 191 358
-2.60 4.30 194 357
-2.50 4.30 198 357
-2.40 4.30 193 414
-2.30 4.30 196 414
-2.20 4.30 200 414
-2.10 4.30 201 413
-2.00 4.30 203 412
-1.90 4.30 206 412
-1.80 4.30 210 412
-1.70 4.30 211 411
-1.60 4.30 215 409
-1.50 4.30 217 408
-1.40 4.30 220 407
-1.30 4.30 223 406
-1.20 4.30 227 404
-1.10 4.30 229 404
-1.00 4.30 231 402
-0.90 4.30 234 401
-0.80 4.30 236 401
-0.70 4.30 238 401
-0.60 4.30 239 400
-0.50 4.30 246 370
-0.40 4.30 250 369
-0.30 4.30 252 368
-0.20 4.30 255 367
-0.10 4.30 257 366
-0.00 4.30 260 365
0.10 4.30 261 364
0.20 4.30 264 363
0.30 4.30 266 362
0.40 4.30 269 361
0.50 4.30 272 360
0.60 4.30 275 360
0.70 4.30 276 359
0.80 4.30 278 358
0.90 4.30 284 356
1.00 4.30 284 355
1.10 4.30 289 354
1.20 4.30 291 353
1.30 4.30 291 352
1.40 4.30 294 350
1.50 4.30 297 350
1.60 4.30 300 348
1.70 4.30 302 347
1.80 4.30 304 347
1.90 4.30 307 347
2.00 4.30 310 343
2.10 4.30 312 344
2.20 4.30 315 341
2.30 4.30 317 341
2.40 4.30 319 340
2.50 4.30 322 338
2.60 4.30 326 337
2.70 4.30 327 336
2.80 4.30 329 334
2.90 4.30 332 333
3.00 4.30 334 332
3.10 4.30 337 330
3.20 4.30 339 330
3.30 4.30 343 327
3.40 4.30 343 328
3.50 4.30 346 326
3.60 4.30 349 324
3.70 4.30 352 290
3.80 4.30 355 288
3.90 4.30 357 287
4.00 4.30 358 320
4.10 4.30 362 284
4.20 4.30 363 283
4.30 4.30 366 281
4.40 4.30 369 315
4.50 4.30 371 279
4.60 4.30 374 277
4.70 4.30 376 276
4.80 4.30 378 274
4.90 4.30 380 273
5.00 4.30 382 271
5.10 4.30 385 270
5.20 4.30 388 268
5.30 4.30 389 267
5.40 4.30 391 265
5.50 4.30 394 263
5.60 4.30 397 261
5.70 4.30 399 260
5.80 4.30 401 258
5.90 4.30 403 257
6.00 4.30 405 255
6.10 4.30 408 254
6.20 4.30 410 252
6.30 4.30 412 250
6.40 4.30 414 249
6.50 4.30 417 247
6.60 4.30 419 246
6.70 4.30 422 244
6.80 4.30 423 242
6.90 4.30 426 240
7.00 4.30 428 239
7.10 4.30 430 238
7.20 4.30 432 236
7.30 4.30 434 233
7.40 4.30 437 232
7.50 4.30 439 230
7.60 4.30 441 229
7.70 4.30 442 227
7.80 4.30 443 226
7.90 4.30 465 273
8.00 4.30 466 272
8.10 4.30 467 270
8.20 4.30 468 270
8.30 4.30 469 268
8.40 4.30 470 266
8.50 4.30 473 266
8.60 4.30 475 263
8.70 4.30 479 263
8.80 4.30 482 260
8.90 4.30 485 260
9.00 4.30 487 258
9.10 4.30 489 257
-9.00 4.40 6 485
-8.90 4.40 7 486
-8.80 4.40 10 484
-8.70 4.40 11 481
-8.60 4.40 12 480
-8.50 4.40 14 478
-8.40 4.40 15 477
-8.30 4.40 17 475
-8.20 4.40 18 474
-8.10 4.40 21 472
-8.00 4.40 24 470
-7.90 4.40 26 469
-7.80 4.40 29 468
-7.70 4.40 32 466
-7.60 4.40 37 464
-7.50 4.40 42 461
-7.40 4.40 45 460
-7.30 4.40 49 457
-7.20 4.40 52 456
-7.10 4.40 55 454
-7.00 4.40 59 453
-6.90 4.40 61 452
-6.80 4.40 64 452
-6.70 4.40 0 0
-6.60 4.40 0 0
-6.50 4.40 0 0
-6.40 4.40 0 0
-6.30 4.40 0 0
-6.20 4.40 75 442
-6.10 4.40 80 445
-6.00 4.40 100 453
-5.90 4.40 101 452
-5.80 4.40 102 450
-5.70 4.40 100 449
-5.60 4.40 102 448
-5.50 4.40 103 447
-5.40 4.40 106 446
-5.30 4.40 108 444
-5.20 4.40 112 443
-5.10 4.40 114 442
-5.00 4.40 117 440
-4.90 4.40 119 438
-4.80 4.40 122 436
-4.70 4.40 126 434
-4.60 4.40 129 433
-4.50 4.40 131 432
-4.40 4.40 133 432
-4.30 4.40 136 432
-4.20 4.40 138 431
-4.10 4.40 137 431
-4.00 4.40 140 432
-3.90 4.40 159 389
-3.80 4.40 162 388
-3.70 4.40 164 387
-3.60 4.40 167 386
-3.50 4.40 170 383
-3.40 4.40 172 384
-3.30 4.40 179 364
-3.20 4.40 180 363
-3.10 4.40 182 362
-3.00 4.40 186 362
-2.90 4.40 188 360
-2.80 4.40 191 360
-2.70 4.40 194 360
-2.60 4.40 196 358
-2.50 4.40 199 358
-2.40 4.40 197 415
-2.30 4.40 198 415
-2.20 4.40 201 415
-2.10 4.40 203 414
-2.00 4.40 205 413
-1.90 4.40 208 413
-1.80 4.40 211 413
-1.70 4.40 215 412
-1.60 4.40 218 411
-1.50 4.40 221 409
-1.40 4.40 223 409
-1.30 4.40 225 407
-1.20 4.40 228 406
-1.10 4.40 230 405
-1.00 4.40 233 404
-0.90 4.40 236 403
-0.80 4.40 238 402
-0.70 4.40 240 401
-0.60 4.40 243 401
-0.50 4.40 249 371
-0.40 4.40 251 371
-0.30 4.40 253 370
-0.20 4.40 256 369
-0.10 4.40 257 367
-0.00 4.40 262 366
0.10 4.40 262 365
0.20 4.40 264 364
0.30 4.40 268 364
0.40 4.40 272 362
0.50 4.40 273 361
0.60 4.40 276 360
0.70 4.40 277 360
0.80 4.40 280 358
0.90 4.40 283 358
1.00 4.40 286 356
1.10 4.40 288 355
1.20 4.40 290 354
1.30 4.40 293 352
1.40 4.40 297 352
1.50 4.40 299 350
1.60 4.40 303 349
1.70 4.40 306 349
1.80 4.40 305 347
1.90 4.40 307 346
2.00 4.40 309 344
2.10 4.40 315 343
2.20 4.40 316 343
2.30 4.40 319 341
2.40 4.40 323 341
2.50 4.40 326 338
2.60 4.40 327 339
2.70 4.40 329 337
2.80 4.40 330 335
2.90 4.40 334 334
3.00 4.40 335 332
3.10 4.40 338 332
3.20 4.40 338 329
3.30 4.40 345 329
3.40 4.40 346 328
3.50 4.40 348 326
3.60 4.40 348 327
3.70 4.40 353 324
3.80 4.40 356 290
3.90 4.40 358 321
4.00 4.40 361 287
4.10 4.40 363 285
4.20 4.40 367 318
4.30 4.40 368 282
4.40 4.40 370 317
4.50 4.40 373 279
4.60 4.40 375 278
4.70 4.40 377 276
4.80 4.40 379 275
4.90 4.40 382 274
5.00 4.40 384 272
5.10 4.40 387 271
5.20 4.40 389 269
5.30 4.40 391 267
5.40 4.40 394 266
5.50 4.40 396 264
5.60 4.40 398 262
5.70 4.40 400 261
5.80 4.40 403 260
5.90 4.40 404 258
6.00 4.40 407 256
6.10 4.40 409 255
6.20 4.40 411 253
6.30 4.40 414 251
6.40 4.40 416 249
6.50 4.40 419 248
6.60 4.40 421 246
6.70 4.40 423 245
6.80 4.40 425 243
6.90 4.40 427 241
7.00 4.40 429 240
7.10 4.40 431 238
7.20 4.40 434 236
7.30 4.40 436 235
7.40 4.40 438 233
7.50 4.40 440 232
7.60 4.40 442 230
7.70 4.40 443 229
7.80 4.40 465 277
7.90 4.40 466 276
8.00 4.40 467 274
8.10 4.40 468 273
8.20 4.40 470 271
8.30 4.40 471 270
8.40 4.40 472 268
8.50 4.40 476 268
8.60 4.40 478 267
8.70 4.40 481 264
8.80 4.40 484 261
8.90 4.40 487 260
9.00 4.40 488 259
9.10 4.40 492 258
-9.00 4.50 7 488
-8.90 4.50 8 486
-8.80 4.50 10 485
-8.70 4.50 11 483
-8.60 4.50 13 482
-8.50 4.50 15 480
-8.40 4.50 16 479
-8.30 4.50 18 476
-8.20 4.50 20 475
-8.10 4.50 23 472
-8.00 4.50 25 471
-7.90 4.50 27 470
-7.80 4.50 30 468
-7.70 4.50 34 468
-7.60 4.50 39 465
-7.50 4.50 43 463
-7.40 4.50 47 461
-7.30 4.50 50 459
-7.20 4.50 53 458
-7.10 4.50 57 456
-7.00 4.50 60 455
-6.90 4.50 63 453
-6.80 4.50 65 453
-6.70 4.50 85 385
-6.60 4.50 0 0
-6.50 4.50 0 0
-6.40 4.50 0 0
-6.30 4.50 0 0
-6.20 4.50 0 0
-6.10 4.50 0 0
-6.00 4.50 0 0
-5.90 4.50 99 451
-5.80 4.50 103 452
-5.70 4.50 104 450
-5.60 4.50 105 450
-5.50 4.50 106 449
-5.40 4.50 108 448
-5.30 4.50 111 446
-5.20 4.50 112 445
-5.10 4.50 117 443
-5.00 4.50 117 442
-4.90 4.50 121 440
-4.80 4.50 124 438
-4.70 4.50 127 436
-4.60 4.50 131 433
-4.50 4.50 134 433
-4.40 4.50 135 433
-4.30 4.50 139 432
-4.20 4.50 140 432
-4.10 4.50 142 433
-4.00 4.50 146 433
-3.90 4.50 161 391
-3.80 4.50 163 390
-3.70 4.50 166 387
-3.60 4.50 168 386
-3.50 4.50 172 385
-3.40 4.50 173 384
-3.30 4.50 180 364
-3.20 4.50 182 364
-3.10 4.50 184 363
-3.00 4.50 188 363
-2.90 4.50 190 362
-2.80 4.50 193 362
-2.70 4.50 196 360
-2.60 4.50 197 360
-2.50 4.50 200 359
-2.40 4.50 202 358
-2.30 4.50 200 416
-2.20 4.50 203 415
-2.10 4.50 204 414
-2.00 4.50 207 415
-1.90 4.50 211 414
-1.80 4.50 213 413
-1.70 4.50 216 412
-1.60 4.50 218 412
-1.50 4.50 222 411
-1.40 4.50 224 410
-1.30 4.50 227 409
-1.20 4.50 230 407
-1.10 4.50 232 406
-1.00 4.50 235 404
-0.90 4.50 237 404
-0.80 4.50 241 402
-0.70 4.50 242 402
-0.60 4.50 246 401
-0.50 4.50 247 401
-0.40 4.50 252 371
-0.30 4.50 256 370
-0.20 4.50 258 370
-0.10 4.50 260 369
-0.00 4.50 262 367
0.10 4.50 264 365
0.20 4.50 266 365
0.30 4.50 270 364
0.40 4.50 272 363
0.50 4.50 274 362
0.60 4.50 279 361
0.70 4.50 280 361
0.80 4.50 282 360
0.90 4.50 285 359
1.00 4.50 288 357
1.10 4.50 290 357
1.20 4.50 292 356
1.30 4.50 296 353
1.40 4.50 298 352
1.50 4.50 300 353
1.60 4.50 303 350
1.70 4.50 305 349
1.80 4.50 308 349
1.90 4.50 310 347
2.00 4.50 312 346
2.10 4.50 315 344
2.20 4.50 317 345
2.30 4.50 320 342
2.40 4.50 325 341
2.50 4.50 325 340
2.60 4.50 329 338
2.70 4.50 331 338
2.80 4.50 333 336
2.90 4.50 333 334
3.00 4.50 338 335
3.10 4.50 340 333
3.20 4.50 344 298
3.30 4.50 346 330
3.40 4.50 348 329
3.50 4.50 350 327
3.60 4.50 354 293
3.70 4.50 355 292
3.80 4.50 356 325
3.90 4.50 360 289
4.00 4.50 362 287
4.10 4.50 367 322
4.20 4.50 364 322
4.30 4.50 370 284
4.40 4.50 372 282
4.50 4.50 375 316
4.60 4.50 377 279
4.70 4.50 379 277
4.80 4.50 381 276
4.90 4.50 384 274
5.00 4.50 386 273
5.10 4.50 388 270
5.20 4.50 390 270
5.30 4.50 393 268
5.40 4.50 395 267
5.50 4.50 397 265
5.60 4.50 400 264
5.70 4.50 402 262
5.80 4.50 404 261
5.90 4.50 406 259
6.00 4.50 409 257
6.10 4.50 411 256
6.20 4.50 414 254
6.30 4.50 415 253
6.40 4.50 417 251
6.50 4.50 420 249
6.60 4.50 422 248
6.70 4.50 425 246
6.80 4.50 426 244
6.90 4.50 429 242
7.00 4.50 431 240
7.10 4.50 433 239
7.20 4.50 435 238
7.30 4.50 438 236
7.40 4.50 440 234
7.50 4.50 442 232
7.60 4.50 444 231
7.70 4.50 445 230
7.80 4.50 465 277
7.90 4.50 467 275
8.00 4.50 469 275
8.10 4.50 469 273
8.20 4.50 470 272
8.30 4.50 472 271
8.40 4.50 473 270
8.50 4.50 477 268
8.60 4.50 479 266
8.70 4.50 483 265
8.80 4.50 484 263
8.90 4.50 486 263
9.00 4.50 491 261
9.10 4.50 494 259
-9.00 4.60 8 490
-8.90 4.60 9 488
-8.80 4.60 11 487
-8.70 4.60 12 486
-8.60 4.60 14 483
-8.50 4.60 16 483
-8.40 4.60 16 480
-8.30 4.60 19 478
-8.20 4.60 20 477
-8.10 4.60 23 474
-8.00 4.60 26 472
-7.90 4.60 29 470
-7.80 4.60 31 469
-7.70 4.60 35 468
-7.60 4.60 40 466
-7.50 4.60 45 464
-7.40 4.60 48 463
-7.30 4.60 51 461
-7.20 4.60 56 459
-7.10 4.60 59 457
-7.00 4.60 62 456
-6.90 4.60 65 455
-6.80 4.60 67 454
-6.70 4.60 69 455
-6.60 4.60 0 0
-6.50 4.60 0 0
-6.40 4.60 0 0
-6.30 4.60 0 0
-6.20 4.60 0 0
-6.10 4.60 0 0
-6.00 4.60 98 452
-5.90 4.60 101 452
-5.80 4.60 104 452
-5.70 4.60 106 453
-5.60 4.60 108 452
-5.50 4.60 108 451
-5.40 4.60 111 449
-5.30 4.60 112 448
-5.20 4.60 115 446
-5.10 4.60 117 445
-5.00 4.60 120 443
-4.90 4.60 123 442
-4.80 4.60 126 440
-4.70 4.60 129 438
-4.60 4.60 132 436
-4.50 4.60 135 433
-4.40 4.60 138 433
-4.30 4.60 141 433
-4.20 4.60 142 433
-4.10 4.60 144 433
-4.00 4.60 146 432
-3.90 4.60 148 433
-3.80 4.60 165 391
-3.70 4.60 167 389
-3.60 4.60 171 388
-3.50 4.60 174 386
-3.40 4.60 175 386
-3.30 4.60 182 365
-3.20 4.60 185 365
-3.10 4.60 187 364
-3.00 4.60 188 364
-2.90 4.60 191 363
-2.80 4.60 194 362
-2.70 4.60 197 361
-2.60 4.60 200 361
-2.50 4.60 201 360
-2.40 4.60 0 0
-2.30 4.60 198 416
-2.20 4.60 204 416
-2.10 4.60 206 416
-2.00 4.60 209 415
-1.90 4.60 212 415
-1.80 4.60 215 414
-1.70 4.60 218 413
-1.60 4.60 220 413
-1.50 4.60 224 412
-1.40 4.60 227 412
-1.30 4.60 229 410
-1.20 4.60 232 409
-1.10 4.60 236 407
-1.00 4.60 237 406
-0.90 4.60 240 405
-0.80 4.60 243 404
-0.70 4.60 244 402
-0.60 4.60 247 402
-0.50 4.60 250 402
-0.40 4.60 254 372
-0.30 4.60 256 371
-0.20 4.60 259 370
-0.10 4.60 261 369
-0.00 4.60 265 368
0.10 4.60 266 367
0.20 4.60 269 366
0.30 4.60 273 366
0.40 4.60 274 364
0.50 4.60 277 364
0.60 4.60 280 363
0.70 4.60 282 362
0.80 4.60 284 360
0.90 4.60 288 360
1.00 4.60 289 360
1.10 4.60 290 358
1.20 4.60 294 356
1.30 4.60 297 355
1.40 4.60 300 353
1.50 4.60 304 353
1.60 4.60 305 351
1.70 4.60 309 351
1.80 4.60 309 349
1.90 4.60 312 348
2.00 4.60 314 348
2.10 4.60 318 346
2.20 4.60 322 346
2.30 4.60 321 344
2.40 4.60 325 343
2.50 4.60 329 341
2.60 4.60 331 340
2.70 4.60 333 338
2.80 4.60 333 337
2.90 4.60 337 338
3.00 4.60 339 335
3.10 4.60 340 334
3.20 4.60 345 299
3.30 4.60 346 332
3.40 4.60 350 297
3.50 4.60 352 296
3.60 4.60 355 294
3.70 4.60 356 293
3.80 4.60 359 291
3.90 4.60 363 324
4.00 4.60 365 323
4.10 4.60 366 322
4.20 4.60 370 285
4.30 4.60 372 318
4.40 4.60 373 282
4.50 4.60 376 281
4.60 4.60 378 280
4.70 4.60 381 278
4.80 4.60 383 277
4.90 4.60 386 276
5.00 4.60 387 274
5.10 4.60 389 272
5.20 4.60 392 271
5.30 4.60 395 269
5.40 4.60 397 268
5.50 4.60 400 266
5.60 4.60 402 264
5.70 4.60 403 263
5.80 4.60 407 261
5.90 4.60 408 260
6.00 4.60 411 258
6.10 4.60 412 257
6.20 4.60 415 255
6.30 4.60 417 253
6.40 4.60 419 252
6.50 4.60 422 250
6.60 4.60 424 248
6.70 4.60 426 247
6.80 4.60 428 245
6.90 4.60 431 243
7.00 4.60 433 242
7.10 4.60 435 240
7.20 4.60 437 238
7.30 4.60 440 236
7.40 4.60 441 235
7.50 4.60 444 233
7.60 4.60 445 232
7.70 4.60 465 279
7.80 4.60 466 280
7.90 4.60 467 278
8.00 4.60 469 276
8.10 4.60 470 274
8.20 4.60 471 273
8.30 4.60 474 272
8.40 4.60 476 270
8.50 4.60 479 270
8.60 4.60 484 268
8.70 4.60 485 266
8.80 4.60 488 264
8.90 4.60 489 263
9.00 4.60 493 262
9.10 4.60 495 259
-9.00 4.70 9 492
-8.90 4.70 9 491
-8.80 4.70 11 489
-8.70 4.70 13 487
-8.60 4.70 15 485
-8.50 4.70 16 484
-8.40 4.70 18 482
-8.30 4.70 19 480
-8.20 4.70 21 478
-8.10 4.70 25 475
-8.00 4.70 27 474
-7.90 4.70 30 472
-7.80 4.70 34 470
-7.70 4.70 38 469
-7.60 4.70 43 467
-7.50 4.70 46 465
-7.40 4.70 51 464
-7.30 4.70 54 462
-7.20 4.70 57 462
-7.10 4.70 62 459
-7.00 4.70 64 458
-6.90 4.70 66 456
-6.80 4.70 70 455
-6.70 4.70 72 455
-6.60 4.70 0 0
-6.50 4.70 0 0
-6.40 4.70 0 0
-6.30 4.70 0 0
-6.20 4.70 0 0
-6.10 4.70 0 0
-6.00 4.70 0 0
-5.90 4.70 103 453
-5.80 4.70 106 453
-5.70 4.70 107 453
-5.60 4.70 108 453
-5.50 4.70 109 453
-5.40 4.70 112 450
-5.30 4.70 114 449
-5.20 4.70 116 448
-5.10 4.70 119 447
-5.00 4.70 121 445
-4.90 4.70 124 442
-4.80 4.70 127 441
-4.70 4.70 130 440
-4.60 4.70 134 438
-4.50 4.70 138 436
-4.40 4.70 141 433
-4.30 4.70 143 434
-4.20 4.70 145 433
-4.10 4.70 148 433
-4.00 4.70 150 433
-3.90 4.70 152 433
-3.80 4.70 167 392
-3.70 4.70 169 391
-3.60 4.70 172 389
-3.50 4.70 174 388
-3.40 4.70 178 387
-3.30 4.70 180 386
-3.20 4.70 186 366
-3.10 4.70 188 365
-3.00 4.70 190 364
-2.90 4.70 193 364
-2.80 4.70 196 364
-2.70 4.70 198 363
-2.60 4.70 201 362
-2.50 4.70 204 361
-2.40 4.70 206 361
-2.30 4.70 208 360
-2.20 4.70 206 417
-2.10 4.70 210 416
-2.00 4.70 212 416
-1.90 4.70 215 416
-1.80 4.70 217 415
-1.70 4.70 219 414
-1.60 4.70 222 414
-1.50 4.70 227 413
-1.40 4.70 229 412
-1.30 4.70 232 410
-1.20 4.70 234 410
-1.10 4.70 237 408
-1.00 4.70 239 407
-0.90 4.70 243 406
-0.80 4.70 244 405
-0.70 4.70 248 404
-0.60 4.70 251 403
-0.50 4.70 253 402
-0.40 4.70 256 372
-0.30 4.70 259 372
-0.20 4.70 261 372
-0.10 4.70 263 369
-0.00 4.70 266 369
0.10 4.70 269 369
0.20 4.70 272 368
0.30 4.70 274 367
0.40 4.70 275 365
0.50 4.70 278 364
0.60 4.70 281 364
0.70 4.70 285 363
0.80 4.70 286 362
0.90 4.70 288 362
1.00 4.70 292 360
1.10 4.70 293 359
1.20 4.70 298 358
1.30 4.70 298 356
1.40 4.70 302 355
1.50 4.70 304 354
1.60 4.70 307 353
1.70 4.70 309 352
1.80 4.70 312 350
1.90 4.70 315 349
2.00 4.70 316 348
2.10 4.70 319 346
2.20 4.70 321 346
2.30 4.70 323 344
2.40 4.70 327 344
2.50 4.70 330 342
2.60 4.70 331 342
2.70 4.70 334 340
2.80 4.70 336 338
2.90 4.70 339 337
3.00 4.70 343 337
3.10 4.70 343 335
3.20 4.70 347 300
3.30 4.70 349 299
3.40 4.70 353 332
3.50 4.70 355 296
3.60 4.70 356 328
3.70 4.70 359 326
3.80 4.70 361 292
3.90 4.70 364 324
4.00 4.70 365 324
4.10 4.70 368 288
4.20 4.70 371 287
4.30 4.70 374 285
4.40 4.70 375 283
4.50 4.70 378 282
4.60 4.70 380 281
4.70 4.70 383 279
4.80 4.70 385 278
4.90 4.70 387 276
5.00 4.70 389 275
5.10 4.70 391 274
5.20 4.70 394 271
5.30 4.70 396 270
5.40 4.70 399 268
5.50 4.70 401 267
5.60 4.70 403 266
5.70 4.70 405 264
5.80 4.70 408 262
5.90 4.70 410 260
6.00 4.70 412 259
6.10 4.70 414 257
6.20 4.70 417 255
6.30 4.70 419 254
6.40 4.70 421 253
6.50 4.70 424 251
6.60 4.70 426 249
6.70 4.70 427 248
6.80 4.70 429 246
6.90 4.70 432 244
7.00 4.70 435 243
7.10 4.70 436 241
7.20 4.70 439 238
7.30 4.70 441 237
7.40 4.70 443 235
7.50 4.70 445 234
7.60 4.70 446 232
7.70 4.70 465 281
7.80 4.70 467 280
7.90 4.70 468 279
8.00 4.70 469 277
8.10 4.70 471 275
8.20 4.70 472 273
8.30 4.70 477 273
8.40 4.70 478 271
8.50 4.70 481 270
8.60 4.70 484 270
8.70 4.70 486 268
8.80 4.70 489 265
8.90 4.70 491 264
9.00 4.70 494 262
9.10 4.70 496 261
-9.00 4.80 10 493
-8.90 4.80 10 492
-8.80 4.80 11 492
-8.70 4.80 13 489
-8.60 4.80 16 487
-8.50 4.80 16 486
-8.40 4.80 19 484
-8.30 4.80 20 482
-8.20 4.80 22 480
-8.10 4.80 25 478
-8.00 4.80 28 475
-7.90 4.80 33 474
-7.80 4.80 36 472
-7.70 4.80 40 470
-7.60 4.80 45 468
-7.50 4.80 48 466
-7.40 4.80 53 465
-7.30 4.80 56 464
-7.20 4.80 58 462
-7.10 4.80 63 461
-7.00 4.80 67 460
-6.90 4.80 69 458
-6.80 4.80 72 458
-6.70 4.80 74 456
-6.60 4.80 78 453
-6.50 4.80 0 0
-6.40 4.80 0 0
-6.30 4.80 0 0
-6.20 4.80 0 0
-6.10 4.80 0 0
-6.00 4.80 0 0
-5.90 4.80 103 454
-5.80 4.80 106 454
-5.70 4.80 108 454
-5.60 4.80 109 454
-5.50 4.80 111 454
-5.40 4.80 113 453
-5.30 4.80 115 451
-5.20 4.80 118 449
-5.10 4.80 121 448
-5.00 4.80 123 446
-4.90 4.80 126 444
-4.80 4.80 130 443
-4.70 4.80 132 441
-4.60 4.80 136 438
-4.50 4.80 139 438
-4.40 4.80 143 435
-4.30 4.80 145 434
-4.20 4.80 149 433
-4.10 4.80 150 433
-4.00 4.80 152 433
-3.90 4.80 154 434
-3.80 4.80 159 434
-3.70 4.80 171 392
-3.60 4.80 174 391
-3.50 4.80 176 389
-3.40 4.80 179 388
-3.30 4.80 182 388
-3.20 4.80 188 367
-3.10 4.80 190 366
-3.00 4.80 192 366
-2.90 4.80 195 365
-2.80 4.80 198 364
-2.70 4.80 199 364
-2.60 4.80 202 363
-2.50 4.80 205 362
-2.40 4.80 207 362
-2.30 4.80 0 0
-2.20 4.80 211 418
-2.10 4.80 208 417
-2.00 4.80 212 417
-1.90 4.80 216 416
-1.80 4.80 219 416
-1.70 4.80 222 415
-1.60 4.80 225 414
-1.50 4.80 228 414
-1.40 4.80 230 413
-1.30 4.80 233 412
-1.20 4.80 236 411
-1.10 4.80 239 410
-1.00 4.80 243 408
-0.90 4.80 244 407
-0.80 4.80 247 406
-0.70 4.80 248 405
-0.60 4.80 251 404
-0.50 4.80 253 403
-0.40 4.80 257 402
-0.30 4.80 261 373
-0.20 4.80 261 372
-0.10 4.80 265 371
-0.00 4.80 267 370
0.10 4.80 268 369
0.20 4.80 273 369
0.30 4.80 275 367
0.40 4.80 277 367
0.50 4.80 280 365
0.60 4.80 283 365
0.70 4.80 287 363
0.80 4.80 289 363
0.90 4.80 289 362
1.00 4.80 291 361
1.10 4.80 295 359
1.20 4.80 298 358
1.30 4.80 301 356
1.40 4.80 303 357
1.50 4.80 305 356
1.60 4.80 307 354
1.70 4.80 309 354
1.80 4.80 313 351
1.90 4.80 315 350
2.00 4.80 319 348
2.10 4.80 322 348
2.20 4.80 321 346
2.30 4.80 325 345
2.40 4.80 330 344
2.50 4.80 332 344
2.60 4.80 334 343
2.70 4.80 334 340
2.80 4.80 337 340
2.90 4.80 340 339
3.00 4.80 343 304
3.10 4.80 347 335
3.20 4.80 350 334
3.30 4.80 351 300
3.40 4.80 353 332
3.50 4.80 355 297
3.60 4.80 358 296
3.70 4.80 361 294
3.80 4.80 363 294
3.90 4.80 366 325
4.00 4.80 368 290
4.10 4.80 369 325
4.20 4.80 373 287
4.30 4.80 375 286
4.40 4.80 378 285
4.50 4.80 380 283
4.60 4.80 382 281
4.70 4.80 384 280
4.80 4.80 387 278
4.90 4.80 389 277
5.00 4.80 391 276
5.10 4.80 393 274
5.20 4.80 396 272
5.30 4.80 399 271
5.40 4.80 401 270
5.50 4.80 403 268
5.60 4.80 405 267
5.70 4.80 407 265
5.80 4.80 410 263
5.90 4.80 411 262
6.00 4.80 414 260
6.10 4.80 416 258
6.20 4.80 419 256
6.30 4.80 420 255
6.40 4.80 423 254
6.50 4.80 426 252
6.60 4.80 427 250
6.70 4.80 429 249
6.80 4.80 431 247
6.90 4.80 434 245
7.00 4.80 436 244
7.10 4.80 438 241
7.20 4.80 441 240
7.30 4.80 465 286
7.40 4.80 445 236
7.50 4.80 447 235
7.60 4.80 466 282
7.70 4.80 467 283
7.80 4.80 468 281
7.90 4.80 469 280
8.00 4.80 471 279
8.10 4.80 473 276
8.20 4.80 476 274
8.30 4.80 479 273
8.40 4.80 482 273
8.50 4.80 483 272
8.60 4.80 486 270
8.70 4.80 487 269
8.80 4.80 492 266
8.90 4.80 495 263
9.00 4.80 498 264
9.10 4.80 500 262
-9.00 4.90 10 495
-8.90 4.90 12 494
-8.80 4.90 13 492
-8.70 4.90 15 491
-8.60 4.90 16 489
-8.50 4.90 17 487
-8.40 4.90 20 485
-8.30 4.90 21 483
-8.20 4.90 24 481
-8.10 4.90 28 479
-8.00 4.90 31 477
-7.90 4.90 34 475
-7.80 4.90 38 473
-7.70 4.90 42 471
-7.60 4.90 46 470
-7.50 4.90 51 467
-7.40 4.90 54 466
-7.30 4.90 57 465
-7.20 4.90 60 464
-7.10 4.90 65 463
-7.00 4.90 68 462
-6.90 4.90 71 461
-6.80 4.90 73 459
-6.70 4.90 75 458
-6.60 4.90 77 454
-6.50 4.90 0 0
-6.40 4.90 0 0
-6.30 4.90 0 0
-6.20 4.90 0 0
-6.10 4.90 101 461
-6.00 4.90 0 0
-5.90 4.90 104 456
-5.80 4.90 106 454
-5.70 4.90 108 455
-5.60 4.90 110 455
-5.50 4.90 112 455
-5.40 4.90 114 453
-5.30 4.90 118 453
-5.20 4.90 119 451
-5.10 4.90 122 449
-5.00 4.90 125 448
-4.90 4.90 127 447
-4.80 4.90 131 445
-4.70 4.90 133 443
-4.60 4.90 137 441
-4.50 4.90 140 438
-4.40 4.90 143 437
-4.30 4.90 146 435
-4.20 4.90 149 434
-4.10 4.90 152 434
-4.00 4.90 152 434
-3.90 4.90 156 434
-3.80 4.90 158 434
-3.70 4.90 173 393
-3.60 4.90 176 392
-3.50 4.90 178 391
-3.40 4.90 181 389
-3.30 4.90 184 388
-3.20 4.90 188 367
-3.10 4.90 191 367
-3.00 4.90 193 367
-2.90 4.90 196 366
-2.80 4.90 200 366
-2.70 4.90 202 365
-2.60 4.90 204 364
-2.50 4.90 206 364
-2.40 4.90 210 362
-2.30 4.90 213 362
-2.20 4.90 214 361
-2.10 4.90 215 418
-2.00 4.90 215 417
-1.90 4.90 218 417
-1.80 4.90 220 417
-1.70 4.90 223 416
-1.60 4.90 226 416
-1.50 4.90 229 415
-1.40 4.90 233 414
-1.30 4.90 236 413
-1.20 4.90 238 412
-1.10 4.90 242 412
-1.00 4.90 243 411
-0.90 4.90 247 408
-0.80 4.90 248 407
-0.70 4.90 252 406
-0.60 4.90 254 405
-0.50 4.90 256 404
-0.40 4.90 260 403
-0.30 4.90 262 402
-0.20 4.90 264 402
-0.10 4.90 267 372
-0.00 4.90 269 371
0.10 4.90 271 370
0.20 4.90 273 371
0.30 4.90 276 368
0.40 4.90 279 367
0.50 4.90 281 367
0.60 4.90 285 365
0.70 4.90 286 364
0.80 4.90 290 364
0.90 4.90 292 363
1.00 4.90 295 362
1.10 4.90 296 360
1.20 4.90 301 359
1.30 4.90 302 358
1.40 4.90 305 357
1.50 4.90 307 356
1.60 4.90 311 355
1.70 4.90 313 353
1.80 4.90 316 353
1.90 4.90 317 350
2.00 4.90 320 351
2.10 4.90 323 348
2.20 4.90 325 348
2.30 4.90 327 346
2.40 4.90 330 346
2.50 4.90 335 344
2.60 4.90 333 342
2.70 4.90 339 309
2.80 4.90 340 339
2.90 4.90 343 306
3.00 4.90 346 305
3.10 4.90 346 338
3.20 4.90 351 302
3.30 4.90 351 336
3.40 4.90 355 300
3.50 4.90 357 298
3.60 4.90 360 296
3.70 4.90 362 295
3.80 4.90 365 294
3.90 4.90 367 292
4.00 4.90 369 326
4.10 4.90 372 290
4.20 4.90 376 322
4.30 4.90 376 287
4.40 4.90 378 286
4.50 4.90 382 284
4.60 4.90 383 283
4.70 4.90 386 281
4.80 4.90 388 279
4.90 4.90 390 277
5.00 4.90 393 277
5.10 4.90 395 275
5.20 4.90 397 273
5.30 4.90 400 271
5.40 4.90 402 270
5.50 4.90 405 269
5.60 4.90 407 267
5.70 4.90 409 266
5.80 4.90 411 263
5.90 4.90 413 262
6.00 4.90 416 261
6.10 4.90 418 259
6.20 4.90 420 258
6.30 4.90 423 256
6.40 4.90 425 254
6.50 4.90 427 252
6.60 4.90 429 251
6.70 4.90 431 249
6.80 4.90 434 248
6.90 4.90 436 246
7.00 4.90 438 245
7.10 4.90 440 243
7.20 4.90 442 240
7.30 4.90 444 239
7.40 4.90 447 237
7.50 4.90 449 235
7.60 4.90 468 283
7.70 4.90 468 283
7.80 4.90 469 283
7.90 4.90 470 281
8.00 4.90 471 278
8.10 4.90 474 279
8.20 4.90 478 275
8.30 4.90 481 276
8.40 4.90 482 274
8.50 4.90 485 271
8.60 4.90 487 271
8.70 4.90 489 272
8.80 4.90 491 266
8.90 4.90 484 232
9.00 4.90 499 266
9.10 4.90 503 262
-9.00 5.00 11 496
-8.90 5.00 11 495
-8.80 5.00 13 494
-8.70 5.00 14 492
-8.60 5.00 17 491
-8.50 5.00 18 489
-8.40 5.00 20 487
-8.30 5.00 23 486
-8.20 5.00 25 484
-8.10 5.00 28 481
-8.00 5.00 32 478
-7.90 5.00 36 476
-7.80 5.00 40 475
-7.70 5.00 46 472
-7.60 5.00 48 470
-7.50 5.00 54 468
-7.40 5.00 56 467
-7.30 5.00 58 466
-7.20 5.00 64 464
-7.10 5.00 66 463
-7.00 5.00 69 463
-6.90 5.00 72 462
-6.80 5.00 74 460
-6.70 5.00 77 459
-6.60 5.00 80 456
-6.50 5.00 80 452
-6.40 5.00 0 0
-6.30 5.00 0 0
-6.20 5.00 0 0
-6.10 5.00 0 0
-6.00 5.00 0 0
-5.90 5.00 103 457
-5.80 5.00 104 455
-5.70 5.00 109 455
-5.60 5.00 111 455
-5.50 5.00 114 455
-5.40 5.00 116 454
-5.30 5.00 118 454
-5.20 5.00 120 453
-5.10 5.00 124 452
-5.00 5.00 126 449
-4.90 5.00 129 448
-4.80 5.00 132 446
-4.70 5.00 135 445
-4.60 5.00 139 443
-4.50 5.00 142 441
-4.40 5.00 145 439
-4.30 5.00 149 437
-4.20 5.00 152 436
-4.10 5.00 154 434
-4.00 5.00 155 434
-3.90 5.00 157 434
-3.80 5.00 172 396
-3.70 5.00 174 394
-3.60 5.00 177 394
-3.50 5.00 180 392
-3.40 5.00 183 390
-3.30 5.00 187 389
-3.20 5.00 191 368
-3.10 5.00 194 368
-3.00 5.00 195 368
-2.90 5.00 198 367
-2.80 5.00 0 0
-2.70 5.00 204 366
-2.60 5.00 206 364
-2.50 5.00 208 364
-2.40 5.00 0 0
-2.30 5.00 214 363
-2.20 5.00 216 362
-2.10 5.00 215 418
-2.00 5.00 215 418
-1.90 5.00 221 418
-1.80 5.00 224 417
-1.70 5.00 226 417
-1.60 5.00 229 416
-1.50 5.00 231 416
-1.40 5.00 234 415
-1.30 5.00 237 415
-1.20 5.00 240 413
-1.10 5.00 243 412
-1.00 5.00 246 411
-0.90 5.00 248 410
-0.80 5.00 252 409
-0.70 5.00 253 407
-0.60 5.00 256 406
-0.50 5.00 259 404
-0.40 5.00 261 404
-0.30 5.00 265 403
-0.20 5.00 267 402
-0.10 5.00 272 402
-0.00 5.00 270 372
0.10 5.00 274 371
0.20 5.00 276 370
0.30 5.00 278 368
0.40 5.00 281 368
0.50 5.00 284 368
0.60 5.00 286 366
0.70 5.00 289 365
0.80 5.00 291 364
0.90 5.00 294 364
1.00 5.00 295 362
1.10 5.00 298 360
1.20 5.00 301 360
1.30 5.00 304 359
1.40 5.00 305 357
1.50 5.00 309 357
1.60 5.00 312 356
1.70 5.00 313 355
1.80 5.00 316 353
1.90 5.00 320 351
2.00 5.00 323 350
2.10 5.00 324 350
2.20 5.00 325 349
2.30 5.00 328 348
2.40 5.00 333 314
2.50 5.00 336 345
2.60 5.00 336 345
2.70 5.00 341 344
2.80 5.00 344 341
2.90 5.00 345 340
3.00 5.00 347 306
3.10 5.00 349 337
3.20 5.00 353 303
3.30 5.00 354 302
3.40 5.00 357 300
3.50 5.00 360 299
3.60 5.00 357 330
3.70 5.00 364 297
3.80 5.00 367 294
3.90 5.00 369 294
4.00 5.00 371 292
4.10 5.00 374 291
4.20 5.00 376 290
4.30 5.00 379 288
4.40 5.00 380 287
4.50 5.00 383 285
4.60 5.00 385 283
4.70 5.00 387 281
4.80 5.00 390 280
4.90 5.00 392 278
5.00 5.00 395 277
5.10 5.00 397 276
5.20 5.00 399 274
5.30 5.00 402 273
5.40 5.00 404 271
5.50 5.00 407 270
5.60 5.00 408 268
5.70 5.00 410 266
5.80 5.00 412 265
5.90 5.00 416 263
6.00 5.00 418 262
6.10 5.00 420 260
6.20 5.00 422 258
6.30 5.00 424 256
6.40 5.00 426 255
6.50 5.00 428 253
6.60 5.00 431 252
6.70 5.00 433 250
6.80 5.00 435 248
6.90 5.00 438 247
7.00 5.00 440 245
7.10 5.00 442 243
7.20 5.00 467 290
7.30 5.00 446 240
7.40 5.00 448 238
7.50 5.00 449 237
7.60 5.00 467 286
7.70 5.00 469 285
7.80 5.00 470 283
7.90 5.00 471 281
8.00 5.00 472 281
8.10 5.00 476 279
8.20 5.00 480 278
8.30 5.00 483 277
8.40 5.00 486 276
8.50 5.00 486 274
8.60 5.00 489 274
8.70 5.00 492 274
8.80 5.00 482 234
8.90 5.00 501 266
9.00 5.00 502 268
9.10 5.00 505 264
-9.00 5.10 11 497
-8.90 5.10 12 496
-8.80 5.10 15 495
-8.70 5.10 15 494
-8.60 5.10 18 492
-8.50 5.10 19 491
-8.40 5.10 21 488
-8.30 5.10 24 487
-8.20 5.10 27 485
-8.10 5.10 31 483
-8.00 5.10 35 480
-7.90 5.10 37 478
-7.80 5.10 42 476
-7.70 5.10 46 474
-7.60 5.10 50 472
-7.50 5.10 54 471
-7.40 5.10 57 468
-7.30 5.10 61 467
-7.20 5.10 65 466
-7.10 5.10 68 465
-7.00 5.10 71 464
-6.90 5.10 74 462
-6.80 5.10 75 461
-6.70 5.10 78 460
-6.60 5.10 82 458
-6.50 5.10 82 454
-6.40 5.10 0 0
-6.30 5.10 0 0
-6.20 5.10 0 0
-6.10 5.10 0 0
-6.00 5.10 0 0
-5.90 5.10 105 457
-5.80 5.10 106 457
-5.70 5.10 111 456
-5.60 5.10 112 456
-5.50 5.10 115 456
-5.40 5.10 117 455
-5.30 5.10 119 455
-5.20 5.10 123 454
-5.10 5.10 125 453
-5.00 5.10 128 451
-4.90 5.10 131 451
-4.80 5.10 133 448
-4.70 5.10 137 446
-4.60 5.10 140 444
-4.50 5.10 144 443
-4.40 5.10 146 441
-4.30 5.10 151 440
-4.20 5.10 154 437
-4.10 5.10 156 436
-4.00 5.10 157 434
-3.90 5.10 158 434
-3.80 5.10 173 397
-3.70 5.10 176 396
-3.60 5.10 179 395
-3.50 5.10 182 394
-3.40 5.10 184 392
-3.30 5.10 187 391
-3.20 5.10 190 390
-3.10 5.10 195 369
-3.00 5.10 0 0
-2.90 5.10 199 368
-2.80 5.10 203 368
-2.70 5.10 205 366
-2.60 5.10 208 366
-2.50 5.10 210 365
-2.40 5.10 213 365
-2.30 5.10 0 0
-2.20 5.10 0 0
-2.10 5.10 220 362
-2.00 5.10 214 417
-1.90 5.10 223 418
-1.80 5.10 226 418
-1.70 5.10 226 417
-1.60 5.10 230 417
-1.50 5.10 233 416
-1.40 5.10 236 416
-1.30 5.10 238 415
-1.20 5.10 242 414
-1.10 5.10 245 413
-1.00 5.10 248 412
-0.90 5.10 251 411
-0.80 5.10 252 410
-0.70 5.10 255 408
-0.60 5.10 259 407
-0.50 5.10 261 406
-0.40 5.10 263 405
-0.30 5.10 267 404
-0.20 5.10 269 403
-0.10 5.10 271 403
-0.00 5.10 274 402
0.10 5.10 277 402
0.20 5.10 278 371
0.30 5.10 281 371
0.40 5.10 284 370
0.50 5.10 285 368
0.60 5.10 287 368
0.70 5.10 290 366
0.80 5.10 293 365
0.90 5.10 295 364
1.00 5.10 298 364
1.10 5.10 299 362
1.20 5.10 303 361
1.30 5.10 306 359
1.40 5.10 308 361
1.50 5.10 312 358
1.60 5.10 316 357
1.70 5.10 316 355
1.80 5.10 319 322
1.90 5.10 322 353
2.00 5.10 324 320
2.10 5.10 327 351
2.20 5.10 328 350
2.30 5.10 332 348
2.40 5.10 335 315
2.50 5.10 337 313
2.60 5.10 338 345
2.70 5.10 340 344
2.80 5.10 344 343
2.90 5.10 345 341
3.00 5.10 349 307
3.10 5.10 352 306
3.20 5.10 353 305
3.30 5.10 356 303
3.40 5.10 358 302
3.50 5.10 361 300
3.60 5.10 364 299
3.70 5.10 365 297
3.80 5.10 369 295
3.90 5.10 371 294
4.00 5.10 374 293
4.10 5.10 375 292
4.20 5.10 378 290
4.30 5.10 380 289
4.40 5.10 382 287
4.50 5.10 385 286
4.60 5.10 387 284
4.70 5.10 389 282
4.80 5.10 392 281
4.90 5.10 394 280
5.00 5.10 396 278
5.10 5.10 398 277
5.20 5.10 401 275
5.30 5.10 403 274
5.40 5.10 405 272
5.50 5.10 408 270
5.60 5.10 410 269
5.70 5.10 412 267
5.80 5.10 415 266
5.90 5.10 417 264
6.00 5.10 420 262
6.10 5.10 422 261
6.20 5.10 424 259
6.30 5.10 426 257
6.40 5.10 428 256
6.50 5.10 431 254
6.60 5.10 432 252
6.70 5.10 435 251
6.80 5.10 437 249
6.90 5.10 439 247
7.00 5.10 441 246
7.10 5.10 465 293
7.20 5.10 446 243
7.30 5.10 448 241
7.40 5.10 450 240
7.50 5.10 450 238
7.60 5.10 469 287
7.70 5.10 470 285
7.80 5.10 472 285
7.90 5.10 473 284
8.00 5.10 476 281
8.10 5.10 479 282
8.20 5.10 484 279
8.30 5.10 486 281
8.40 5.10 487 276
8.50 5.10 488 276
8.60 5.10 491 276
8.70 5.10 494 273
8.80 5.10 495 269
8.90 5.10 503 268
9.00 5.10 507 267
9.10 5.10 505 265
-9.00 5.20 12 498
-8.90 5.20 12 497
-8.80 5.20 15 496
-8.70 5.20 17 495
-8.60 5.20 18 494
-8.50 5.20 21 492
-8.40 5.20 23 490
-8.30 5.20 26 489
-8.20 5.20 29 487
-8.10 5.20 33 484
-8.00 5.20 36 482
-7.90 5.20 40 481
-7.80 5.20 44 478
-7.70 5.20 47 476
-7.60 5.20 52 474
-7.50 5.20 56 472
-7.40 5.20 60 470
-7.30 5.20 63 469
-7.20 5.20 65 468
-7.10 5.20 69 466
-7.00 5.20 71 465
-6.90 5.20 74 463
-6.80 5.20 77 462
-6.70 5.20 80 461
-6.60 5.20 83 459
-6.50 5.20 84 456
-6.40 5.20 0 0
-6.30 5.20 0 0
-6.20 5.20 0 0
-6.10 5.20 0 0
-6.00 5.20 0 0
-5.90 5.20 109 461
-5.80 5.20 110 459
-5.70 5.20 114 459
-5.60 5.20 113 457
-5.50 5.20 116 457
-5.40 5.20 118 456
-5.30 5.20 121 456
-5.20 5.20 124 455
-5.10 5.20 127 453
-5.00 5.20 129 452
-4.90 5.20 132 452
-4.80 5.20 134 450
-4.70 5.20 139 449
-4.60 5.20 142 447
-4.50 5.20 145 445
-4.40 5.20 148 444
-4.30 5.20 153 441
-4.20 5.20 157 439
-4.10 5.20 158 437
-4.00 5.20 169 402
-3.90 5.20 162 435
-3.80 5.20 175 399
-3.70 5.20 178 397
-3.60 5.20 181 396
-3.50 5.20 184 394
-3.40 5.20 185 393
-3.30 5.20 189 392
-3.20 5.20 192 391
-3.10 5.20 194 391
-3.00 5.20 199 370
-2.90 5.20 200 369
-2.80 5.20 204 368
-2.70 5.20 206 368
-2.60 5.20 210 367
-2.50 5.20 213 366
-2.40 5.20 214 366
-2.30 5.20 217 365
-2.20 5.20 219 365
-2.10 5.20 223 363
-2.00 5.20 0 0
-1.90 5.20 218 419
-1.80 5.20 226 419
-1.70 5.20 228 419
-1.60 5.20 233 418
-1.50 5.20 235 417
-1.40 5.20 237 417
-1.30 5.20 240 416
-1.20 5.20 243 415
-1.10 5.20 246 414
-1.00 5.20 250 413
-0.90 5.20 253 412
-0.80 5.20 255 410
-0.70 5.20 258 410
-0.60 5.20 260 409
-0.50 5.20 263 407
-0.40 5.20 266 406
-0.30 5.20 268 405
-0.20 5.20 270 404
-0.10 5.20 274 403
-0.00 5.20 276 402
0.10 5.20 279 401
0.20 5.20 281 401
0.30 5.20 286 401
0.40 5.20 285 370
0.50 5.20 286 369
0.60 5.20 290 368
0.70 5.20 291 368
0.80 5.20 294 366
0.90 5.20 296 366
1.00 5.20 301 364
1.10 5.20 303 362
1.20 5.20 306 362
1.30 5.20 308 361
1.40 5.20 307 362
1.50 5.20 312 359
1.60 5.20 315 356
1.70 5.20 317 356
1.80 5.20 322 324
1.90 5.20 322 354
2.00 5.20 324 352
2.10 5.20 325 351
2.20 5.20 330 350
2.30 5.20 334 317
2.40 5.20 336 316
2.50 5.20 338 314
2.60 5.20 343 346
2.70 5.20 345 345
2.80 5.20 346 345
2.90 5.20 348 310
3.00 5.20 350 308
3.10 5.20 354 307
3.20 5.20 356 306
3.30 5.20 358 304
3.40 5.20 361 302
3.50 5.20 363 301
3.60 5.20 365 299
3.70 5.20 368 298
3.80 5.20 370 297
3.90 5.20 372 296
4.00 5.20 375 294
4.10 5.20 377 293
4.20 5.20 379 291
4.30 5.20 381 289
4.40 5.20 384 288
4.50 5.20 386 287
4.60 5.20 389 285
4.70 5.20 391 283
4.80 5.20 394 282
4.90 5.20 395 280
5.00 5.20 398 279
5.10 5.20 400 278
5.20 5.20 403 276
5.30 5.20 405 274
5.40 5.20 407 273
5.50 5.20 409 271
5.60 5.20 412 269
5.70 5.20 414 268
5.80 5.20 416 266
5.90 5.20 419 264
6.00 5.20 421 263
6.10 5.20 423 261
6.20 5.20 425 260
6.30 5.20 427 258
6.40 5.20 430 257
6.50 5.20 432 255
6.60 5.20 434 254
6.70 5.20 436 251
6.80 5.20 439 250
6.90 5.20 441 248
7.00 5.20 443 247
7.10 5.20 445 245
7.20 5.20 447 243
7.30 5.20 449 242
7.40 5.20 451 240
7.50 5.20 469 290
7.60 5.20 470 289
7.70 5.20 470 287
7.80 5.20 473 286
7.90 5.20 476 284
8.00 5.20 480 283
8.10 5.20 482 282
8.20 5.20 486 282
8.30 5.20 487 281
8.40 5.20 488 279
8.50 5.20 490 277
8.60 5.20 490 275
8.70 5.20 485 238
8.80 5.20 486 237
8.90 5.20 0 0
9.00 5.20 506 267
9.10 5.20 506 266
-9.00 5.30 13 499
-8.90 5.30 14 498
-8.80 5.30 16 496
-8.70 5.30 18 496
-8.60 5.30 18 494
-8.50 5.30 22 494
-8.40 5.30 24 492
-8.30 5.30 28 491
-8.20 5.30 31 488
-8.10 5.30 34 486
-8.00 5.30 38 483
-7.90 5.30 42 481
-7.80 5.30 45 480
-7.70 5.30 49 478
-7.60 5.30 53 476
-7.50 5.30 57 474
-7.40 5.30 61 472
-7.30 5.30 64 471
-7.20 5.30 68 469
-7.10 5.30 69 467
-7.00 5.30 73 466
-6.90 5.30 76 464
-6.80 5.30 79 463
-6.70 5.30 81 462
-6.60 5.30 84 460
-6.50 5.30 87 458
-6.40 5.30 0 0
-6.30 5.30 0 0
-6.20 5.30 0 0
-6.10 5.30 0 0
-6.00 5.30 0 0
-5.90 5.30 0 0
-5.80 5.30 111 461
-5.70 5.30 115 460
-5.60 5.30 117 460
-5.50 5.30 118 458
-5.40 5.30 120 458
-5.30 5.30 123 456
-5.20 5.30 125 456
-5.10 5.30 128 455
-5.00 5.30 131 453
-4.90 5.30 134 453
-4.80 5.30 137 451
-4.70 5.30 140 450
-4.60 5.30 144 448
-4.50 5.30 148 446
-4.40 5.30 150 446
-4.30 5.30 154 445
-4.20 5.30 160 442
-4.10 5.30 161 441
-4.00 5.30 162 438
-3.90 5.30 173 402
-3.80 5.30 176 401
-3.70 5.30 179 399
-3.60 5.30 182 397
-3.50 5.30 185 396
-3.40 5.30 188 395
-3.30 5.30 191 393
-3.20 5.30 194 392
-3.10 5.30 196 391
-3.00 5.30 200 371
-2.90 5.30 203 370
-2.80 5.30 206 370
-2.70 5.30 0 0
-2.60 5.30 211 368
-2.50 5.30 214 367
-2.40 5.30 216 367
-2.30 5.30 218 366
-2.20 5.30 0 0
-2.10 5.30 0 0
-2.00 5.30 228 364
-1.90 5.30 230 363
-1.80 5.30 228 420
-1.70 5.30 231 419
-1.60 5.30 236 419
-1.50 5.30 236 418
-1.40 5.30 238 417
-1.30 5.30 242 417
-1.20 5.30 245 417
-1.10 5.30 249 416
-1.00 5.30 251 414
-0.90 5.30 254 413
-0.80 5.30 257 412
-0.70 5.30 259 411
-0.60 5.30 262 409
-0.50 5.30 265 408
-0.40 5.30 267 407
-0.30 5.30 270 405
-0.20 5.30 275 405
-0.10 5.30 275 404
-0.00 5.30 278 403
0.10 5.30 280 403
0.20 5.30 283 402
0.30 5.30 288 400
0.40 5.30 290 401
0.50 5.30 289 371
0.60 5.30 293 370
0.70 5.30 294 369
0.80 5.30 296 368
0.90 5.30 298 367
1.00 5.30 301 365
1.10 5.30 304 364
1.20 5.30 306 364
1.30 5.30 309 362
1.40 5.30 313 361
1.50 5.30 314 359
1.60 5.30 318 360
1.70 5.30 319 358
1.80 5.30 320 357
1.90 5.30 326 323
2.00 5.30 328 353
2.10 5.30 330 354
2.20 5.30 331 351
2.30 5.30 336 352
2.40 5.30 338 317
2.50 5.30 340 315
2.60 5.30 343 315
2.70 5.30 346 346
2.80 5.30 348 344
2.90 5.30 350 311
3.00 5.30 351 308
3.10 5.30 356 308
3.20 5.30 358 306
3.30 5.30 360 305
3.40 5.30 362 304
3.50 5.30 364 302
3.60 5.30 367 301
3.70 5.30 370 299
3.80 5.30 372 298
3.90 5.30 374 296
4.00 5.30 377 295
4.10 5.30 379 293
4.20 5.30 382 292
4.30 5.30 383 290
4.40 5.30 386 289
4.50 5.30 388 288
4.60 5.30 390 287
4.70 5.30 393 284
4.80 5.30 395 283
4.90 5.30 398 281
5.00 5.30 400 280
5.10 5.30 402 278
5.20 5.30 404 277
5.30 5.30 407 275
5.40 5.30 409 273
5.50 5.30 411 272
5.60 5.30 413 270
5.70 5.30 416 269
5.80 5.30 418 267
5.90 5.30 421 266
6.00 5.30 423 264
6.10 5.30 425 262
6.20 5.30 426 261
6.30 5.30 429 259
6.40 5.30 432 258
6.50 5.30 434 256
6.60 5.30 436 254
6.70 5.30 438 252
6.80 5.30 441 250
6.90 5.30 443 249
7.00 5.30 467 297
7.10 5.30 447 245
7.20 5.30 449 244
7.30 5.30 451 242
7.40 5.30 452 241
7.50 5.30 470 291
7.60 5.30 472 289
7.70 5.30 473 288
7.80 5.30 475 286
7.90 5.30 476 285
8.00 5.30 481 285
8.10 5.30 486 284
8.20 5.30 488 282
8.30 5.30 488 282
8.40 5.30 490 280
8.50 5.30 492 278
8.60 5.30 494 278
8.70 5.30 495 278
8.80 5.30 501 272
8.90 5.30 491 237
9.00 5.30 506 268
9.10 5.30 506 268
-9.00 5.40 13 500
-8.90 5.40 15 498
-8.80 5.40 16 498
-8.70 5.40 18 497
-8.60 5.40 20 496
-8.50 5.40 23 495
-8.40 5.40 26 494
-8.30 5.40 28 492
-8.20 5.40 32 490
-8.10 5.40 36 488
-8.00 5.40 40 485
-7.90 5.40 42 484
-7.80 5.40 46 481
-7.70 5.40 51 480
-7.60 5.40 54 477
-7.50 5.40 59 476
-7.40 5.40 63 474
-7.30 5.40 65 472
-7.20 5.40 68 471
-7.10 5.40 72 469
-7.00 5.40 75 467
-6.90 5.40 78 466
-6.80 5.40 80 464
-6.70 5.40 83 463
-6.60 5.40 86 462
-6.50 5.40 89 460
-6.40 5.40 0 0
-6.30 5.40 0 0
-6.20 5.40 0 0
-6.10 5.40 0 0
-6.00 5.40 0 0
-5.90 5.40 0 0
-5.80 5.40 116 463
-5.70 5.40 115 461
-5.60 5.40 117 461
-5.50 5.40 119 460
-5.40 5.40 122 459
-5.30 5.40 124 458
-5.20 5.40 127 457
-5.10 5.40 131 456
-5.00 5.40 133 455
-4.90 5.40 136 453
-4.80 5.40 139 452
-4.70 5.40 142 451
-4.60 5.40 146 450
-4.50 5.40 149 448
-4.40 5.40 152 448
-4.30 5.40 157 445
-4.20 5.40 160 443
-4.10 5.40 162 442
-4.00 5.40 164 441
-3.90 5.40 166 437
-3.80 5.40 178 402
-3.70 5.40 180 401
-3.60 5.40 184 399
-3.50 5.40 186 397
-3.40 5.40 189 396
-3.30 5.40 192 394
-3.20 5.40 195 394
-3.10 5.40 198 392
-3.00 5.40 200 392
-2.90 5.40 205 371
-2.80 5.40 208 370
-2.70 5.40 210 370
-2.60 5.40 213 369
-2.50 5.40 0 0
-2.40 5.40 218 368
-2.30 5.40 0 0
-2.20 5.40 0 0
-2.10 5.40 0 0
-2.00 5.40 228 364
-1.90 5.40 232 364
-1.80 5.40 232 420
-1.70 5.40 232 419
-1.60 5.40 236 419
-1.50 5.40 238 419
-1.40 5.40 241 418
-1.30 5.40 244 418
-1.20 5.40 247 417
-1.10 5.40 250 416
-1.00 5.40 254 415
-0.90 5.40 256 415
-0.80 5.40 260 413
-0.70 5.40 261 411
-0.60 5.40 265 410
-0.50 5.40 267 409
-0.40 5.40 270 408
-0.30 5.40 272 407
-0.20 5.40 275 406
-0.10 5.40 278 405
-0.00 5.40 280 403
0.10 5.40 284 403
0.20 5.40 285 402
0.30 5.40 290 401
0.40 5.40 290 401
0.50 5.40 290 371
0.60 5.40 294 371
0.70 5.40 297 368
0.80 5.40 297 369
0.90 5.40 302 368
1.00 5.40 308 370
1.10 5.40 305 365
1.20 5.40 308 364
1.30 5.40 311 363
1.40 5.40 313 362
1.50 5.40 315 361
1.60 5.40 318 360
1.70 5.40 320 358
1.80 5.40 323 357
1.90 5.40 327 355
2.00 5.40 326 353
2.10 5.40 332 322
2.20 5.40 332 354
2.30 5.40 337 353
2.40 5.40 340 318
2.50 5.40 342 316
2.60 5.40 344 349
2.70 5.40 347 314
2.80 5.40 349 312
2.90 5.40 352 311
3.00 5.40 354 310
3.10 5.40 358 308
3.20 5.40 359 307
3.30 5.40 361 306
3.40 5.40 364 304
3.50 5.40 367 303
3.60 5.40 368 301
3.70 5.40 372 336
3.80 5.40 374 298
3.90 5.40 376 298
4.00 5.40 379 296
4.10 5.40 380 294
4.20 5.40 383 293
4.30 5.40 385 292
4.40 5.40 387 290
4.50 5.40 390 289
4.60 5.40 392 287
4.70 5.40 394 285
4.80 5.40 397 283
4.90 5.40 399 282
5.00 5.40 402 281
5.10 5.40 404 280
5.20 5.40 406 278
5.30 5.40 408 276
5.40 5.40 410 275
5.50 5.40 413 273
5.60 5.40 415 271
5.70 5.40 418 270
5.80 5.40 420 268
5.90 5.40 422 266
6.00 5.40 425 265
6.10 5.40 426 263
6.20 5.40 429 262
6.30 5.40 431 260
6.40 5.40 433 259
6.50 5.40 435 257
6.60 5.40 438 255
6.70 5.40 439 253
6.80 5.40 442 252
6.90 5.40 444 250
7.00 5.40 467 296
7.10 5.40 449 246
7.20 5.40 451 245
7.30 5.40 452 243
7.40 5.40 469 292
7.50 5.40 470 293
7.60 5.40 474 291
7.70 5.40 475 290
7.80 5.40 478 288
7.90 5.40 481 287
8.00 5.40 485 287
8.10 5.40 486 285
8.20 5.40 489 284
8.30 5.40 490 282
8.40 5.40 491 282
8.50 5.40 495 280
8.60 5.40 499 280
8.70 5.40 489 240
8.80 5.40 491 239
8.90 5.40 508 272
9.00 5.40 508 272
9.10 5.40 0 0
-9.00 5.50 13 502
-8.90 5.50 15 500
-8.80 5.50 17 499
-8.70 5.50 19 498
-8.60 5.50 21 497
-8.50 5.50 23 496
-8.40 5.50 27 495
-8.30 5.50 30 494
-8.20 5.50 33 492
-8.10 5.50 39 489
-8.00 5.50 41 487
-7.90 5.50 45 484
-7.80 5.50 48 483
-7.70 5.50 52 481
-7.60 5.50 56 479
-7.50 5.50 59 478
-7.40 5.50 64 476
-7.30 5.50 66 475
-7.20 5.50 69 473
-7.10 5.50 72 471
-7.00 5.50 76 469
-6.90 5.50 80 467
-6.80 5.50 82 466
-6.70 5.50 85 464
-6.60 5.50 87 463
-6.50 5.50 91 461
-6.40 5.50 93 459
-6.30 5.50 0 0
-6.20 5.50 0 0
-6.10 5.50 0 0
-6.00 5.50 0 0
-5.90 5.50 0 0
-5.80 5.50 114 464
-5.70 5.50 118 463
-5.60 5.50 119 463
-5.50 5.50 122 462
-5.40 5.50 123 461
-5.30 5.50 127 460
-5.20 5.50 128 459
-5.10 5.50 132 457
-5.00 5.50 135 455
-4.90 5.50 137 454
-4.80 5.50 141 453
-4.70 5.50 144 452
-4.60 5.50 148 450
-4.50 5.50 151 449
-4.40 5.50 155 448
-4.30 5.50 157 447
-4.20 5.50 163 446
-4.10 5.50 163 444
-4.00 5.50 166 444
-3.90 5.50 169 439
-3.80 5.50 175 439
-3.70 5.50 180 440
-3.60 5.50 182 439
-3.50 5.50 187 439
-3.40 5.50 191 398
-3.30 5.50 194 395
-3.20 5.50 197 394
-3.10 5.50 200 393
-3.00 5.50 202 393
-2.90 5.50 206 372
-2.80 5.50 0 0
-2.70 5.50 212 370
-2.60 5.50 214 370
-2.50 5.50 0 0
-2.40 5.50 220 368
-2.30 5.50 222 367
-2.20 5.50 0 0
-2.10 5.50 0 0
-2.00 5.50 0 0
-1.90 5.50 0 0
-1.80 5.50 0 0
-1.70 5.50 0 0
-1.60 5.50 236 420
-1.50 5.50 240 420
-1.40 5.50 242 419
-1.30 5.50 246 418
-1.20 5.50 249 417
-1.10 5.50 252 417
-1.00 5.50 255 416
-0.90 5.50 257 415
-0.80 5.50 261 414
-0.70 5.50 264 413
-0.60 5.50 266 412
-0.50 5.50 269 410
-0.40 5.50 272 409
-0.30 5.50 274 408
-0.20 5.50 277 406
-0.10 5.50 279 405
-0.00 5.50 283 404
0.10 5.50 284 404
0.20 5.50 289 403
0.30 5.50 291 402
0.40 5.50 293 401
0.50 5.50 295 401
0.60 5.50 299 399
0.70 5.50 299 371
0.80 5.50 300 369
0.90 5.50 302 368
1.00 5.50 304 367
1.10 5.50 307 368
1.20 5.50 309 365
1.30 5.50 311 365
1.40 5.50 316 364
1.50 5.50 319 361
1.60 5.50 320 361
1.70 5.50 325 359
1.80 5.50 326 358
1.90 5.50 329 358
2.00 5.50 332 324
2.10 5.50 334 322
2.20 5.50 334 353
2.30 5.50 337 354
2.40 5.50 342 318
2.50 5.50 344 317
2.60 5.50 348 348
2.70 5.50 348 315
2.80 5.50 350 347
2.90 5.50 354 312
3.00 5.50 355 310
3.10 5.50 359 309
3.20 5.50 360 308
3.30 5.50 363 306
3.40 5.50 366 305
3.50 5.50 368 304
3.60 5.50 370 303
3.70 5.50 372 301
3.80 5.50 375 300
3.90 5.50 377 298
4.00 5.50 380 297
4.10 5.50 382 295
4.20 5.50 385 294
4.30 5.50 386 293
4.40 5.50 389 291
4.50 5.50 391 290
4.60 5.50 394 288
4.70 5.50 397 286
4.80 5.50 399 285
4.90 5.50 401 283
5.00 5.50 403 282
5.10 5.50 405 280
5.20 5.50 408 278
5.30 5.50 410 278
5.40 5.50 411 276
5.50 5.50 415 274
5.60 5.50 418 272
5.70 5.50 419 270
5.80 5.50 421 269
5.90 5.50 424 267
6.00 5.50 426 265
6.10 5.50 428 264
6.20 5.50 431 262
6.30 5.50 433 261
6.40 5.50 435 259
6.50 5.50 437 257
6.60 5.50 439 256
6.70 5.50 442 254
6.80 5.50 443 253
6.90 5.50 468 300
7.00 5.50 448 249
7.10 5.50 450 247
7.20 5.50 452 246
7.30 5.50 453 243
7.40 5.50 470 294
7.50 5.50 473 293
7.60 5.50 475 292
7.70 5.50 479 291
7.80 5.50 481 290
7.90 5.50 483 288
8.00 5.50 486 288
8.10 5.50 488 287
8.20 5.50 490 285
8.30 5.50 493 284
8.40 5.50 494 282
8.50 5.50 495 282
8.60 5.50 500 281
8.70 5.50 502 278
8.80 5.50 502 278
8.90 5.50 507 276
9.00 5.50 508 276
9.10 5.50 0 0
-9.00 5.60 15 502
-8.90 5.60 16 501
-8.80 5.60 18 500
-8.70 5.60 21 499
-8.60 5.60 23 498
-8.50 5.60 26 497
-8.40 5.60 29 496
-8.30 5.60 32 495
-8.20 5.60 36 494
-8.10 5.60 38 492
-8.00 5.60 42 488
-7.90 5.60 46 487
-7.80 5.60 50 485
-7.70 5.60 53 483
-7.60 5.60 57 481
-7.50 5.60 61 480
-7.40 5.60 65 477
-7.30 5.60 68 477
-7.20 5.60 70 474
-7.10 5.60 74 473
-7.00 5.60 77 471
-6.90 5.60 81 469
-6.80 5.60 84 467
-6.70 5.60 87 466
-6.60 5.60 90 465
-6.50 5.60 93 463
-6.40 5.60 94 462
-6.30 5.60 0 0
-6.20 5.60 0 0
-6.10 5.60 0 0
-6.00 5.60 0 0
-5.90 5.60 0 0
-5.80 5.60 117 464
-5.70 5.60 119 465
-5.60 5.60 122 464
-5.50 5.60 123 464
-5.40 5.60 126 462
-5.30 5.60 128 461
-5.20 5.60 131 460
-5.10 5.60 134 458
-5.00 5.60 137 457
-4.90 5.60 139 456
-4.80 5.60 143 454
-4.70 5.60 146 453
-4.60 5.60 150 451
-4.50 5.60 153 450
-4.40 5.60 156 450
-4.30 5.60 160 449
-4.20 5.60 164 447
-4.10 5.60 166 446
-4.00 5.60 168 445
-3.90 5.60 172 442
-3.80 5.60 181 442
-3.70 5.60 181 441
-3.60 5.60 184 440
-3.50 5.60 187 440
-3.40 5.60 192 398
-3.30 5.60 196 397
-3.20 5.60 199 396
-3.10 5.60 201 394
-3.00 5.60 204 394
-2.90 5.60 205 393
-2.80 5.60 0 0
-2.70 5.60 0 0
-2.60 5.60 216 371
-2.50 5.60 218 370
-2.40 5.60 0 0
-2.30 5.60 0 0
-2.20 5.60 226 368
-2.10 5.60 230 367
-2.00 5.60 232 366
-1.90 5.60 234 366
-1.80 5.60 0 0
-1.70 5.60 0 0
-1.60 5.60 236 420
-1.50 5.60 242 420
-1.40 5.60 243 419
-1.30 5.60 249 420
-1.20 5.60 251 418
-1.10 5.60 254 418
-1.00 5.60 257 417
-0.90 5.60 259 416
-0.80 5.60 262 415
-0.70 5.60 266 414
-0.60 5.60 268 413
-0.50 5.60 271 412
-0.40 5.60 274 411
-0.30 5.60 277 409
-0.20 5.60 281 408
-0.10 5.60 282 407
-0.00 5.60 284 406
0.10 5.60 288 404
0.20 5.60 291 404
0.30 5.60 293 403
0.40 5.60 296 402
0.50 5.60 298 401
0.60 5.60 300 400
0.70 5.60 305 399
0.80 5.60 307 399
0.90 5.60 305 369
1.00 5.60 306 369
1.10 5.60 311 368
1.20 5.60 312 367
1.30 5.60 314 365
1.40 5.60 316 364
1.50 5.60 320 363
1.60 5.60 325 361
1.70 5.60 325 359
1.80 5.60 328 328
1.90 5.60 327 358
2.00 5.60 331 355
2.10 5.60 335 356
2.20 5.60 339 322
2.30 5.60 339 352
2.40 5.60 343 319
2.50 5.60 346 318
2.60 5.60 347 317
2.70 5.60 351 315
2.80 5.60 353 314
2.90 5.60 355 312
3.00 5.60 358 311
3.10 5.60 360 344
3.20 5.60 362 309
3.30 5.60 365 308
3.40 5.60 368 306
3.50 5.60 370 305
3.60 5.60 373 303
3.70 5.60 374 302
3.80 5.60 377 300
3.90 5.60 379 299
4.00 5.60 382 298
4.10 5.60 385 296
4.20 5.60 387 295
4.30 5.60 388 293
4.40 5.60 391 292
4.50 5.60 394 290
4.60 5.60 395 289
4.70 5.60 398 287
4.80 5.60 400 285
4.90 5.60 402 284
5.00 5.60 405 283
5.10 5.60 407 281
5.20 5.60 409 279
5.30 5.60 411 278
5.40 5.60 414 276
5.50 5.60 416 275
5.60 5.60 418 274
5.70 5.60 421 271
5.80 5.60 423 270
5.90 5.60 425 268
6.00 5.60 428 266
6.10 5.60 430 265
6.20 5.60 432 263
6.30 5.60 434 262
6.40 5.60 437 260
6.50 5.60 439 258
6.60 5.60 441 257
6.70 5.60 443 255
6.80 5.60 446 253
6.90 5.60 468 302
7.00 5.60 470 299
7.10 5.60 452 248
7.20 5.60 453 247
7.30 5.60 468 294
7.40 5.60 473 295
7.50 5.60 475 294
7.60 5.60 477 293
7.70 5.60 479 292
7.80 5.60 482 290
7.90 5.60 485 289
8.00 5.60 488 288
8.10 5.60 489 287
8.20 5.60 491 287
8.30 5.60 492 286
8.40 5.60 495 284
8.50 5.60 496 282
8.60 5.60 503 279
8.70 5.60 504 280
8.80 5.60 508 276
8.90 5.60 509 276
9.00 5.60 508 277
9.10 5.60 0 0
-9.00 5.70 16 502
-8.90 5.70 17 502
-8.80 5.70 19 501
-8.70 5.70 22 500
-8.60 5.70 24 499
-8.50 5.70 27 498
-8.40 5.70 31 497
-8.30 5.70 34 496
-8.20 5.70 37 495
-8.10 5.70 41 493
-8.00 5.70 45 490
-7.90 5.70 48 489
-7.80 5.70 51 486
-7.70 5.70 55 485
-7.60 5.70 58 483
-7.50 5.70 62 482
-7.40 5.70 66 479
-7.30 5.70 69 478
-7.20 5.70 71 476
-7.10 5.70 76 474
-7.00 5.70 79 472
-6.90 5.70 82 470
-6.80 5.70 86 469
-6.70 5.70 89 468
-6.60 5.70 91 467
-6.50 5.70 96 465
-6.40 5.70 96 464
-6.30 5.70 0 0
-6.20 5.70 0 0
-6.10 5.70 0 0
-6.00 5.70 0 0
-5.90 5.70 0 0
-5.80 5.70 115 468
-5.70 5.70 122 467
-5.60 5.70 124 467
-5.50 5.70 126 465
-5.40 5.70 128 465
-5.30 5.70 130 464
-5.20 5.70 133 462
-5.10 5.70 135 459
-5.00 5.70 138 459
-4.90 5.70 142 458
-4.80 5.70 145 456
-4.70 5.70 149 454
-4.60 5.70 152 452
-4.50 5.70 156 452
-4.40 5.70 159 451
-4.30 5.70 162 450
-4.20 5.70 165 448
-4.10 5.70 167 447
-4.00 5.70 170 446
-3.90 5.70 174 444
-3.80 5.70 178 443
-3.70 5.70 183 441
-3.60 5.70 185 440
-3.50 5.70 189 440
-3.40 5.70 188 440
-3.30 5.70 192 440
-3.20 5.70 201 396
-3.10 5.70 203 395
-3.00 5.70 205 394
-2.90 5.70 207 394
-2.80 5.70 213 373
-2.70 5.70 0 0
-2.60 5.70 0 0
-2.50 5.70 220 372
-2.40 5.70 0 0
-2.30 5.70 226 370
-2.20 5.70 228 369
-2.10 5.70 0 0
-2.00 5.70 233 368
-1.90 5.70 237 366
-1.80 5.70 0 0
-1.70 5.70 0 0
-1.60 5.70 245 421
-1.50 5.70 246 420
-1.40 5.70 247 420
-1.30 5.70 249 420
-1.20 5.70 251 420
-1.10 5.70 254 419
-1.00 5.70 258 418
-0.90 5.70 261 417
-0.80 5.70 264 416
-0.70 5.70 267 415
-0.60 5.70 270 413
-0.50 5.70 273 413
-0.40 5.70 276 411
-0.30 5.70 279 411
-0.20 5.70 283 409
-0.10 5.70 284 407
-0.00 5.70 288 407
0.10 5.70 290 405
0.20 5.70 293 404
0.30 5.70 295 404
0.40 5.70 297 403
0.50 5.70 299 402
0.60 5.70 303 401
0.70 5.70 307 400
0.80 5.70 310 399
0.90 5.70 310 398
1.00 5.70 314 398
1.10 5.70 310 369
1.20 5.70 314 368
1.30 5.70 314 365
1.40 5.70 319 366
1.50 5.70 323 331
1.60 5.70 324 362
1.70 5.70 327 363
1.80 5.70 330 328
1.90 5.70 329 362
2.00 5.70 336 326
2.10 5.70 337 324
2.20 5.70 339 354
2.30 5.70 340 356
2.40 5.70 345 320
2.50 5.70 346 319
2.60 5.70 351 318
2.70 5.70 352 317
2.80 5.70 355 315
2.90 5.70 357 314
3.00 5.70 359 312
3.10 5.70 362 311
3.20 5.70 364 310
3.30 5.70 367 308
3.40 5.70 370 307
3.50 5.70 372 306
3.60 5.70 374 339
3.70 5.70 376 303
3.80 5.70 379 301
3.90 5.70 381 300
4.00 5.70 384 299
4.10 5.70 386 296
4.20 5.70 388 296
4.30 5.70 391 294
4.40 5.70 392 293
4.50 5.70 395 291
4.60 5.70 397 290
4.70 5.70 400 287
4.80 5.70 402 286
4.90 5.70 404 285
5.00 5.70 407 283
5.10 5.70 409 282
5.20 5.70 411 279
5.30 5.70 413 278
5.40 5.70 416 277
5.50 5.70 418 276
5.60 5.70 420 274
5.70 5.70 422 272
5.80 5.70 424 271
5.90 5.70 428 269
6.00 5.70 429 267
6.10 5.70 432 265
6.20 5.70 434 264
6.30 5.70 437 262
6.40 5.70 438 261
6.50 5.70 440 259
6.60 5.70 443 257
6.70 5.70 445 256
6.80 5.70 467 304
6.90 5.70 449 252
7.00 5.70 451 250
7.10 5.70 453 249
7.20 5.70 454 248
7.30 5.70 473 298
7.40 5.70 474 297
7.50 5.70 476 295
7.60 5.70 479 295
7.70 5.70 482 293
7.80 5.70 484 292
7.90 5.70 486 290
8.00 5.70 490 290
8.10 5.70 490 289
8.20 5.70 494 288
8.30 5.70 495 284
8.40 5.70 497 285
8.50 5.70 500 283
8.60 5.70 505 281
8.70 5.70 507 280
8.80 5.70 508 279
8.90 5.70 508 277
9.00 5.70 508 276
9.10 5.70 0 0
-9.00 5.80 16 504
-8.90 5.80 17 502
-8.80 5.80 20 501
-8.70 5.80 23 501
-8.60 5.80 26 500
-8.50 5.80 29 499
-8.40 5.80 32 498
-8.30 5.80 36 497
-8.20 5.80 39 496
-8.10 5.80 43 494
-8.00 5.80 47 492
-7.90 5.80 50 490
-7.80 5.80 52 488
-7.70 5.80 56 487
-7.60 5.80 60 485
-7.50 5.80 64 482
-7.40 5.80 67 481
-7.30 5.80 70 479
-7.20 5.80 74 478
-7.10 5.80 77 476
-7.00 5.80 81 474
-6.90 5.80 84 473
-6.80 5.80 87 471
-6.70 5.80 91 469
-6.60 5.80 93 467
-6.50 5.80 97 466
-6.40 5.80 98 466
-6.30 5.80 99 464
-6.20 5.80 0 0
-6.10 5.80 0 0
-6.00 5.80 0 0
-5.90 5.80 0 0
-5.80 5.80 0 0
-5.70 5.80 122 469
-5.60 5.80 125 468
-5.50 5.80 128 468
-5.40 5.80 129 467
-5.30 5.80 132 466
-5.20 5.80 135 463
-5.10 5.80 138 462
-5.00 5.80 141 459
-4.90 5.80 144 460
-4.80 5.80 147 458
-4.70 5.80 151 456
-4.60 5.80 155 454
-4.50 5.80 158 453
-4.40 5.80 160 451
-4.30 5.80 163 450
-4.20 5.80 167 449
-4.10 5.80 169 448
-4.00 5.80 172 447
-3.90 5.80 176 445
-3.80 5.80 179 444
-3.70 5.80 184 443
-3.60 5.80 187 441
-3.50 5.80 188 441
-3.40 5.80 190 440
-3.30 5.80 191 439
-3.20 5.80 202 398
-3.10 5.80 204 397
-3.00 5.80 208 395
-2.90 5.80 210 395
-2.80 5.80 212 395
-2.70 5.80 0 0
-2.60 5.80 219 373
-2.50 5.80 221 373
-2.40 5.80 0 0
-2.30 5.80 0 0
-2.20 5.80 0 0
-2.10 5.80 234 369
-2.00 5.80 0 0
-1.90 5.80 0 0
-1.80 5.80 240 367
-1.70 5.80 243 366
-1.60 5.80 0 0
-1.50 5.80 243 421
-1.40 5.80 251 422
-1.30 5.80 251 421
-1.20 5.80 255 420
-1.10 5.80 257 419
-1.00 5.80 259 419
-0.90 5.80 263 417
-0.80 5.80 264 417
-0.70 5.80 269 416
-0.60 5.80 271 415
-0.50 5.80 276 413
-0.40 5.80 279 413
-0.30 5.80 282 411
-0.20 5.80 284 410
-0.10 5.80 287 409
-0.00 5.80 289 408
0.10 5.80 291 406
0.20 5.80 294 405
0.30 5.80 297 404
0.40 5.80 301 403
0.50 5.80 301 402
0.60 5.80 304 402
0.70 5.80 309 400
0.80 5.80 312 400
0.90 5.80 315 399
1.00 5.80 316 399
1.10 5.80 319 398
1.20 5.80 323 397
1.30 5.80 317 369
1.40 5.80 320 367
1.50 5.80 324 366
1.60 5.80 326 365
1.70 5.80 330 330
1.80 5.80 332 329
1.90 5.80 334 327
2.00 5.80 337 327
2.10 5.80 339 358
2.20 5.80 342 324
2.30 5.80 344 322
2.40 5.80 346 321
2.50 5.80 349 320
2.60 5.80 352 319
2.70 5.80 354 318
2.80 5.80 356 316
2.90 5.80 358 315
3.00 5.80 361 314
3.10 5.80 363 312
3.20 5.80 366 310
3.30 5.80 368 309
3.40 5.80 371 308
3.50 5.80 373 306
3.60 5.80 376 305
3.70 5.80 378 304
3.80 5.80 380 303
3.90 5.80 384 300
4.00 5.80 385 300
4.10 5.80 387 298
4.20 5.80 390 295
4.30 5.80 392 295
4.40 5.80 394 293
4.50 5.80 397 292
4.60 5.80 399 290
4.70 5.80 402 288
4.80 5.80 404 287
4.90 5.80 405 286
5.00 5.80 408 284
5.10 5.80 410 283
5.20 5.80 414 281
5.30 5.80 415 279
5.40 5.80 418 278
5.50 5.80 420 276
5.60 5.80 422 275
5.70 5.80 425 273
5.80 5.80 427 272
5.90 5.80 429 270
6.00 5.80 431 268
6.10 5.80 433 266
6.20 5.80 436 265
6.30 5.80 437 263
6.40 5.80 440 261
6.50 5.80 442 260
6.60 5.80 445 258
6.70 5.80 447 257
6.80 5.80 449 254
6.90 5.80 451 253
7.00 5.80 453 251
7.10 5.80 455 250
7.20 5.80 473 300
7.30 5.80 473 299
7.40 5.80 476 299
7.50 5.80 478 297
7.60 5.80 481 296
7.70 5.80 484 294
7.80 5.80 485 292
7.90 5.80 488 292
8.00 5.80 490 290
8.10 5.80 493 289
8.20 5.80 495 289
8.30 5.80 499 286
8.40 5.80 501 286
8.50 5.80 502 287
8.60 5.80 504 284
8.70 5.80 507 280
8.80 5.80 508 278
8.90 5.80 508 278
9.00 5.80 0 0
9.10 5.80 0 0
-9.00 5.90 17 504
-8.90 5.90 18 504
-8.80 5.90 20 503
-8.70 5.90 25 502
-8.60 5.90 27 501
-8.50 5.90 29 500
-8.40 5.90 34 499
-8.30 5.90 37 498
-8.20 5.90 40 497
-8.10 5.90 44 495
-8.00 5.90 48 494
-7.90 5.90 51 492
-7.80 5.90 53 490
-7.70 5.90 58 488
-7.60 5.90 61 485
-7.50 5.90 65 484
-7.40 5.90 69 482
-7.30 5.90 72 481
-7.20 5.90 75 479
-7.10 5.90 79 477
-7.00 5.90 83 475
-6.90 5.90 85 475
-6.80 5.90 89 472
-6.70 5.90 91 471
-6.60 5.90 95 470
-6.50 5.90 98 468
-6.40 5.90 101 467
-6.30 5.90 103 464
-6.20 5.90 0 0
-6.10 5.90 0 0
-6.00 5.90 0 0
-5.90 5.90 0 0
-5.80 5.90 129 475
-5.70 5.90 125 472
-5.60 5.90 127 470
-5.50 5.90 129 469
-5.40 5.90 131 466
-5.30 5.90 134 467
-5.20 5.90 137 465
-5.10 5.90 141 464
-5.00 5.90 143 462
-4.90 5.90 146 461
-4.80 5.90 150 459
-4.70 5.90 152 458
-4.60 5.90 156 456
-4.50 5.90 159 454
-4.40 5.90 162 453
-4.30 5.90 164 451
-4.20 5.90 168 450
-4.10 5.90 170 450
-4.00 5.90 174 448
-3.90 5.90 177 446
-3.80 5.90 180 445
-3.70 5.90 185 443
-3.60 5.90 188 442
-3.50 5.90 191 442
-3.40 5.90 192 441
-3.30 5.90 195 440
-3.20 5.90 198 440
-3.10 5.90 206 398
-3.00 5.90 209 397
-2.90 5.90 211 395
-2.80 5.90 214 395
-2.70 5.90 0 0
-2.60 5.90 222 374
-2.50 5.90 224 374
-2.40 5.90 226 372
-2.30 5.90 229 372
-2.20 5.90 0 0
-2.10 5.90 0 0
-2.00 5.90 0 0
-1.90 5.90 240 369
-1.80 5.90 242 368
-1.70 5.90 244 367
-1.60 5.90 249 366
-1.50 5.90 250 365
-1.40 5.90 254 421
-1.30 5.90 251 421
-1.20 5.90 257 421
-1.10 5.90 259 420
-1.00 5.90 261 419
-0.90 5.90 263 419
-0.80 5.90 268 418
-0.70 5.90 270 417
-0.60 5.90 274 416
-0.50 5.90 277 414
-0.40 5.90 279 414
-0.30 5.90 283 413
-0.20 5.90 286 411
-0.10 5.90 289 410
-0.00 5.90 292 409
0.10 5.90 294 408
0.20 5.90 297 406
0.30 5.90 300 405
0.40 5.90 301 404
0.50 5.90 304 403
0.60 5.90 307 403
0.70 5.90 309 401
0.80 5.90 313 400
0.90 5.90 315 399
1.00 5.90 318 398
1.10 5.90 321 398
1.20 5.90 323 397
1.30 5.90 326 396
1.40 5.90 331 395
1.50 5.90 325 366
1.60 5.90 326 364
1.70 5.90 331 363
1.80 5.90 334 362
1.90 5.90 335 362
2.00 5.90 337 360
2.10 5.90 341 326
2.20 5.90 343 324
2.30 5.90 346 323
2.40 5.90 348 322
2.50 5.90 351 321
2.60 5.90 353 320
2.70 5.90 355 319
2.80 5.90 358 317
2.90 5.90 361 316
3.00 5.90 363 314
3.10 5.90 366 313
3.20 5.90 368 312
3.30 5.90 370 310
3.40 5.90 372 308
3.50 5.90 374 307
3.60 5.90 377 306
3.70 5.90 380 304
3.80 5.90 382 303
3.90 5.90 384 301
4.00 5.90 388 300
4.10 5.90 390 298
4.20 5.90 392 297
4.30 5.90 394 296
4.40 5.90 396 294
4.50 5.90 399 293
4.60 5.90 401 291
4.70 5.90 404 289
4.80 5.90 405 288
4.90 5.90 407 287
5.00 5.90 410 285
5.10 5.90 412 284
5.20 5.90 415 282
5.30 5.90 417 280
5.40 5.90 419 279
5.50 5.90 421 277
5.60 5.90 424 276
5.70 5.90 426 274
5.80 5.90 428 272
5.90 5.90 430 271
6.00 5.90 456 321
6.10 5.90 435 267
6.20 5.90 437 266
6.30 5.90 462 314
6.40 5.90 463 311
6.50 5.90 445 260
6.60 5.90 446 259
6.70 5.90 448 257
6.80 5.90 450 255
6.90 5.90 452 254
7.00 5.90 455 252
7.10 5.90 462 265
7.20 5.90 475 302
7.30 5.90 476 299
7.40 5.90 476 299
7.50 5.90 482 298
7.60 5.90 483 298
7.70 5.90 486 296
7.80 5.90 488 295
7.90 5.90 490 293
8.00 5.90 493 291
8.10 5.90 495 291
8.20 5.90 496 290
8.30 5.90 499 288
8.40 5.90 502 288
8.50 5.90 503 285
8.60 5.90 506 281
8.70 5.90 506 285
8.80 5.90 509 278
8.90 5.90 508 277
9.00 5.90 0 0
9.10 5.90 0 0
-9.00 6.00 19 504
-8.90 6.00 19 504
-8.80 6.00 22 503
-8.70 6.00 26 502
-8.60 6.00 29 502
-8.50 6.00 33 501
-8.40 6.00 35 500
-8.30 6.00 39 499
-8.20 6.00 42 498
-8.10 6.00 46 497
-8.00 6.00 50 495
-7.90 6.00 53 494
-7.80 6.00 55 492
-7.70 6.00 59 489
-7.60 6.00 64 487
-7.50 6.00 67 485
-7.40 6.00 71 484
-7.30 6.00 74 482
-7.20 6.00 76 481
-7.10 6.00 81 479
-7.00 6.00 85 478
-6.90 6.00 87 475
-6.80 6.00 90 474
-6.70 6.00 93 473
-6.60 6.00 96 471
-6.50 6.00 99 469
-6.40 6.00 102 468
-6.30 6.00 104 467
-6.20 6.00 0 0
-6.10 6.00 0 0
-6.00 6.00 0 0
-5.90 6.00 0 0
-5.80 6.00 126 474
-5.70 6.00 126 473
-5.60 6.00 128 471
-5.50 6.00 131 471
-5.40 6.00 134 471
-5.30 6.00 137 469
-5.20 6.00 139 468
-5.10 6.00 142 465
-5.00 6.00 144 464
-4.90 6.00 148 463
-4.80 6.00 151 461
-4.70 6.00 155 460
-4.60 6.00 158 458
-4.50 6.00 161 456
-4.40 6.00 164 455
-4.30 6.00 166 453
-4.20 6.00 170 451
-4.10 6.00 172 450
-4.00 6.00 175 449
-3.90 6.00 179 448
-3.80 6.00 182 446
-3.70 6.00 185 444
-3.60 6.00 190 443
-3.50 6.00 192 442
-3.40 6.00 195 442
-3.30 6.00 196 441
-3.20 6.00 197 440
-3.10 6.00 199 440
-3.00 6.00 211 398
-2.90 6.00 213 397
-2.80 6.00 216 396
-2.70 6.00 219 396
-2.60 6.00 223 374
-2.50 6.00 225 374
-2.40 6.00 229 373
-2.30 6.00 230 373
-2.20 6.00 234 372
-2.10 6.00 237 371
-2.00 6.00 239 370
-1.90 6.00 241 370
-1.80 6.00 0 0
-1.70 6.00 246 368
-1.60 6.00 0 0
-1.50 6.00 0 0
-1.40 6.00 0 0
-1.30 6.00 256 421
-1.20 6.00 257 421
-1.10 6.00 258 420
-1.00 6.00 262 420
-0.90 6.00 265 419
-0.80 6.00 267 419
-0.70 6.00 271 418
-0.60 6.00 275 417
-0.50 6.00 279 416
-0.40 6.00 281 415
-0.30 6.00 284 413
-0.20 6.00 288 412
-0.10 6.00 290 411
-0.00 6.00 293 410
0.10 6.00 296 409
0.20 6.00 299 407
0.30 6.00 301 406
0.40 6.00 303 405
0.50 6.00 306 404
0.60 6.00 309 403
0.70 6.00 312 402
0.80 6.00 314 400
0.90 6.00 318 399
1.00 6.00 321 399
1.10 6.00 324 398
1.20 6.00 327 397
1.30 6.00 329 397
1.40 6.00 332 395
1.50 6.00 334 394
1.60 6.00 339 393
1.70 6.00 332 363
1.80 6.00 333 364
1.90 6.00 338 363
2.00 6.00 340 328
2.10 6.00 342 327
2.20 6.00 343 360
2.30 6.00 348 324
2.40 6.00 351 324
2.50 6.00 354 322
2.60 6.00 355 321
2.70 6.00 358 319
2.80 6.00 360 318
2.90 6.00 363 316
3.00 6.00 365 315
3.10 6.00 367 314
3.20 6.00 370 313
3.30 6.00 372 311
3.40 6.00 375 310
3.50 6.00 377 308
3.60 6.00 379 307
3.70 6.00 382 305
3.80 6.00 384 304
3.90 6.00 386 303
4.00 6.00 389 301
4.10 6.00 391 300
4.20 6.00 394 298
4.30 6.00 396 297
4.40 6.00 398 296
4.50 6.00 401 294
4.60 6.00 403 292
4.70 6.00 405 290
4.80 6.00 407 289
4.90 6.00 410 287
5.00 6.00 411 286
5.10 6.00 415 284
5.20 6.00 417 283
5.30 6.00 419 281
5.40 6.00 421 279
5.50 6.00 424 278
5.60 6.00 426 276
5.70 6.00 427 274
5.80 6.00 430 273
5.90 6.00 432 272
6.00 6.00 434 270
6.10 6.00 437 268
6.20 6.00 438 266
6.30 6.00 462 317
6.40 6.00 463 315
6.50 6.00 467 313
6.60 6.00 448 259
6.70 6.00 450 258
6.80 6.00 452 256
6.90 6.00 454 255
7.00 6.00 456 254
7.10 6.00 462 265
7.20 6.00 475 303
7.30 6.00 477 302
7.40 6.00 480 300
7.50 6.00 483 299
7.60 6.00 485 298
7.70 6.00 487 297
7.80 6.00 490 295
7.90 6.00 492 294
8.00 6.00 495 295
8.10 6.00 497 292
8.20 6.00 500 291
8.30 6.00 502 289
8.40 6.00 503 288
8.50 6.00 505 289
8.60 6.00 506 286
8.70 6.00 507 285
8.80 6.00 509 283
8.90 6.00 0 0
9.00 6.00 0 0
9.10 6.00 0 0
-9.00 6.10 19 506
-8.90 6.10 20 505
-8.80 6.10 24 505
-8.70 6.10 26 503
-8.60 6.10 31 503
-8.50 6.10 34 502
-8.40 6.10 37 501
-8.30 6.10 40 500
-8.20 6.10 43 499
-8.10 6.10 47 498
-8.00 6.10 51 496
-7.90 6.10 53 495
-7.80 6.10 57 493
-7.70 6.10 61 492
-7.60 6.10 64 489
-7.50 6.10 68 487
-7.40 6.10 73 485
-7.30 6.10 75 484
-7.20 6.10 77 482
-7.10 6.10 81 481
-7.00 6.10 85 479
-6.90 6.10 89 477
-6.80 6.10 92 476
-6.70 6.10 94 474
-6.60 6.10 97 472
-6.50 6.10 100 471
-6.40 6.10 104 470
-6.30 6.10 105 469
-6.20 6.10 0 0
-6.10 6.10 0 0
-6.00 6.10 0 0
-5.90 6.10 0 0
-5.80 6.10 0 0
-5.70 6.10 128 475
-5.60 6.10 130 473
-5.50 6.10 133 472
-5.40 6.10 136 472
-5.30 6.10 138 471
-5.20 6.10 141 470
-5.10 6.10 144 468
-5.00 6.10 147 467
-4.90 6.10 150 465
-4.80 6.10 153 463
-4.70 6.10 156 461
-4.60 6.10 160 459
-4.50 6.10 162 458
-4.40 6.10 164 456
-4.30 6.10 168 455
-4.20 6.10 170 453
-4.10 6.10 174 452
-4.00 6.10 177 450
-3.90 6.10 181 448
-3.80 6.10 184 447
-3.70 6.10 187 446
-3.60 6.10 191 444
-3.50 6.10 193 443
-3.40 6.10 196 443
-3.30 6.10 198 442
-3.20 6.10 199 441
-3.10 6.10 202 441
-3.00 6.10 212 400
-2.90 6.10 215 399
-2.80 6.10 218 397
-2.70 6.10 220 397
-2.60 6.10 224 376
-2.50 6.10 0 0
-2.40 6.10 0 0
-2.30 6.10 232 374
-2.20 6.10 0 0
-2.10 6.10 238 372
-2.00 6.10 240 372
-1.90 6.10 243 371
-1.80 6.10 0 0
-1.70 6.10 248 369
-1.60 6.10 0 0
-1.50 6.10 0 0
-1.40 6.10 0 0
-1.30 6.10 0 0
-1.20 6.10 252 421
-1.10 6.10 261 421
-1.00 6.10 263 421
-0.90 6.10 266 420
-0.80 6.10 270 419
-0.70 6.10 272 418
-0.60 6.10 276 418
-0.50 6.10 280 416
-0.40 6.10 285 415
-0.30 6.10 287 413
-0.20 6.10 289 413
-0.10 6.10 292 412
-0.00 6.10 295 411
0.10 6.10 297 409
0.20 6.10 301 408
0.30 6.10 303 407
0.40 6.10 306 406
0.50 6.10 308 404
0.60 6.10 312 403
0.70 6.10 313 403
0.80 6.10 317 401
0.90 6.10 320 401
1.00 6.10 323 399
1.10 6.10 325 398
1.20 6.10 328 398
1.30 6.10 330 397
1.40 6.10 333 396
1.50 6.10 336 395
1.60 6.10 341 393
1.70 6.10 333 366
1.80 6.10 346 391
1.90 6.10 348 392
2.00 6.10 342 329
2.10 6.10 345 328
2.20 6.10 348 327
2.30 6.10 349 326
2.40 6.10 352 324
2.50 6.10 355 323
2.60 6.10 357 321
2.70 6.10 360 320
2.80 6.10 362 319
2.90 6.10 364 317
3.00 6.10 366 316
3.10 6.10 369 315
3.20 6.10 371 313
3.30 6.10 374 312
3.40 6.10 377 311
3.50 6.10 379 309
3.60 6.10 381 308
3.70 6.10 383 306
3.80 6.10 385 305
3.90 6.10 388 303
4.00 6.10 390 302
4.10 6.10 393 301
4.20 6.10 395 299
4.30 6.10 398 297
4.40 6.10 400 296
4.50 6.10 402 294
4.60 6.10 404 293
4.70 6.10 407 291
4.80 6.10 409 290
4.90 6.10 411 288
5.00 6.10 413 287
5.10 6.10 416 285
5.20 6.10 418 284
5.30 6.10 421 282
5.40 6.10 423 280
5.50 6.10 425 279
5.60 6.10 428 277
5.70 6.10 429 276
5.80 6.10 432 274
5.90 6.10 457 323
6.00 6.10 457 322
6.10 6.10 439 268
6.20 6.10 461 317
6.30 6.10 463 317
6.40 6.10 445 264
6.50 6.10 447 262
6.60 6.10 449 260
6.70 6.10 452 258
6.80 6.10 454 257
6.90 6.10 456 256
7.00 6.10 462 266
7.10 6.10 476 306
7.20 6.10 476 305
7.30 6.10 480 304
7.40 6.10 483 301
7.50 6.10 484 302
7.60 6.10 487 299
7.70 6.10 489 298
7.80 6.10 492 298
7.90 6.10 495 296
8.00 6.10 497 295
8.10 6.10 499 293
8.20 6.10 502 292
8.30 6.10 503 291
8.40 6.10 505 290
8.50 6.10 506 290
8.60 6.10 507 288
8.70 6.10 508 287
8.80 6.10 0 0
8.90 6.10 0 0
9.00 6.10 0 0
9.10 6.10 0 0
-9.00 6.20 20 507
-8.90 6.20 21 506
-8.80 6.20 26 505
-8.70 6.20 29 504
-8.60 6.20 32 503
-8.50 6.20 36 503
-8.40 6.20 39 502
-8.30 6.20 43 501
-8.20 6.20 45 500
-8.10 6.20 48 499
-8.00 6.20 52 497
-7.90 6.20 55 496
-7.80 6.20 59 495
-7.70 6.20 61 493
-7.60 6.20 65 491
-7.50 6.20 70 489
-7.40 6.20 74 486
-7.30 6.20 77 486
-7.20 6.20 80 484
-7.10 6.20 84 482
-7.00 6.20 87 480
-6.90 6.20 91 479
-6.80 6.20 93 477
-6.70 6.20 97 475
-6.60 6.20 100 474
-6.50 6.20 102 473
-6.40 6.20 105 472
-6.30 6.20 107 470
-6.20 6.20 110 469
-6.10 6.20 0 0
-6.00 6.20 0 0
-5.90 6.20 0 0
-5.80 6.20 0 0
-5.70 6.20 131 477
-5.60 6.20 133 475
-5.50 6.20 135 474
-5.40 6.20 137 474
-5.30 6.20 139 471
-5.20 6.20 143 471
-5.10 6.20 146 469
-5.00 6.20 149 467
-4.90 6.20 151 466
-4.80 6.20 155 464
-4.70 6.20 158 462
-4.60 6.20 160 461
-4.50 6.20 164 459
-4.40 6.20 167 458
-4.30 6.20 170 456
-4.20 6.20 173 454
-4.10 6.20 176 453
-4.00 6.20 178 451
-3.90 6.20 182 449
-3.80 6.20 186 448
-3.70 6.20 189 447
-3.60 6.20 192 445
-3.50 6.20 195 443
-3.40 6.20 197 443
-3.30 6.20 201 442
-3.20 6.20 202 442
-3.10 6.20 205 442
-3.00 6.20 208 441
-2.90 6.20 217 400
-2.80 6.20 219 398
-2.70 6.20 222 398
-2.60 6.20 224 397
-2.50 6.20 230 377
-2.40 6.20 0 0
-2.30 6.20 0 0
-2.20 6.20 0 0
-2.10 6.20 239 373
-2.00 6.20 242 372
-1.90 6.20 0 0
-1.80 6.20 247 370
-1.70 6.20 250 370
-1.60 6.20 252 369
-1.50 6.20 254 368
-1.40 6.20 0 0
-1.30 6.20 260 366
-1.20 6.20 259 422
-1.10 6.20 260 422
-1.00 6.20 262 422
-0.90 6.20 268 420
-0.80 6.20 273 420
-0.70 6.20 275 418
-0.60 6.20 278 418
-0.50 6.20 282 417
-0.40 6.20 284 416
-0.30 6.20 288 415
-0.20 6.20 289 414
-0.10 6.20 295 412
-0.00 6.20 297 411
0.10 6.20 300 410
0.20 6.20 303 409
0.30 6.20 305 408
0.40 6.20 307 407
0.50 6.20 309 405
0.60 6.20 313 405
0.70 6.20 316 403
0.80 6.20 318 402
0.90 6.20 320 401
1.00 6.20 324 400
1.10 6.20 326 399
1.20 6.20 330 398
1.30 6.20 332 397
1.40 6.20 334 396
1.50 6.20 337 395
1.60 6.20 342 393
1.70 6.20 345 393
1.80 6.20 348 391
1.90 6.20 351 391
2.00 6.20 344 330
2.10 6.20 347 329
2.20 6.20 349 328
2.30 6.20 351 326
2.40 6.20 354 325
2.50 6.20 356 324
2.60 6.20 359 323
2.70 6.20 361 321
2.80 6.20 363 320
2.90 6.20 366 318
3.00 6.20 368 317
3.10 6.20 370 315
3.20 6.20 373 314
3.30 6.20 376 313
3.40 6.20 378 312
3.50 6.20 381 310
3.60 6.20 383 309
3.70 6.20 385 307
3.80 6.20 387 305
3.90 6.20 390 304
4.00 6.20 392 303
4.10 6.20 395 301
4.20 6.20 397 300
4.30 6.20 398 298
4.40 6.20 402 297
4.50 6.20 404 295
4.60 6.20 406 294
4.70 6.20 409 292
4.80 6.20 411 291
4.90 6.20 413 289
5.00 6.20 416 288
5.10 6.20 418 286
5.20 6.20 420 284
5.30 6.20 422 283
5.40 6.20 424 281
5.50 6.20 427 279
5.60 6.20 429 278
5.70 6.20 454 326
5.80 6.20 456 326
5.90 6.20 436 273
6.00 6.20 459 322
6.10 6.20 461 322
6.20 6.20 462 321
6.30 6.20 445 266
6.40 6.20 466 316
6.50 6.20 449 264
6.60 6.20 473 313
6.70 6.20 454 259
6.80 6.20 455 258
6.90 6.20 457 256
7.00 6.20 475 309
7.10 6.20 477 308
7.20 6.20 479 306
7.30 6.20 482 304
7.40 6.20 485 304
7.50 6.20 488 302
7.60 6.20 489 301
7.70 6.20 493 299
7.80 6.20 494 298
7.90 6.20 496 297
8.00 6.20 499 297
8.10 6.20 501 294
8.20 6.20 503 294
8.30 6.20 505 292
8.40 6.20 506 292
8.50 6.20 507 290
8.60 6.20 508 288
8.70 6.20 509 290
8.80 6.20 505 247
8.90 6.20 0 0
9.00 6.20 0 0
9.10 6.20 0 0
-9.00 6.30 23 507
-8.90 6.30 21 506
-8.80 6.30 29 506
-8.70 6.30 32 505
-8.60 6.30 35 504
-8.50 6.30 38 503
-8.40 6.30 41 502
-8.30 6.30 44 502
-8.20 6.30 46 501
-8.10 6.30 51 500
-8.00 6.30 53 499
-7.90 6.30 57 497
-7.80 6.30 60 496
-7.70 6.30 64 495
-7.60 6.30 68 493
-7.50 6.30 73 490
-7.40 6.30 76 488
-7.30 6.30 78 487
-7.20 6.30 82 485
-7.10 6.30 86 484
-7.00 6.30 89 482
-6.90 6.30 92 480
-6.80 6.30 95 479
-6.70 6.30 99 477
-6.60 6.30 102 476
-6.50 6.30 105 474
-6.40 6.30 107 473
-6.30 6.30 109 472
-6.20 6.30 111 470
-6.10 6.30 0 0
-6.00 6.30 0 0
-5.90 6.30 0 0
-5.80 6.30 0 0
-5.70 6.30 135 478
-5.60 6.30 135 476
-5.50 6.30 136 476
-5.40 6.30 139 475
-5.30 6.30 141 472
-5.20 6.30 145 472
-5.10 6.30 147 471
-5.00 6.30 150 469
-4.90 6.30 153 467
-4.80 6.30 156 464
-4.70 6.30 160 463
-4.60 6.30 162 461
-4.50 6.30 166 461
-4.40 6.30 169 459
-4.30 6.30 171 458
-4.20 6.30 174 457
-4.10 6.30 177 454
-4.00 6.30 180 452
-3.90 6.30 183 450
-3.80 6.30 186 449
-3.70 6.30 189 447
-3.60 6.30 194 446
-3.50 6.30 197 444
-3.40 6.30 200 443
-3.30 6.30 203 443
-3.20 6.30 204 443
-3.10 6.30 207 443
-3.00 6.30 210 442
-2.90 6.30 213 442
-2.80 6.30 221 399
-2.70 6.30 223 399
-2.60 6.30 227 398
-2.50 6.30 228 398
-2.40 6.30 232 377
-2.30 6.30 236 376
-2.20 6.30 238 374
-2.10 6.30 242 374
-2.00 6.30 244 373
-1.90 6.30 247 373
-1.80 6.30 0 0
-1.70 6.30 252 370
-1.60 6.30 254 370
-1.50 6.30 0 0
-1.40 6.30 0 0
-1.30 6.30 262 366
-1.20 6.30 0 0
-1.10 6.30 0 0
-1.00 6.30 0 0
-0.90 6.30 265 421
-0.80 6.30 273 420
-0.70 6.30 277 419
-0.60 6.30 279 419
-0.50 6.30 282 417
-0.40 6.30 286 416
-0.30 6.30 290 415
-0.20 6.30 293 414
-0.10 6.30 296 413
-0.00 6.30 299 412
0.10 6.30 301 411
0.20 6.30 304 410
0.30 6.30 307 408
0.40 6.30 310 407
0.50 6.30 312 406
0.60 6.30 314 405
0.70 6.30 318 404
0.80 6.30 320 403
0.90 6.30 323 401
1.00 6.30 326 401
1.10 6.30 329 399
1.20 6.30 331 399
1.30 6.30 335 397
1.40 6.30 337 397
1.50 6.30 340 396
1.60 6.30 344 394
1.70 6.30 346 394
1.80 6.30 350 392
1.90 6.30 352 391
2.00 6.30 355 390
2.10 6.30 358 389
2.20 6.30 363 388
2.30 6.30 353 327
2.40 6.30 356 326
2.50 6.30 373 383
2.60 6.30 360 323
2.70 6.30 363 322
2.80 6.30 365 321
2.90 6.30 368 319
3.00 6.30 370 318
3.10 6.30 372 316
3.20 6.30 375 315
3.30 6.30 378 314
3.40 6.30 379 312
3.50 6.30 381 310
3.60 6.30 385 310
3.70 6.30 387 308
3.80 6.30 390 306
3.90 6.30 391 305
4.00 6.30 393 304
4.10 6.30 397 302
4.20 6.30 399 300
4.30 6.30 401 299
4.40 6.30 403 297
4.50 6.30 406 296
4.60 6.30 408 294
4.70 6.30 410 293
4.80 6.30 412 292
4.90 6.30 415 290
5.00 6.30 417 288
5.10 6.30 420 287
5.20 6.30 422 285
5.30 6.30 446 336
5.40 6.30 447 335
5.50 6.30 429 280
5.60 6.30 452 330
5.70 6.30 454 329
5.80 6.30 455 327
5.90 6.30 459 325
6.00 6.30 460 323
6.10 6.30 461 321
6.20 6.30 463 322
6.30 6.30 468 317
6.40 6.30 467 315
6.50 6.30 451 264
6.60 6.30 453 263
6.70 6.30 455 260
6.80 6.30 457 259
6.90 6.30 0 0
7.00 6.30 476 310
7.10 6.30 479 309
7.20 6.30 482 307
7.30 6.30 484 307
7.40 6.30 487 305
7.50 6.30 489 303
7.60 6.30 492 302
7.70 6.30 495 300
7.80 6.30 496 299
7.90 6.30 498 298
8.00 6.30 500 297
8.10 6.30 502 297
8.20 6.30 504 294
8.30 6.30 505 292
8.40 6.30 506 292
8.50 6.30 508 290
8.60 6.30 0 0
8.70 6.30 0 0
8.80 6.30 0 0
8.90 6.30 0 0
9.00 6.30 0 0
9.10 6.30 0 0
-9.00 6.40 25 508
-8.90 6.40 25 507
-8.80 6.40 29 506
-8.70 6.40 32 506
-8.60 6.40 36 504
-8.50 6.40 40 504
-8.40 6.40 42 503
-8.30 6.40 46 502
-8.20 6.40 48 502
-8.10 6.40 52 500
-8.00 6.40 55 499
-7.90 6.40 59 498
-7.80 6.40 61 497
-7.70 6.40 65 496
-7.60 6.40 69 494
-7.50 6.40 73 492
-7.40 6.40 78 490
-7.30 6.40 81 488
-7.20 6.40 84 487
-7.10 6.40 87 485
-7.00 6.40 90 483
-6.90 6.40 93 483
-6.80 6.40 97 480
-6.70 6.40 101 479
-6.60 6.40 102 478
-6.50 6.40 105 476
-6.40 6.40 108 475
-6.30 6.40 110 473
-6.20 6.40 112 473
-6.10 6.40 130 403
-6.00 6.40 0 0
-5.90 6.40 0 0
-5.80 6.40 0 0
-5.70 6.40 137 479
-5.60 6.40 137 478
-5.50 6.40 138 476
-5.40 6.40 141 475
-5.30 6.40 143 475
-5.20 6.40 146 474
-5.10 6.40 148 471
-5.00 6.40 153 471
-4.90 6.40 154 468
-4.80 6.40 158 466
-4.70 6.40 161 465
-4.60 6.40 164 462
-4.50 6.40 168 462
-4.40 6.40 170 461
-4.30 6.40 173 459
-4.20 6.40 176 458
-4.10 6.40 179 456
-4.00 6.40 182 454
-3.90 6.40 184 452
-3.80 6.40 188 450
-3.70 6.40 192 448
-3.60 6.40 195 447
-3.50 6.40 199 446
-3.40 6.40 203 445
-3.30 6.40 205 444
-3.20 6.40 206 444
-3.10 6.40 210 444
-3.00 6.40 213 443
-2.90 6.40 215 442
-2.80 6.40 218 442
-2.70 6.40 225 399
-2.60 6.40 228 398
-2.50 6.40 231 398
-2.40 6.40 234 398
-2.30 6.40 238 377
-2.20 6.40 239 376
-2.10 6.40 243 375
-2.00 6.40 245 374
-1.90 6.40 248 373
-1.80 6.40 0 0
-1.70 6.40 252 372
-1.60 6.40 255 370
-1.50 6.40 259 370
-1.40 6.40 262 369
-1.30 6.40 0 0
-1.20 6.40 0 0
-1.10 6.40 269 366
-1.00 6.40 0 0
-0.90 6.40 274 364
-0.80 6.40 277 364
-0.70 6.40 276 420
-0.60 6.40 281 419
-0.50 6.40 286 418
-0.40 6.40 287 417
-0.30 6.40 291 416
-0.20 6.40 294 416
-0.10 6.40 297 414
-0.00 6.40 299 413
0.10 6.40 303 411
0.20 6.40 305 411
0.30 6.40 308 409
0.40 6.40 311 408
0.50 6.40 314 407
0.60 6.40 318 405
0.70 6.40 320 405
0.80 6.40 323 403
0.90 6.40 325 402
1.00 6.40 328 401
1.10 6.40 332 400
1.20 6.40 334 399
1.30 6.40 336 398
1.40 6.40 339 397
1.50 6.40 342 396
1.60 6.40 344 395
1.70 6.40 348 394
1.80 6.40 351 393
1.90 6.40 354 391
2.00 6.40 356 390
2.10 6.40 361 389
2.20 6.40 365 387
2.30 6.40 364 387
2.40 6.40 369 385
2.50 6.40 376 382
2.60 6.40 377 383
2.70 6.40 380 380
2.80 6.40 367 322
2.90 6.40 387 378
3.00 6.40 372 319
3.10 6.40 374 317
3.20 6.40 376 316
3.30 6.40 379 315
3.40 6.40 381 314
3.50 6.40 384 312
3.60 6.40 386 311
3.70 6.40 389 309
3.80 6.40 391 307
3.90 6.40 394 306
4.00 6.40 396 304
4.10 6.40 398 302
4.20 6.40 400 301
4.30 6.40 402 299
4.40 6.40 405 298
4.50 6.40 407 297
4.60 6.40 410 296
4.70 6.40 412 294
4.80 6.40 414 293
4.90 6.40 416 290
5.00 6.40 442 341
5.10 6.40 421 288
5.20 6.40 444 339
5.30 6.40 447 336
5.40 6.40 448 335
5.50 6.40 452 333
5.60 6.40 452 331
5.70 6.40 435 278
5.80 6.40 455 328
5.90 6.40 439 275
6.00 6.40 460 324
6.10 6.40 444 271
6.20 6.40 446 269
6.30 6.40 449 268
6.40 6.40 451 266
6.50 6.40 453 265
6.60 6.40 455 263
6.70 6.40 457 261
6.80 6.40 0 0
6.90 6.40 477 312
7.00 6.40 479 311
7.10 6.40 482 310
7.20 6.40 485 309
7.30 6.40 487 307
7.40 6.40 489 307
7.50 6.40 490 305
7.60 6.40 495 304
7.70 6.40 496 302
7.80 6.40 499 300
7.90 6.40 500 299
8.00 6.40 501 299
8.10 6.40 503 297
8.20 6.40 504 297
8.30 6.40 506 294
8.40 6.40 508 292
8.50 6.40 508 291
8.60 6.40 0 0
8.70 6.40 0 0
8.80 6.40 0 0
8.90 6.40 0 0
9.00 6.40 0 0
9.10 6.40 0 0
-9.00 6.50 42 449
-8.90 6.50 45 448
-8.80 6.50 33 508
-8.70 6.50 35 506
-8.60 6.50 39 506
-8.50 6.50 42 505
-8.40 6.50 44 504
-8.30 6.50 47 503
-8.20 6.50 50 502
-8.10 6.50 53 501
-8.00 6.50 57 500
-7.90 6.50 60 499
-7.80 6.50 63 498
-7.70 6.50 66 497
-7.60 6.50 71 495
-7.50 6.50 75 494
-7.40 6.50 79 492
-7.30 6.50 82 490
-7.20 6.50 86 488
-7.10 6.50 89 487
-7.00 6.50 93 485
-6.90 6.50 95 484
-6.80 6.50 99 482
-6.70 6.50 102 481
-6.60 6.50 105 479
-6.50 6.50 108 478
-6.40 6.50 109 476
-6.30 6.50 112 475
-6.20 6.50 114 475
-6.10 6.50 132 404
-6.00 6.50 0 0
-5.90 6.50 0 0
-5.80 6.50 0 0
-5.70 6.50 142 480
-5.60 6.50 137 478
-5.50 6.50 140 478
-5.40 6.50 142 477
-5.30 6.50 144 477
-5.20 6.50 147 474
-5.10 6.50 151 474
-5.00 6.50 155 470
-4.90 6.50 157 469
-4.80 6.50 160 467
-4.70 6.50 163 468
-4.60 6.50 166 464
-4.50 6.50 170 462
-4.40 6.50 172 462
-4.30 6.50 174 461
-4.20 6.50 178 460
-4.10 6.50 181 458
-4.00 6.50 184 455
-3.90 6.50 187 453
-3.80 6.50 190 452
-3.70 6.50 193 450
-3.60 6.50 198 448
-3.50 6.50 201 447
-3.40 6.50 205 446
-3.30 6.50 207 446
-3.20 6.50 208 445
-3.10 6.50 211 445
-3.00 6.50 214 444
-2.90 6.50 218 444
-2.80 6.50 219 443
-2.70 6.50 227 401
-2.60 6.50 230 400
-2.50 6.50 233 399
-2.40 6.50 236 398
-2.30 6.50 239 378
-2.20 6.50 242 378
-2.10 6.50 0 0
-2.00 6.50 248 374
-1.90 6.50 250 374
-1.80 6.50 252 374
-1.70 6.50 254 372
-1.60 6.50 258 371
-1.50 6.50 260 371
-1.40 6.50 262 370
-1.30 6.50 0 0
-1.20 6.50 268 367
-1.10 6.50 269 367
-1.00 6.50 274 366
-0.90 6.50 276 365
-0.80 6.50 0 0
-0.70 6.50 0 0
-0.60 6.50 284 362
-0.50 6.50 287 418
-0.40 6.50 288 417
-0.30 6.50 292 417
-0.20 6.50 294 416
-0.10 6.50 298 415
-0.00 6.50 302 414
0.10 6.50 303 413
0.20 6.50 306 412
0.30 6.50 310 410
0.40 6.50 314 409
0.50 6.50 316 408
0.60 6.50 320 407
0.70 6.50 322 405
0.80 6.50 326 404
0.90 6.50 328 403
1.00 6.50 331 402
1.10 6.50 334 401
1.20 6.50 337 400
1.30 6.50 339 398
1.40 6.50 341 398
1.50 6.50 345 396
1.60 6.50 346 396
1.70 6.50 349 394
1.80 6.50 352 393
1.90 6.50 357 392
2.00 6.50 360 390
2.10 6.50 362 389
2.20 6.50 364 388
2.30 6.50 369 386
2.40 6.50 371 385
2.50 6.50 375 384
2.60 6.50 377 383
2.70 6.50 379 383
2.80 6.50 384 379
2.90 6.50 387 379
3.00 6.50 392 376
3.10 6.50 392 375
3.20 6.50 396 373
3.30 6.50 380 315
3.40 6.50 383 314
3.50 6.50 385 313
3.60 6.50 408 368
3.70 6.50 390 310
3.80 6.50 392 308
3.90 6.50 395 307
4.00 6.50 397 305
4.10 6.50 400 303
4.20 6.50 402 302
4.30 6.50 405 300
4.40 6.50 406 299
4.50 6.50 410 298
4.60 6.50 412 296
4.70 6.50 414 294
4.80 6.50 439 345
4.90 6.50 439 345
5.00 6.50 442 343
5.10 6.50 444 342
5.20 6.50 446 337
5.30 6.50 428 285
5.40 6.50 448 336
5.50 6.50 451 333
5.60 6.50 452 332
5.70 6.50 457 330
5.80 6.50 439 277
5.90 6.50 458 328
6.00 6.50 463 327
6.10 6.50 446 272
6.20 6.50 448 270
6.30 6.50 450 269
6.40 6.50 474 319
6.50 6.50 454 265
6.60 6.50 456 264
6.70 6.50 0 0
6.80 6.50 477 317
6.90 6.50 479 313
7.00 6.50 482 314
7.10 6.50 483 312
7.20 6.50 487 309
7.30 6.50 488 308
7.40 6.50 491 307
7.50 6.50 493 305
7.60 6.50 496 305
7.70 6.50 497 303
7.80 6.50 499 302
7.90 6.50 503 301
8.00 6.50 504 301
8.10 6.50 505 298
8.20 6.50 506 297
8.30 6.50 507 296
8.40 6.50 509 294
8.50 6.50 509 292
8.60 6.50 0 0
8.70 6.50 0 0
8.80 6.50 0 0
8.90 6.50 0 0
9.00 6.50 0 0
9.10 6.50 0 0
-9.00 6.60 44 450
-8.90 6.60 47 448
-8.80 6.60 50 447
-8.70 6.60 35 507
-8.60 6.60 39 506
-8.50 6.60 43 505
-8.40 6.60 47 505
-8.30 6.60 49 504
-8.20 6.60 52 503
-8.10 6.60 55 502
-8.00 6.60 59 501
-7.90 6.60 62 500
-7.80 6.60 65 499
-7.70 6.60 70 498
-7.60 6.60 73 497
-7.50 6.60 77 496
-7.40 6.60 80 494
-7.30 6.60 85 492
-7.20 6.60 87 490
-7.10 6.60 91 488
-7.00 6.60 95 487
-6.90 6.60 97 485
-6.80 6.60 101 484
-6.70 6.60 104 483
-6.60 6.60 106 481
-6.50 6.60 108 479
-6.40 6.60 111 478
-6.30 6.60 115 478
-6.20 6.60 115 476
-6.10 6.60 134 405
-6.00 6.60 0 0
-5.90 6.60 0 0
-5.80 6.60 0 0
-5.70 6.60 143 480
-5.60 6.60 142 480
-5.50 6.60 142 480
-5.40 6.60 143 477
-5.30 6.60 146 475
-5.20 6.60 148 475
-5.10 6.60 153 476
-5.00 6.60 155 472
-4.90 6.60 158 470
-4.80 6.60 161 468
-4.70 6.60 164 467
-4.60 6.60 167 468
-4.50 6.60 171 466
-4.40 6.60 173 462
-4.30 6.60 177 463
-4.20 6.60 180 459
-4.10 6.60 183 458
-4.00 6.60 185 455
-3.90 6.60 189 454
-3.80 6.60 191 453
-3.70 6.60 195 452
-3.60 6.60 199 450
-3.50 6.60 203 448
-3.40 6.60 206 447
-3.30 6.60 209 446
-3.20 6.60 211 447
-3.10 6.60 214 446
-3.00 6.60 216 445
-2.90 6.60 220 444
-2.80 6.60 221 444
-2.70 6.60 220 442
-2.60 6.60 222 442
-2.50 6.60 235 399
-2.40 6.60 237 399
-2.30 6.60 240 398
-2.20 6.60 242 378
-2.10 6.60 246 377
-2.00 6.60 248 376
-1.90 6.60 250 375
-1.80 6.60 0 0
-1.70 6.60 0 0
-1.60 6.60 260 372
-1.50 6.60 263 372
-1.40 6.60 264 371
-1.30 6.60 0 0
-1.20 6.60 268 369
-1.10 6.60 274 368
-1.00 6.60 0 0
-0.90 6.60 0 0
-0.80 6.60 281 365
-0.70 6.60 282 365
-0.60 6.60 286 363
-0.50 6.60 288 362
-0.40 6.60 291 417
-0.30 6.60 294 417
-0.20 6.60 295 416
-0.10 6.60 300 415
-0.00 6.60 303 415
0.10 6.60 306 414
0.20 6.60 308 413
0.30 6.60 312 411
0.40 6.60 316 410
0.50 6.60 318 409
0.60 6.60 322 408
0.70 6.60 324 407
0.80 6.60 328 405
0.90 6.60 331 404
1.00 6.60 333 403
1.10 6.60 335 402
1.20 6.60 338 401
1.30 6.60 341 399
1.40 6.60 343 399
1.50 6.60 346 397
1.60 6.60 349 395
1.70 6.60 352 395
1.80 6.60 354 393
1.90 6.60 357 392
2.00 6.60 361 391
2.10 6.60 363 390
2.20 6.60 367 389
2.30 6.60 370 387
2.40 6.60 373 385
2.50 6.60 376 384
2.60 6.60 380 383
2.70 6.60 381 382
2.80 6.60 384 381
2.90 6.60 388 378
3.00 6.60 389 378
3.10 6.60 394 375
3.20 6.60 395 376
3.30 6.60 400 373
3.40 6.60 385 314
3.50 6.60 405 369
3.60 6.60 406 369
3.70 6.60 411 366
3.80 6.60 395 309
3.90 6.60 416 363
4.00 6.60 419 362
4.10 6.60 420 360
4.20 6.60 424 357
4.30 6.60 426 357
4.40 6.60 428 356
4.50 6.60 430 351
4.60 6.60 413 297
4.70 6.60 435 349
4.80 6.60 437 347
4.90 6.60 439 345
5.00 6.60 442 344
5.10 6.60 445 342
5.20 6.60 446 340
5.30 6.60 449 337
5.40 6.60 451 336
5.50 6.60 452 333
5.60 6.60 457 332
5.70 6.60 457 331
5.80 6.60 441 277
5.90 6.60 443 276
6.00 6.60 446 274
6.10 6.60 447 273
6.20 6.60 470 325
6.30 6.60 452 270
6.40 6.60 454 268
6.50 6.60 456 266
6.60 6.60 457 265
6.70 6.60 0 0
6.80 6.60 479 316
6.90 6.60 481 316
7.00 6.60 483 314
7.10 6.60 485 313
7.20 6.60 488 312
7.30 6.60 491 310
7.40 6.60 493 309
7.50 6.60 496 308
7.60 6.60 499 307
7.70 6.60 500 305
7.80 6.60 502 303
7.90 6.60 502 302
8.00 6.60 503 302
8.10 6.60 505 300
8.20 6.60 506 298
8.30 6.60 508 297
8.40 6.60 508 296
8.50 6.60 0 0
8.60 6.60 0 0
8.70 6.60 0 0
8.80 6.60 0 0
8.90 6.60 0 0
9.00 6.60 0 0
9.10 6.60 0 0
-9.00 6.70 45 451
-8.90 6.70 49 450
-8.80 6.70 52 448
-8.70 6.70 55 447
-8.60 6.70 42 507
-8.50 6.70 45 506
-8.40 6.70 47 505
-8.30 6.70 50 505
-8.20 6.70 54 504
-8.10 6.70 57 503
-8.00 6.70 61 502
-7.90 6.70 63 501
-7.80 6.70 67 500
-7.70 6.70 71 499
-7.60 6.70 75 498
-7.50 6.70 79 496
-7.40 6.70 83 496
-7.30 6.70 87 494
-7.20 6.70 89 493
-7.10 6.70 92 490
-7.00 6.70 96 488
-6.90 6.70 100 487
-6.80 6.70 103 486
-6.70 6.70 105 484
-6.60 6.70 108 482
-6.50 6.70 110 482
-6.40 6.70 114 480
-6.30 6.70 116 479
-6.20 6.70 117 479
-6.10 6.70 136 407
-6.00 6.70 137 406
-5.90 6.70 0 0
-5.80 6.70 0 0
-5.70 6.70 0 0
-5.60 6.70 149 481
-5.50 6.70 145 481
-5.40 6.70 145 480
-5.30 6.70 148 480
-5.20 6.70 150 477
-5.10 6.70 154 475
-5.00 6.70 157 473
-4.90 6.70 160 472
-4.80 6.70 163 470
-4.70 6.70 167 469
-4.60 6.70 170 466
-4.50 6.70 173 465
-4.40 6.70 176 463
-4.30 6.70 179 462
-4.20 6.70 181 459
-4.10 6.70 185 458
-4.00 6.70 187 457
-3.90 6.70 191 457
-3.80 6.70 193 455
-3.70 6.70 198 454
-3.60 6.70 202 452
-3.50 6.70 204 450
-3.40 6.70 208 449
-3.30 6.70 212 448
-3.20 6.70 213 447
-3.10 6.70 216 447
-3.00 6.70 219 446
-2.90 6.70 221 446
-2.80 6.70 223 445
-2.70 6.70 226 445
-2.60 6.70 225 444
-2.50 6.70 236 401
-2.40 6.70 239 400
-2.30 6.70 243 399
-2.20 6.70 246 399
-2.10 6.70 248 378
-2.00 6.70 250 377
-1.90 6.70 254 376
-1.80 6.70 256 375
-1.70 6.70 258 375
-1.60 6.70 261 373
-1.50 6.70 263 372
-1.40 6.70 266 372
-1.30 6.70 269 371
-1.20 6.70 0 0
-1.10 6.70 274 368
-1.00 6.70 278 367
-0.90 6.70 279 367
-0.80 6.70 282 366
-0.70 6.70 284 365
-0.60 6.70 288 364
-0.50 6.70 290 363
-0.40 6.70 292 362
-0.30 6.70 294 361
-0.20 6.70 299 417
-0.10 6.70 300 359
-0.00 6.70 307 414
0.10 6.70 306 414
0.20 6.70 311 413
0.30 6.70 314 411
0.40 6.70 318 410
0.50 6.70 322 409
0.60 6.70 324 408
0.70 6.70 327 407
0.80 6.70 329 406
0.90 6.70 332 406
1.00 6.70 335 405
1.10 6.70 337 403
1.20 6.70 340 402
1.30 6.70 342 401
1.40 6.70 345 399
1.50 6.70 348 398
1.60 6.70 349 398
1.70 6.70 354 396
1.80 6.70 355 395
1.90 6.70 357 393
2.00 6.70 361 392
2.10 6.70 365 390
2.20 6.70 368 389
2.30 6.70 370 388
2.40 6.70 375 385
2.50 6.70 375 385
2.60 6.70 380 384
2.70 6.70 384 381
2.80 6.70 385 380
2.90 6.70 387 379
3.00 6.70 391 377
3.10 6.70 393 376
3.20 6.70 398 375
3.30 6.70 400 374
3.40 6.70 404 371
3.50 6.70 405 370
3.60 6.70 410 368
3.70 6.70 411 367
3.80 6.70 414 364
3.90 6.70 416 363
4.00 6.70 418 362
4.10 6.70 422 359
4.20 6.70 425 358
4.30 6.70 427 356
4.40 6.70 429 356
4.50 6.70 432 355
4.60 6.70 433 352
4.70 6.70 437 349
4.80 6.70 439 349
4.90 6.70 440 345
5.00 6.70 443 345
5.10 6.70 445 343
5.20 6.70 448 341
5.30 6.70 450 340
5.40 6.70 453 338
5.50 6.70 452 336
5.60 6.70 457 332
5.70 6.70 459 332
5.80 6.70 443 278
5.90 6.70 445 277
6.00 6.70 447 275
6.10 6.70 468 327
6.20 6.70 451 272
6.30 6.70 453 270
6.40 6.70 455 269
6.50 6.70 457 267
6.60 6.70 459 266
6.70 6.70 478 321
6.80 6.70 481 318
6.90 6.70 483 317
7.00 6.70 486 316
7.10 6.70 488 314
7.20 6.70 490 314
7.30 6.70 493 311
7.40 6.70 496 310
7.50 6.70 498 308
7.60 6.70 500 307
7.70 6.70 501 306
7.80 6.70 502 305
7.90 6.70 504 303
8.00 6.70 505 302
8.10 6.70 505 302
8.20 6.70 506 299
8.30 6.70 508 299
8.40 6.70 509 297
8.50 6.70 0 0
8.60 6.70 0 0
8.70 6.70 0 0
8.80 6.70 0 0
8.90 6.70 0 0
9.00 6.70 0 0
9.10 6.70 0 0
-9.00 6.80 45 453
-8.90 6.80 49 450
-8.80 6.80 53 449
-8.70 6.80 56 448
-8.60 6.80 44 508
-8.50 6.80 46 507
-8.40 6.80 49 506
-8.30 6.80 54 505
-8.20 6.80 55 505
-8.10 6.80 58 504
-8.00 6.80 62 503
-7.90 6.80 66 502
-7.80 6.80 69 500
-7.70 6.80 73 500
-7.60 6.80 77 499
-7.50 6.80 81 497
-7.40 6.80 85 497
-7.30 6.80 88 496
-7.20 6.80 91 493
-7.10 6.80 95 492
-7.00 6.80 97 491
-6.90 6.80 100 489
-6.80 6.80 104 487
-6.70 6.80 107 486
-6.60 6.80 110 485
-6.50 6.80 113 483
-6.40 6.80 115 482
-6.30 6.80 117 481
-6.20 6.80 117 480
-6.10 6.80 138 407
-6.00 6.80 141 406
-5.90 6.80 0 0
-5.80 6.80 0 0
-5.70 6.80 0 0
-5.60 6.80 0 0
-5.50 6.80 150 482
-5.40 6.80 148 482
-5.30 6.80 151 480
-5.20 6.80 154 477
-5.10 6.80 156 477
-5.00 6.80 159 475
-4.90 6.80 162 475
-4.80 6.80 165 472
-4.70 6.80 168 471
-4.60 6.80 171 468
-4.50 6.80 175 469
-4.40 6.80 178 468
-4.30 6.80 181 463
-4.20 6.80 183 461
-4.10 6.80 187 459
-4.00 6.80 189 460
-3.90 6.80 192 459
-3.80 6.80 196 456
-3.70 6.80 199 455
-3.60 6.80 203 453
-3.50 6.80 207 451
-3.40 6.80 210 450
-3.30 6.80 212 449
-3.20 6.80 215 448
-3.10 6.80 217 448
-3.00 6.80 220 447
-2.90 6.80 224 446
-2.80 6.80 226 446
-2.70 6.80 228 445
-2.60 6.80 231 444
-2.50 6.80 232 444
-2.40 6.80 241 401
-2.30 6.80 244 400
-2.20 6.80 247 399
-2.10 6.80 248 399
-2.00 6.80 252 378
-1.90 6.80 255 377
-1.80 6.80 257 376
-1.70 6.80 260 375
-1.60 6.80 263 375
-1.50 6.80 0 0
-1.40 6.80 268 372
-1.30 6.80 270 372
-1.20 6.80 272 371
-1.10 6.80 0 0
-1.00 6.80 279 368
-0.90 6.80 281 368
-0.80 6.80 284 367
-0.70 6.80 286 366
-0.60 6.80 289 365
-0.50 6.80 291 364
-0.40 6.80 293 363
-0.30 6.80 296 362
-0.20 6.80 300 360
-0.10 6.80 302 360
-0.00 6.80 304 359
0.10 6.80 306 415
0.20 6.80 312 413
0.30 6.80 317 413
0.40 6.80 320 411
0.50 6.80 322 411
0.60 6.80 327 409
0.70 6.80 329 408
0.80 6.80 332 407
0.90 6.80 334 406
1.00 6.80 337 405
1.10 6.80 340 404
1.20 6.80 342 403
1.30 6.80 345 402
1.40 6.80 348 401
1.50 6.80 350 399
1.60 6.80 353 398
1.70 6.80 355 397
1.80 6.80 358 395
1.90 6.80 360 393
2.00 6.80 365 392
2.10 6.80 367 391
2.20 6.80 368 389
2.30 6.80 371 389
2.40 6.80 378 387
2.50 6.80 378 386
2.60 6.80 379 384
2.70 6.80 384 382
2.80 6.80 388 381
2.90 6.80 388 379
3.00 6.80 393 378
3.10 6.80 397 376
3.20 6.80 399 375
3.30 6.80 402 374
3.40 6.80 404 372
3.50 6.80 408 371
3.60 6.80 410 369
3.70 6.80 413 367
3.80 6.80 414 367
3.90 6.80 418 364
4.00 6.80 421 362
4.10 6.80 422 360
4.20 6.80 425 359
4.30 6.80 428 359
4.40 6.80 430 355
4.50 6.80 432 355
4.60 6.80 436 352
4.70 6.80 439 350
4.80 6.80 441 349
4.90 6.80 442 347
5.00 6.80 444 345
5.10 6.80 449 345
5.20 6.80 449 342
5.30 6.80 451 343
5.40 6.80 452 340
5.50 6.80 453 340
5.60 6.80 440 282
5.70 6.80 442 280
5.80 6.80 445 279
5.90 6.80 446 277
6.00 6.80 449 276
6.10 6.80 451 274
6.20 6.80 453 272
6.30 6.80 455 271
6.40 6.80 458 270
6.50 6.80 459 268
6.60 6.80 479 321
6.70 6.80 480 320
6.80 6.80 482 319
6.90 6.80 486 317
7.00 6.80 488 318
7.10 6.80 490 315
7.20 6.80 492 314
7.30 6.80 494 313
7.40 6.80 497 312
7.50 6.80 500 310
7.60 6.80 502 308
7.70 6.80 502 307
7.80 6.80 504 306
7.90 6.80 504 306
8.00 6.80 506 303
8.10 6.80 507 302
8.20 6.80 502 261
8.30 6.80 508 301
8.40 6.80 0 0
8.50 6.80 0 0
8.60 6.80 0 0
8.70 6.80 0 0
8.80 6.80 0 0
8.90 6.80 0 0
9.00 6.80 0 0
9.10 6.80 0 0
-9.00 6.90 47 453
-8.90 6.90 50 451
-8.80 6.90 54 450
-8.70 6.90 57 449
-8.60 6.90 61 447
-8.50 6.90 47 507
-8.40 6.90 52 507
-8.30 6.90 55 506
-8.20 6.90 57 505
-8.10 6.90 60 504
-8.00 6.90 64 503
-7.90 6.90 67 503
-7.80 6.90 70 502
-7.70 6.90 74 501
-7.60 6.90 79 500
-7.50 6.90 82 499
-7.40 6.90 87 498
-7.30 6.90 89 497
-7.20 6.90 93 495
-7.10 6.90 96 494
-7.00 6.90 100 493
-6.90 6.90 103 491
-6.80 6.90 106 489
-6.70 6.90 109 488
-6.60 6.90 111 486
-6.50 6.90 113 485
-6.40 6.90 116 484
-6.30 6.90 118 482
-6.20 6.90 119 482
-6.10 6.90 140 408
-6.00 6.90 142 407
-5.90 6.90 0 0
-5.80 6.90 0 0
-5.70 6.90 0 0
-5.60 6.90 0 0
-5.50 6.90 155 486
-5.40 6.90 151 483
-5.30 6.90 152 481
-5.20 6.90 155 479
-5.10 6.90 158 478
-5.00 6.90 161 476
-4.90 6.90 163 476
-4.80 6.90 167 474
-4.70 6.90 170 473
-4.60 6.90 174 473
-4.50 6.90 177 470
-4.40 6.90 179 470
-4.30 6.90 182 468
-4.20 6.90 185 464
-4.10 6.90 189 461
-4.00 6.90 191 459
-3.90 6.90 195 460
-3.80 6.90 198 459
-3.70 6.90 201 456
-3.60 6.90 204 456
-3.50 6.90 209 454
-3.40 6.90 212 452
-3.30 6.90 215 451
-3.20 6.90 217 450
-3.10 6.90 220 449
-3.00 6.90 223 448
-2.90 6.90 226 447
-2.80 6.90 229 446
-2.70 6.90 231 446
-2.60 6.90 232 445
-2.50 6.90 235 445
-2.40 6.90 240 445
-2.30 6.90 245 401
-2.20 6.90 248 400
-2.10 6.90 250 400
-2.00 6.90 252 399
-1.90 6.90 0 0
-1.80 6.90 258 377
-1.70 6.90 261 376
-1.60 6.90 265 376
-1.50 6.90 267 374
-1.40 6.90 269 373
-1.30 6.90 272 372
-1.20 6.90 0 0
-1.10 6.90 278 371
-1.00 6.90 280 370
-0.90 6.90 283 369
-0.80 6.90 286 368
-0.70 6.90 288 367
-0.60 6.90 290 366
-0.50 6.90 292 365
-0.40 6.90 296 364
-0.30 6.90 298 363
-0.20 6.90 301 362
-0.10 6.90 303 361
-0.00 6.90 306 360
0.10 6.90 308 359
0.20 6.90 312 358
0.30 6.90 314 357
0.40 6.90 324 412
0.50 6.90 327 411
0.60 6.90 329 409
0.70 6.90 331 409
0.80 6.90 334 408
0.90 6.90 337 407
1.00 6.90 339 405
1.10 6.90 341 405
1.20 6.90 344 404
1.30 6.90 348 402
1.40 6.90 349 401
1.50 6.90 352 401
1.60 6.90 355 398
1.70 6.90 358 398
1.80 6.90 360 396
1.90 6.90 363 395
2.00 6.90 366 393
2.10 6.90 367 392
2.20 6.90 371 390
2.30 6.90 373 388
2.40 6.90 377 387
2.50 6.90 379 387
2.60 6.90 383 384
2.70 6.90 385 382
2.80 6.90 389 381
2.90 6.90 390 380
3.00 6.90 395 378
3.10 6.90 398 377
3.20 6.90 402 376
3.30 6.90 402 374
3.40 6.90 405 372
3.50 6.90 407 371
3.60 6.90 411 369
3.70 6.90 413 368
3.80 6.90 416 367
3.90 6.90 418 365
4.00 6.90 421 363
4.10 6.90 424 361
4.20 6.90 427 359
4.30 6.90 430 359
4.40 6.90 433 357
4.50 6.90 433 355
4.60 6.90 438 353
4.70 6.90 440 351
4.80 6.90 443 349
4.90 6.90 445 350
5.00 6.90 447 346
5.10 6.90 450 345
5.20 6.90 453 344
5.30 6.90 454 343
5.40 6.90 458 343
5.50 6.90 439 285
5.60 6.90 442 284
5.70 6.90 444 282
5.80 6.90 446 280
5.90 6.90 448 278
6.00 6.90 450 276
6.10 6.90 452 275
6.20 6.90 455 273
6.30 6.90 457 271
6.40 6.90 458 270
6.50 6.90 480 324
6.60 6.90 479 323
6.70 6.90 482 321
6.80 6.90 484 321
6.90 6.90 488 319
7.00 6.90 489 318
7.10 6.90 492 318
7.20 6.90 495 316
7.30 6.90 497 315
7.40 6.90 498 313
7.50 6.90 501 311
7.60 6.90 502 310
7.70 6.90 504 309
7.80 6.90 504 308
7.90 6.90 506 306
8.00 6.90 506 305
8.10 6.90 507 302
8.20 6.90 508 303
8.30 6.90 508 261
8.40 6.90 508 260
8.50 6.90 0 0
8.60 6.90 0 0
8.70 6.90 0 0
8.80 6.90 0 0
8.90 6.90 0 0
9.00 6.90 0 0
9.10 6.90 0 0
-9.00 7.00 49 453
-8.90 7.00 52 452
-8.80 7.00 55 451
-8.70 7.00 59 450
-8.60 7.00 62 449
-8.50 7.00 65 447
-8.40 7.00 54 508
-8.30 7.00 56 507
-8.20 7.00 57 506
-8.10 7.00 63 505
-8.00 7.00 67 505
-7.90 7.00 68 504
-7.80 7.00 72 503
-7.70 7.00 76 501
-7.60 7.00 80 501
-7.50 7.00 84 500
-7.40 7.00 88 499
-7.30 7.00 90 498
-7.20 7.00 95 496
-7.10 7.00 98 495
-7.00 7.00 101 494
-6.90 7.00 104 493
-6.80 7.00 107 491
-6.70 7.00 110 489
-6.60 7.00 113 488
-6.50 7.00 116 486
-6.40 7.00 119 486
-6.30 7.00 120 484
-6.20 7.00 121 484
-6.10 7.00 124 481
-6.00 7.00 144 409
-5.90 7.00 147 408
-5.80 7.00 0 0
-5.70 7.00 0 0
-5.60 7.00 0 0
-5.50 7.00 157 487
-5.40 7.00 156 485
-5.30 7.00 156 485
-5.20 7.00 157 481
-5.10 7.00 161 480
-5.00 7.00 162 479
-4.90 7.00 165 480
-4.80 7.00 169 476
-4.70 7.00 171 475
-4.60 7.00 175 475
-4.50 7.00 178 473
-4.40 7.00 181 471
-4.30 7.00 184 469
-4.20 7.00 187 468
-4.10 7.00 191 463
-4.00 7.00 193 463
-3.90 7.00 196 463
-3.80 7.00 199 459
-3.70 7.00 203 459
-3.60 7.00 207 457
-3.50 7.00 211 454
-3.40 7.00 213 453
-3.30 7.00 217 452
-3.20 7.00 219 450
-3.10 7.00 222 450
-3.00 7.00 226 449
-2.90 7.00 228 448
-2.80 7.00 231 447
-2.70 7.00 231 447
-2.60 7.00 234 446
-2.50 7.00 237 446
-2.40 7.00 241 445
-2.30 7.00 245 444
-2.20 7.00 249 401
-2.10 7.00 252 400
-2.00 7.00 255 400
-1.90 7.00 258 379
-1.80 7.00 260 378
-1.70 7.00 263 377
-1.60 7.00 267 377
-1.50 7.00 269 375
-1.40 7.00 0 0
-1.30 7.00 274 373
-1.20 7.00 0 0
-1.10 7.00 280 372
-1.00 7.00 282 370
-0.90 7.00 0 0
-0.80 7.00 288 369
-0.70 7.00 289 367
-0.60 7.00 292 366
-0.50 7.00 295 366
-0.40 7.00 297 365
-0.30 7.00 300 363
-0.20 7.00 302 363
-0.10 7.00 305 362
-0.00 7.00 308 361
0.10 7.00 0 0
0.20 7.00 313 358
0.30 7.00 316 357
0.40 7.00 329 412
0.50 7.00 329 412
0.60 7.00 330 411
0.70 7.00 334 410
0.80 7.00 335 409
0.90 7.00 338 408
1.00 7.00 341 407
1.10 7.00 343 406
1.20 7.00 347 404
1.30 7.00 350 404
1.40 7.00 351 403
1.50 7.00 354 402
1.60 7.00 357 400
1.70 7.00 359 399
1.80 7.00 362 398
1.90 7.00 364 396
2.00 7.00 367 394
2.10 7.00 370 393
2.20 7.00 373 391
2.30 7.00 377 390
2.40 7.00 379 389
2.50 7.00 382 387
2.60 7.00 385 385
2.70 7.00 388 384
2.80 7.00 390 382
2.90 7.00 394 381
3.00 7.00 396 380
3.10 7.00 400 378
3.20 7.00 401 376
3.30 7.00 405 374
3.40 7.00 408 373
3.50 7.00 409 372
3.60 7.00 412 370
3.70 7.00 415 369
3.80 7.00 416 367
3.90 7.00 420 365
4.00 7.00 423 363
4.10 7.00 427 361
4.20 7.00 429 360
4.30 7.00 431 359
4.40 7.00 434 358
4.50 7.00 435 355
4.60 7.00 439 355
4.70 7.00 441 353
4.80 7.00 443 352
4.90 7.00 448 350
5.00 7.00 450 348
5.10 7.00 452 347
5.20 7.00 434 291
5.30 7.00 455 345
5.40 7.00 462 343
5.50 7.00 463 343
5.60 7.00 443 284
5.70 7.00 446 282
5.80 7.00 447 281
5.90 7.00 449 279
6.00 7.00 452 277
6.10 7.00 454 276
6.20 7.00 456 274
6.30 7.00 458 272
6.40 7.00 459 271
6.50 7.00 480 324
6.60 7.00 481 323
6.70 7.00 485 323
6.80 7.00 487 321
6.90 7.00 490 321
7.00 7.00 492 320
7.10 7.00 494 318
7.20 7.00 496 318
7.30 7.00 499 315
7.40 7.00 501 314
7.50 7.00 502 313
7.60 7.00 503 312
7.70 7.00 504 310
7.80 7.00 505 308
7.90 7.00 507 306
8.00 7.00 502 265
8.10 7.00 504 264
8.20 7.00 0 0
8.30 7.00 508 263
8.40 7.00 0 0
8.50 7.00 0 0
8.60 7.00 0 0
8.70 7.00 0 0
8.80 7.00 0 0
8.90 7.00 0 0
9.00 7.00 0 0
9.10 7.00 0 0
-9.00 7.10 51 453
-8.90 7.10 53 453
-8.80 7.10 56 452
-8.70 7.10 60 451
-8.60 7.10 63 449
-8.50 7.10 66 448
-8.40 7.10 70 447
-8.30 7.10 57 507
-8.20 7.10 61 507
-8.10 7.10 66 505
-8.00 7.10 67 505
-7.90 7.10 71 504
-7.80 7.10 74 503
-7.70 7.10 77 502
-7.60 7.10 83 502
-7.50 7.10 86 501
-7.40 7.10 90 500
-7.30 7.10 92 499
-7.20 7.10 97 497
-7.10 7.10 100 496
-7.00 7.10 103 495
-6.90 7.10 106 494
-6.80 7.10 109 493
-6.70 7.10 112 491
-6.60 7.10 115 490
-6.50 7.10 117 489
-6.40 7.10 119 488
-6.30 7.10 122 486
-6.20 7.10 123 485
-6.10 7.10 126 482
-6.00 7.10 146 410
-5.90 7.10 148 409
-5.80 7.10 150 409
-5.70 7.10 0 0
-5.60 7.10 0 0
-5.50 7.10 159 488
-5.40 7.10 159 486
-5.30 7.10 158 487
-5.20 7.10 160 486
-5.10 7.10 161 484
-5.00 7.10 164 483
-4.90 7.10 168 482
-4.80 7.10 170 480
-4.70 7.10 173 478
-4.60 7.10 176 476
-4.50 7.10 180 475
-4.40 7.10 183 473
-4.30 7.10 186 471
-4.20 7.10 190 469
-4.10 7.10 192 466
-4.00 7.10 195 466
-3.90 7.10 197 464
-3.80 7.10 201 460
-3.70 7.10 205 461
-3.60 7.10 209 459
-3.50 7.10 213 456
-3.40 7.10 216 455
-3.30 7.10 219 453
-3.20 7.10 221 452
-3.10 7.10 223 451
-3.00 7.10 227 450
-2.90 7.10 229 449
-2.80 7.10 232 449
-2.70 7.10 234 447
-2.60 7.10 237 447
-2.50 7.10 240 446
-2.40 7.10 243 446
-2.30 7.10 248 445
-2.20 7.10 251 401
-2.10 7.10 254 401
-2.00 7.10 257 401
-1.90 7.10 260 400
-1.80 7.10 262 379
-1.70 7.10 266 378
-1.60 7.10 269 377
-1.50 7.10 271 376
-1.40 7.10 274 375
-1.30 7.10 276 374
-1.20 7.10 278 374
-1.10 7.10 0 0
-1.00 7.10 283 372
-0.90 7.10 286 370
-0.80 7.10 290 369
-0.70 7.10 291 368
-0.60 7.10 294 368
-0.50 7.10 296 366
-0.40 7.10 299 366
-0.30 7.10 301 364
-0.20 7.10 305 364
-0.10 7.10 307 362
-0.00 7.10 310 362
0.10 7.10 312 360
0.20 7.10 315 360
0.30 7.10 317 358
0.40 7.10 320 357
0.50 7.10 330 412
0.60 7.10 333 412
0.70 7.10 334 411
0.80 7.10 338 410
0.90 7.10 339 409
1.00 7.10 343 407
1.10 7.10 344 407
1.20 7.10 347 406
1.30 7.10 350 404
1.40 7.10 353 404
1.50 7.10 355 403
1.60 7.10 359 401
1.70 7.10 362 400
1.80 7.10 364 398
1.90 7.10 366 397
2.00 7.10 369 395
2.10 7.10 375 394
2.20 7.10 376 392
2.30 7.10 378 391
2.40 7.10 381 389
2.50 7.10 385 389
2.60 7.10 388 387
2.70 7.10 390 385
2.80 7.10 392 383
2.90 7.10 396 382
3.00 7.10 400 381
3.10 7.10 401 379
3.20 7.10 404 377
3.30 7.10 405 376
3.40 7.10 409 374
3.50 7.10 412 372
3.60 7.10 414 371
3.70 7.10 417 369
3.80 7.10 419 368
3.90 7.10 421 366
4.00 7.10 425 366
4.10 7.10 428 363
4.20 7.10 431 362
4.30 7.10 433 360
4.40 7.10 435 359
4.50 7.10 439 358
4.60 7.10 440 356
4.70 7.10 444 353
4.80 7.10 446 351
4.90 7.10 448 352
5.00 7.10 452 349
5.10 7.10 457 348
5.20 7.10 456 347
5.30 7.10 459 346
5.40 7.10 465 343
5.50 7.10 465 343
5.60 7.10 469 341
5.70 7.10 446 283
5.80 7.10 449 282
5.90 7.10 451 280
6.00 7.10 454 278
6.10 7.10 456 277
6.20 7.10 458 274
6.30 7.10 460 274
6.40 7.10 480 328
6.50 7.10 482 326
6.60 7.10 483 325
6.70 7.10 486 324
6.80 7.10 488 323
6.90 7.10 491 322
7.00 7.10 493 320
7.10 7.10 497 320
7.20 7.10 499 318
7.30 7.10 500 317
7.40 7.10 502 316
7.50 7.10 503 314
7.60 7.10 504 313
7.70 7.10 505 312
7.80 7.10 506 311
7.90 7.10 507 308
8.00 7.10 507 306
8.10 7.10 508 306
8.20 7.10 508 263
8.30 7.10 0 0
8.40 7.10 0 0
8.50 7.10 0 0
8.60 7.10 0 0
8.70 7.10 0 0
8.80 7.10 0 0
8.90 7.10 0 0
9.00 7.10 0 0
9.10 7.10 0 0
-9.00 7.20 52 453
-8.90 7.20 56 453
-8.80 7.20 58 452
-8.70 7.20 61 451
-8.60 7.20 64 450
-8.50 7.20 67 450
-8.40 7.20 71 448
-8.30 7.20 75 446
-8.20 7.20 62 507
-8.10 7.20 66 506
-8.00 7.20 70 506
-7.90 7.20 72 505
-7.80 7.20 76 504
-7.70 7.20 79 503
-7.60 7.20 84 503
-7.50 7.20 87 502
-7.40 7.20 92 501
-7.30 7.20 94 500
-7.20 7.20 98 499
-7.10 7.20 101 497
-7.00 7.20 105 496
-6.90 7.20 108 495
-6.80 7.20 111 494
-6.70 7.20 114 493
-6.60 7.20 117 491
-6.50 7.20 120 491
-6.40 7.20 121 489
-6.30 7.20 123 487
-6.20 7.20 125 487
-6.10 7.20 126 485
-6.00 7.20 148 411
-5.90 7.20 150 410
-5.80 7.20 151 410
-5.70 7.20 0 0
-5.60 7.20 0 0
-5.50 7.20 0 0
-5.40 7.20 161 488
-5.30 7.20 160 487
-5.20 7.20 161 487
-5.10 7.20 163 486
-5.00 7.20 167 484
-4.90 7.20 169 483
-4.80 7.20 173 482
-4.70 7.20 175 480
-4.60 7.20 179 478
-4.50 7.20 181 477
-4.40 7.20 184 475
-4.30 7.20 187 473
-4.20 7.20 191 471
-4.10 7.20 194 470
-4.00 7.20 196 467
-3.90 7.20 200 466
-3.80 7.20 202 463
-3.70 7.20 206 462
-3.60 7.20 211 461
-3.50 7.20 214 459
-3.40 7.20 217 456
-3.30 7.20 221 455
-3.20 7.20 224 453
-3.10 7.20 226 453
-3.00 7.20 229 451
-2.90 7.20 231 451
-2.80 7.20 234 450
-2.70 7.20 237 448
-2.60 7.20 239 448
-2.50 7.20 241 447
-2.40 7.20 246 446
-2.30 7.20 248 446
-2.20 7.20 251 445
-2.10 7.20 253 445
-2.00 7.20 259 402
-1.90 7.20 261 400
-1.80 7.20 264 400
-1.70 7.20 267 379
-1.60 7.20 270 378
-1.50 7.20 272 377
-1.40 7.20 275 376
-1.30 7.20 277 376
-1.20 7.20 280 374
-1.10 7.20 283 373
-1.00 7.20 0 0
-0.90 7.20 288 371
-0.80 7.20 290 370
-0.70 7.20 293 370
-0.60 7.20 296 369
-0.50 7.20 298 367
-0.40 7.20 300 367
-0.30 7.20 303 366
-0.20 7.20 306 365
-0.10 7.20 309 363
-0.00 7.20 311 362
0.10 7.20 314 361
0.20 7.20 316 360
0.30 7.20 319 359
0.40 7.20 321 358
0.50 7.20 324 357
0.60 7.20 330 412
0.70 7.20 337 411
0.80 7.20 338 411
0.90 7.20 341 410
1.00 7.20 343 409
1.10 7.20 346 407
1.20 7.20 350 407
1.30 7.20 353 406
1.40 7.20 357 404
1.50 7.20 358 404
1.60 7.20 361 402
1.70 7.20 364 401
1.80 7.20 366 401
1.90 7.20 369 399
2.00 7.20 372 397
2.10 7.20 374 396
2.20 7.20 379 394
2.30 7.20 383 393
2.40 7.20 383 391
2.50 7.20 387 390
2.60 7.20 388 388
2.70 7.20 392 387
2.80 7.20 395 385
2.90 7.20 396 384
3.00 7.20 400 380
3.10 7.20 403 380
3.20 7.20 406 377
3.30 7.20 409 377
3.40 7.20 412 375
3.50 7.20 413 374
3.60 7.20 416 372
3.70 7.20 419 371
3.80 7.20 421 369
3.90 7.20 424 367
4.00 7.20 427 366
4.10 7.20 430 365
4.20 7.20 432 362
4.30 7.20 436 361
4.40 7.20 439 360
4.50 7.20 441 358
4.60 7.20 444 358
4.70 7.20 447 355
4.80 7.20 448 355
4.90 7.20 451 353
5.00 7.20 455 350
5.10 7.20 456 350
5.20 7.20 458 349
5.30 7.20 462 345
5.40 7.20 466 345
5.50 7.20 467 343
5.60 7.20 471 342
5.70 7.20 449 284
5.80 7.20 473 341
5.90 7.20 476 340
6.00 7.20 456 279
6.10 7.20 457 278
6.20 7.20 459 276
6.30 7.20 480 329
6.40 7.20 480 328
6.50 7.20 483 327
6.60 7.20 485 326
6.70 7.20 488 324
6.80 7.20 490 323
6.90 7.20 493 323
7.00 7.20 497 322
7.10 7.20 498 321
7.20 7.20 500 320
7.30 7.20 501 318
7.40 7.20 502 317
7.50 7.20 504 315
7.60 7.20 506 314
7.70 7.20 506 313
7.80 7.20 507 311
7.90 7.20 503 269
8.00 7.20 509 309
8.10 7.20 0 0
8.20 7.20 509 265
8.30 7.20 0 0
8.40 7.20 0 0
8.50 7.20 0 0
8.60 7.20 0 0
8.70 7.20 0 0
8.80 7.20 0 0
8.90 7.20 0 0
9.00 7.20 0 0
9.10 7.20 0 0
-9.00 7.30 55 453
-8.90 7.30 58 453
-8.80 7.30 61 452
-8.70 7.30 64 451
-8.60 7.30 66 451
-8.50 7.30 68 451
-8.40 7.30 73 449
-8.30 7.30 76 448
-8.20 7.30 79 446
-8.10 7.30 66 507
-8.00 7.30 72 506
-7.90 7.30 75 506
-7.80 7.30 79 505
-7.70 7.30 81 504
-7.60 7.30 86 503
-7.50 7.30 90 502
-7.40 7.30 92 502
-7.30 7.30 97 501
-7.20 7.30 99 500
-7.10 7.30 104 498
-7.00 7.30 106 498
-6.90 7.30 109 497
-6.80 7.30 113 495
-6.70 7.30 115 494
-6.60 7.30 118 494
-6.50 7.30 120 492
-6.40 7.30 123 491
-6.30 7.30 125 489
-6.20 7.30 126 489
-6.10 7.30 127 488
-6.00 7.30 149 412
-5.90 7.30 152 411
-5.80 7.30 154 411
-5.70 7.30 0 0
-5.60 7.30 0 0
-5.50 7.30 0 0
-5.40 7.30 164 489
-5.30 7.30 164 488
-5.20 7.30 164 488
-5.10 7.30 166 488
-5.00 7.30 168 487
-4.90 7.30 171 485
-4.80 7.30 174 483
-4.70 7.30 177 481
-4.60 7.30 181 480
-4.50 7.30 184 479
-4.40 7.30 186 477
-4.30 7.30 189 475
-4.20 7.30 192 474
-4.10 7.30 196 471
-4.00 7.30 199 469
-3.90 7.30 202 467
-3.80 7.30 206 465
-3.70 7.30 209 463
-3.60 7.30 212 462
-3.50 7.30 216 461
-3.40 7.30 219 459
-3.30 7.30 222 457
-3.20 7.30 225 455
-3.10 7.30 227 453
-3.00 7.30 230 452
-2.90 7.30 233 451
-2.80 7.30 236 450
-2.70 7.30 239 449
-2.60 7.30 241 449
-2.50 7.30 245 448
-2.40 7.30 249 447
-2.30 7.30 251 447
-2.20 7.30 253 446
-2.10 7.30 254 446
-2.00 7.30 261 402
-1.90 7.30 263 402
-1.80 7.30 266 401
-1.70 7.30 268 400
-1.60 7.30 271 379
-1.50 7.30 273 377
-1.40 7.30 278 377
-1.30 7.30 279 376
-1.20 7.30 0 0
-1.10 7.30 285 374
-1.00 7.30 286 373
-0.90 7.30 0 0
-0.80 7.30 294 371
-0.70 7.30 294 371
-0.60 7.30 298 369
-0.50 7.30 300 368
-0.40 7.30 303 367
-0.30 7.30 304 366
-0.20 7.30 308 365
-0.10 7.30 310 364
-0.00 7.30 314 363
0.10 7.30 315 362
0.20 7.30 318 361
0.30 7.30 321 360
0.40 7.30 324 359
0.50 7.30 326 358
0.60 7.30 329 357
0.70 7.30 335 412
0.80 7.30 334 354
0.90 7.30 344 410
1.00 7.30 348 409
1.10 7.30 347 409
1.20 7.30 351 408
1.30 7.30 355 406
1.40 7.30 357 406
1.50 7.30 361 404
1.60 7.30 363 403
1.70 7.30 366 402
1.80 7.30 369 401
1.90 7.30 372 400
2.00 7.30 375 399
2.10 7.30 377 397
2.20 7.30 381 396
2.30 7.30 384 394
2.40 7.30 387 392
2.50 7.30 389 391
2.60 7.30 392 390
2.70 7.30 394 388
2.80 7.30 398 386
2.90 7.30 400 384
3.00 7.30 403 383
3.10 7.30 404 381
3.20 7.30 408 378
3.30 7.30 409 377
3.40 7.30 414 377
3.50 7.30 416 375
3.60 7.30 419 373
3.70 7.30 421 373
3.80 7.30 423 372
3.90 7.30 427 369
4.00 7.30 431 367
4.10 7.30 433 365
4.20 7.30 435 364
4.30 7.30 437 363
4.40 7.30 439 362
4.50 7.30 443 360
4.60 7.30 444 358
4.70 7.30 448 356
4.80 7.30 452 356
4.90 7.30 453 354
5.00 7.30 457 351
5.10 7.30 459 351
5.20 7.30 459 350
5.30 7.30 464 348
5.40 7.30 465 349
5.50 7.30 468 345
5.60 7.30 472 344
5.70 7.30 472 341
5.80 7.30 453 283
5.90 7.30 456 281
6.00 7.30 457 279
6.10 7.30 458 278
6.20 7.30 0 0
6.30 7.30 481 333
6.40 7.30 483 331
6.50 7.30 484 329
6.60 7.30 487 329
6.70 7.30 490 326
6.80 7.30 493 324
6.90 7.30 497 323
7.00 7.30 498 323
7.10 7.30 499 322
7.20 7.30 502 321
7.30 7.30 502 320
7.40 7.30 503 319
7.50 7.30 504 317
7.60 7.30 506 315
7.70 7.30 507 314
7.80 7.30 507 313
7.90 7.30 505 271
8.00 7.30 509 308
8.10 7.30 509 268
8.20 7.30 0 0
8.30 7.30 0 0
8.40 7.30 0 0
8.50 7.30 0 0
8.60 7.30 0 0
8.70 7.30 0 0
8.80 7.30 0 0
8.90 7.30 0 0
9.00 7.30 0 0
9.10 7.30 0 0
-9.00 7.40 56 454
-8.90 7.40 60 453
-8.80 7.40 63 452
-8.70 7.40 66 452
-8.60 7.40 68 451
-8.50 7.40 70 450
-8.40 7.40 74 449
-8.30 7.40 77 449
-8.20 7.40 80 448
-8.10 7.40 84 445
-8.00 7.40 74 507
-7.90 7.40 76 506
-7.80 7.40 79 505
-7.70 7.40 83 505
-7.60 7.40 86 504
-7.50 7.40 91 503
-7.40 7.40 94 502
-7.30 7.40 98 502
-7.20 7.40 101 500
-7.10 7.40 104 500
-7.00 7.40 107 499
-6.90 7.40 111 497
-6.80 7.40 114 496
-6.70 7.40 117 495
-6.60 7.40 120 495
-6.50 7.40 122 494
-6.40 7.40 125 493
-6.30 7.40 127 491
-6.20 7.40 127 490
-6.10 7.40 130 490
-6.00 7.40 151 413
-5.90 7.40 154 412
-5.80 7.40 155 412
-5.70 7.40 158 411
-5.60 7.40 0 0
-5.50 7.40 0 0
-5.40 7.40 0 0
-5.30 7.40 167 489
-5.20 7.40 165 488
-5.10 7.40 167 489
-5.00 7.40 170 488
-4.90 7.40 172 487
-4.80 7.40 176 485
-4.70 7.40 179 484
-4.60 7.40 182 482
-4.50 7.40 185 480
-4.40 7.40 188 479
-4.30 7.40 192 477
-4.20 7.40 195 475
-4.10 7.40 199 473
-4.00 7.40 201 471
-3.90 7.40 204 469
-3.80 7.40 206 467
-3.70 7.40 210 464
-3.60 7.40 213 463
-3.50 7.40 217 461
-3.40 7.40 221 460
-3.30 7.40 224 459
-3.20 7.40 226 457
-3.10 7.40 230 455
-3.00 7.40 232 454
-2.90 7.40 235 453
-2.80 7.40 238 451
-2.70 7.40 241 451
-2.60 7.40 244 450
-2.50 7.40 246 449
-2.40 7.40 249 448
-2.30 7.40 252 447
-2.20 7.40 255 447
-2.10 7.40 256 446
-2.00 7.40 259 446
-1.90 7.40 264 402
-1.80 7.40 268 402
-1.70 7.40 270 401
-1.60 7.40 273 400
-1.50 7.40 275 379
-1.40 7.40 279 378
-1.30 7.40 280 377
-1.20 7.40 284 376
-1.10 7.40 286 375
-1.00 7.40 289 375
-0.90 7.40 292 374
-0.80 7.40 294 372
-0.70 7.40 296 371
-0.60 7.40 299 370
-0.50 7.40 302 370
-0.40 7.40 304 368
-0.30 7.40 307 368
-0.20 7.40 309 366
-0.10 7.40 312 365
-0.00 7.40 314 363
0.10 7.40 317 363
0.20 7.40 320 362
0.30 7.40 323 361
0.40 7.40 325 360
0.50 7.40 328 358
0.60 7.40 330 357
0.70 7.40 332 356
0.80 7.40 335 355
0.90 7.40 346 411
1.00 7.40 349 409
1.10 7.40 350 409
1.20 7.40 353 408
1.30 7.40 354 407
1.40 7.40 360 406
1.50 7.40 364 405
1.60 7.40 363 404
1.70 7.40 369 403
1.80 7.40 371 402
1.90 7.40 373 401
2.00 7.40 376 399
2.10 7.40 380 398
2.20 7.40 381 397
2.30 7.40 385 396
2.40 7.40 390 394
2.50 7.40 392 392
2.60 7.40 392 391
2.70 7.40 398 389
2.80 7.40 400 388
2.90 7.40 401 386
3.00 7.40 405 385
3.10 7.40 408 383
3.20 7.40 411 382
3.30 7.40 413 380
3.40 7.40 416 378
3.50 7.40 418 377
3.60 7.40 421 375
3.70 7.40 423 375
3.80 7.40 426 372
3.90 7.40 428 370
4.00 7.40 431 368
4.10 7.40 432 368
4.20 7.40 437 365
4.30 7.40 439 363
4.40 7.40 444 362
4.50 7.40 445 360
4.60 7.40 447 360
4.70 7.40 450 358
4.80 7.40 454 356
4.90 7.40 455 357
5.00 7.40 457 354
5.10 7.40 461 352
5.20 7.40 463 350
5.30 7.40 467 349
5.40 7.40 469 349
5.50 7.40 471 345
5.60 7.40 474 345
5.70 7.40 474 342
5.80 7.40 455 284
5.90 7.40 457 282
6.00 7.40 458 281
6.10 7.40 475 339
6.20 7.40 483 339
6.30 7.40 483 337
6.40 7.40 485 334
6.50 7.40 488 332
6.60 7.40 491 330
6.70 7.40 493 328
6.80 7.40 496 327
6.90 7.40 498 326
7.00 7.40 499 324
7.10 7.40 501 323
7.20 7.40 502 321
7.30 7.40 504 320
7.40 7.40 504 319
7.50 7.40 506 317
7.60 7.40 507 318
7.70 7.40 507 316
7.80 7.40 508 314
7.90 7.40 509 312
8.00 7.40 0 0
8.10 7.40 0 0
8.20 7.40 0 0
8.30 7.40 0 0
8.40 7.40 0 0
8.50 7.40 0 0
8.60 7.40 0 0
8.70 7.40 0 0
8.80 7.40 0 0
8.90 7.40 0 0
9.00 7.40 0 0
9.10 7.40 0 0
-9.00 7.50 58 456
-8.90 7.50 61 454
-8.80 7.50 65 453
-8.70 7.50 67 453
-8.60 7.50 70 452
-8.50 7.50 73 450
-8.40 7.50 76 450
-8.30 7.50 80 449
-8.20 7.50 82 448
-8.10 7.50 86 447
-8.00 7.50 74 508
-7.90 7.50 78 507
-7.80 7.50 81 506
-7.70 7.50 86 506
-7.60 7.50 90 505
-7.50 7.50 93 504
-7.40 7.50 95 503
-7.30 7.50 100 502
-7.20 7.50 103 502
-7.10 7.50 106 500
-7.00 7.50 109 500
-6.90 7.50 113 499
-6.80 7.50 115 497
-6.70 7.50 119 497
-6.60 7.50 122 496
-6.50 7.50 124 495
-6.40 7.50 125 494
-6.30 7.50 129 493
-6.20 7.50 130 492
-6.10 7.50 130 492
-6.00 7.50 153 414
-5.90 7.50 155 413
-5.80 7.50 158 412
-5.70 7.50 159 412
-5.60 7.50 0 0
-5.50 7.50 0 0
-5.40 7.50 0 0
-5.30 7.50 171 494
-5.20 7.50 170 491
-5.10 7.50 170 490
-5.00 7.50 172 490
-4.90 7.50 175 488
-4.80 7.50 177 486
-4.70 7.50 181 485
-4.60 7.50 184 483
-4.50 7.50 187 482
-4.40 7.50 190 480
-4.30 7.50 193 479
-4.20 7.50 197 477
-4.10 7.50 200 474
-4.00 7.50 203 473
-3.90 7.50 205 469
-3.80 7.50 209 469
-3.70 7.50 212 467
-3.60 7.50 215 465
-3.50 7.50 219 464
-3.40 7.50 222 462
-3.30 7.50 226 460
-3.20 7.50 229 458
-3.10 7.50 231 457
-3.00 7.50 234 456
-2.90 7.50 238 454
-2.80 7.50 240 453
-2.70 7.50 243 452
-2.60 7.50 245 451
-2.50 7.50 248 450
-2.40 7.50 251 449
-2.30 7.50 254 448
-2.20 7.50 257 448
-2.10 7.50 258 447
-2.00 7.50 259 447
-1.90 7.50 263 446
-1.80 7.50 269 402
-1.70 7.50 272 401
-1.60 7.50 275 401
-1.50 7.50 277 401
-1.40 7.50 280 379
-1.30 7.50 282 378
-1.20 7.50 285 377
-1.10 7.50 287 376
-1.00 7.50 290 375
-0.90 7.50 294 374
-0.80 7.50 296 373
-0.70 7.50 298 372
-0.60 7.50 0 0
-0.50 7.50 304 370
-0.40 7.50 307 369
-0.30 7.50 309 368
-0.20 7.50 311 367
-0.10 7.50 314 366
-0.00 7.50 316 365
0.10 7.50 320 364
0.20 7.50 322 363
0.30 7.50 324 362
0.40 7.50 327 360
0.50 7.50 329 359
0.60 7.50 332 358
0.70 7.50 334 357
0.80 7.50 337 356
0.90 7.50 339 355
1.00 7.50 342 353
1.10 7.50 353 409
1.20 7.50 355 409
1.30 7.50 356 408
1.40 7.50 360 407
1.50 7.50 363 406
1.60 7.50 366 405
1.70 7.50 369 403
1.80 7.50 372 402
1.90 7.50 375 402
2.00 7.50 378 400
2.10 7.50 380 399
2.20 7.50 384 399
2.30 7.50 387 397
2.40 7.50 391 395
2.50 7.50 393 394
2.60 7.50 395 392
2.70 7.50 399 391
2.80 7.50 401 389
2.90 7.50 403 388
3.00 7.50 406 386
3.10 7.50 410 385
3.20 7.50 413 383
3.30 7.50 415 382
3.40 7.50 419 380
3.50 7.50 420 380
3.60 7.50 423 376
3.70 7.50 425 376
3.80 7.50 428 374
3.90 7.50 431 372
4.00 7.50 435 370
4.10 7.50 438 370
4.20 7.50 440 366
4.30 7.50 442 366
4.40 7.50 445 362
4.50 7.50 447 364
4.60 7.50 450 362
4.70 7.50 452 359
4.80 7.50 455 358
4.90 7.50 458 357
5.00 7.50 460 356
5.10 7.50 461 355
5.20 7.50 465 351
5.30 7.50 466 350
5.40 7.50 470 349
5.50 7.50 450 289
5.60 7.50 476 345
5.70 7.50 454 286
5.80 7.50 456 285
5.90 7.50 458 283
6.00 7.50 476 340
6.10 7.50 480 340
6.20 7.50 482 339
6.30 7.50 486 338
6.40 7.50 488 336
6.50 7.50 490 333
6.60 7.50 493 332
6.70 7.50 495 331
6.80 7.50 497 328
6.90 7.50 499 327
7.00 7.50 502 326
7.10 7.50 502 324
7.20 7.50 503 322
7.30 7.50 504 321
7.40 7.50 505 321
7.50 7.50 506 319
7.60 7.50 507 318
7.70 7.50 508 316
7.80 7.50 507 274
7.90 7.50 508 273
8.00 7.50 0 0
8.10 7.50 0 0
8.20 7.50 0 0
8.30 7.50 0 0
8.40 7.50 0 0
8.50 7.50 0 0
8.60 7.50 0 0
8.70 7.50 0 0
8.80 7.50 0 0
8.90 7.50 0 0
9.00 7.50 0 0
9.10 7.50 0 0
-9.00 7.60 59 458
-8.90 7.60 63 456
-8.80 7.60 66 454
-8.70 7.60 68 453
-8.60 7.60 71 453
-8.50 7.60 75 452
-8.40 7.60 78 450
-8.30 7.60 81 449
-8.20 7.60 84 448
-8.10 7.60 88 448
-8.00 7.60 90 447
-7.90 7.60 78 508
-7.80 7.60 82 507
-7.70 7.60 87 506
-7.60 7.60 90 505
-7.50 7.60 94 504
-7.40 7.60 99 504
-7.30 7.60 103 503
-7.20 7.60 104 502
-7.10 7.60 108 501
-7.00 7.60 111 500
-6.90 7.60 114 499
-6.80 7.60 118 499
-6.70 7.60 121 498
-6.60 7.60 123 497
-6.50 7.60 126 496
-6.40 7.60 127 496
-6.30 7.60 130 495
-6.20 7.60 132 494
-6.10 7.60 134 493
-6.00 7.60 154 415
-5.90 7.60 157 414
-5.80 7.60 160 413
-5.70 7.60 162 413
-5.60 7.60 164 413
-5.50 7.60 0 0
-5.40 7.60 172 498
-5.30 7.60 173 496
-5.20 7.60 173 493
-5.10 7.60 173 491
-5.00 7.60 175 491
-4.90 7.60 177 489
-4.80 7.60 179 488
-4.70 7.60 183 487
-4.60 7.60 186 485
-4.50 7.60 189 484
-4.40 7.60 192 482
-4.30 7.60 194 481
-4.20 7.60 198 479
-4.10 7.60 202 477
-4.00 7.60 205 474
-3.90 7.60 208 473
-3.80 7.60 211 471
-3.70 7.60 214 467
-3.60 7.60 217 466
-3.50 7.60 221 465
-3.40 7.60 224 463
-3.30 7.60 227 461
-3.20 7.60 230 460
-3.10 7.60 233 458
-3.00 7.60 235 456
-2.90 7.60 239 455
-2.80 7.60 242 454
-2.70 7.60 244 453
-2.60 7.60 248 452
-2.50 7.60 250 451
-2.40 7.60 253 450
-2.30 7.60 256 449
-2.20 7.60 258 448
-2.10 7.60 260 448
-2.00 7.60 262 447
-1.90 7.60 266 447
-1.80 7.60 271 403
-1.70 7.60 274 402
-1.60 7.60 277 402
-1.50 7.60 279 401
-1.40 7.60 282 400
-1.30 7.60 283 400
-1.20 7.60 287 378
-1.10 7.60 290 376
-1.00 7.60 291 376
-0.90 7.60 295 374
-0.80 7.60 297 374
-0.70 7.60 0 0
-0.60 7.60 302 372
-0.50 7.60 0 0
-0.40 7.60 308 370
-0.30 7.60 310 368
-0.20 7.60 312 368
-0.10 7.60 316 367
-0.00 7.60 318 366
0.10 7.60 321 365
0.20 7.60 324 363
0.30 7.60 325 362
0.40 7.60 329 361
0.50 7.60 331 360
0.60 7.60 334 359
0.70 7.60 336 358
0.80 7.60 339 357
0.90 7.60 341 355
1.00 7.60 344 354
1.10 7.60 347 353
1.20 7.60 349 352
1.30 7.60 351 351
1.40 7.60 364 407
1.50 7.60 365 406
1.60 7.60 366 406
1.70 7.60 368 404
1.80 7.60 375 403
1.90 7.60 376 402
2.00 7.60 380 401
2.10 7.60 383 399
2.20 7.60 386 399
2.30 7.60 389 398
2.40 7.60 392 396
2.50 7.60 393 394
2.60 7.60 397 394
2.70 7.60 401 392
2.80 7.60 405 391
2.90 7.60 407 389
3.00 7.60 409 388
3.10 7.60 413 386
3.20 7.60 416 384
3.30 7.60 417 382
3.40 7.60 421 381
3.50 7.60 423 380
3.60 7.60 425 379
3.70 7.60 426 377
3.80 7.60 430 377
3.90 7.60 432 374
4.00 7.60 434 372
4.10 7.60 441 370
4.20 7.60 443 369
4.30 7.60 446 368
4.40 7.60 447 366
4.50 7.60 451 365
4.60 7.60 452 363
4.70 7.60 455 362
4.80 7.60 458 360
4.90 7.60 459 358
5.00 7.60 460 357
5.10 7.60 465 355
5.20 7.60 468 354
5.30 7.60 471 352
5.40 7.60 471 352
5.50 7.60 452 290
5.60 7.60 454 289
5.70 7.60 456 287
5.80 7.60 458 284
5.90 7.60 476 342
6.00 7.60 480 341
6.10 7.60 483 341
6.20 7.60 485 340
6.30 7.60 488 338
6.40 7.60 490 337
6.50 7.60 493 337
6.60 7.60 495 334
6.70 7.60 497 331
6.80 7.60 499 330
6.90 7.60 501 328
7.00 7.60 503 327
7.10 7.60 503 325
7.20 7.60 503 324
7.30 7.60 505 323
7.40 7.60 505 322
7.50 7.60 507 320
7.60 7.60 508 320
7.70 7.60 508 317
7.80 7.60 0 0
7.90 7.60 0 0
8.00 7.60 0 0
8.10 7.60 0 0
8.20 7.60 0 0
8.30 7.60 0 0
8.40 7.60 0 0
8.50 7.60 0 0
8.60 7.60 0 0
8.70 7.60 0 0
8.80 7.60 0 0
8.90 7.60 0 0
9.00 7.60 0 0
9.10 7.60 0 0
-9.00 7.70 60 461
-8.90 7.70 65 457
-8.80 7.70 68 456
-8.70 7.70 70 455
-8.60 7.70 73 454
-8.50 7.70 76 452
-8.40 7.70 81 450
-8.30 7.70 83 449
-8.20 7.70 86 448
-8.10 7.70 89 448
-8.00 7.70 92 447
-7.90 7.70 95 446
-7.80 7.70 84 508
-7.70 7.70 89 507
-7.60 7.70 92 506
-7.50 7.70 95 506
-7.40 7.70 98 505
-7.30 7.70 103 504
-7.20 7.70 106 503
-7.10 7.70 109 502
-7.00 7.70 113 501
-6.90 7.70 117 500
-6.80 7.70 118 500
-6.70 7.70 122 499
-6.60 7.70 125 498
-6.50 7.70 127 497
-6.40 7.70 128 497
-6.30 7.70 131 497
-6.20 7.70 133 495
-6.10 7.70 135 495
-6.00 7.70 156 417
-5.90 7.70 158 415
-5.80 7.70 162 414
-5.70 7.70 155 502
-5.60 7.70 166 414
-5.50 7.70 0 0
-5.40 7.70 174 499
-5.30 7.70 175 498
-5.20 7.70 176 495
-5.10 7.70 177 492
-5.00 7.70 177 493
-4.90 7.70 179 492
-4.80 7.70 181 491
-4.70 7.70 185 489
-4.60 7.70 188 488
-4.50 7.70 191 486
-4.40 7.70 194 484
-4.30 7.70 197 482
-4.20 7.70 201 480
-4.10 7.70 203 479
-4.00 7.70 207 476
-3.90 7.70 209 474
-3.80 7.70 212 472
-3.70 7.70 215 469
-3.60 7.70 218 469
-3.50 7.70 222 466
-3.40 7.70 225 465
-3.30 7.70 229 463
-3.20 7.70 232 462
-3.10 7.70 234 460
-3.00 7.70 237 459
-2.90 7.70 241 457
-2.80 7.70 244 455
-2.70 7.70 247 454
-2.60 7.70 250 453
-2.50 7.70 252 452
-2.40 7.70 255 451
-2.30 7.70 258 450
-2.20 7.70 260 449
-2.10 7.70 262 448
-2.00 7.70 264 447
-1.90 7.70 268 447
-1.80 7.70 272 446
-1.70 7.70 276 403
-1.60 7.70 278 402
-1.50 7.70 281 402
-1.40 7.70 284 401
-1.30 7.70 286 400
-1.20 7.70 289 400
-1.10 7.70 290 377
-1.00 7.70 294 377
-0.90 7.70 296 376
-0.80 7.70 300 374
-0.70 7.70 303 373
-0.60 7.70 304 372
-0.50 7.70 307 372
-0.40 7.70 310 371
-0.30 7.70 312 370
-0.20 7.70 316 369
-0.10 7.70 317 368
-0.00 7.70 319 366
0.10 7.70 323 364
0.20 7.70 326 364
0.30 7.70 328 363
0.40 7.70 330 362
0.50 7.70 333 361
0.60 7.70 335 360
0.70 7.70 338 358
0.80 7.70 340 358
0.90 7.70 343 356
1.00 7.70 347 355
1.10 7.70 348 354
1.20 7.70 350 353
1.30 7.70 353 352
1.40 7.70 356 350
1.50 7.70 358 349
1.60 7.70 368 406
1.70 7.70 372 405
1.80 7.70 375 404
1.90 7.70 379 402
2.00 7.70 382 401
2.10 7.70 385 400
2.20 7.70 388 399
2.30 7.70 393 398
2.40 7.70 395 397
2.50 7.70 396 396
2.60 7.70 399 395
2.70 7.70 402 394
2.80 7.70 405 392
2.90 7.70 408 391
3.00 7.70 410 390
3.10 7.70 414 387
3.20 7.70 417 386
3.30 7.70 420 385
3.40 7.70 424 383
3.50 7.70 424 381
3.60 7.70 428 381
3.70 7.70 431 380
3.80 7.70 434 376
3.90 7.70 436 376
4.00 7.70 438 374
4.10 7.70 442 372
4.20 7.70 444 371
4.30 7.70 448 369
4.40 7.70 448 368
4.50 7.70 451 366
4.60 7.70 456 365
4.70 7.70 457 363
4.80 7.70 460 362
4.90 7.70 464 360
5.00 7.70 467 358
5.10 7.70 468 358
5.20 7.70 471 355
5.30 7.70 473 354
5.40 7.70 451 292
5.50 7.70 453 291
5.60 7.70 455 289
5.70 7.70 456 288
5.80 7.70 476 345
5.90 7.70 479 344
6.00 7.70 482 342
6.10 7.70 485 342
6.20 7.70 487 341
6.30 7.70 490 340
6.40 7.70 492 338
6.50 7.70 494 337
6.60 7.70 496 336
6.70 7.70 498 333
6.80 7.70 500 331
6.90 7.70 502 329
7.00 7.70 503 329
7.10 7.70 504 326
7.20 7.70 505 325
7.30 7.70 506 324
7.40 7.70 506 323
7.50 7.70 507 321
7.60 7.70 0 0
7.70 7.70 0 0
7.80 7.70 0 0
7.90 7.70 0 0
8.00 7.70 0 0
8.10 7.70 0 0
8.20 7.70 0 0
8.30 7.70 0 0
8.40 7.70 0 0
8.50 7.70 0 0
8.60 7.70 0 0
8.70 7.70 0 0
8.80 7.70 0 0
8.90 7.70 0 0
9.00 7.70 0 0
9.10 7.70 0 0
-9.00 7.80 61 462
-8.90 7.80 66 459
-8.80 7.80 69 457
-8.70 7.80 71 456
-8.60 7.80 75 455
-8.50 7.80 78 453
-8.40 7.80 81 452
-8.30 7.80 86 450
-8.20 7.80 89 448
-8.10 7.80 91 448
-8.00 7.80 94 447
-7.90 7.80 97 447
-7.80 7.80 100 446
-7.70 7.80 103 445
-7.60 7.80 94 507
-7.50 7.80 96 506
-7.40 7.80 101 505
-7.30 7.80 104 504
-7.20 7.80 107 504
-7.10 7.80 112 503
-7.00 7.80 115 502
-6.90 7.80 118 501
-6.80 7.80 121 500
-6.70 7.80 125 499
-6.60 7.80 127 499
-6.50 7.80 129 499
-6.40 7.80 131 498
-6.30 7.80 133 498
-6.20 7.80 135 497
-6.10 7.80 136 496
-6.00 7.80 157 418
-5.90 7.80 160 417
-5.80 7.80 155 502
-5.70 7.80 157 502
-5.60 7.80 168 414
-5.50 7.80 171 414
-5.40 7.80 0 0
-5.30 7.80 176 498
-5.20 7.80 178 498
-5.10 7.80 180 494
-5.00 7.80 179 493
-4.90 7.80 181 494
-4.80 7.80 183 492
-4.70 7.80 186 491
-4.60 7.80 189 489
-4.50 7.80 193 488
-4.40 7.80 195 485
-4.30 7.80 199 484
-4.20 7.80 202 483
-4.10 7.80 204 481
-4.00 7.80 208 477
-3.90 7.80 211 475
-3.80 7.80 212 474
-3.70 7.80 217 471
-3.60 7.80 220 471
-3.50 7.80 223 469
-3.40 7.80 228 466
-3.30 7.80 230 464
-3.20 7.80 233 463
-3.10 7.80 236 462
-3.00 7.80 240 460
-2.90 7.80 243 458
-2.80 7.80 246 457
-2.70 7.80 249 456
-2.60 7.80 250 454
-2.50 7.80 254 453
-2.40 7.80 258 452
-2.30 7.80 260 451
-2.20 7.80 263 450
-2.10 7.80 265 449
-2.00 7.80 267 448
-1.90 7.80 269 447
-1.80 7.80 273 446
-1.70 7.80 277 445
-1.60 7.80 280 403
-1.50 7.80 283 402
-1.40 7.80 286 401
-1.30 7.80 288 401
-1.20 7.80 291 400
-1.10 7.80 293 400
-1.00 7.80 296 377
-0.90 7.80 298 376
-0.80 7.80 300 376
-0.70 7.80 305 374
-0.60 7.80 305 374
-0.50 7.80 310 372
-0.40 7.80 312 372
-0.30 7.80 314 370
-0.20 7.80 316 370
-0.10 7.80 320 368
-0.00 7.80 322 367
0.10 7.80 324 366
0.20 7.80 327 365
0.30 7.80 330 364
0.40 7.80 332 363
0.50 7.80 335 362
0.60 7.80 337 360
0.70 7.80 339 359
0.80 7.80 343 358
0.90 7.80 344 357
1.00 7.80 347 356
1.10 7.80 350 355
1.20 7.80 352 353
1.30 7.80 355 353
1.40 7.80 357 351
1.50 7.80 359 350
1.60 7.80 362 349
1.70 7.80 365 348
1.80 7.80 377 404
1.90 7.80 381 403
2.00 7.80 385 402
2.10 7.80 386 401
2.20 7.80 390 399
2.30 7.80 391 399
2.40 7.80 395 398
2.50 7.80 395 397
2.60 7.80 400 395
2.70 7.80 403 394
2.80 7.80 408 392
2.90 7.80 409 392
3.00 7.80 414 391
3.10 7.80 417 389
3.20 7.80 419 388
3.30 7.80 422 386
3.40 7.80 425 384
3.50 7.80 427 383
3.60 7.80 429 382
3.70 7.80 431 380
3.80 7.80 436 379
3.90 7.80 437 377
4.00 7.80 440 376
4.10 7.80 443 375
4.20 7.80 447 372
4.30 7.80 448 370
4.40 7.80 452 370
4.50 7.80 452 367
4.60 7.80 457 367
4.70 7.80 459 365
4.80 7.80 463 363
4.90 7.80 465 362
5.00 7.80 468 359
5.10 7.80 471 360
5.20 7.80 470 358
5.30 7.80 450 295
5.40 7.80 452 294
5.50 7.80 454 291
5.60 7.80 456 290
5.70 7.80 476 349
5.80 7.80 478 347
5.90 7.80 481 346
6.00 7.80 484 345
6.10 7.80 487 343
6.20 7.80 489 342
6.30 7.80 490 341
6.40 7.80 494 339
6.50 7.80 494 338
6.60 7.80 497 336
6.70 7.80 499 335
6.80 7.80 501 333
6.90 7.80 504 331
7.00 7.80 504 329
7.10 7.80 505 328
7.20 7.80 505 326
7.30 7.80 506 325
7.40 7.80 507 325
7.50 7.80 507 321
7.60 7.80 0 0
7.70 7.80 0 0
7.80 7.80 0 0
7.90 7.80 0 0
8.00 7.80 0 0
8.10 7.80 0 0
8.20 7.80 0 0
8.30 7.80 0 0
8.40 7.80 0 0
8.50 7.80 0 0
8.60 7.80 0 0
8.70 7.80 0 0
8.80 7.80 0 0
8.90 7.80 0 0
9.00 7.80 0 0
9.10 7.80 0 0
-9.00 7.90 63 464
-8.90 7.90 67 460
-8.80 7.90 71 458
-8.70 7.90 73 457
-8.60 7.90 76 456
-8.50 7.90 79 454
-8.40 7.90 83 452
-8.30 7.90 87 450
-8.20 7.90 91 449
-8.10 7.90 94 448
-8.00 7.90 96 448
-7.90 7.90 100 447
-7.80 7.90 102 446
-7.70 7.90 105 445
-7.60 7.90 108 444
-7.50 7.90 99 507
-7.40 7.90 103 506
-7.30 7.90 107 505
-7.20 7.90 108 505
-7.10 7.90 112 504
-7.00 7.90 116 503
-6.90 7.90 120 502
-6.80 7.90 122 501
-6.70 7.90 125 500
-6.60 7.90 129 500
-6.50 7.90 131 500
-6.40 7.90 132 499
-6.30 7.90 135 499
-6.20 7.90 137 498
-6.10 7.90 138 497
-6.00 7.90 158 419
-5.90 7.90 162 418
-5.80 7.90 165 417
-5.70 7.90 161 504
-5.60 7.90 161 504
-5.50 7.90 172 415
-5.40 7.90 0 0
-5.30 7.90 180 502
-5.20 7.90 183 498
-5.10 7.90 182 496
-5.00 7.90 183 495
-4.90 7.90 184 495
-4.80 7.90 185 494
-4.70 7.90 188 492
-4.60 7.90 192 490
-4.50 7.90 194 489
-4.40 7.90 197 488
-4.30 7.90 201 486
-4.20 7.90 203 484
-4.10 7.90 206 482
-4.00 7.90 210 479
-3.90 7.90 212 477
-3.80 7.90 214 475
-3.70 7.90 217 474
-3.60 7.90 222 471
-3.50 7.90 225 470
-3.40 7.90 229 467
-3.30 7.90 232 466
-3.20 7.90 236 464
-3.10 7.90 237 463
-3.00 7.90 241 461
-2.90 7.90 245 460
-2.80 7.90 248 458
-2.70 7.90 250 457
-2.60 7.90 254 456
-2.50 7.90 256 454
-2.40 7.90 260 453
-2.30 7.90 262 452
-2.20 7.90 264 451
-2.10 7.90 266 450
-2.00 7.90 270 448
-1.90 7.90 273 448
-1.80 7.90 275 447
-1.70 7.90 282 446
-1.60 7.90 284 446
-1.50 7.90 285 403
-1.40 7.90 287 402
-1.30 7.90 290 401
-1.20 7.90 292 400
-1.10 7.90 295 400
-1.00 7.90 297 400
-0.90 7.90 300 399
-0.80 7.90 303 376
-0.70 7.90 306 375
-0.60 7.90 0 0
-0.50 7.90 312 373
-0.40 7.90 312 372
-0.30 7.90 316 372
-0.20 7.90 318 370
-0.10 7.90 321 369
-0.00 7.90 324 368
0.10 7.90 326 367
0.20 7.90 329 366
0.30 7.90 330 365
0.40 7.90 333 363
0.50 7.90 337 362
0.60 7.90 339 361
0.70 7.90 342 360
0.80 7.90 344 359
0.90 7.90 347 358
1.00 7.90 349 357
1.10 7.90 352 356
1.20 7.90 354 354
1.30 7.90 357 353
1.40 7.90 360 352
1.50 7.90 362 351
1.60 7.90 364 349
1.70 7.90 367 348
1.80 7.90 369 346
1.90 7.90 372 345
2.00 7.90 386 402
2.10 7.90 388 402
2.20 7.90 391 400
2.30 7.90 394 399
2.40 7.90 397 398
2.50 7.90 399 397
2.60 7.90 402 397
2.70 7.90 405 394
2.80 7.90 408 394
2.90 7.90 412 392
3.00 7.90 415 391
3.10 7.90 419 389
3.20 7.90 420 388
3.30 7.90 422 387
3.40 7.90 426 385
3.50 7.90 429 384
3.60 7.90 433 383
3.70 7.90 435 381
3.80 7.90 436 380
3.90 7.90 441 378
4.00 7.90 442 377
4.10 7.90 445 375
4.20 7.90 450 374
4.30 7.90 451 372
4.40 7.90 454 371
4.50 7.90 456 369
4.60 7.90 459 368
4.70 7.90 463 367
4.80 7.90 465 365
4.90 7.90 469 364
5.00 7.90 469 361
5.10 7.90 470 361
5.20 7.90 450 297
5.30 7.90 452 295
5.40 7.90 454 294
5.50 7.90 477 358
5.60 7.90 474 352
5.70 7.90 478 351
5.80 7.90 480 348
5.90 7.90 483 347
6.00 7.90 486 346
6.10 7.90 488 345
6.20 7.90 491 343
6.30 7.90 492 342
6.40 7.90 495 340
6.50 7.90 497 339
6.60 7.90 499 338
6.70 7.90 500 336
6.80 7.90 502 334
6.90 7.90 503 332
7.00 7.90 505 332
7.10 7.90 505 330
7.20 7.90 506 328
7.30 7.90 503 285
7.40 7.90 508 323
7.50 7.90 507 281
7.60 7.90 0 0
7.70 7.90 0 0
7.80 7.90 0 0
7.90 7.90 0 0
8.00 7.90 0 0
8.10 7.90 0 0
8.20 7.90 0 0
8.30 7.90 0 0
8.40 7.90 0 0
8.50 7.90 0 0
8.60 7.90 0 0
8.70 7.90 0 0
8.80 7.90 0 0
8.90 7.90 0 0
9.00 7.90 0 0
9.10 7.90 0 0
-9.00 8.00 65 465
-8.90 8.00 69 462
-8.80 8.00 72 460
-8.70 8.00 75 459
-8.60 8.00 78 458
-8.50 8.00 81 456
-8.40 8.00 85 454
-8.30 8.00 88 452
-8.20 8.00 92 450
-8.10 8.00 95 449
-8.00 8.00 98 448
-7.90 8.00 101 447
-7.80 8.00 104 446
-7.70 8.00 106 446
-7.60 8.00 108 445
-7.50 8.00 102 508
-7.40 8.00 104 507
-7.30 8.00 107 506
-7.20 8.00 111 505
-7.10 8.00 114 504
-7.00 8.00 119 504
-6.90 8.00 121 503
-6.80 8.00 124 502
-6.70 8.00 128 502
-6.60 8.00 131 501
-6.50 8.00 132 500
-6.40 8.00 134 500
-6.30 8.00 136 500
-6.20 8.00 138 499
-6.10 8.00 139 499
-6.00 8.00 160 422
-5.90 8.00 163 420
-5.80 8.00 158 504
-5.70 8.00 163 503
-5.60 8.00 162 503
-5.50 8.00 164 505
-5.40 8.00 177 416
-5.30 8.00 181 506
-5.20 8.00 184 501
-5.10 8.00 186 497
-5.00 8.00 186 496
-4.90 8.00 187 496
-4.80 8.00 187 495
-4.70 8.00 190 494
-4.60 8.00 193 493
-4.50 8.00 196 490
-4.40 8.00 200 490
-4.30 8.00 203 488
-4.20 8.00 205 486
-4.10 8.00 209 484
-4.00 8.00 211 482
-3.90 8.00 214 480
-3.80 8.00 216 477
-3.70 8.00 219 476
-3.60 8.00 223 474
-3.50 8.00 226 471
-3.40 8.00 229 469
-3.30 8.00 233 467
-3.20 8.00 236 465
-3.10 8.00 240 464
-3.00 8.00 243 463
-2.90 8.00 247 461
-2.80 8.00 250 460
-2.70 8.00 253 459
-2.60 8.00 256 457
-2.50 8.00 257 456
-2.40 8.00 261 454
-2.30 8.00 263 453
-2.20 8.00 266 451
-2.10 8.00 268 450
-2.00 8.00 272 450
-1.90 8.00 275 449
-1.80 8.00 278 448
-1.70 8.00 282 447
-1.60 8.00 285 446
-1.50 8.00 289 446
-1.40 8.00 289 446
-1.30 8.00 292 402
-1.20 8.00 295 401
-1.10 8.00 297 400
-1.00 8.00 299 400
-0.90 8.00 302 399
-0.80 8.00 304 398
-0.70 8.00 307 376
-0.60 8.00 310 375
-0.50 8.00 312 374
-0.40 8.00 316 372
-0.30 8.00 317 372
-0.20 8.00 320 371
-0.10 8.00 323 370
-0.00 8.00 326 369
0.10 8.00 328 368
0.20 8.00 331 367
0.30 8.00 332 366
0.40 8.00 336 364
0.50 8.00 338 363
0.60 8.00 340 362
0.70 8.00 344 361
0.80 8.00 345 360
0.90 8.00 349 359
1.00 8.00 350 357
1.10 8.00 353 357
1.20 8.00 356 355
1.30 8.00 359 354
1.40 8.00 361 353
1.50 8.00 363 351
1.60 8.00 366 350
1.70 8.00 369 349
1.80 8.00 371 348
1.90 8.00 373 346
2.00 8.00 375 345
2.10 8.00 387 402
2.20 8.00 392 401
2.30 8.00 394 400
2.40 8.00 399 399
2.50 8.00 400 398
2.60 8.00 403 397
2.70 8.00 406 395
2.80 8.00 410 394
2.90 8.00 414 392
3.00 8.00 416 391
3.10 8.00 419 390
3.20 8.00 422 389
3.30 8.00 425 388
3.40 8.00 428 386
3.50 8.00 431 384
3.60 8.00 433 383
3.70 8.00 435 382
3.80 8.00 438 381
3.90 8.00 440 379
4.00 8.00 444 379
4.10 8.00 447 376
4.20 8.00 450 374
4.30 8.00 452 373
4.40 8.00 456 372
4.50 8.00 458 371
4.60 8.00 462 370
4.70 8.00 464 367
4.80 8.00 467 366
4.90 8.00 470 364
5.00 8.00 470 364
5.10 8.00 450 299
5.20 8.00 452 298
5.30 8.00 454 296
5.40 8.00 476 357
5.50 8.00 476 354
5.60 8.00 478 353
5.70 8.00 480 351
5.80 8.00 482 349
5.90 8.00 484 348
6.00 8.00 487 347
6.10 8.00 489 346
6.20 8.00 491 344
6.30 8.00 494 342
6.40 8.00 496 341
6.50 8.00 499 339
6.60 8.00 500 338
6.70 8.00 501 337
6.80 8.00 503 336
6.90 8.00 504 334
7.00 8.00 505 333
7.10 8.00 506 330
7.20 8.00 507 328
7.30 8.00 507 326
7.40 8.00 0 0
7.50 8.00 0 0
7.60 8.00 0 0
7.70 8.00 0 0
7.80 8.00 0 0
7.90 8.00 0 0
8.00 8.00 0 0
8.10 8.00 0 0
8.20 8.00 0 0
8.30 8.00 0 0
8.40 8.00 0 0
8.50 8.00 0 0
8.60 8.00 0 0
8.70 8.00 0 0
8.80 8.00 0 0
8.90 8.00 0 0
9.00 8.00 0 0
9.10 8.00 0 0
-9.00 8.10 66 466
-8.90 8.10 70 463
-8.80 8.10 73 462
-8.70 8.10 76 461
-8.60 8.10 79 459
-8.50 8.10 82 458
-8.40 8.10 86 456
-8.30 8.10 90 453
-8.20 8.10 94 451
-8.10 8.10 97 450
-8.00 8.10 100 449
-7.90 8.10 103 448
-7.80 8.10 105 447
-7.70 8.10 108 446
-7.60 8.10 111 445
-7.50 8.10 114 444
-7.40 8.10 118 443
-7.30 8.10 107 507
-7.20 8.10 113 506
-7.10 8.10 116 505
-7.00 8.10 120 505
-6.90 8.10 123 504
-6.80 8.10 126 503
-6.70 8.10 129 502
-6.60 8.10 131 502
-6.50 8.10 134 501
-6.40 8.10 136 501
-6.30 8.10 137 501
-6.20 8.10 139 501
-6.10 8.10 141 501
-6.00 8.10 162 423
-5.90 8.10 165 421
-5.80 8.10 168 419
-5.70 8.10 164 504
-5.60 8.10 166 504
-5.50 8.10 171 505
-5.40 8.10 176 507
-5.30 8.10 183 506
-5.20 8.10 186 504
-5.10 8.10 188 500
-5.00 8.10 189 497
-4.90 8.10 190 496
-4.80 8.10 190 496
-4.70 8.10 191 495
-4.60 8.10 195 494
-4.50 8.10 197 493
-4.40 8.10 200 491
-4.30 8.10 204 490
-4.20 8.10 207 488
-4.10 8.10 210 486
-4.00 8.10 213 483
-3.90 8.10 215 481
-3.80 8.10 218 479
-3.70 8.10 220 478
-3.60 8.10 224 476
-3.50 8.10 228 473
-3.40 8.10 232 471
-3.30 8.10 236 468
-3.20 8.10 239 467
-3.10 8.10 242 465
-3.00 8.10 246 465
-2.90 8.10 248 463
-2.80 8.10 252 462
-2.70 8.10 255 460
-2.60 8.10 258 460
-2.50 8.10 260 457
-2.40 8.10 264 456
-2.30 8.10 266 454
-2.20 8.10 269 452
-2.10 8.10 271 452
-2.00 8.10 275 451
-1.90 8.10 278 450
-1.80 8.10 281 449
-1.70 8.10 284 448
-1.60 8.10 287 447
-1.50 8.10 291 446
-1.40 8.10 292 446
-1.30 8.10 295 446
-1.20 8.10 296 402
-1.10 8.10 299 401
-1.00 8.10 302 400
-0.90 8.10 304 400
-0.80 8.10 307 399
-0.70 8.10 310 398
-0.60 8.10 311 376
-0.50 8.10 314 375
-0.40 8.10 317 373
-0.30 8.10 320 372
-0.20 8.10 321 372
-0.10 8.10 325 371
-0.00 8.10 327 370
0.10 8.10 330 368
0.20 8.10 332 368
0.30 8.10 336 366
0.40 8.10 337 365
0.50 8.10 340 364
0.60 8.10 343 363
0.70 8.10 345 362
0.80 8.10 348 361
0.90 8.10 351 359
1.00 8.10 353 358
1.10 8.10 356 357
1.20 8.10 357 356
1.30 8.10 360 355
1.40 8.10 363 353
1.50 8.10 365 352
1.60 8.10 367 351
1.70 8.10 370 350
1.80 8.10 373 348
1.90 8.10 376 347
2.00 8.10 377 346
2.10 8.10 380 344
2.20 8.10 383 343
2.30 8.10 385 342
2.40 8.10 388 341
2.50 8.10 406 397
2.60 8.10 406 397
2.70 8.10 409 395
2.80 8.10 413 394
2.90 8.10 414 392
3.00 8.10 417 392
3.10 8.10 420 391
3.20 8.10 423 389
3.30 8.10 427 388
3.40 8.10 429 386
3.50 8.10 431 386
3.60 8.10 434 384
3.70 8.10 436 383
3.80 8.10 441 381
3.90 8.10 442 381
4.00 8.10 446 379
4.10 8.10 447 377
4.20 8.10 452 376
4.30 8.10 453 375
4.40 8.10 457 373
4.50 8.10 461 371
4.60 8.10 463 369
4.70 8.10 465 368
4.80 8.10 468 367
4.90 8.10 468 365
5.00 8.10 449 301
5.10 8.10 451 300
5.20 8.10 454 298
5.30 8.10 473 360
5.40 8.10 476 357
5.50 8.10 477 356
5.60 8.10 479 354
5.70 8.10 481 353
5.80 8.10 484 352
5.90 8.10 485 350
6.00 8.10 488 348
6.10 8.10 491 347
6.20 8.10 494 345
6.30 8.10 494 344
6.40 8.10 498 342
6.50 8.10 500 340
6.60 8.10 501 339
6.70 8.10 503 338
6.80 8.10 503 338
6.90 8.10 504 335
7.00 8.10 506 334
7.10 8.10 502 289
7.20 8.10 504 288
7.30 8.10 506 287
7.40 8.10 0 0
7.50 8.10 0 0
7.60 8.10 0 0
7.70 8.10 0 0
7.80 8.10 0 0
7.90 8.10 0 0
8.00 8.10 0 0
8.10 8.10 0 0
8.20 8.10 0 0
8.30 8.10 0 0
8.40 8.10 0 0
8.50 8.10 0 0
8.60 8.10 0 0
8.70 8.10 0 0
8.80 8.10 0 0
8.90 8.10 0 0
9.00 8.10 0 0
9.10 8.10 0 0
-9.00 8.20 68 468
-8.90 8.20 71 466
-8.80 8.20 75 464
-8.70 8.20 77 462
-8.60 8.20 80 461
-8.50 8.20 84 459
-8.40 8.20 88 458
-8.30 8.20 91 455
-8.20 8.20 95 452
-8.10 8.20 98 451
-8.00 8.20 101 450
-7.90 8.20 104 448
-7.80 8.20 107 448
-7.70 8.20 111 446
-7.60 8.20 113 446
-7.50 8.20 117 444
-7.40 8.20 119 444
-7.30 8.20 114 508
-7.20 8.20 115 507
-7.10 8.20 118 506
-7.00 8.20 120 505
-6.90 8.20 124 505
-6.80 8.20 129 503
-6.70 8.20 131 503
-6.60 8.20 134 502
-6.50 8.20 135 502
-6.40 8.20 137 502
-6.30 8.20 139 502
-6.20 8.20 142 502
-6.10 8.20 142 502
-6.00 8.20 163 424
-5.90 8.20 167 423
-5.80 8.20 169 421
-5.70 8.20 166 504
-5.60 8.20 169 504
-5.50 8.20 172 504
-5.40 8.20 175 506
-5.30 8.20 179 507
-5.20 8.20 188 508
-5.10 8.20 190 501
-5.00 8.20 191 499
-4.90 8.20 193 497
-4.80 8.20 193 497
-4.70 8.20 193 496
-4.60 8.20 197 495
-4.50 8.20 200 494
-4.40 8.20 203 492
-4.30 8.20 206 490
-4.20 8.20 209 489
-4.10 8.20 212 488
-4.00 8.20 215 485
-3.90 8.20 216 483
-3.80 8.20 219 481
-3.70 8.20 223 479
-3.60 8.20 226 477
-3.50 8.20 230 474
-3.40 8.20 235 472
-3.30 8.20 237 469
-3.20 8.20 241 469
-3.10 8.20 245 467
-3.00 8.20 248 465
-2.90 8.20 251 465
-2.80 8.20 254 463
-2.70 8.20 257 462
-2.60 8.20 259 461
-2.50 8.20 262 459
-2.40 8.20 265 458
-2.30 8.20 268 455
-2.20 8.20 270 454
-2.10 8.20 273 453
-2.00 8.20 276 452
-1.90 8.20 279 450
-1.80 8.20 282 449
-1.70 8.20 287 448
-1.60 8.20 289 448
-1.50 8.20 293 447
-1.40 8.20 295 447
-1.30 8.20 297 446
-1.20 8.20 300 445
-1.10 8.20 300 402
-1.00 8.20 304 401
-0.90 8.20 306 400
-0.80 8.20 308 399
-0.70 8.20 311 398
-0.60 8.20 314 398
-0.50 8.20 316 376
-0.40 8.20 319 375
-0.30 8.20 321 373
-0.20 8.20 324 373
-0.10 8.20 326 372
-0.00 8.20 330 370
0.10 8.20 331 370
0.20 8.20 334 369
0.30 8.20 337 367
0.40 8.20 339 366
0.50 8.20 341 365
0.60 8.20 344 364
0.70 8.20 347 362
0.80 8.20 349 362
0.90 8.20 352 360
1.00 8.20 355 359
1.10 8.20 357 357
1.20 8.20 359 357
1.30 8.20 362 355
1.40 8.20 365 354
1.50 8.20 367 353
1.60 8.20 369 352
1.70 8.20 372 350
1.80 8.20 374 349
1.90 8.20 377 348
2.00 8.20 379 346
2.10 8.20 382 345
2.20 8.20 384 344
2.30 8.20 387 342
2.40 8.20 389 341
2.50 8.20 391 340
2.60 8.20 395 338
2.70 8.20 409 395
2.80 8.20 413 395
2.90 8.20 418 392
3.00 8.20 418 393
3.10 8.20 421 391
3.20 8.20 424 390
3.30 8.20 428 388
3.40 8.20 430 388
3.50 8.20 434 386
3.60 8.20 435 385
3.70 8.20 439 384
3.80 8.20 441 383
3.90 8.20 444 383
4.00 8.20 446 379
4.10 8.20 452 378
4.20 8.20 454 376
4.30 8.20 456 375
4.40 8.20 460 374
4.50 8.20 460 372
4.60 8.20 463 371
4.70 8.20 466 369
4.80 8.20 469 368
4.90 8.20 448 304
5.00 8.20 451 301
5.10 8.20 470 364
5.20 8.20 473 362
5.30 8.20 475 361
5.40 8.20 476 359
5.50 8.20 479 357
5.60 8.20 482 355
5.70 8.20 483 354
5.80 8.20 486 352
5.90 8.20 488 350
6.00 8.20 489 349
6.10 8.20 493 348
6.20 8.20 496 346
6.30 8.20 497 345
6.40 8.20 499 343
6.50 8.20 500 342
6.60 8.20 502 341
6.70 8.20 503 339
6.80 8.20 504 338
6.90 8.20 506 337
7.00 8.20 506 335
7.10 8.20 504 291
7.20 8.20 506 290
7.30 8.20 0 0
7.40 8.20 0 0
7.50 8.20 0 0
7.60 8.20 0 0
7.70 8.20 0 0
7.80 8.20 0 0
7.90 8.20 0 0
8.00 8.20 0 0
8.10 8.20 0 0
8.20 8.20 0 0
8.30 8.20 0 0
8.40 8.20 0 0
8.50 8.20 0 0
8.60 8.20 0 0
8.70 8.20 0 0
8.80 8.20 0 0
8.90 8.20 0 0
9.00 8.20 0 0
9.10 8.20 0 0
-9.00 8.30 69 470
-8.90 8.30 73 467
-8.80 8.30 77 465
-8.70 8.30 79 464
-8.60 8.30 82 463
-8.50 8.30 84 462
-8.40 8.30 89 459
-8.30 8.30 93 456
-8.20 8.30 97 454
-8.10 8.30 100 452
-8.00 8.30 103 451
-7.90 8.30 106 450
-7.80 8.30 109 449
-7.70 8.30 112 447
-7.60 8.30 114 447
-7.50 8.30 119 445
-7.40 8.30 122 444
-7.30 8.30 124 443
-7.20 8.30 127 442
-7.10 8.30 118 507
-7.00 8.30 122 506
-6.90 8.30 127 505
-6.80 8.30 129 504
-6.70 8.30 132 504
-6.60 8.30 135 503
-6.50 8.30 138 503
-6.40 8.30 140 502
-6.30 8.30 143 503
-6.20 8.30 143 502
-6.10 8.30 145 503
-6.00 8.30 165 426
-5.90 8.30 168 424
-5.80 8.30 171 422
-5.70 8.30 168 505
-5.60 8.30 171 504
-5.50 8.30 172 505
-5.40 8.30 175 505
-5.30 8.30 180 507
-5.20 8.30 185 507
-5.10 8.30 192 504
-5.00 8.30 194 500
-4.90 8.30 195 499
-4.80 8.30 196 497
-4.70 8.30 197 498
-4.60 8.30 199 496
-4.50 8.30 201 495
-4.40 8.30 205 494
-4.30 8.30 208 492
-4.20 8.30 210 492
-4.10 8.30 214 489
-4.00 8.30 216 488
-3.90 8.30 219 486
-3.80 8.30 221 483
-3.70 8.30 224 481
-3.60 8.30 227 479
-3.50 8.30 231 476
-3.40 8.30 236 474
-3.30 8.30 240 472
-3.20 8.30 243 470
-3.10 8.30 247 469
-3.00 8.30 250 467
-2.90 8.30 253 466
-2.80 8.30 257 465
-2.70 8.30 259 464
-2.60 8.30 261 462
-2.50 8.30 264 461
-2.40 8.30 267 459
-2.30 8.30 270 457
-2.20 8.30 272 455
-2.10 8.30 275 454
-2.00 8.30 278 453
-1.90 8.30 282 452
-1.80 8.30 285 451
-1.70 8.30 290 449
-1.60 8.30 293 449
-1.50 8.30 295 448
-1.40 8.30 297 447
-1.30 8.30 300 446
-1.20 8.30 302 446
-1.10 8.30 304 446
-1.00 8.30 307 445
-0.90 8.30 308 401
-0.80 8.30 311 400
-0.70 8.30 313 399
-0.60 8.30 317 398
-0.50 8.30 318 397
-0.40 8.30 320 397
-0.30 8.30 323 375
-0.20 8.30 324 373
-0.10 8.30 327 372
-0.00 8.30 330 371
0.10 8.30 332 370
0.20 8.30 336 370
0.30 8.30 339 368
0.40 8.30 340 367
0.50 8.30 343 366
0.60 8.30 346 365
0.70 8.30 350 364
0.80 8.30 351 362
0.90 8.30 353 361
1.00 8.30 356 359
1.10 8.30 358 358
1.20 8.30 361 358
1.30 8.30 364 356
1.40 8.30 366 355
1.50 8.30 369 354
1.60 8.30 372 352
1.70 8.30 374 351
1.80 8.30 376 350
1.90 8.30 379 349
2.00 8.30 382 347
2.10 8.30 384 346
2.20 8.30 385 345
2.30 8.30 389 343
2.40 8.30 391 342
2.50 8.30 394 340
2.60 8.30 396 339
2.70 8.30 399 338
2.80 8.30 414 395
2.90 8.30 403 335
3.00 8.30 406 333
3.10 8.30 408 332
3.20 8.30 424 391
3.30 8.30 429 389
3.40 8.30 415 328
3.50 8.30 434 387
3.60 8.30 436 386
3.70 8.30 440 384
3.80 8.30 442 383
3.90 8.30 446 381
4.00 8.30 449 380
4.10 8.30 454 378
4.20 8.30 455 377
4.30 8.30 457 376
4.40 8.30 461 374
4.50 8.30 462 373
4.60 8.30 466 371
4.70 8.30 445 308
4.80 8.30 468 368
4.90 8.30 449 303
5.00 8.30 470 366
5.10 8.30 473 365
5.20 8.30 473 363
5.30 8.30 475 361
5.40 8.30 477 360
5.50 8.30 480 359
5.60 8.30 483 357
5.70 8.30 485 354
5.80 8.30 487 355
5.90 8.30 490 352
6.00 8.30 492 351
6.10 8.30 494 348
6.20 8.30 496 347
6.30 8.30 499 346
6.40 8.30 500 345
6.50 8.30 501 343
6.60 8.30 502 341
6.70 8.30 504 340
6.80 8.30 505 339
6.90 8.30 508 338
7.00 8.30 504 293
7.10 8.30 506 292
7.20 8.30 0 0
7.30 8.30 0 0
7.40 8.30 0 0
7.50 8.30 0 0
7.60 8.30 0 0
7.70 8.30 0 0
7.80 8.30 0 0
7.90 8.30 0 0
8.00 8.30 0 0
8.10 8.30 0 0
8.20 8.30 0 0
8.30 8.30 0 0
8.40 8.30 0 0
8.50 8.30 0 0
8.60 8.30 0 0
8.70 8.30 0 0
8.80 8.30 0 0
8.90 8.30 0 0
9.00 8.30 0 0
9.10 8.30 0 0
-9.00 8.40 70 471
-8.90 8.40 74 469
-8.80 8.40 78 467
-8.70 8.40 81 466
-8.60 8.40 83 465
-8.50 8.40 86 463
-8.40 8.40 89 461
-8.30 8.40 95 458
-8.20 8.40 98 456
-8.10 8.40 101 454
-8.00 8.40 104 453
-7.90 8.40 107 451
-7.80 8.40 110 450
-7.70 8.40 113 448
-7.60 8.40 117 446
-7.50 8.40 120 445
-7.40 8.40 124 444
-7.30 8.40 126 443
-7.20 8.40 129 442
-7.10 8.40 132 442
-7.00 8.40 135 441
-6.90 8.40 128 506
-6.80 8.40 131 505
-6.70 8.40 134 505
-6.60 8.40 136 504
-6.50 8.40 139 503
-6.40 8.40 142 504
-6.30 8.40 143 503
-6.20 8.40 145 503
-6.10 8.40 148 505
-6.00 8.40 167 427
-5.90 8.40 170 426
-5.80 8.40 173 425
-5.70 8.40 170 507
-5.60 8.40 172 505
-5.50 8.40 175 505
-5.40 8.40 178 505
-5.30 8.40 180 506
-5.20 8.40 184 507
-5.10 8.40 193 506
-5.00 8.40 195 502
-4.90 8.40 197 500
-4.80 8.40 199 500
-4.70 8.40 201 498
-4.60 8.40 202 498
-4.50 8.40 204 496
-4.40 8.40 207 496
-4.30 8.40 209 494
-4.20 8.40 212 493
-4.10 8.40 215 491
-4.00 8.40 219 489
-3.90 8.40 221 487
-3.80 8.40 224 485
-3.70 8.40 226 483
-3.60 8.40 230 482
-3.50 8.40 232 478
-3.40 8.40 239 475
-3.30 8.40 243 473
-3.20 8.40 246 472
-3.10 8.40 250 471
-3.00 8.40 253 469
-2.90 8.40 255 468
-2.80 8.40 258 467
-2.70 8.40 261 465
-2.60 8.40 263 464
-2.50 8.40 266 463
-2.40 8.40 269 461
-2.30 8.40 273 459
-2.20 8.40 274 457
-2.10 8.40 277 455
-2.00 8.40 281 454
-1.90 8.40 283 453
-1.80 8.40 287 451
-1.70 8.40 292 450
-1.60 8.40 294 450
-1.50 8.40 297 449
-1.40 8.40 299 448
-1.30 8.40 302 447
-1.20 8.40 304 447
-1.10 8.40 307 446
-1.00 8.40 309 445
-0.90 8.40 310 401
-0.80 8.40 313 400
-0.70 8.40 316 399
-0.60 8.40 318 399
-0.50 8.40 321 398
-0.40 8.40 323 397
-0.30 8.40 326 396
-0.20 8.40 327 396
-0.10 8.40 330 373
-0.00 8.40 332 372
0.10 8.40 334 371
0.20 8.40 338 370
0.30 8.40 340 369
0.40 8.40 343 368
0.50 8.40 345 367
0.60 8.40 349 365
0.70 8.40 351 364
0.80 8.40 353 363
0.90 8.40 356 361
1.00 8.40 359 360
1.10 8.40 360 359
1.20 8.40 363 358
1.30 8.40 366 357
1.40 8.40 367 356
1.50 8.40 371 354
1.60 8.40 374 353
1.70 8.40 376 352
1.80 8.40 378 350
1.90 8.40 381 349
2.00 8.40 383 348
2.10 8.40 386 347
2.20 8.40 388 346
2.30 8.40 391 343
2.40 8.40 393 343
2.50 8.40 396 341
2.60 8.40 398 340
2.70 8.40 400 339
2.80 8.40 402 337
2.90 8.40 405 336
3.00 8.40 408 334
3.10 8.40 410 333
3.20 8.40 412 331
3.30 8.40 415 329
3.40 8.40 417 329
3.50 8.40 419 327
3.60 8.40 422 326
3.70 8.40 425 324
3.80 8.40 445 383
3.90 8.40 446 382
4.00 8.40 431 319
4.10 8.40 452 379
4.20 8.40 455 378
4.30 8.40 457 377
4.40 8.40 462 375
4.50 8.40 443 311
4.60 8.40 445 310
4.70 8.40 447 308
4.80 8.40 467 370
4.90 8.40 469 369
5.00 8.40 471 367
5.10 8.40 472 365
5.20 8.40 474 363
5.30 8.40 476 362
5.40 8.40 479 360
5.50 8.40 481 359
5.60 8.40 484 359
5.70 8.40 485 356
5.80 8.40 489 354
5.90 8.40 491 353
6.00 8.40 494 351
6.10 8.40 496 350
6.20 8.40 498 349
6.30 8.40 500 346
6.40 8.40 501 345
6.50 8.40 502 343
6.60 8.40 504 343
6.70 8.40 505 341
6.80 8.40 505 340
6.90 8.40 503 296
7.00 8.40 506 294
7.10 8.40 508 294
7.20 8.40 0 0
7.30 8.40 0 0
7.40 8.40 0 0
7.50 8.40 0 0
7.60 8.40 0 0
7.70 8.40 0 0
7.80 8.40 0 0
7.90 8.40 0 0
8.00 8.40 0 0
8.10 8.40 0 0
8.20 8.40 0 0
8.30 8.40 0 0
8.40 8.40 0 0
8.50 8.40 0 0
8.60 8.40 0 0
8.70 8.40 0 0
8.80 8.40 0 0
8.90 8.40 0 0
9.00 8.40 0 0
9.10 8.40 0 0
-9.00 8.50 72 473
-8.90 8.50 75 471
-8.80 8.50 80 468
-8.70 8.50 82 467
-8.60 8.50 84 466
-8.50 8.50 87 465
-8.40 8.50 91 463
-8.30 8.50 96 460
-8.20 8.50 99 458
-8.10 8.50 103 456
-8.00 8.50 106 454
-7.90 8.50 109 453
-7.80 8.50 111 451
-7.70 8.50 115 450
-7.60 8.50 119 448
-7.50 8.50 122 446
-7.40 8.50 125 445
-7.30 8.50 128 444
-7.20 8.50 130 443
-7.10 8.50 135 442
-7.00 8.50 138 441
-6.90 8.50 130 507
-6.80 8.50 133 506
-6.70 8.50 136 505
-6.60 8.50 139 504
-6.50 8.50 141 504
-6.40 8.50 143 504
-6.30 8.50 146 504
-6.20 8.50 146 504
-6.10 8.50 148 505
-6.00 8.50 168 429
-5.90 8.50 171 427
-5.80 8.50 175 426
-5.70 8.50 172 506
-5.60 8.50 172 506
-5.50 8.50 176 505
-5.40 8.50 179 505
-5.30 8.50 182 506
-5.20 8.50 185 507
-5.10 8.50 187 508
-5.00 8.50 199 506
-4.90 8.50 201 505
-4.80 8.50 201 502
-4.70 8.50 203 500
-4.60 8.50 205 499
-4.50 8.50 207 498
-4.40 8.50 209 497
-4.30 8.50 212 496
-4.20 8.50 214 495
-4.10 8.50 217 494
-4.00 8.50 221 491
-3.90 8.50 223 489
-3.80 8.50 225 487
-3.70 8.50 229 485
-3.60 8.50 232 484
-3.50 8.50 236 481
-3.40 8.50 242 478
-3.30 8.50 246 476
-3.20 8.50 248 475
-3.10 8.50 251 473
-3.00 8.50 255 471
-2.90 8.50 257 469
-2.80 8.50 260 469
-2.70 8.50 263 467
-2.60 8.50 265 466
-2.50 8.50 269 464
-2.40 8.50 271 462
-2.30 8.50 275 460
-2.20 8.50 276 458
-2.10 8.50 280 456
-2.00 8.50 283 455
-1.90 8.50 285 454
-1.80 8.50 290 452
-1.70 8.50 293 451
-1.60 8.50 295 450
-1.50 8.50 299 450
-1.40 8.50 301 449
-1.30 8.50 303 448
-1.20 8.50 306 447
-1.10 8.50 309 446
-1.00 8.50 311 446
-0.90 8.50 312 446
-0.80 8.50 314 401
-0.70 8.50 317 400
-0.60 8.50 320 399
-0.50 8.50 323 398
-0.40 8.50 326 397
-0.30 8.50 328 396
-0.20 8.50 330 396
-0.10 8.50 332 395
-0.00 8.50 334 372
0.10 8.50 337 394
0.20 8.50 339 370
0.30 8.50 341 370
0.40 8.50 344 368
0.50 8.50 348 368
0.60 8.50 350 366
0.70 8.50 352 365
0.80 8.50 355 363
0.90 8.50 358 362
1.00 8.50 359 362
1.10 8.50 363 360
1.20 8.50 365 359
1.30 8.50 368 358
1.40 8.50 370 356
1.50 8.50 373 355
1.60 8.50 375 354
1.70 8.50 378 353
1.80 8.50 379 352
1.90 8.50 382 350
2.00 8.50 385 349
2.10 8.50 388 347
2.20 8.50 390 346
2.30 8.50 392 344
2.40 8.50 395 343
2.50 8.50 397 342
2.60 8.50 399 340
2.70 8.50 402 339
2.80 8.50 404 338
2.90 8.50 406 336
3.00 8.50 409 335
3.10 8.50 412 333
3.20 8.50 414 332
3.30 8.50 417 330
3.40 8.50 418 329
3.50 8.50 422 328
3.60 8.50 424 326
3.70 8.50 426 324
3.80 8.50 429 323
3.90 8.50 431 321
4.00 8.50 433 320
4.10 8.50 436 318
4.20 8.50 439 317
4.30 8.50 441 315
4.40 8.50 443 314
4.50 8.50 445 311
4.60 8.50 463 373
4.70 8.50 466 372
4.80 8.50 467 370
4.90 8.50 470 368
5.00 8.50 471 367
5.10 8.50 473 365
5.20 8.50 476 363
5.30 8.50 478 362
5.40 8.50 479 361
5.50 8.50 484 360
5.60 8.50 486 358
5.70 8.50 487 356
5.80 8.50 491 354
5.90 8.50 492 353
6.00 8.50 495 352
6.10 8.50 497 351
6.20 8.50 500 348
6.30 8.50 500 348
6.40 8.50 502 346
6.50 8.50 503 344
6.60 8.50 507 342
6.70 8.50 501 299
6.80 8.50 508 341
6.90 8.50 506 296
7.00 8.50 507 295
7.10 8.50 0 0
7.20 8.50 0 0
7.30 8.50 0 0
7.40 8.50 0 0
7.50 8.50 0 0
7.60 8.50 0 0
7.70 8.50 0 0
7.80 8.50 0 0
7.90 8.50 0 0
8.00 8.50 0 0
8.10 8.50 0 0
8.20 8.50 0 0
8.30 8.50 0 0
8.40 8.50 0 0
8.50 8.50 0 0
8.60 8.50 0 0
8.70 8.50 0 0
8.80 8.50 0 0
8.90 8.50 0 0
9.00 8.50 0 0
9.10 8.50 0 0
-9.00 8.60 73 475
-8.90 8.60 77 472
-8.80 8.60 81 470
-8.70 8.60 83 468
-8.60 8.60 86 467
-8.50 8.60 89 466
-8.40 8.60 92 464
-8.30 8.60 97 462
-8.20 8.60 101 459
-8.10 8.60 105 458
-8.00 8.60 108 456
-7.90 8.60 110 455
-7.80 8.60 113 453
-7.70 8.60 116 451
-7.60 8.60 120 449
-7.50 8.60 124 447
-7.40 8.60 127 445
-7.30 8.60 130 445
-7.20 8.60 134 443
-7.10 8.60 136 442
-7.00 8.60 140 441
-6.90 8.60 143 441
-6.80 8.60 135 507
-6.70 8.60 138 506
-6.60 8.60 140 505
-6.50 8.60 144 505
-6.40 8.60 145 504
-6.30 8.60 147 504
-6.20 8.60 148 504
-6.10 8.60 150 505
-6.00 8.60 170 430
-5.90 8.60 173 429
-5.80 8.60 176 427
-5.70 8.60 179 426
-5.60 8.60 174 507
-5.50 8.60 178 506
-5.40 8.60 181 506
-5.30 8.60 184 506
-5.20 8.60 186 507
-5.10 8.60 191 507
-5.00 8.60 200 507
-4.90 8.60 202 507
-4.80 8.60 204 504
-4.70 8.60 206 502
-4.60 8.60 208 499
-4.50 8.60 209 499
-4.40 8.60 212 498
-4.30 8.60 213 497
-4.20 8.60 217 496
-4.10 8.60 220 495
-4.00 8.60 222 492
-3.90 8.60 225 491
-3.80 8.60 227 489
-3.70 8.60 230 487
-3.60 8.60 235 487
-3.50 8.60 240 484
-3.40 8.60 244 482
-3.30 8.60 248 479
-3.20 8.60 251 477
-3.10 8.60 254 475
-3.00 8.60 257 473
-2.90 8.60 259 472
-2.80 8.60 262 471
-2.70 8.60 265 469
-2.60 8.60 267 468
-2.50 8.60 271 465
-2.40 8.60 274 465
-2.30 8.60 276 462
-2.20 8.60 279 460
-2.10 8.60 281 459
-2.00 8.60 284 456
-1.90 8.60 288 455
-1.80 8.60 291 453
-1.70 8.60 295 452
-1.60 8.60 297 451
-1.50 8.60 301 451
-1.40 8.60 303 449
-1.30 8.60 304 449
-1.20 8.60 307 448
-1.10 8.60 312 447
-1.00 8.60 314 446
-0.90 8.60 317 445
-0.80 8.60 319 444
-0.70 8.60 321 444
-0.60 8.60 321 400
-0.50 8.60 324 399
-0.40 8.60 327 398
-0.30 8.60 330 397
-0.20 8.60 332 396
-0.10 8.60 335 395
-0.00 8.60 336 394
0.10 8.60 338 394
0.20 8.60 342 393
0.30 8.60 343 370
0.40 8.60 347 368
0.50 8.60 349 368
0.60 8.60 352 366
0.70 8.60 355 365
0.80 8.60 356 364
0.90 8.60 360 363
1.00 8.60 361 362
1.10 8.60 364 361
1.20 8.60 366 360
1.30 8.60 370 358
1.40 8.60 372 357
1.50 8.60 375 356
1.60 8.60 377 354
1.70 8.60 380 354
1.80 8.60 381 352
1.90 8.60 384 351
2.00 8.60 387 349
2.10 8.60 389 348
2.20 8.60 391 347
2.30 8.60 394 345
2.40 8.60 397 344
2.50 8.60 399 342
2.60 8.60 402 341
2.70 8.60 404 340
2.80 8.60 407 339
2.90 8.60 408 337
3.00 8.60 411 336
3.10 8.60 412 334
3.20 8.60 416 332
3.30 8.60 418 331
3.40 8.60 421 329
3.50 8.60 423 328
3.60 8.60 425 326
3.70 8.60 428 325
3.80 8.60 430 323
3.90 8.60 434 322
4.00 8.60 435 321
4.10 8.60 438 319
4.20 8.60 440 317
4.30 8.60 442 316
4.40 8.60 444 314
4.50 8.60 460 375
4.60 8.60 463 373
4.70 8.60 465 371
4.80 8.60 467 370
4.90 8.60 469 368
5.00 8.60 472 367
5.10 8.60 474 366
5.20 8.60 476 364
5.30 8.60 479 362
5.40 8.60 482 361
5.50 8.60 484 360
5.60 8.60 487 358
5.70 8.60 488 356
5.80 8.60 491 355
5.90 8.60 493 354
6.00 8.60 495 352
6.10 8.60 499 349
6.20 8.60 499 349
6.30 8.60 502 348
6.40 8.60 505 347
6.50 8.60 506 344
6.60 8.60 500 302
6.70 8.60 503 300
6.80 8.60 504 299
6.90 8.60 506 298
7.00 8.60 0 0
7.10 8.60 0 0
7.20 8.60 0 0
7.30 8.60 0 0
7.40 8.60 0 0
7.50 8.60 0 0
7.60 8.60 0 0
7.70 8.60 0 0
7.80 8.60 0 0
7.90 8.60 0 0
8.00 8.60 0 0
8.10 8.60 0 0
8.20 8.60 0 0
8.30 8.60 0 0
8.40 8.60 0 0
8.50 8.60 0 0
8.60 8.60 0 0
8.70 8.60 0 0
8.80 8.60 0 0
8.90 8.60 0 0
9.00 8.60 0 0
9.10 8.60 0 0
-9.00 8.70 74 477
-8.90 8.70 78 474
-8.80 8.70 82 472
-8.70 8.70 85 470
-8.60 8.70 88 469
-8.50 8.70 91 468
-8.40 8.70 94 466
-8.30 8.70 99 463
-8.20 8.70 102 462
-8.10 8.70 106 459
-8.00 8.70 109 457
-7.90 8.70 112 456
-7.80 8.70 114 455
-7.70 8.70 118 453
-7.60 8.70 122 451
-7.50 8.70 125 449
-7.40 8.70 128 447
-7.30 8.70 131 446
-7.20 8.70 135 444
-7.10 8.70 138 443
-7.00 8.70 141 442
-6.90 8.70 144 441
-6.80 8.70 145 441
-6.70 8.70 149 440
-6.60 8.70 143 507
-6.50 8.70 146 505
-6.40 8.70 147 505
-6.30 8.70 148 505
-6.20 8.70 150 505
-6.10 8.70 152 506
-6.00 8.70 171 432
-5.90 8.70 175 430
-5.80 8.70 178 429
-5.70 8.70 180 428
-5.60 8.70 183 426
-5.50 8.70 179 504
-5.40 8.70 182 506
-5.30 8.70 185 506
-5.20 8.70 189 506
-5.10 8.70 191 507
-5.00 8.70 197 508
-4.90 8.70 204 507
-4.80 8.70 206 504
-4.70 8.70 208 503
-4.60 8.70 209 500
-4.50 8.70 212 499
-4.40 8.70 214 499
-4.30 8.70 216 498
-4.20 8.70 219 497
-4.10 8.70 221 496
-4.00 8.70 225 494
-3.90 8.70 227 493
-3.80 8.70 230 491
-3.70 8.70 233 490
-3.60 8.70 238 488
-3.50 8.70 241 485
-3.40 8.70 247 484
-3.30 8.70 250 481
-3.20 8.70 254 480
-3.10 8.70 257 478
-3.00 8.70 259 476
-2.90 8.70 262 474
-2.80 8.70 264 472
-2.70 8.70 267 471
-2.60 8.70 270 470
-2.50 8.70 272 468
-2.40 8.70 275 466
-2.30 8.70 278 464
-2.20 8.70 280 462
-2.10 8.70 284 460
-2.00 8.70 287 458
-1.90 8.70 290 457
-1.80 8.70 294 455
-1.70 8.70 298 453
-1.60 8.70 300 453
-1.50 8.70 303 452
-1.40 8.70 304 450
-1.30 8.70 306 450
-1.20 8.70 310 448
-1.10 8.70 313 447
-1.00 8.70 317 446
-0.90 8.70 319 446
-0.80 8.70 321 445
-0.70 8.70 325 445
-0.60 8.70 329 443
-0.50 8.70 333 442
-0.40 8.70 328 399
-0.30 8.70 332 398
-0.20 8.70 334 397
-0.10 8.70 337 395
-0.00 8.70 340 395
0.10 8.70 342 394
0.20 8.70 344 393
0.30 8.70 348 392
0.40 8.70 350 391
0.50 8.70 352 390
0.60 8.70 352 367
0.70 8.70 356 366
0.80 8.70 358 365
0.90 8.70 362 364
1.00 8.70 364 363
1.10 8.70 367 362
1.20 8.70 369 360
1.30 8.70 371 359
1.40 8.70 374 358
1.50 8.70 376 356
1.60 8.70 379 355
1.70 8.70 381 354
1.80 8.70 384 353
1.90 8.70 386 352
2.00 8.70 388 350
2.10 8.70 391 349
2.20 8.70 393 348
2.30 8.70 396 346
2.40 8.70 398 344
2.50 8.70 401 343
2.60 8.70 403 342
2.70 8.70 405 340
2.80 8.70 408 339
2.90 8.70 410 338
3.00 8.70 413 336
3.10 8.70 415 334
3.20 8.70 417 333
3.30 8.70 421 332
3.40 8.70 422 331
3.50 8.70 424 329
3.60 8.70 427 327
3.70 8.70 430 326
3.80 8.70 433 324
3.90 8.70 435 323
4.00 8.70 436 322
4.10 8.70 438 320
4.20 8.70 440 318
4.30 8.70 442 316
4.40 8.70 458 377
4.50 8.70 460 375
4.60 8.70 463 374
4.70 8.70 466 371
4.80 8.70 468 370
4.90 8.70 471 369
5.00 8.70 473 367
5.10 8.70 474 366
5.20 8.70 479 364
5.30 8.70 480 363
5.40 8.70 482 362
5.50 8.70 483 361
5.60 8.70 487 359
5.70 8.70 488 358
5.80 8.70 492 356
5.90 8.70 493 355
6.00 8.70 497 353
6.10 8.70 499 351
6.20 8.70 504 348
6.30 8.70 504 347
6.40 8.70 504 346
6.50 8.70 500 304
6.60 8.70 503 303
6.70 8.70 504 302
6.80 8.70 507 301
6.90 8.70 0 0
7.00 8.70 0 0
7.10 8.70 0 0
7.20 8.70 0 0
7.30 8.70 0 0
7.40 8.70 0 0
7.50 8.70 0 0
7.60 8.70 0 0
7.70 8.70 0 0
7.80 8.70 0 0
7.90 8.70 0 0
8.00 8.70 0 0
8.10 8.70 0 0
8.20 8.70 0 0
8.30 8.70 0 0
8.40 8.70 0 0
8.50 8.70 0 0
8.60 8.70 0 0
8.70 8.70 0 0
8.80 8.70 0 0
8.90 8.70 0 0
9.00 8.70 0 0
9.10 8.70 0 0
-9.00 8.80 75 479
-8.90 8.80 79 476
-8.80 8.80 83 473
-8.70 8.80 87 472
-8.60 8.80 89 471
-8.50 8.80 93 469
-8.40 8.80 96 467
-8.30 8.80 100 465
-8.20 8.80 104 463
-8.10 8.80 107 461
-8.00 8.80 111 459
-7.90 8.80 113 458
-7.80 8.80 116 457
-7.70 8.80 119 454
-7.60 8.80 123 453
-7.50 8.80 127 450
-7.40 8.80 129 449
-7.30 8.80 133 447
-7.20 8.80 137 445
-7.10 8.80 140 443
-7.00 8.80 142 443
-6.90 8.80 145 442
-6.80 8.80 148 441
-6.70 8.80 151 440
-6.60 8.80 154 439
-6.50 8.80 146 507
-6.40 8.80 148 506
-6.30 8.80 151 506
-6.20 8.80 152 506
-6.10 8.80 169 434
-6.00 8.80 173 432
-5.90 8.80 176 431
-5.80 8.80 179 430
-5.70 8.80 182 429
-5.60 8.80 185 427
-5.50 8.80 188 426
-5.40 8.80 191 424
-5.30 8.80 188 506
-5.20 8.80 190 506
-5.10 8.80 193 507
-5.00 8.80 198 508
-4.90 8.80 204 509
-4.80 8.80 210 508
-4.70 8.80 210 505
-4.60 8.80 212 502
-4.50 8.80 214 501
-4.40 8.80 216 500
-4.30 8.80 218 500
-4.20 8.80 221 498
-4.10 8.80 224 498
-4.00 8.80 227 496
-3.90 8.80 230 495
-3.80 8.80 233 493
-3.70 8.80 237 491
-3.60 8.80 240 490
-3.50 8.80 245 488
-3.40 8.80 248 486
-3.30 8.80 252 483
-3.20 8.80 256 482
-3.10 8.80 258 479
-3.00 8.80 260 478
-2.90 8.80 263 476
-2.80 8.80 266 475
-2.70 8.80 269 474
-2.60 8.80 272 471
-2.50 8.80 274 470
-2.40 8.80 277 468
-2.30 8.80 280 466
-2.20 8.80 284 464
-2.10 8.80 286 462
-2.00 8.80 289 460
-1.90 8.80 293 459
-1.80 8.80 295 457
-1.70 8.80 300 455
-1.60 8.80 302 454
-1.50 8.80 305 452
-1.40 8.80 307 451
-1.30 8.80 310 450
-1.20 8.80 312 449
-1.10 8.80 316 448
-1.00 8.80 319 447
-0.90 8.80 322 446
-0.80 8.80 323 445
-0.70 8.80 328 445
-0.60 8.80 330 444
-0.50 8.80 335 443
-0.40 8.80 336 442
-0.30 8.80 333 398
-0.20 8.80 336 397
-0.10 8.80 338 396
-0.00 8.80 341 395
0.10 8.80 344 394
0.20 8.80 346 393
0.30 8.80 350 392
0.40 8.80 352 391
0.50 8.80 355 390
0.60 8.80 356 390
0.70 8.80 360 388
0.80 8.80 361 366
0.90 8.80 363 364
1.00 8.80 365 364
1.10 8.80 368 362
1.20 8.80 371 361
1.30 8.80 373 360
1.40 8.80 376 358
1.50 8.80 378 357
1.60 8.80 380 356
1.70 8.80 383 354
1.80 8.80 386 353
1.90 8.80 388 352
2.00 8.80 391 350
2.10 8.80 393 349
2.20 8.80 395 348
2.30 8.80 398 346
2.40 8.80 401 345
2.50 8.80 402 344
2.60 8.80 404 343
2.70 8.80 408 341
2.80 8.80 410 340
2.90 8.80 413 338
3.00 8.80 415 337
3.10 8.80 417 335
3.20 8.80 420 334
3.30 8.80 422 332
3.40 8.80 424 331
3.50 8.80 426 329
3.60 8.80 429 328
3.70 8.80 432 326
3.80 8.80 434 325
3.90 8.80 436 323
4.00 8.80 437 322
4.10 8.80 446 338
4.20 8.80 0 0
4.30 8.80 457 378
4.40 8.80 452 335
4.50 8.80 461 375
4.60 8.80 464 374
4.70 8.80 466 372
4.80 8.80 469 371
4.90 8.80 471 369
5.00 8.80 474 368
5.10 8.80 476 366
5.20 8.80 478 366
5.30 8.80 481 364
5.40 8.80 484 362
5.50 8.80 487 360
5.60 8.80 488 359
5.70 8.80 492 356
5.80 8.80 492 356
5.90 8.80 495 355
6.00 8.80 490 312
6.10 8.80 492 311
6.20 8.80 494 310
6.30 8.80 497 308
6.40 8.80 499 307
6.50 8.80 502 305
6.60 8.80 505 305
6.70 8.80 506 303
6.80 8.80 0 0
6.90 8.80 0 0
7.00 8.80 0 0
7.10 8.80 0 0
7.20 8.80 0 0
7.30 8.80 0 0
7.40 8.80 0 0
7.50 8.80 0 0
7.60 8.80 0 0
7.70 8.80 0 0
7.80 8.80 0 0
7.90 8.80 0 0
8.00 8.80 0 0
8.10 8.80 0 0
8.20 8.80 0 0
8.30 8.80 0 0
8.40 8.80 0 0
8.50 8.80 0 0
8.60 8.80 0 0
8.70 8.80 0 0
8.80 8.80 0 0
8.90 8.80 0 0
9.00 8.80 0 0
9.10 8.80 0 0
-9.00 8.90 77 480
-8.90 8.90 81 477
-8.80 8.90 85 475
-8.70 8.90 88 473
-8.60 8.90 91 472
-8.50 8.90 94 472
-8.40 8.90 97 469
-8.30 8.90 101 467
-8.20 8.90 105 464
-8.10 8.90 109 462
-8.00 8.90 112 461
-7.90 8.90 115 459
-7.80 8.90 117 458
-7.70 8.90 121 457
-7.60 8.90 124 455
-7.50 8.90 128 452
-7.40 8.90 131 451
-7.30 8.90 134 449
-7.20 8.90 138 446
-7.10 8.90 141 445
-7.00 8.90 144 443
-6.90 8.90 147 443
-6.80 8.90 150 442
-6.70 8.90 153 441
-6.60 8.90 156 440
-6.50 8.90 159 439
-6.40 8.90 151 507
-6.30 8.90 153 507
-6.20 8.90 153 507
-6.10 8.90 171 435
-6.00 8.90 174 433
-5.90 8.90 177 432
-5.80 8.90 181 431
-5.70 8.90 184 430
-5.60 8.90 187 428
-5.50 8.90 190 427
-5.40 8.90 193 425
-5.30 8.90 195 424
-5.20 8.90 191 506
-5.10 8.90 195 507
-5.00 8.90 199 507
-4.90 8.90 206 421
-4.80 8.90 210 508
-4.70 8.90 213 506
-4.60 8.90 215 503
-4.50 8.90 217 502
-4.40 8.90 219 501
-4.30 8.90 221 500
-4.20 8.90 223 499
-4.10 8.90 226 498
-4.00 8.90 229 497
-3.90 8.90 231 496
-3.80 8.90 235 494
-3.70 8.90 238 493
-3.60 8.90 243 492
-3.50 8.90 246 489
-3.40 8.90 251 488
-3.30 8.90 255 486
-3.20 8.90 258 484
-3.10 8.90 260 483
-3.00 8.90 262 481
-2.90 8.90 265 479
-2.80 8.90 268 476
-2.70 8.90 271 475
-2.60 8.90 274 474
-2.50 8.90 276 472
-2.40 8.90 279 470
-2.30 8.90 283 467
-2.20 8.90 284 466
-2.10 8.90 288 464
-2.00 8.90 290 462
-1.90 8.90 294 460
-1.80 8.90 298 458
-1.70 8.90 300 457
-1.60 8.90 304 455
-1.50 8.90 306 454
-1.40 8.90 309 452
-1.30 8.90 311 452
-1.20 8.90 315 450
-1.10 8.90 318 449
-1.00 8.90 321 447
-0.90 8.90 323 447
-0.80 8.90 326 446
-0.70 8.90 330 445
-0.60 8.90 332 444
-0.50 8.90 336 443
-0.40 8.90 337 442
-0.30 8.90 342 442
-0.20 8.90 338 398
-0.10 8.90 340 397
-0.00 8.90 343 396
0.10 8.90 345 395
0.20 8.90 348 394
0.30 8.90 351 393
0.40 8.90 354 392
0.50 8.90 357 390
0.60 8.90 359 390
0.70 8.90 362 389
0.80 8.90 364 388
0.90 8.90 366 387
1.00 8.90 369 385
1.10 8.90 370 363
1.20 8.90 372 362
1.30 8.90 374 360
1.40 8.90 377 359
1.50 8.90 380 358
1.60 8.90 382 357
1.70 8.90 384 355
1.80 8.90 387 354
1.90 8.90 390 353
2.00 8.90 392 352
2.10 8.90 395 350
2.20 8.90 397 348
2.30 8.90 400 347
2.40 8.90 402 346
2.50 8.90 404 344
2.60 8.90 407 343
2.70 8.90 410 342
2.80 8.90 411 340
2.90 8.90 415 339
3.00 8.90 417 337
3.10 8.90 418 336
3.20 8.90 422 334
3.30 8.90 424 333
3.40 8.90 426 331
3.50 8.90 428 331
3.60 8.90 431 328
3.70 8.90 432 327
3.80 8.90 0 0
3.90 8.90 442 343
4.00 8.90 445 340
4.10 8.90 447 339
4.20 8.90 448 338
4.30 8.90 451 337
4.40 8.90 460 376
4.50 8.90 462 376
4.60 8.90 467 373
4.70 8.90 469 371
4.80 8.90 471 370
4.90 8.90 473 369
5.00 8.90 474 368
5.10 8.90 479 366
5.20 8.90 479 366
5.30 8.90 476 323
5.40 8.90 478 321
5.50 8.90 485 362
5.60 8.90 482 319
5.70 8.90 484 318
5.80 8.90 488 316
5.90 8.90 489 314
6.00 8.90 491 313
6.10 8.90 494 312
6.20 8.90 497 311
6.30 8.90 499 309
6.40 8.90 501 308
6.50 8.90 504 307
6.60 8.90 506 305
6.70 8.90 0 0
6.80 8.90 0 0
6.90 8.90 0 0
7.00 8.90 0 0
7.10 8.90 0 0
7.20 8.90 0 0
7.30 8.90 0 0
7.40 8.90 0 0
7.50 8.90 0 0
7.60 8.90 0 0
7.70 8.90 0 0
7.80 8.90 0 0
7.90 8.90 0 0
8.00 8.90 0 0
8.10 8.90 0 0
8.20 8.90 0 0
8.30 8.90 0 0
8.40 8.90 0 0
8.50 8.90 0 0
8.60 8.90 0 0
8.70 8.90 0 0
8.80 8.90 0 0
8.90 8.90 0 0
9.00 8.90 0 0
9.10 8.90 0 0
-9.00 9.00 78 482
-8.90 9.00 83 479
-8.80 9.00 87 477
-8.70 9.00 90 475
-8.60 9.00 92 474
-8.50 9.00 95 473
-8.40 9.00 98 471
-8.30 9.00 103 468
-8.20 9.00 107 466
-8.10 9.00 110 464
-8.00 9.00 114 462
-7.90 9.00 116 461
-7.80 9.00 119 460
-7.70 9.00 123 458
-7.60 9.00 125 456
-7.50 9.00 129 454
-7.40 9.00 133 452
-7.30 9.00 136 451
-7.20 9.00 139 449
-7.10 9.00 143 446
-7.00 9.00 146 445
-6.90 9.00 149 444
-6.80 9.00 152 443
-6.70 9.00 155 441
-6.60 9.00 158 440
-6.50 9.00 161 439
-6.40 9.00 164 438
-6.30 9.00 167 438
-6.20 9.00 170 437
-6.10 9.00 172 436
-6.00 9.00 175 435
-5.90 9.00 179 433
-5.80 9.00 182 432
-5.70 9.00 185 430
-5.60 9.00 188 429
-5.50 9.00 191 429
-5.40 9.00 194 427
-5.30 9.00 197 425
-5.20 9.00 200 424
-5.10 9.00 197 507
-5.00 9.00 200 507
-4.90 9.00 208 421
-4.80 9.00 210 422
-4.70 9.00 214 507
-4.60 9.00 216 506
-4.50 9.00 220 503
-4.40 9.00 223 502
-4.30 9.00 224 501
-4.20 9.00 226 500
-4.10 9.00 228 500
-4.00 9.00 231 498
-3.90 9.00 233 498
-3.80 9.00 237 496
-3.70 9.00 240 495
-3.60 9.00 245 493
-3.50 9.00 249 492
-3.40 9.00 253 489
-3.30 9.00 256 488
-3.20 9.00 259 486
-3.10 9.00 261 484
-3.00 9.00 264 482
-2.90 9.00 267 480
-2.80 9.00 270 479
-2.70 9.00 273 477
-2.60 9.00 275 475
-2.50 9.00 278 473
-2.40 9.00 281 472
-2.30 9.00 286 469
-2.20 9.00 287 468
-2.10 9.00 290 466
-2.00 9.00 292 464
-1.90 9.00 297 462
-1.80 9.00 299 460
-1.70 9.00 302 458
-1.60 9.00 306 457
-1.50 9.00 308 455
-1.40 9.00 310 453
-1.30 9.00 313 452
-1.20 9.00 316 451
-1.10 9.00 320 449
-1.00 9.00 322 448
-0.90 9.00 326 447
-0.80 9.00 328 447
-0.70 9.00 331 446
-0.60 9.00 334 445
-0.50 9.00 338 443
-0.40 9.00 340 443
-0.30 9.00 343 442
-0.20 9.00 344 441
-0.10 9.00 342 398
-0.00 9.00 345 397
0.10 9.00 347 396
0.20 9.00 350 394
0.30 9.00 353 393
0.40 9.00 355 392
0.50 9.00 359 391
0.60 9.00 361 390
0.70 9.00 364 389
0.80 9.00 366 388
0.90 9.00 369 387
1.00 9.00 371 385
1.10 9.00 375 384
1.20 9.00 376 384
1.30 9.00 376 361
1.40 9.00 379 359
1.50 9.00 381 359
1.60 9.00 384 357
1.70 9.00 388 355
1.80 9.00 388 354
1.90 9.00 391 354
2.00 9.00 394 352
2.10 9.00 396 350
2.20 9.00 398 350
2.30 9.00 401 348
2.40 9.00 403 347
2.50 9.00 406 345
2.60 9.00 409 343
2.70 9.00 411 342
2.80 9.00 413 341
2.90 9.00 415 340
3.00 9.00 418 338
3.10 9.00 420 336
3.20 9.00 423 335
3.30 9.00 431 352
3.40 9.00 432 351
3.50 9.00 435 349
3.60 9.00 436 348
3.70 9.00 440 345
3.80 9.00 441 344
3.90 9.00 444 343
4.00 9.00 447 341
4.10 9.00 448 340
4.20 9.00 451 339
4.30 9.00 454 338
4.40 9.00 456 336
4.50 9.00 458 335
4.60 9.00 461 334
4.70 9.00 463 332
4.80 9.00 466 331
4.90 9.00 468 329
5.00 9.00 471 328
5.10 9.00 473 327
5.20 9.00 475 325
5.30 9.00 478 324
5.40 9.00 480 322
5.50 9.00 482 322
5.60 9.00 485 320
5.70 9.00 487 319
5.80 9.00 489 317
5.90 9.00 491 315
6.00 9.00 494 314
6.10 9.00 496 313
6.20 9.00 499 312
6.30 9.00 501 310
6.40 9.00 505 310
6.50 9.00 506 308
6.60 9.00 0 0
6.70 9.00 0 0
6.80 9.00 0 0
6.90 9.00 0 0
7.00 9.00 0 0
7.10 9.00 0 0
7.20 9.00 0 0
7.30 9.00 0 0
7.40 9.00 0 0
7.50 9.00 0 0
7.60 9.00 0 0
7.70 9.00 0 0
7.80 9.00 0 0
7.90 9.00 0 0
8.00 9.00 0 0
8.10 9.00 0 0
8.20 9.00 0 0
8.30 9.00 0 0
8.40 9.00 0 0
8.50 9.00 0 0
8.60 9.00 0 0
8.70 9.00 0 0
8.80 9.00 0 0
8.90 9.00 0 0
9.00 9.00 0 0
9.10 9.00 0 0
-9.00 9.10 81 483
-8.90 9.10 84 481
-8.80 9.10 88 479
-8.70 9.10 91 477
-8.60 9.10 93 476
-8.50 9.10 97 475
-8.40 9.10 100 473
-8.30 9.10 104 470
-8.20 9.10 108 468
-8.10 9.10 112 465
-8.00 9.10 116 464
-7.90 9.10 118 463
-7.80 9.10 120 461
-7.70 9.10 124 459
-7.60 9.10 127 458
-7.50 9.10 130 456
-7.40 9.10 134 454
-7.30 9.10 137 452
-7.20 9.10 141 450
-7.10 9.10 144 448
-7.00 9.10 148 446
-6.90 9.10 150 445
-6.80 9.10 153 444
-6.70 9.10 157 442
-6.60 9.10 159 441
-6.50 9.10 163 439
-6.40 9.10 167 439
-6.30 9.10 169 438
-6.20 9.10 171 437
-6.10 9.10 174 436
-6.00 9.10 177 436
-5.90 9.10 180 434
-5.80 9.10 183 433
-5.70 9.10 187 431
-5.60 9.10 190 430
-5.50 9.10 193 429
-5.40 9.10 196 428
-5.30 9.10 199 427
-5.20 9.10 202 425
-5.10 9.10 205 424
-5.00 9.10 207 423
-4.90 9.10 206 508
-4.80 9.10 212 422
-4.70 9.10 216 508
-4.60 9.10 218 508
-4.50 9.10 222 505
-4.40 9.10 225 502
-4.30 9.10 226 502
-4.20 9.10 228 501
-4.10 9.10 231 500
-4.00 9.10 233 499
-3.90 9.10 235 498
-3.80 9.10 239 497
-3.70 9.10 242 496
-3.60 9.10 246 495
-3.50 9.10 250 493
-3.40 9.10 254 492
-3.30 9.10 257 490
-3.20 9.10 260 487
-3.10 9.10 263 486
-3.00 9.10 266 484
-2.90 9.10 268 482
-2.80 9.10 272 480
-2.70 9.10 275 478
-2.60 9.10 277 476
-2.50 9.10 280 475
-2.40 9.10 283 474
-2.30 9.10 287 470
-2.20 9.10 289 469
-2.10 9.10 292 467
-2.00 9.10 295 465
-1.90 9.10 298 463
-1.80 9.10 302 462
-1.70 9.10 304 460
-1.60 9.10 307 458
-1.50 9.10 310 457
-1.40 9.10 313 455
-1.30 9.10 315 454
-1.20 9.10 319 452
-1.10 9.10 322 450
-1.00 9.10 326 449
-0.90 9.10 328 448
-0.80 9.10 330 447
-0.70 9.10 333 446
-0.60 9.10 336 446
-0.50 9.10 340 444
-0.40 9.10 341 443
-0.30 9.10 343 442
-0.20 9.10 349 441
-0.10 9.10 351 440
-0.00 9.10 356 439
0.10 9.10 360 438
0.20 9.10 352 395
0.30 9.10 354 394
0.40 9.10 357 393
0.50 9.10 360 391
0.60 9.10 363 391
0.70 9.10 365 389
0.80 9.10 368 388
0.90 9.10 371 387
1.00 9.10 373 386
1.10 9.10 376 385
1.20 9.10 378 384
1.30 9.10 381 382
1.40 9.10 384 381
1.50 9.10 386 380
1.60 9.10 389 378
1.70 9.10 391 377
1.80 9.10 395 375
1.90 9.10 393 354
2.00 9.10 396 352
2.10 9.10 402 372
2.20 9.10 401 350
2.30 9.10 403 349
2.40 9.10 0 0
2.50 9.10 413 365
2.60 9.10 409 344
2.70 9.10 418 363
2.80 9.10 414 341
2.90 9.10 0 0
3.00 9.10 426 357
3.10 9.10 427 355
3.20 9.10 429 354
3.30 9.10 432 353
3.40 9.10 434 352
3.50 9.10 436 350
3.60 9.10 439 349
3.70 9.10 441 348
3.80 9.10 444 346
3.90 9.10 447 344
4.00 9.10 448 342
4.10 9.10 450 342
4.20 9.10 454 340
4.30 9.10 456 339
4.40 9.10 458 338
4.50 9.10 461 336
4.60 9.10 464 335
4.70 9.10 465 333
4.80 9.10 468 332
4.90 9.10 471 331
5.00 9.10 473 329
5.10 9.10 475 328
5.20 9.10 477 326
5.30 9.10 479 325
5.40 9.10 481 324
5.50 9.10 484 322
5.60 9.10 486 321
5.70 9.10 489 320
5.80 9.10 491 318
5.90 9.10 493 316
6.00 9.10 496 316
6.10 9.10 499 315
6.20 9.10 501 313
6.30 9.10 502 312
6.40 9.10 506 311
6.50 9.10 0 0
6.60 9.10 0 0
6.70 9.10 0 0
6.80 9.10 0 0
6.90 9.10 0 0
7.00 9.10 0 0
7.10 9.10 0 0
7.20 9.10 0 0
7.30 9.10 0 0
7.40 9.10 0 0
7.50 9.10 0 0
7.60 9.10 0 0
7.70 9.10 0 0
7.80 9.10 0 0
7.90 9.10 0 0
8.00 9.10 0 0
8.10 9.10 0 0
8.20 9.10 0 0
8.30 9.10 0 0
8.40 9.10 0 0
8.50 9.10 0 0
8.60 9.10 0 0
8.70 9.10 0 0
8.80 9.10 0 0
8.90 9.10 0 0
9.00 9.10 0 0
9.10 9.10 0 0
